0,train/aachen/aachen_000102_000019_leftImg8bit.png,1,1166,399,1270,470
1,train/aachen/aachen_000102_000019_leftImg8bit.png,1,1294,409,1388,516
2,train/aachen/aachen_000102_000019_leftImg8bit.png,1,1329,371,1538,535
3,train/aachen/aachen_000102_000019_leftImg8bit.png,1,1401,379,1651,552
4,train/aachen/aachen_000102_000019_leftImg8bit.png,1,1567,378,1708,570
5,train/aachen/aachen_000102_000019_leftImg8bit.png,1,1610,364,1964,605
6,train/aachen/aachen_000102_000019_leftImg8bit.png,1,1789,361,2047,650
7,train/aachen/aachen_000047_000019_leftImg8bit.png,1,682,415,854,471
8,train/aachen/aachen_000047_000019_leftImg8bit.png,1,527,406,678,492
9,train/aachen/aachen_000047_000019_leftImg8bit.png,1,511,414,636,486
10,train/aachen/aachen_000047_000019_leftImg8bit.png,1,447,409,545,516
11,train/aachen/aachen_000047_000019_leftImg8bit.png,1,260,402,479,531
12,train/aachen/aachen_000047_000019_leftImg8bit.png,1,77,415,366,543
13,train/aachen/aachen_000047_000019_leftImg8bit.png,4,193,455,302,537
14,train/aachen/aachen_000047_000019_leftImg8bit.png,1,0,412,147,587
15,train/aachen/aachen_000047_000019_leftImg8bit.png,1,0,481,78,592
16,train/aachen/aachen_000047_000019_leftImg8bit.png,0,1464,339,1528,519
17,train/aachen/aachen_000047_000019_leftImg8bit.png,1,357,447,467,531
18,train/aachen/aachen_000047_000019_leftImg8bit.png,5,322,415,404,550
19,train/aachen/aachen_000100_000019_leftImg8bit.png,0,1529,340,1610,557
20,train/aachen/aachen_000100_000019_leftImg8bit.png,1,268,424,404,499
21,train/aachen/aachen_000100_000019_leftImg8bit.png,1,367,414,536,503
22,train/aachen/aachen_000100_000019_leftImg8bit.png,1,491,418,680,512
23,train/aachen/aachen_000100_000019_leftImg8bit.png,1,611,424,824,526
24,train/aachen/aachen_000100_000019_leftImg8bit.png,1,782,411,1019,549
25,train/aachen/aachen_000100_000019_leftImg8bit.png,1,956,375,1344,583
26,train/aachen/aachen_000147_000019_leftImg8bit.png,1,1162,423,1221,492
27,train/aachen/aachen_000147_000019_leftImg8bit.png,1,1187,417,1281,505
28,train/aachen/aachen_000147_000019_leftImg8bit.png,1,1233,420,1306,526
29,train/aachen/aachen_000147_000019_leftImg8bit.png,1,1266,394,1438,561
30,train/aachen/aachen_000147_000019_leftImg8bit.png,1,1344,396,1569,596
31,train/aachen/aachen_000147_000019_leftImg8bit.png,1,1417,396,1784,666
32,train/aachen/aachen_000147_000019_leftImg8bit.png,1,1634,316,2047,870
33,train/aachen/aachen_000147_000019_leftImg8bit.png,1,838,432,890,499
34,train/aachen/aachen_000147_000019_leftImg8bit.png,1,801,429,872,505
35,train/aachen/aachen_000147_000019_leftImg8bit.png,1,776,432,827,516
36,train/aachen/aachen_000147_000019_leftImg8bit.png,1,675,429,809,526
37,train/aachen/aachen_000147_000019_leftImg8bit.png,1,442,429,631,595
38,train/aachen/aachen_000147_000019_leftImg8bit.png,1,197,408,487,647
39,train/aachen/aachen_000147_000019_leftImg8bit.png,1,0,416,297,748
40,train/aachen/aachen_000033_000019_leftImg8bit.png,1,727,407,836,477
41,train/aachen/aachen_000033_000019_leftImg8bit.png,0,369,348,429,517
42,train/aachen/aachen_000033_000019_leftImg8bit.png,0,1474,340,1559,571
43,train/aachen/aachen_000033_000019_leftImg8bit.png,1,954,406,1033,467
44,train/aachen/aachen_000033_000019_leftImg8bit.png,0,1672,343,1741,569
45,train/aachen/aachen_000033_000019_leftImg8bit.png,0,1642,339,1748,583
46,train/aachen/aachen_000148_000019_leftImg8bit.png,1,160,398,529,505
47,train/aachen/aachen_000148_000019_leftImg8bit.png,4,1516,421,1599,561
48,train/aachen/aachen_000160_000019_leftImg8bit.png,1,967,476,1036,528
49,train/aachen/aachen_000160_000019_leftImg8bit.png,1,1005,470,1062,560
50,train/aachen/aachen_000160_000019_leftImg8bit.png,1,1020,449,1133,586
51,train/aachen/aachen_000160_000019_leftImg8bit.png,1,1069,441,1276,612
52,train/aachen/aachen_000134_000019_leftImg8bit.png,1,732,432,800,517
53,train/aachen/aachen_000134_000019_leftImg8bit.png,1,749,422,942,553
54,train/aachen/aachen_000134_000019_leftImg8bit.png,1,604,409,743,538
55,train/aachen/aachen_000134_000019_leftImg8bit.png,1,525,414,687,556
56,train/aachen/aachen_000134_000019_leftImg8bit.png,1,432,423,606,583
57,train/aachen/aachen_000134_000019_leftImg8bit.png,1,186,399,481,634
58,train/aachen/aachen_000134_000019_leftImg8bit.png,1,16,367,272,654
59,train/aachen/aachen_000134_000019_leftImg8bit.png,1,0,332,273,1023
60,train/aachen/aachen_000134_000019_leftImg8bit.png,1,1159,435,1296,551
61,train/aachen/aachen_000134_000019_leftImg8bit.png,1,1239,425,1428,624
62,train/aachen/aachen_000134_000019_leftImg8bit.png,1,1290,417,1693,707
63,train/aachen/aachen_000134_000019_leftImg8bit.png,1,1498,385,2047,961
64,train/aachen/aachen_000083_000019_leftImg8bit.png,1,901,412,991,475
65,train/aachen/aachen_000083_000019_leftImg8bit.png,1,930,410,997,467
66,train/aachen/aachen_000083_000019_leftImg8bit.png,1,973,380,1121,467
67,train/aachen/aachen_000083_000019_leftImg8bit.png,1,956,425,1122,516
68,train/aachen/aachen_000083_000019_leftImg8bit.png,1,1074,412,1260,534
69,train/aachen/aachen_000083_000019_leftImg8bit.png,1,1308,392,1595,612
70,train/aachen/aachen_000083_000019_leftImg8bit.png,1,1488,293,1919,730
71,train/aachen/aachen_000083_000019_leftImg8bit.png,1,609,405,698,491
72,train/aachen/aachen_000083_000019_leftImg8bit.png,1,559,402,673,517
73,train/aachen/aachen_000083_000019_leftImg8bit.png,1,405,391,607,550
74,train/aachen/aachen_000083_000019_leftImg8bit.png,1,344,380,538,573
75,train/aachen/aachen_000083_000019_leftImg8bit.png,1,0,342,435,693
76,train/aachen/aachen_000083_000019_leftImg8bit.png,1,0,362,387,741
77,train/aachen/aachen_000101_000019_leftImg8bit.png,0,1290,369,1360,541
78,train/aachen/aachen_000101_000019_leftImg8bit.png,0,1726,332,1824,567
79,train/aachen/aachen_000101_000019_leftImg8bit.png,0,1819,352,1871,487
80,train/aachen/aachen_000101_000019_leftImg8bit.png,0,1835,344,1903,561
81,train/aachen/aachen_000101_000019_leftImg8bit.png,0,1896,417,1953,577
82,train/aachen/aachen_000101_000019_leftImg8bit.png,5,1378,433,1628,577
83,train/aachen/aachen_000101_000019_leftImg8bit.png,4,1582,411,1811,608
84,train/aachen/aachen_000101_000019_leftImg8bit.png,4,845,439,942,521
85,train/aachen/aachen_000101_000019_leftImg8bit.png,1,193,425,288,504
86,train/aachen/aachen_000101_000019_leftImg8bit.png,1,248,438,365,514
87,train/aachen/aachen_000101_000019_leftImg8bit.png,1,270,430,406,521
88,train/aachen/aachen_000080_000019_leftImg8bit.png,1,446,485,529,546
89,train/aachen/aachen_000080_000019_leftImg8bit.png,1,630,473,693,526
90,train/aachen/aachen_000080_000019_leftImg8bit.png,1,678,493,772,566
91,train/aachen/aachen_000080_000019_leftImg8bit.png,1,282,428,334,479
92,train/aachen/aachen_000080_000019_leftImg8bit.png,1,198,467,265,525
93,train/aachen/aachen_000080_000019_leftImg8bit.png,1,210,456,270,519
94,train/aachen/aachen_000080_000019_leftImg8bit.png,1,198,467,267,525
95,train/aachen/aachen_000080_000019_leftImg8bit.png,1,678,493,772,566
96,train/aachen/aachen_000080_000019_leftImg8bit.png,1,630,473,693,526
97,train/aachen/aachen_000080_000019_leftImg8bit.png,1,630,473,693,526
98,train/aachen/aachen_000080_000019_leftImg8bit.png,1,678,493,772,566
99,train/aachen/aachen_000080_000019_leftImg8bit.png,1,124,476,220,550
100,train/aachen/aachen_000080_000019_leftImg8bit.png,0,988,466,1047,623
101,train/aachen/aachen_000080_000019_leftImg8bit.png,1,630,473,693,527
102,train/aachen/aachen_000080_000019_leftImg8bit.png,1,678,495,772,566
103,train/aachen/aachen_000067_000019_leftImg8bit.png,1,806,385,858,438
104,train/aachen/aachen_000067_000019_leftImg8bit.png,1,754,378,822,450
105,train/aachen/aachen_000067_000019_leftImg8bit.png,1,716,394,792,455
106,train/aachen/aachen_000067_000019_leftImg8bit.png,1,1146,382,1200,434
107,train/aachen/aachen_000067_000019_leftImg8bit.png,1,659,397,742,467
108,train/aachen/aachen_000067_000019_leftImg8bit.png,1,1182,376,1233,453
109,train/aachen/aachen_000067_000019_leftImg8bit.png,1,1220,326,1378,493
110,train/aachen/aachen_000067_000019_leftImg8bit.png,1,1283,388,1423,508
111,train/aachen/aachen_000067_000019_leftImg8bit.png,1,1337,391,1531,547
112,train/aachen/aachen_000067_000019_leftImg8bit.png,1,582,399,705,481
113,train/aachen/aachen_000067_000019_leftImg8bit.png,4,185,440,318,543
114,train/aachen/aachen_000067_000019_leftImg8bit.png,1,1478,370,1828,613
115,train/aachen/aachen_000067_000019_leftImg8bit.png,1,0,374,217,602
116,train/aachen/aachen_000067_000019_leftImg8bit.png,4,508,411,610,481
117,train/aachen/aachen_000067_000019_leftImg8bit.png,1,873,394,952,456
118,train/aachen/aachen_000028_000019_leftImg8bit.png,1,1282,413,1356,510
119,train/aachen/aachen_000028_000019_leftImg8bit.png,4,50,453,185,593
120,train/aachen/aachen_000028_000019_leftImg8bit.png,1,541,431,660,491
121,train/aachen/aachen_000028_000019_leftImg8bit.png,1,1302,412,1392,521
122,train/aachen/aachen_000028_000019_leftImg8bit.png,1,407,417,573,546
123,train/aachen/aachen_000028_000019_leftImg8bit.png,1,216,423,452,569
124,train/aachen/aachen_000028_000019_leftImg8bit.png,1,1330,404,1517,541
125,train/aachen/aachen_000028_000019_leftImg8bit.png,3,787,330,949,499
126,train/aachen/aachen_000028_000019_leftImg8bit.png,3,1029,313,1229,515
127,train/aachen/aachen_000028_000019_leftImg8bit.png,1,1502,368,1878,627
128,train/aachen/aachen_000028_000019_leftImg8bit.png,1,1731,368,2047,772
129,train/aachen/aachen_000131_000019_leftImg8bit.png,1,796,432,856,511
130,train/aachen/aachen_000131_000019_leftImg8bit.png,1,935,419,1044,502
131,train/aachen/aachen_000131_000019_leftImg8bit.png,1,824,416,966,521
132,train/aachen/aachen_000131_000019_leftImg8bit.png,1,1012,427,1125,510
133,train/aachen/aachen_000131_000019_leftImg8bit.png,1,1090,420,1202,524
134,train/aachen/aachen_000131_000019_leftImg8bit.png,1,1162,401,1340,544
135,train/aachen/aachen_000131_000019_leftImg8bit.png,1,1428,409,1569,503
136,train/aachen/aachen_000131_000019_leftImg8bit.png,1,1245,419,1513,580
137,train/aachen/aachen_000131_000019_leftImg8bit.png,1,1535,394,1717,534
138,train/aachen/aachen_000131_000019_leftImg8bit.png,1,1651,369,1992,572
139,train/aachen/aachen_000131_000019_leftImg8bit.png,1,1890,392,2047,597
140,train/aachen/aachen_000131_000019_leftImg8bit.png,1,0,451,75,512
141,train/aachen/aachen_000165_000019_leftImg8bit.png,1,590,403,764,608
142,train/aachen/aachen_000165_000019_leftImg8bit.png,1,322,391,671,679
143,train/aachen/aachen_000165_000019_leftImg8bit.png,1,0,329,561,929
144,train/aachen/aachen_000012_000019_leftImg8bit.png,1,974,391,1046,472
145,train/aachen/aachen_000012_000019_leftImg8bit.png,1,1008,405,1124,502
146,train/aachen/aachen_000012_000019_leftImg8bit.png,0,1934,354,2001,564
147,train/aachen/aachen_000012_000019_leftImg8bit.png,3,1256,237,1754,559
148,train/aachen/aachen_000012_000019_leftImg8bit.png,3,881,359,972,447
149,train/aachen/aachen_000012_000019_leftImg8bit.png,3,577,351,806,472
150,train/aachen/aachen_000012_000019_leftImg8bit.png,1,528,410,756,568
151,train/aachen/aachen_000012_000019_leftImg8bit.png,1,0,402,427,776
152,train/aachen/aachen_000082_000019_leftImg8bit.png,1,1158,382,1218,438
153,train/aachen/aachen_000082_000019_leftImg8bit.png,1,1243,404,1302,461
154,train/aachen/aachen_000082_000019_leftImg8bit.png,1,1263,409,1348,466
155,train/aachen/aachen_000082_000019_leftImg8bit.png,0,451,332,532,537
156,train/aachen/aachen_000082_000019_leftImg8bit.png,0,444,350,517,551
157,train/aachen/aachen_000146_000019_leftImg8bit.png,1,933,364,1191,568
158,train/aachen/aachen_000146_000019_leftImg8bit.png,0,559,318,651,576
159,train/aachen/aachen_000146_000019_leftImg8bit.png,1,1447,424,1544,511
160,train/aachen/aachen_000146_000019_leftImg8bit.png,1,1462,428,1539,526
161,train/aachen/aachen_000146_000019_leftImg8bit.png,1,1501,420,1640,544
162,train/aachen/aachen_000146_000019_leftImg8bit.png,1,1606,412,1734,595
163,train/aachen/aachen_000146_000019_leftImg8bit.png,1,1640,407,1827,656
164,train/aachen/aachen_000146_000019_leftImg8bit.png,1,1704,378,2047,786
165,train/aachen/aachen_000094_000019_leftImg8bit.png,1,928,427,1026,509
166,train/aachen/aachen_000094_000019_leftImg8bit.png,1,940,403,1116,543
167,train/aachen/aachen_000094_000019_leftImg8bit.png,0,1421,367,1478,545
168,train/aachen/aachen_000094_000019_leftImg8bit.png,0,1547,379,1607,544
169,train/aachen/aachen_000094_000019_leftImg8bit.png,0,1849,391,1924,581
170,train/aachen/aachen_000094_000019_leftImg8bit.png,0,1886,390,1959,588
171,train/aachen/aachen_000049_000019_leftImg8bit.png,0,74,364,143,527
172,train/aachen/aachen_000049_000019_leftImg8bit.png,1,889,423,993,511
173,train/aachen/aachen_000049_000019_leftImg8bit.png,1,855,431,968,516
174,train/aachen/aachen_000049_000019_leftImg8bit.png,1,779,422,890,545
175,train/aachen/aachen_000049_000019_leftImg8bit.png,1,715,416,842,565
176,train/aachen/aachen_000049_000019_leftImg8bit.png,1,447,364,771,608
177,train/aachen/aachen_000049_000019_leftImg8bit.png,1,70,374,575,687
178,train/aachen/aachen_000049_000019_leftImg8bit.png,1,1296,409,1409,526
179,train/aachen/aachen_000049_000019_leftImg8bit.png,1,0,525,199,824
180,train/aachen/aachen_000049_000019_leftImg8bit.png,1,1317,407,1489,547
181,train/aachen/aachen_000049_000019_leftImg8bit.png,1,1507,292,2047,702
182,train/aachen/aachen_000123_000019_leftImg8bit.png,1,1083,414,1168,496
183,train/aachen/aachen_000123_000019_leftImg8bit.png,1,1119,414,1191,515
184,train/aachen/aachen_000123_000019_leftImg8bit.png,1,1133,411,1224,538
185,train/aachen/aachen_000123_000019_leftImg8bit.png,1,1167,399,1296,561
186,train/aachen/aachen_000123_000019_leftImg8bit.png,1,1224,387,1430,592
187,train/aachen/aachen_000123_000019_leftImg8bit.png,1,1310,391,1789,689
188,train/aachen/aachen_000123_000019_leftImg8bit.png,1,872,416,970,491
189,train/aachen/aachen_000123_000019_leftImg8bit.png,1,813,425,865,480
190,train/aachen/aachen_000123_000019_leftImg8bit.png,1,772,417,838,490
191,train/aachen/aachen_000123_000019_leftImg8bit.png,1,721,419,811,500
192,train/aachen/aachen_000123_000019_leftImg8bit.png,1,668,414,729,523
193,train/aachen/aachen_000123_000019_leftImg8bit.png,1,551,399,717,545
194,train/aachen/aachen_000123_000019_leftImg8bit.png,1,511,412,626,576
195,train/aachen/aachen_000123_000019_leftImg8bit.png,1,278,374,562,620
196,train/aachen/aachen_000123_000019_leftImg8bit.png,1,0,389,377,710
197,train/aachen/aachen_000103_000019_leftImg8bit.png,4,1650,461,1720,582
198,train/aachen/aachen_000103_000019_leftImg8bit.png,1,1690,418,2047,630
199,train/aachen/aachen_000103_000019_leftImg8bit.png,1,0,324,259,612
200,train/aachen/aachen_000103_000019_leftImg8bit.png,1,1357,437,1647,599
201,train/aachen/aachen_000103_000019_leftImg8bit.png,3,1182,380,1333,455
202,train/aachen/aachen_000140_000019_leftImg8bit.png,1,319,446,403,509
203,train/aachen/aachen_000140_000019_leftImg8bit.png,1,169,454,288,530
204,train/aachen/aachen_000140_000019_leftImg8bit.png,1,32,457,207,545
205,train/aachen/aachen_000140_000019_leftImg8bit.png,1,848,416,978,495
206,train/aachen/aachen_000140_000019_leftImg8bit.png,1,1253,414,1326,466
207,train/aachen/aachen_000140_000019_leftImg8bit.png,1,1226,412,1304,470
208,train/aachen/aachen_000140_000019_leftImg8bit.png,0,1608,340,1669,545
209,train/aachen/aachen_000140_000019_leftImg8bit.png,0,1653,316,1728,545
210,train/aachen/aachen_000169_000019_leftImg8bit.png,3,819,468,931,564
211,train/aachen/aachen_000169_000019_leftImg8bit.png,1,1149,467,1215,556
212,train/aachen/aachen_000169_000019_leftImg8bit.png,1,1177,446,1365,588
213,train/aachen/aachen_000169_000019_leftImg8bit.png,1,0,428,305,614
214,train/aachen/aachen_000113_000019_leftImg8bit.png,1,952,436,1120,495
215,train/aachen/aachen_000113_000019_leftImg8bit.png,1,841,419,916,517
216,train/aachen/aachen_000113_000019_leftImg8bit.png,1,797,418,895,531
217,train/aachen/aachen_000113_000019_leftImg8bit.png,1,753,416,845,551
218,train/aachen/aachen_000113_000019_leftImg8bit.png,1,586,410,806,581
219,train/aachen/aachen_000113_000019_leftImg8bit.png,0,1135,405,1190,502
220,train/aachen/aachen_000113_000019_leftImg8bit.png,0,1212,388,1272,499
221,train/aachen/aachen_000113_000019_leftImg8bit.png,0,1264,387,1331,532
222,train/aachen/aachen_000113_000019_leftImg8bit.png,0,1339,366,1398,531
223,train/aachen/aachen_000117_000019_leftImg8bit.png,1,1377,415,1531,475
224,train/aachen/aachen_000117_000019_leftImg8bit.png,0,1190,412,1246,483
225,train/aachen/aachen_000117_000019_leftImg8bit.png,4,259,460,328,517
226,train/aachen/aachen_000117_000019_leftImg8bit.png,4,167,466,236,524
227,train/aachen/aachen_000117_000019_leftImg8bit.png,4,48,462,103,546
228,train/aachen/aachen_000117_000019_leftImg8bit.png,3,712,270,980,548
229,train/aachen/aachen_000117_000019_leftImg8bit.png,1,1707,414,1785,467
230,train/aachen/aachen_000117_000019_leftImg8bit.png,0,1624,388,1709,487
231,train/aachen/aachen_000117_000019_leftImg8bit.png,1,1905,386,2047,672
232,train/aachen/aachen_000117_000019_leftImg8bit.png,0,1651,388,1709,487
233,train/aachen/aachen_000149_000019_leftImg8bit.png,1,516,410,777,525
234,train/aachen/aachen_000139_000019_leftImg8bit.png,1,313,383,394,434
235,train/aachen/aachen_000139_000019_leftImg8bit.png,4,129,397,283,495
236,train/aachen/aachen_000139_000019_leftImg8bit.png,0,285,333,362,486
237,train/aachen/aachen_000139_000019_leftImg8bit.png,1,446,371,805,523
238,train/aachen/aachen_000139_000019_leftImg8bit.png,1,1090,326,1523,578
239,train/aachen/aachen_000139_000019_leftImg8bit.png,4,1617,419,1704,495
240,train/aachen/aachen_000139_000019_leftImg8bit.png,4,1732,428,1826,501
241,train/aachen/aachen_000139_000019_leftImg8bit.png,1,1884,333,2047,598
242,train/aachen/aachen_000022_000019_leftImg8bit.png,1,1594,331,2047,594
243,train/aachen/aachen_000022_000019_leftImg8bit.png,0,1564,402,1632,588
244,train/aachen/aachen_000022_000019_leftImg8bit.png,1,1594,331,2047,594
245,train/aachen/aachen_000022_000019_leftImg8bit.png,1,992,405,1619,617
246,train/aachen/aachen_000022_000019_leftImg8bit.png,0,239,380,300,632
247,train/aachen/aachen_000022_000019_leftImg8bit.png,1,0,416,526,645
248,train/aachen/aachen_000022_000019_leftImg8bit.png,0,1341,348,1465,630
249,train/aachen/aachen_000022_000019_leftImg8bit.png,0,662,379,742,618
250,train/aachen/aachen_000022_000019_leftImg8bit.png,0,618,393,688,622
251,train/aachen/aachen_000022_000019_leftImg8bit.png,0,1023,351,1111,625
252,train/aachen/aachen_000022_000019_leftImg8bit.png,0,888,361,982,620
253,train/aachen/aachen_000022_000019_leftImg8bit.png,0,962,324,1077,632
254,train/aachen/aachen_000022_000019_leftImg8bit.png,0,766,359,866,621
255,train/aachen/aachen_000022_000019_leftImg8bit.png,0,785,357,870,624
256,train/aachen/aachen_000022_000019_leftImg8bit.png,0,1178,336,1293,639
257,train/aachen/aachen_000032_000019_leftImg8bit.png,1,782,424,899,509
258,train/aachen/aachen_000032_000019_leftImg8bit.png,4,1451,446,1555,513
259,train/aachen/aachen_000130_000019_leftImg8bit.png,1,730,410,843,509
260,train/aachen/aachen_000130_000019_leftImg8bit.png,1,575,403,812,525
261,train/aachen/aachen_000130_000019_leftImg8bit.png,1,466,394,753,572
262,train/aachen/aachen_000130_000019_leftImg8bit.png,1,273,376,581,589
263,train/aachen/aachen_000130_000019_leftImg8bit.png,1,95,375,460,656
264,train/aachen/aachen_000130_000019_leftImg8bit.png,1,0,368,283,727
265,train/aachen/aachen_000130_000019_leftImg8bit.png,1,1036,404,1208,487
266,train/aachen/aachen_000130_000019_leftImg8bit.png,1,1066,424,1208,483
267,train/aachen/aachen_000130_000019_leftImg8bit.png,1,1190,419,1248,504
268,train/aachen/aachen_000130_000019_leftImg8bit.png,1,1227,407,1344,516
269,train/aachen/aachen_000130_000019_leftImg8bit.png,1,1240,413,1414,543
270,train/aachen/aachen_000130_000019_leftImg8bit.png,1,1453,319,2001,680
271,train/aachen/aachen_000130_000019_leftImg8bit.png,1,1719,378,2047,845
272,train/aachen/aachen_000130_000019_leftImg8bit.png,1,820,416,883,478
273,train/aachen/aachen_000000_000019_leftImg8bit.png,1,609,420,807,532
274,train/aachen/aachen_000000_000019_leftImg8bit.png,1,145,429,304,502
275,train/aachen/aachen_000000_000019_leftImg8bit.png,1,145,429,304,502
276,train/aachen/aachen_000000_000019_leftImg8bit.png,1,1512,446,1660,499
277,train/aachen/aachen_000000_000019_leftImg8bit.png,1,1479,456,1634,514
278,train/aachen/aachen_000000_000019_leftImg8bit.png,1,1721,450,1864,509
279,train/aachen/aachen_000000_000019_leftImg8bit.png,1,145,429,304,502
280,train/aachen/aachen_000000_000019_leftImg8bit.png,1,609,420,807,532
281,train/aachen/aachen_000119_000019_leftImg8bit.png,1,719,406,817,473
282,train/aachen/aachen_000119_000019_leftImg8bit.png,1,659,425,758,479
283,train/aachen/aachen_000119_000019_leftImg8bit.png,1,663,427,740,481
284,train/aachen/aachen_000119_000019_leftImg8bit.png,1,533,427,720,493
285,train/aachen/aachen_000119_000019_leftImg8bit.png,4,474,435,551,493
286,train/aachen/aachen_000119_000019_leftImg8bit.png,1,1188,417,1392,511
287,train/aachen/aachen_000119_000019_leftImg8bit.png,1,954,397,1278,656
288,train/aachen/aachen_000119_000019_leftImg8bit.png,1,1502,378,2047,737
289,train/aachen/aachen_000021_000019_leftImg8bit.png,4,533,441,594,523
290,train/aachen/aachen_000021_000019_leftImg8bit.png,0,263,386,404,663
291,train/aachen/aachen_000021_000019_leftImg8bit.png,0,137,387,269,558
292,train/aachen/aachen_000021_000019_leftImg8bit.png,0,12,368,125,560
293,train/aachen/aachen_000021_000019_leftImg8bit.png,1,729,409,894,480
294,train/aachen/aachen_000021_000019_leftImg8bit.png,0,254,385,405,684
295,train/aachen/aachen_000021_000019_leftImg8bit.png,1,590,405,686,497
296,train/aachen/aachen_000021_000019_leftImg8bit.png,1,611,404,773,520
297,train/aachen/aachen_000021_000019_leftImg8bit.png,1,899,425,1013,487
298,train/aachen/aachen_000021_000019_leftImg8bit.png,1,990,351,1204,521
299,train/aachen/aachen_000021_000019_leftImg8bit.png,1,1333,436,1441,529
300,train/aachen/aachen_000021_000019_leftImg8bit.png,1,1245,441,1403,541
301,train/aachen/aachen_000021_000019_leftImg8bit.png,1,1206,424,1345,547
302,train/aachen/aachen_000021_000019_leftImg8bit.png,0,1755,346,1821,622
303,train/aachen/aachen_000021_000019_leftImg8bit.png,0,1689,348,1780,626
304,train/aachen/aachen_000021_000019_leftImg8bit.png,0,1775,363,1867,636
305,train/aachen/aachen_000021_000019_leftImg8bit.png,0,1809,356,1943,639
306,train/aachen/aachen_000052_000019_leftImg8bit.png,1,304,466,464,517
307,train/aachen/aachen_000052_000019_leftImg8bit.png,1,0,357,387,746
308,train/aachen/aachen_000052_000019_leftImg8bit.png,1,749,444,870,533
309,train/aachen/aachen_000052_000019_leftImg8bit.png,1,911,371,1064,532
310,train/aachen/aachen_000052_000019_leftImg8bit.png,1,1209,451,1297,516
311,train/aachen/aachen_000052_000019_leftImg8bit.png,1,1413,424,1727,611
312,train/aachen/aachen_000061_000019_leftImg8bit.png,1,790,424,903,493
313,train/aachen/aachen_000061_000019_leftImg8bit.png,1,0,373,532,714
314,train/aachen/aachen_000061_000019_leftImg8bit.png,1,473,422,635,507
315,train/aachen/aachen_000061_000019_leftImg8bit.png,1,0,373,532,714
316,train/aachen/aachen_000061_000019_leftImg8bit.png,1,0,373,532,714
317,train/aachen/aachen_000061_000019_leftImg8bit.png,1,670,422,832,521
318,train/aachen/aachen_000061_000019_leftImg8bit.png,1,1340,412,1552,597
319,train/aachen/aachen_000061_000019_leftImg8bit.png,1,1340,412,1552,597
320,train/aachen/aachen_000061_000019_leftImg8bit.png,1,0,373,532,714
321,train/aachen/aachen_000061_000019_leftImg8bit.png,1,1855,462,1966,556
322,train/aachen/aachen_000061_000019_leftImg8bit.png,1,958,392,1077,443
323,train/aachen/aachen_000061_000019_leftImg8bit.png,1,890,422,1011,499
324,train/aachen/aachen_000061_000019_leftImg8bit.png,1,1132,427,1209,492
325,train/aachen/aachen_000061_000019_leftImg8bit.png,1,1068,429,1194,531
326,train/aachen/aachen_000061_000019_leftImg8bit.png,1,0,373,532,714
327,train/aachen/aachen_000061_000019_leftImg8bit.png,1,473,422,635,507
328,train/aachen/aachen_000061_000019_leftImg8bit.png,1,0,373,532,714
329,train/aachen/aachen_000061_000019_leftImg8bit.png,1,0,373,532,714
330,train/aachen/aachen_000061_000019_leftImg8bit.png,1,0,373,532,714
331,train/aachen/aachen_000061_000019_leftImg8bit.png,1,0,373,532,714
332,train/aachen/aachen_000061_000019_leftImg8bit.png,1,0,373,532,714
333,train/aachen/aachen_000061_000019_leftImg8bit.png,1,1340,412,1552,597
334,train/aachen/aachen_000061_000019_leftImg8bit.png,1,1340,412,1552,597
335,train/aachen/aachen_000061_000019_leftImg8bit.png,1,1340,412,1552,597
336,train/aachen/aachen_000061_000019_leftImg8bit.png,1,1068,429,1194,531
337,train/aachen/aachen_000061_000019_leftImg8bit.png,1,1068,429,1194,531
338,train/aachen/aachen_000061_000019_leftImg8bit.png,1,1340,412,1552,597
339,train/aachen/aachen_000061_000019_leftImg8bit.png,1,473,422,635,507
340,train/aachen/aachen_000061_000019_leftImg8bit.png,1,0,373,532,714
341,train/aachen/aachen_000061_000019_leftImg8bit.png,1,1855,462,1966,556
342,train/aachen/aachen_000061_000019_leftImg8bit.png,1,885,422,1011,499
343,train/aachen/aachen_000061_000019_leftImg8bit.png,1,1340,412,1552,597
344,train/aachen/aachen_000061_000019_leftImg8bit.png,1,1340,412,1552,597
345,train/aachen/aachen_000061_000019_leftImg8bit.png,1,1340,412,1552,597
346,train/aachen/aachen_000061_000019_leftImg8bit.png,1,983,429,1090,511
347,train/aachen/aachen_000061_000019_leftImg8bit.png,1,1068,429,1194,531
348,train/aachen/aachen_000061_000019_leftImg8bit.png,1,670,422,832,521
349,train/aachen/aachen_000061_000019_leftImg8bit.png,1,0,373,532,714
350,train/aachen/aachen_000061_000019_leftImg8bit.png,1,670,422,832,521
351,train/aachen/aachen_000061_000019_leftImg8bit.png,1,473,422,635,507
352,train/aachen/aachen_000061_000019_leftImg8bit.png,1,0,373,532,714
353,train/aachen/aachen_000061_000019_leftImg8bit.png,1,670,422,832,521
354,train/aachen/aachen_000061_000019_leftImg8bit.png,1,1256,431,1590,545
355,train/aachen/aachen_000061_000019_leftImg8bit.png,1,0,373,532,714
356,train/aachen/aachen_000061_000019_leftImg8bit.png,1,1340,412,1552,597
357,train/aachen/aachen_000061_000019_leftImg8bit.png,1,1340,412,1552,597
358,train/aachen/aachen_000106_000019_leftImg8bit.png,1,1558,427,1634,522
359,train/aachen/aachen_000106_000019_leftImg8bit.png,1,1598,416,1763,533
360,train/aachen/aachen_000106_000019_leftImg8bit.png,1,206,391,578,584
361,train/aachen/aachen_000106_000019_leftImg8bit.png,3,510,223,1108,574
362,train/aachen/aachen_000106_000019_leftImg8bit.png,1,1228,422,1301,510
363,train/aachen/aachen_000106_000019_leftImg8bit.png,1,1022,375,1287,597
364,train/aachen/aachen_000055_000019_leftImg8bit.png,1,931,425,1008,503
365,train/aachen/aachen_000055_000019_leftImg8bit.png,1,622,431,709,490
366,train/aachen/aachen_000055_000019_leftImg8bit.png,1,926,412,1102,552
367,train/aachen/aachen_000055_000019_leftImg8bit.png,0,1270,376,1337,504
368,train/aachen/aachen_000121_000019_leftImg8bit.png,1,788,449,889,544
369,train/aachen/aachen_000121_000019_leftImg8bit.png,0,553,403,608,563
370,train/aachen/aachen_000043_000019_leftImg8bit.png,1,812,349,916,435
371,train/aachen/aachen_000043_000019_leftImg8bit.png,1,754,361,843,443
372,train/aachen/aachen_000043_000019_leftImg8bit.png,1,631,371,797,478
373,train/aachen/aachen_000043_000019_leftImg8bit.png,1,864,373,1007,474
374,train/aachen/aachen_000043_000019_leftImg8bit.png,1,437,379,660,541
375,train/aachen/aachen_000043_000019_leftImg8bit.png,1,93,331,454,647
376,train/aachen/aachen_000043_000019_leftImg8bit.png,1,0,341,208,761
377,train/aachen/aachen_000043_000019_leftImg8bit.png,1,1107,366,1200,419
378,train/aachen/aachen_000043_000019_leftImg8bit.png,1,1302,383,1584,611
379,train/aachen/aachen_000043_000019_leftImg8bit.png,1,1450,378,1907,723
380,train/aachen/aachen_000043_000019_leftImg8bit.png,1,1715,271,2047,838
381,train/aachen/aachen_000065_000019_leftImg8bit.png,1,586,417,653,470
382,train/aachen/aachen_000065_000019_leftImg8bit.png,1,685,358,791,480
383,train/aachen/aachen_000065_000019_leftImg8bit.png,4,272,410,352,461
384,train/aachen/aachen_000065_000019_leftImg8bit.png,4,272,420,361,472
385,train/aachen/aachen_000065_000019_leftImg8bit.png,0,747,340,894,679
386,train/aachen/aachen_000065_000019_leftImg8bit.png,1,1047,426,1134,495
387,train/aachen/aachen_000065_000019_leftImg8bit.png,1,943,409,1010,468
388,train/aachen/aachen_000065_000019_leftImg8bit.png,1,959,409,1021,463
389,train/aachen/aachen_000065_000019_leftImg8bit.png,0,941,363,1102,665
390,train/aachen/aachen_000141_000019_leftImg8bit.png,1,872,466,977,532
391,train/aachen/aachen_000141_000019_leftImg8bit.png,1,936,469,1054,533
392,train/aachen/aachen_000141_000019_leftImg8bit.png,1,677,449,740,537
393,train/aachen/aachen_000141_000019_leftImg8bit.png,1,702,432,891,546
394,train/aachen/aachen_000141_000019_leftImg8bit.png,4,438,487,501,547
395,train/aachen/aachen_000141_000019_leftImg8bit.png,1,1549,207,2047,885
396,train/aachen/aachen_000141_000019_leftImg8bit.png,1,0,441,463,781
397,train/aachen/aachen_000141_000019_leftImg8bit.png,4,1269,483,1330,726
398,train/aachen/aachen_000157_000019_leftImg8bit.png,1,897,375,1187,655
399,train/aachen/aachen_000157_000019_leftImg8bit.png,1,1219,466,1283,520
400,train/aachen/aachen_000041_000019_leftImg8bit.png,1,0,329,540,690
401,train/aachen/aachen_000041_000019_leftImg8bit.png,0,1680,346,1736,501
402,train/aachen/aachen_000041_000019_leftImg8bit.png,0,1600,404,1697,576
403,train/aachen/aachen_000041_000019_leftImg8bit.png,1,1179,386,1340,517
404,train/aachen/aachen_000041_000019_leftImg8bit.png,0,1694,325,1782,580
405,train/aachen/aachen_000041_000019_leftImg8bit.png,1,1209,418,1299,531
406,train/aachen/aachen_000041_000019_leftImg8bit.png,4,1502,432,1577,564
407,train/aachen/aachen_000041_000019_leftImg8bit.png,0,1460,348,1560,543
408,train/aachen/aachen_000041_000019_leftImg8bit.png,1,1256,391,1467,554
409,train/aachen/aachen_000041_000019_leftImg8bit.png,1,611,392,818,484
410,train/aachen/aachen_000041_000019_leftImg8bit.png,0,1975,350,2047,607
411,train/aachen/aachen_000041_000019_leftImg8bit.png,5,1804,394,2047,739
412,train/aachen/aachen_000129_000019_leftImg8bit.png,1,0,420,58,519
413,train/aachen/aachen_000129_000019_leftImg8bit.png,1,1008,382,1077,441
414,train/aachen/aachen_000129_000019_leftImg8bit.png,1,962,391,1025,457
415,train/aachen/aachen_000129_000019_leftImg8bit.png,1,920,389,1000,463
416,train/aachen/aachen_000129_000019_leftImg8bit.png,1,885,387,957,474
417,train/aachen/aachen_000129_000019_leftImg8bit.png,1,815,382,940,488
418,train/aachen/aachen_000129_000019_leftImg8bit.png,1,1230,366,1423,429
419,train/aachen/aachen_000129_000019_leftImg8bit.png,1,1220,390,1528,475
420,train/aachen/aachen_000129_000019_leftImg8bit.png,1,1577,328,2047,721
421,train/aachen/aachen_000129_000019_leftImg8bit.png,1,1950,484,2047,840
422,train/aachen/aachen_000129_000019_leftImg8bit.png,0,243,343,333,555
423,train/aachen/aachen_000129_000019_leftImg8bit.png,0,324,356,403,558
424,train/aachen/aachen_000089_000019_leftImg8bit.png,1,1211,386,1400,539
425,train/aachen/aachen_000089_000019_leftImg8bit.png,1,1361,374,1722,690
426,train/aachen/aachen_000089_000019_leftImg8bit.png,1,1555,309,2047,948
427,train/aachen/aachen_000089_000019_leftImg8bit.png,0,444,397,503,473
428,train/aachen/aachen_000089_000019_leftImg8bit.png,4,608,443,690,546
429,train/aachen/aachen_000089_000019_leftImg8bit.png,4,580,443,684,556
430,train/aachen/aachen_000089_000019_leftImg8bit.png,4,524,456,595,517
431,train/aachen/aachen_000089_000019_leftImg8bit.png,4,550,485,617,568
432,train/aachen/aachen_000089_000019_leftImg8bit.png,4,534,489,597,565
433,train/aachen/aachen_000089_000019_leftImg8bit.png,5,418,434,500,496
434,train/aachen/aachen_000089_000019_leftImg8bit.png,5,290,444,397,498
435,train/aachen/aachen_000089_000019_leftImg8bit.png,4,495,481,574,577
436,train/aachen/aachen_000089_000019_leftImg8bit.png,5,315,481,535,606
437,train/aachen/aachen_000089_000019_leftImg8bit.png,4,386,481,502,611
438,train/aachen/aachen_000089_000019_leftImg8bit.png,4,222,443,428,611
439,train/aachen/aachen_000089_000019_leftImg8bit.png,4,204,464,261,519
440,train/aachen/aachen_000089_000019_leftImg8bit.png,5,130,411,369,625
441,train/aachen/aachen_000089_000019_leftImg8bit.png,5,0,478,220,686
442,train/aachen/aachen_000089_000019_leftImg8bit.png,5,0,500,119,719
443,train/aachen/aachen_000132_000019_leftImg8bit.png,3,49,407,161,468
444,train/aachen/aachen_000132_000019_leftImg8bit.png,1,214,466,304,520
445,train/aachen/aachen_000132_000019_leftImg8bit.png,1,0,429,289,759
446,train/aachen/aachen_000132_000019_leftImg8bit.png,1,1165,422,1267,505
447,train/aachen/aachen_000132_000019_leftImg8bit.png,0,1899,316,2022,583
448,train/aachen/aachen_000132_000019_leftImg8bit.png,1,1803,411,1857,473
449,train/aachen/aachen_000132_000019_leftImg8bit.png,1,1447,392,1894,658
450,train/aachen/aachen_000132_000019_leftImg8bit.png,1,1243,413,1410,539
451,train/aachen/aachen_000132_000019_leftImg8bit.png,1,1011,424,1112,512
452,train/aachen/aachen_000004_000019_leftImg8bit.png,1,845,443,932,497
453,train/aachen/aachen_000004_000019_leftImg8bit.png,1,984,444,1068,496
454,train/aachen/aachen_000004_000019_leftImg8bit.png,1,766,447,865,501
455,train/aachen/aachen_000004_000019_leftImg8bit.png,0,52,438,103,577
456,train/aachen/aachen_000004_000019_leftImg8bit.png,1,541,425,764,560
457,train/aachen/aachen_000004_000019_leftImg8bit.png,1,1345,431,1417,483
458,train/aachen/aachen_000004_000019_leftImg8bit.png,1,1271,435,1363,498
459,train/aachen/aachen_000066_000019_leftImg8bit.png,1,1155,403,1211,477
460,train/aachen/aachen_000066_000019_leftImg8bit.png,1,846,426,944,490
461,train/aachen/aachen_000066_000019_leftImg8bit.png,1,793,428,873,505
462,train/aachen/aachen_000066_000019_leftImg8bit.png,1,1193,379,1283,489
463,train/aachen/aachen_000066_000019_leftImg8bit.png,1,647,411,822,541
464,train/aachen/aachen_000066_000019_leftImg8bit.png,1,1205,414,1321,497
465,train/aachen/aachen_000066_000019_leftImg8bit.png,1,1223,414,1320,505
466,train/aachen/aachen_000066_000019_leftImg8bit.png,1,1260,419,1364,517
467,train/aachen/aachen_000066_000019_leftImg8bit.png,1,1308,416,1476,531
468,train/aachen/aachen_000066_000019_leftImg8bit.png,1,1470,366,1836,649
469,train/aachen/aachen_000066_000019_leftImg8bit.png,4,191,441,292,574
470,train/aachen/aachen_000066_000019_leftImg8bit.png,4,138,441,227,581
471,train/aachen/aachen_000066_000019_leftImg8bit.png,4,0,437,178,588
472,train/aachen/aachen_000066_000019_leftImg8bit.png,1,340,425,427,512
473,train/aachen/aachen_000066_000019_leftImg8bit.png,1,329,407,672,626
474,train/aachen/aachen_000066_000019_leftImg8bit.png,1,1684,365,2047,777
475,train/aachen/aachen_000030_000019_leftImg8bit.png,1,812,407,894,477
476,train/aachen/aachen_000030_000019_leftImg8bit.png,1,744,397,857,501
477,train/aachen/aachen_000030_000019_leftImg8bit.png,1,672,397,790,523
478,train/aachen/aachen_000030_000019_leftImg8bit.png,1,465,375,711,572
479,train/aachen/aachen_000030_000019_leftImg8bit.png,1,1085,402,1199,492
480,train/aachen/aachen_000030_000019_leftImg8bit.png,1,1277,392,1360,476
481,train/aachen/aachen_000030_000019_leftImg8bit.png,1,1297,397,1405,484
482,train/aachen/aachen_000030_000019_leftImg8bit.png,1,1374,397,1547,535
483,train/aachen/aachen_000030_000019_leftImg8bit.png,1,1456,406,1695,581
484,train/aachen/aachen_000030_000019_leftImg8bit.png,1,465,375,711,572
485,train/aachen/aachen_000030_000019_leftImg8bit.png,1,465,375,711,572
486,train/aachen/aachen_000030_000019_leftImg8bit.png,1,0,358,479,760
487,train/aachen/aachen_000030_000019_leftImg8bit.png,1,0,358,479,760
488,train/aachen/aachen_000136_000019_leftImg8bit.png,1,1157,437,1218,505
489,train/aachen/aachen_000136_000019_leftImg8bit.png,1,1278,423,1425,559
490,train/aachen/aachen_000136_000019_leftImg8bit.png,1,1356,413,1590,600
491,train/aachen/aachen_000136_000019_leftImg8bit.png,1,1500,414,1843,657
492,train/aachen/aachen_000136_000019_leftImg8bit.png,1,1651,357,2047,797
493,train/aachen/aachen_000136_000019_leftImg8bit.png,1,883,422,964,503
494,train/aachen/aachen_000136_000019_leftImg8bit.png,1,856,436,927,517
495,train/aachen/aachen_000136_000019_leftImg8bit.png,1,788,435,891,527
496,train/aachen/aachen_000136_000019_leftImg8bit.png,1,691,417,825,573
497,train/aachen/aachen_000136_000019_leftImg8bit.png,1,599,402,754,621
498,train/aachen/aachen_000136_000019_leftImg8bit.png,1,191,379,666,731
499,train/aachen/aachen_000136_000019_leftImg8bit.png,1,0,359,283,854
500,train/aachen/aachen_000136_000019_leftImg8bit.png,1,1194,434,1277,512
501,train/aachen/aachen_000136_000019_leftImg8bit.png,1,1245,428,1296,541
502,train/aachen/aachen_000024_000019_leftImg8bit.png,0,1531,392,1616,602
503,train/aachen/aachen_000024_000019_leftImg8bit.png,0,1844,393,1919,576
504,train/aachen/aachen_000024_000019_leftImg8bit.png,1,0,479,77,606
505,train/aachen/aachen_000024_000019_leftImg8bit.png,1,9,460,385,630
506,train/aachen/aachen_000024_000019_leftImg8bit.png,1,369,434,886,634
507,train/aachen/aachen_000125_000019_leftImg8bit.png,0,771,415,828,520
508,train/aachen/aachen_000125_000019_leftImg8bit.png,1,546,421,692,549
509,train/aachen/aachen_000125_000019_leftImg8bit.png,1,357,429,613,587
510,train/aachen/aachen_000125_000019_leftImg8bit.png,1,0,411,328,706
511,train/aachen/aachen_000125_000019_leftImg8bit.png,1,1415,390,1799,712
512,train/aachen/aachen_000125_000019_leftImg8bit.png,1,1612,362,2047,922
513,train/aachen/aachen_000107_000019_leftImg8bit.png,1,1040,405,1231,561
514,train/aachen/aachen_000107_000019_leftImg8bit.png,0,164,381,225,525
515,train/aachen/aachen_000107_000019_leftImg8bit.png,0,1057,416,1110,590
516,train/aachen/aachen_000107_000019_leftImg8bit.png,1,1378,401,1454,453
517,train/aachen/aachen_000107_000019_leftImg8bit.png,1,1241,418,1363,473
518,train/aachen/aachen_000107_000019_leftImg8bit.png,1,1202,432,1344,525
519,train/aachen/aachen_000107_000019_leftImg8bit.png,1,929,425,1037,481
520,train/aachen/aachen_000107_000019_leftImg8bit.png,1,814,426,984,520
521,train/aachen/aachen_000107_000019_leftImg8bit.png,1,706,425,913,525
522,train/aachen/aachen_000107_000019_leftImg8bit.png,1,563,420,827,526
523,train/aachen/aachen_000107_000019_leftImg8bit.png,0,164,377,243,556
524,train/aachen/aachen_000107_000019_leftImg8bit.png,4,493,446,637,524
525,train/aachen/aachen_000107_000019_leftImg8bit.png,4,459,434,594,524
526,train/aachen/aachen_000151_000019_leftImg8bit.png,1,881,391,956,450
527,train/aachen/aachen_000151_000019_leftImg8bit.png,1,1019,393,1092,448
528,train/aachen/aachen_000151_000019_leftImg8bit.png,1,758,402,891,488
529,train/aachen/aachen_000151_000019_leftImg8bit.png,1,1103,393,1178,452
530,train/aachen/aachen_000155_000019_leftImg8bit.png,3,1039,358,1214,541
531,train/aachen/aachen_000170_000019_leftImg8bit.png,1,342,378,411,432
532,train/aachen/aachen_000170_000019_leftImg8bit.png,1,805,387,971,516
533,train/aachen/aachen_000170_000019_leftImg8bit.png,1,963,393,1270,666
534,train/aachen/aachen_000170_000019_leftImg8bit.png,1,0,382,145,436
535,train/aachen/aachen_000170_000019_leftImg8bit.png,1,668,385,780,484
536,train/aachen/aachen_000170_000019_leftImg8bit.png,1,543,383,698,501
537,train/aachen/aachen_000170_000019_leftImg8bit.png,1,303,388,577,571
538,train/aachen/aachen_000027_000019_leftImg8bit.png,1,1375,406,1438,478
539,train/aachen/aachen_000027_000019_leftImg8bit.png,1,1382,419,1473,489
540,train/aachen/aachen_000027_000019_leftImg8bit.png,4,1544,454,1740,569
541,train/aachen/aachen_000027_000019_leftImg8bit.png,1,1714,336,2047,736
542,train/aachen/aachen_000027_000019_leftImg8bit.png,1,937,434,1010,489
543,train/aachen/aachen_000027_000019_leftImg8bit.png,1,851,431,955,499
544,train/aachen/aachen_000027_000019_leftImg8bit.png,1,388,434,597,563
545,train/aachen/aachen_000027_000019_leftImg8bit.png,1,524,425,812,598
546,train/aachen/aachen_000027_000019_leftImg8bit.png,4,107,444,182,606
547,train/aachen/aachen_000027_000019_leftImg8bit.png,3,1145,330,1318,508
548,train/aachen/aachen_000027_000019_leftImg8bit.png,1,0,427,161,625
549,train/aachen/aachen_000031_000019_leftImg8bit.png,0,1788,410,1878,463
550,train/aachen/aachen_000031_000019_leftImg8bit.png,3,407,417,549,476
551,train/aachen/aachen_000031_000019_leftImg8bit.png,0,924,406,986,511
552,train/aachen/aachen_000031_000019_leftImg8bit.png,0,924,406,986,511
553,train/aachen/aachen_000031_000019_leftImg8bit.png,4,708,415,946,589
554,train/aachen/aachen_000031_000019_leftImg8bit.png,0,599,229,856,809
555,train/aachen/aachen_000031_000019_leftImg8bit.png,4,387,416,580,573
556,train/aachen/aachen_000031_000019_leftImg8bit.png,0,491,256,806,852
557,train/aachen/aachen_000143_000019_leftImg8bit.png,1,228,488,501,622
558,train/aachen/aachen_000003_000019_leftImg8bit.png,1,887,432,966,515
559,train/aachen/aachen_000003_000019_leftImg8bit.png,1,930,422,993,534
560,train/aachen/aachen_000003_000019_leftImg8bit.png,1,1934,418,2047,498
561,train/aachen/aachen_000003_000019_leftImg8bit.png,1,1884,427,1958,500
562,train/aachen/aachen_000003_000019_leftImg8bit.png,1,496,432,650,505
563,train/aachen/aachen_000003_000019_leftImg8bit.png,1,357,431,516,496
564,train/aachen/aachen_000003_000019_leftImg8bit.png,1,1382,435,1620,553
565,train/aachen/aachen_000003_000019_leftImg8bit.png,1,1557,414,1989,711
566,train/aachen/aachen_000003_000019_leftImg8bit.png,1,947,400,1172,589
567,train/aachen/aachen_000045_000019_leftImg8bit.png,1,978,295,1571,724
568,train/aachen/aachen_000162_000019_leftImg8bit.png,0,82,333,198,581
569,train/aachen/aachen_000162_000019_leftImg8bit.png,5,752,418,830,531
570,train/aachen/aachen_000074_000019_leftImg8bit.png,1,1525,410,1834,531
571,train/aachen/aachen_000074_000019_leftImg8bit.png,1,558,378,779,474
572,train/aachen/aachen_000074_000019_leftImg8bit.png,1,285,391,475,498
573,train/aachen/aachen_000074_000019_leftImg8bit.png,1,375,395,600,553
574,train/aachen/aachen_000074_000019_leftImg8bit.png,1,0,349,147,462
575,train/aachen/aachen_000074_000019_leftImg8bit.png,1,0,381,88,526
576,train/aachen/aachen_000142_000019_leftImg8bit.png,1,1079,408,1149,461
577,train/aachen/aachen_000142_000019_leftImg8bit.png,1,1122,416,1203,469
578,train/aachen/aachen_000142_000019_leftImg8bit.png,1,624,415,873,588
579,train/aachen/aachen_000142_000019_leftImg8bit.png,1,0,357,320,681
580,train/aachen/aachen_000145_000019_leftImg8bit.png,1,805,432,863,496
581,train/aachen/aachen_000145_000019_leftImg8bit.png,1,785,437,857,501
582,train/aachen/aachen_000145_000019_leftImg8bit.png,1,780,441,835,507
583,train/aachen/aachen_000145_000019_leftImg8bit.png,1,704,437,788,520
584,train/aachen/aachen_000145_000019_leftImg8bit.png,1,600,429,730,524
585,train/aachen/aachen_000145_000019_leftImg8bit.png,4,584,442,705,523
586,train/aachen/aachen_000145_000019_leftImg8bit.png,4,625,454,679,563
587,train/aachen/aachen_000145_000019_leftImg8bit.png,1,26,404,336,643
588,train/aachen/aachen_000145_000019_leftImg8bit.png,1,0,404,104,677
589,train/aachen/aachen_000145_000019_leftImg8bit.png,1,1138,445,1192,508
590,train/aachen/aachen_000145_000019_leftImg8bit.png,1,1166,441,1227,525
591,train/aachen/aachen_000145_000019_leftImg8bit.png,1,1183,438,1255,534
592,train/aachen/aachen_000145_000019_leftImg8bit.png,1,1209,436,1371,554
593,train/aachen/aachen_000145_000019_leftImg8bit.png,1,1313,328,1619,641
594,train/aachen/aachen_000145_000019_leftImg8bit.png,1,1445,390,2047,726
595,train/aachen/aachen_000145_000019_leftImg8bit.png,1,1843,490,2047,876
596,train/aachen/aachen_000145_000019_leftImg8bit.png,1,949,395,1149,582
597,train/aachen/aachen_000128_000019_leftImg8bit.png,0,1267,337,1347,591
598,train/aachen/aachen_000128_000019_leftImg8bit.png,0,1357,327,1445,584
599,train/aachen/aachen_000128_000019_leftImg8bit.png,1,561,399,631,454
600,train/aachen/aachen_000128_000019_leftImg8bit.png,1,190,415,323,499
601,train/aachen/aachen_000128_000019_leftImg8bit.png,1,144,436,239,503
602,train/aachen/aachen_000128_000019_leftImg8bit.png,1,68,440,177,513
603,train/aachen/aachen_000128_000019_leftImg8bit.png,1,0,390,88,519
604,train/aachen/aachen_000128_000019_leftImg8bit.png,1,903,414,968,469
605,train/aachen/aachen_000128_000019_leftImg8bit.png,1,788,406,910,499
606,train/aachen/aachen_000128_000019_leftImg8bit.png,1,940,403,1086,520
607,train/aachen/aachen_000172_000019_leftImg8bit.png,3,0,0,988,378
608,train/aachen/aachen_000172_000019_leftImg8bit.png,2,0,0,767,409
609,train/aachen/aachen_000172_000019_leftImg8bit.png,1,0,370,434,874
610,train/aachen/aachen_000172_000019_leftImg8bit.png,0,1462,376,1524,529
611,train/aachen/aachen_000172_000019_leftImg8bit.png,1,1157,397,1256,451
612,train/aachen/aachen_000172_000019_leftImg8bit.png,1,838,403,924,462
613,train/aachen/aachen_000172_000019_leftImg8bit.png,1,564,388,719,520
614,train/aachen/aachen_000172_000019_leftImg8bit.png,1,699,404,886,537
615,train/aachen/aachen_000172_000019_leftImg8bit.png,1,1073,415,1174,487
616,train/aachen/aachen_000172_000019_leftImg8bit.png,1,941,406,1033,475
617,train/aachen/aachen_000172_000019_leftImg8bit.png,1,1014,406,1131,500
618,train/aachen/aachen_000079_000019_leftImg8bit.png,1,902,477,982,544
619,train/aachen/aachen_000079_000019_leftImg8bit.png,1,902,477,982,544
620,train/aachen/aachen_000079_000019_leftImg8bit.png,1,717,487,814,556
621,train/aachen/aachen_000079_000019_leftImg8bit.png,1,605,455,731,576
622,train/aachen/aachen_000079_000019_leftImg8bit.png,1,505,479,687,593
623,train/aachen/aachen_000079_000019_leftImg8bit.png,1,329,472,529,647
624,train/aachen/aachen_000079_000019_leftImg8bit.png,1,85,459,379,691
625,train/aachen/aachen_000079_000019_leftImg8bit.png,1,0,478,157,709
626,train/aachen/aachen_000075_000019_leftImg8bit.png,1,474,456,659,523
627,train/aachen/aachen_000075_000019_leftImg8bit.png,1,367,459,495,527
628,train/aachen/aachen_000075_000019_leftImg8bit.png,1,646,439,719,503
629,train/aachen/aachen_000075_000019_leftImg8bit.png,1,825,438,943,527
630,train/aachen/aachen_000075_000019_leftImg8bit.png,1,1126,413,1211,489
631,train/aachen/aachen_000075_000019_leftImg8bit.png,1,1146,434,1231,492
632,train/aachen/aachen_000087_000019_leftImg8bit.png,0,1322,411,1393,551
633,train/aachen/aachen_000087_000019_leftImg8bit.png,0,1434,402,1489,537
634,train/aachen/aachen_000087_000019_leftImg8bit.png,0,1712,417,1767,537
635,train/aachen/aachen_000087_000019_leftImg8bit.png,4,776,470,851,538
636,train/aachen/aachen_000087_000019_leftImg8bit.png,1,306,453,365,511
637,train/aachen/aachen_000087_000019_leftImg8bit.png,1,260,456,337,521
638,train/aachen/aachen_000087_000019_leftImg8bit.png,1,83,456,322,585
639,train/aachen/aachen_000144_000019_leftImg8bit.png,5,1171,411,1264,490
640,train/aachen/aachen_000144_000019_leftImg8bit.png,5,1196,425,1272,494
641,train/aachen/aachen_000144_000019_leftImg8bit.png,1,609,423,718,525
642,train/aachen/aachen_000144_000019_leftImg8bit.png,1,513,416,652,553
643,train/aachen/aachen_000144_000019_leftImg8bit.png,1,366,407,571,584
644,train/aachen/aachen_000144_000019_leftImg8bit.png,1,24,372,415,639
645,train/aachen/aachen_000124_000019_leftImg8bit.png,1,915,385,974,436
646,train/aachen/aachen_000124_000019_leftImg8bit.png,1,880,383,939,462
647,train/aachen/aachen_000124_000019_leftImg8bit.png,1,805,375,920,478
648,train/aachen/aachen_000124_000019_leftImg8bit.png,4,772,400,849,501
649,train/aachen/aachen_000124_000019_leftImg8bit.png,1,747,406,834,530
650,train/aachen/aachen_000124_000019_leftImg8bit.png,1,729,407,801,551
651,train/aachen/aachen_000124_000019_leftImg8bit.png,1,537,366,764,586
652,train/aachen/aachen_000124_000019_leftImg8bit.png,1,295,394,689,652
653,train/aachen/aachen_000124_000019_leftImg8bit.png,1,0,402,126,915
654,train/aachen/aachen_000124_000019_leftImg8bit.png,1,1136,396,1196,448
655,train/aachen/aachen_000124_000019_leftImg8bit.png,1,1176,373,1302,482
656,train/aachen/aachen_000124_000019_leftImg8bit.png,1,1608,374,2047,723
657,train/aachen/aachen_000124_000019_leftImg8bit.png,1,1943,545,2047,831
658,train/aachen/aachen_000114_000019_leftImg8bit.png,1,0,371,202,547
659,train/aachen/aachen_000114_000019_leftImg8bit.png,1,458,387,681,558
660,train/aachen/aachen_000114_000019_leftImg8bit.png,4,1211,387,1297,524
661,train/aachen/aachen_000114_000019_leftImg8bit.png,1,726,383,1251,577
662,train/aachen/aachen_000114_000019_leftImg8bit.png,0,1498,327,1581,507
663,train/aachen/aachen_000114_000019_leftImg8bit.png,0,1907,294,2047,732
664,train/aachen/aachen_000114_000019_leftImg8bit.png,0,138,205,444,1002
665,train/aachen/aachen_000114_000019_leftImg8bit.png,0,334,229,583,944
666,train/aachen/aachen_000114_000019_leftImg8bit.png,0,953,266,1207,820
667,train/aachen/aachen_000114_000019_leftImg8bit.png,0,885,266,1087,870
668,train/aachen/aachen_000114_000019_leftImg8bit.png,0,779,237,996,909
669,train/aachen/aachen_000042_000019_leftImg8bit.png,0,1112,364,1185,539
670,train/aachen/aachen_000042_000019_leftImg8bit.png,0,1582,370,1657,525
671,train/aachen/aachen_000042_000019_leftImg8bit.png,0,1733,373,1787,556
672,train/aachen/aachen_000042_000019_leftImg8bit.png,0,1680,370,1753,559
673,train/aachen/aachen_000042_000019_leftImg8bit.png,0,1370,387,1427,497
674,train/aachen/aachen_000042_000019_leftImg8bit.png,1,1157,398,1239,470
675,train/aachen/aachen_000042_000019_leftImg8bit.png,4,1500,449,1634,624
676,train/aachen/aachen_000042_000019_leftImg8bit.png,1,1206,407,1276,495
677,train/aachen/aachen_000042_000019_leftImg8bit.png,1,1227,411,1354,508
678,train/aachen/aachen_000042_000019_leftImg8bit.png,0,1132,382,1207,536
679,train/aachen/aachen_000042_000019_leftImg8bit.png,1,1034,397,1127,468
680,train/aachen/aachen_000042_000019_leftImg8bit.png,0,1112,364,1185,539
681,train/aachen/aachen_000042_000019_leftImg8bit.png,0,1987,362,2047,531
682,train/aachen/aachen_000042_000019_leftImg8bit.png,0,1889,342,2001,536
683,train/aachen/aachen_000042_000019_leftImg8bit.png,5,1760,365,2007,772
684,train/aachen/aachen_000042_000019_leftImg8bit.png,0,1991,362,2047,527
685,train/aachen/aachen_000071_000019_leftImg8bit.png,4,1362,409,1434,486
686,train/aachen/aachen_000071_000019_leftImg8bit.png,4,1600,379,1829,498
687,train/aachen/aachen_000071_000019_leftImg8bit.png,4,1433,394,1504,480
688,train/aachen/aachen_000071_000019_leftImg8bit.png,0,1346,341,1414,507
689,train/aachen/aachen_000071_000019_leftImg8bit.png,4,1266,411,1322,472
690,train/aachen/aachen_000071_000019_leftImg8bit.png,1,450,405,602,543
691,train/aachen/aachen_000071_000019_leftImg8bit.png,1,324,409,546,575
692,train/aachen/aachen_000071_000019_leftImg8bit.png,1,234,410,524,635
693,train/aachen/aachen_000071_000019_leftImg8bit.png,1,638,425,709,516
694,train/aachen/aachen_000071_000019_leftImg8bit.png,1,638,374,902,613
695,train/aachen/aachen_000070_000019_leftImg8bit.png,1,334,430,454,514
696,train/aachen/aachen_000070_000019_leftImg8bit.png,1,214,430,363,527
697,train/aachen/aachen_000070_000019_leftImg8bit.png,1,98,431,258,541
698,train/aachen/aachen_000070_000019_leftImg8bit.png,1,0,431,146,561
699,train/aachen/aachen_000070_000019_leftImg8bit.png,3,585,366,768,488
700,train/aachen/aachen_000070_000019_leftImg8bit.png,1,1028,416,1111,486
701,train/aachen/aachen_000070_000019_leftImg8bit.png,1,1000,419,1081,492
702,train/aachen/aachen_000070_000019_leftImg8bit.png,1,1007,423,1093,499
703,train/aachen/aachen_000070_000019_leftImg8bit.png,1,1126,427,1180,481
704,train/aachen/aachen_000070_000019_leftImg8bit.png,1,1135,418,1236,498
705,train/aachen/aachen_000070_000019_leftImg8bit.png,0,1974,330,2034,526
706,train/aachen/aachen_000138_000019_leftImg8bit.png,1,1004,389,1097,450
707,train/aachen/aachen_000138_000019_leftImg8bit.png,1,1222,392,1340,462
708,train/aachen/aachen_000138_000019_leftImg8bit.png,5,1219,387,1273,480
709,train/aachen/aachen_000138_000019_leftImg8bit.png,1,1782,414,2047,644
710,train/aachen/aachen_000138_000019_leftImg8bit.png,1,1395,376,1860,737
711,train/aachen/aachen_000138_000019_leftImg8bit.png,0,890,334,951,498
712,train/aachen/aachen_000138_000019_leftImg8bit.png,1,692,362,880,499
713,train/aachen/aachen_000138_000019_leftImg8bit.png,0,751,334,832,541
714,train/aachen/aachen_000111_000019_leftImg8bit.png,1,650,388,758,468
715,train/aachen/aachen_000111_000019_leftImg8bit.png,1,0,346,90,424
716,train/aachen/aachen_000111_000019_leftImg8bit.png,1,805,380,943,490
717,train/aachen/aachen_000111_000019_leftImg8bit.png,0,1563,402,1623,533
718,train/aachen/aachen_000111_000019_leftImg8bit.png,0,1580,354,1650,565
719,train/aachen/aachen_000111_000019_leftImg8bit.png,0,1985,365,2047,608
720,train/aachen/aachen_000111_000019_leftImg8bit.png,0,1940,423,2025,619
721,train/aachen/aachen_000111_000019_leftImg8bit.png,0,60,332,129,519
722,train/aachen/aachen_000053_000019_leftImg8bit.png,1,136,401,268,459
723,train/aachen/aachen_000053_000019_leftImg8bit.png,1,27,409,194,472
724,train/aachen/aachen_000053_000019_leftImg8bit.png,1,14,416,160,468
725,train/aachen/aachen_000053_000019_leftImg8bit.png,1,0,423,120,476
726,train/aachen/aachen_000053_000019_leftImg8bit.png,1,0,413,64,480
727,train/aachen/aachen_000053_000019_leftImg8bit.png,5,1333,432,1414,546
728,train/aachen/aachen_000053_000019_leftImg8bit.png,1,935,419,1010,476
729,train/aachen/aachen_000053_000019_leftImg8bit.png,4,1228,434,1295,486
730,train/aachen/aachen_000062_000019_leftImg8bit.png,3,1341,215,2047,651
731,train/aachen/aachen_000062_000019_leftImg8bit.png,3,1341,215,2047,651
732,train/aachen/aachen_000062_000019_leftImg8bit.png,3,1341,215,2047,651
733,train/aachen/aachen_000062_000019_leftImg8bit.png,3,1341,215,2047,651
734,train/aachen/aachen_000029_000019_leftImg8bit.png,1,1110,432,1181,492
735,train/aachen/aachen_000029_000019_leftImg8bit.png,1,840,427,917,479
736,train/aachen/aachen_000029_000019_leftImg8bit.png,1,796,414,877,492
737,train/aachen/aachen_000029_000019_leftImg8bit.png,1,705,411,789,481
738,train/aachen/aachen_000029_000019_leftImg8bit.png,1,681,434,734,488
739,train/aachen/aachen_000029_000019_leftImg8bit.png,1,718,427,837,512
740,train/aachen/aachen_000029_000019_leftImg8bit.png,1,484,407,721,544
741,train/aachen/aachen_000029_000019_leftImg8bit.png,1,954,426,1116,553
742,train/aachen/aachen_000029_000019_leftImg8bit.png,0,1511,374,1569,587
743,train/aachen/aachen_000029_000019_leftImg8bit.png,0,1593,370,1645,605
744,train/aachen/aachen_000029_000019_leftImg8bit.png,4,1680,456,1761,541
745,train/aachen/aachen_000029_000019_leftImg8bit.png,0,1539,358,1621,623
746,train/aachen/aachen_000029_000019_leftImg8bit.png,0,1687,385,1772,592
747,train/aachen/aachen_000029_000019_leftImg8bit.png,0,1651,369,1707,597
748,train/aachen/aachen_000029_000019_leftImg8bit.png,4,1799,438,1929,524
749,train/aachen/aachen_000029_000019_leftImg8bit.png,0,1804,387,1879,565
750,train/aachen/aachen_000029_000019_leftImg8bit.png,4,1855,475,2006,540
751,train/aachen/aachen_000029_000019_leftImg8bit.png,4,1816,446,1987,569
752,train/aachen/aachen_000019_000019_leftImg8bit.png,0,1410,431,1463,511
753,train/aachen/aachen_000019_000019_leftImg8bit.png,0,1095,391,1184,510
754,train/aachen/aachen_000019_000019_leftImg8bit.png,0,1116,400,1181,521
755,train/aachen/aachen_000019_000019_leftImg8bit.png,0,516,363,610,596
756,train/aachen/aachen_000019_000019_leftImg8bit.png,0,657,364,756,598
757,train/aachen/aachen_000019_000019_leftImg8bit.png,0,858,378,914,578
758,train/aachen/aachen_000019_000019_leftImg8bit.png,0,791,367,893,587
759,train/aachen/aachen_000019_000019_leftImg8bit.png,1,234,398,460,556
760,train/aachen/aachen_000046_000019_leftImg8bit.png,1,1106,282,1564,731
761,train/aachen/aachen_000046_000019_leftImg8bit.png,0,0,370,66,577
762,train/aachen/aachen_000046_000019_leftImg8bit.png,1,826,392,909,472
763,train/aachen/aachen_000046_000019_leftImg8bit.png,1,791,394,880,484
764,train/aachen/aachen_000046_000019_leftImg8bit.png,1,612,406,714,480
765,train/aachen/aachen_000046_000019_leftImg8bit.png,1,694,401,833,503
766,train/aachen/aachen_000046_000019_leftImg8bit.png,0,1815,363,1877,590
767,train/aachen/aachen_000046_000019_leftImg8bit.png,0,1831,354,1907,599
768,train/aachen/aachen_000046_000019_leftImg8bit.png,0,1924,322,2022,599
769,train/aachen/aachen_000035_000019_leftImg8bit.png,1,564,382,784,498
770,train/aachen/aachen_000035_000019_leftImg8bit.png,1,99,418,190,477
771,train/aachen/aachen_000035_000019_leftImg8bit.png,1,977,391,1085,468
772,train/aachen/aachen_000035_000019_leftImg8bit.png,4,1053,415,1191,648
773,train/aachen/aachen_000152_000019_leftImg8bit.png,2,0,273,2047,707
774,train/aachen/aachen_000063_000019_leftImg8bit.png,1,1939,452,2047,714
775,train/aachen/aachen_000063_000019_leftImg8bit.png,1,546,392,633,472
776,train/aachen/aachen_000063_000019_leftImg8bit.png,1,531,414,609,478
777,train/aachen/aachen_000063_000019_leftImg8bit.png,1,532,414,586,478
778,train/aachen/aachen_000063_000019_leftImg8bit.png,1,308,413,568,510
779,train/aachen/aachen_000150_000019_leftImg8bit.png,1,1173,400,1365,525
780,train/aachen/aachen_000150_000019_leftImg8bit.png,1,442,386,551,466
781,train/aachen/aachen_000150_000019_leftImg8bit.png,1,751,395,819,446
782,train/aachen/aachen_000023_000019_leftImg8bit.png,1,646,389,765,523
783,train/aachen/aachen_000023_000019_leftImg8bit.png,0,760,382,820,560
784,train/aachen/aachen_000023_000019_leftImg8bit.png,1,456,389,706,605
785,train/aachen/aachen_000023_000019_leftImg8bit.png,0,669,352,747,622
786,train/aachen/aachen_000023_000019_leftImg8bit.png,0,371,381,451,588
787,train/aachen/aachen_000116_000019_leftImg8bit.png,0,1862,402,1935,618
788,train/aachen/aachen_000116_000019_leftImg8bit.png,1,430,406,766,584
789,train/aachen/aachen_000116_000019_leftImg8bit.png,0,1935,429,2037,624
790,train/aachen/aachen_000116_000019_leftImg8bit.png,0,1360,389,1447,570
791,train/aachen/aachen_000116_000019_leftImg8bit.png,1,294,428,409,559
792,train/aachen/aachen_000116_000019_leftImg8bit.png,1,0,424,66,491
793,train/aachen/aachen_000116_000019_leftImg8bit.png,1,0,434,249,534
794,train/aachen/aachen_000116_000019_leftImg8bit.png,0,1027,451,1089,638
795,train/aachen/aachen_000116_000019_leftImg8bit.png,0,1033,385,1167,667
796,train/aachen/aachen_000116_000019_leftImg8bit.png,0,161,327,357,686
797,train/aachen/aachen_000116_000019_leftImg8bit.png,0,415,366,501,650
798,train/aachen/aachen_000116_000019_leftImg8bit.png,0,348,378,459,666
799,train/aachen/aachen_000116_000019_leftImg8bit.png,0,219,550,277,672
800,train/aachen/aachen_000116_000019_leftImg8bit.png,0,784,406,850,594
801,train/aachen/aachen_000116_000019_leftImg8bit.png,0,710,418,824,642
802,train/aachen/aachen_000116_000019_leftImg8bit.png,0,828,425,888,595
803,train/aachen/aachen_000116_000019_leftImg8bit.png,0,595,365,722,654
804,train/aachen/aachen_000116_000019_leftImg8bit.png,0,613,373,722,654
805,train/aachen/aachen_000116_000019_leftImg8bit.png,0,95,383,166,566
806,train/aachen/aachen_000116_000019_leftImg8bit.png,0,539,365,661,654
807,train/aachen/aachen_000116_000019_leftImg8bit.png,0,234,327,357,686
808,train/aachen/aachen_000116_000019_leftImg8bit.png,0,539,341,620,679
809,train/aachen/aachen_000058_000019_leftImg8bit.png,1,954,407,1034,465
810,train/aachen/aachen_000058_000019_leftImg8bit.png,1,938,412,1023,474
811,train/aachen/aachen_000058_000019_leftImg8bit.png,1,832,400,943,489
812,train/aachen/aachen_000058_000019_leftImg8bit.png,1,660,392,846,508
813,train/aachen/aachen_000058_000019_leftImg8bit.png,1,490,377,731,559
814,train/aachen/aachen_000058_000019_leftImg8bit.png,1,143,354,589,617
815,train/aachen/aachen_000058_000019_leftImg8bit.png,1,1285,425,1357,484
816,train/aachen/aachen_000058_000019_leftImg8bit.png,1,1319,426,1402,492
817,train/aachen/aachen_000058_000019_leftImg8bit.png,1,1340,418,1460,515
818,train/aachen/aachen_000058_000019_leftImg8bit.png,1,1464,401,1586,507
819,train/aachen/aachen_000058_000019_leftImg8bit.png,1,1648,422,1780,513
820,train/aachen/aachen_000058_000019_leftImg8bit.png,1,1714,416,1951,546
821,train/aachen/aachen_000058_000019_leftImg8bit.png,1,1418,409,1717,614
822,train/aachen/aachen_000081_000019_leftImg8bit.png,1,481,354,787,575
823,train/aachen/aachen_000081_000019_leftImg8bit.png,0,426,376,480,490
824,train/aachen/aachen_000081_000019_leftImg8bit.png,1,1326,337,1426,402
825,train/aachen/aachen_000081_000019_leftImg8bit.png,1,1254,397,1316,480
826,train/aachen/aachen_000081_000019_leftImg8bit.png,1,1277,390,1334,481
827,train/aachen/aachen_000081_000019_leftImg8bit.png,1,1287,382,1425,514
828,train/aachen/aachen_000081_000019_leftImg8bit.png,1,1308,382,1501,549
829,train/aachen/aachen_000081_000019_leftImg8bit.png,1,1357,380,1619,595
830,train/aachen/aachen_000081_000019_leftImg8bit.png,1,1536,306,2047,769
831,train/aachen/aachen_000081_000019_leftImg8bit.png,1,1766,381,2047,931
832,train/aachen/aachen_000037_000019_leftImg8bit.png,1,1230,431,1289,533
833,train/aachen/aachen_000037_000019_leftImg8bit.png,1,1248,410,1421,545
834,train/aachen/aachen_000037_000019_leftImg8bit.png,1,1309,427,1440,566
835,train/aachen/aachen_000037_000019_leftImg8bit.png,1,1342,430,1532,589
836,train/aachen/aachen_000037_000019_leftImg8bit.png,1,1451,389,1800,662
837,train/aachen/aachen_000037_000019_leftImg8bit.png,1,1924,526,2047,895
838,train/aachen/aachen_000037_000019_leftImg8bit.png,4,718,436,795,515
839,train/aachen/aachen_000036_000019_leftImg8bit.png,1,301,403,440,493
840,train/aachen/aachen_000036_000019_leftImg8bit.png,1,123,336,320,536
841,train/aachen/aachen_000036_000019_leftImg8bit.png,1,416,380,629,534
842,train/aachen/aachen_000036_000019_leftImg8bit.png,1,0,334,237,748
843,train/aachen/aachen_000036_000019_leftImg8bit.png,4,650,406,731,505
844,train/aachen/aachen_000050_000019_leftImg8bit.png,1,0,355,284,796
845,train/aachen/aachen_000050_000019_leftImg8bit.png,4,646,410,704,510
846,train/aachen/aachen_000050_000019_leftImg8bit.png,1,496,399,694,546
847,train/aachen/aachen_000050_000019_leftImg8bit.png,1,348,357,645,584
848,train/aachen/aachen_000050_000019_leftImg8bit.png,1,972,367,1062,449
849,train/aachen/aachen_000050_000019_leftImg8bit.png,1,970,398,1037,459
850,train/aachen/aachen_000050_000019_leftImg8bit.png,1,930,399,1021,467
851,train/aachen/aachen_000050_000019_leftImg8bit.png,1,861,398,967,478
852,train/aachen/aachen_000050_000019_leftImg8bit.png,1,1137,398,1214,460
853,train/aachen/aachen_000050_000019_leftImg8bit.png,1,1346,381,1503,510
854,train/aachen/aachen_000050_000019_leftImg8bit.png,1,1433,380,1697,562
855,train/aachen/aachen_000050_000019_leftImg8bit.png,1,1519,374,1906,637
856,train/aachen/aachen_000050_000019_leftImg8bit.png,1,1805,312,2047,705
857,train/aachen/aachen_000034_000019_leftImg8bit.png,1,849,413,907,472
858,train/aachen/aachen_000034_000019_leftImg8bit.png,1,764,397,852,487
859,train/aachen/aachen_000034_000019_leftImg8bit.png,1,739,412,825,492
860,train/aachen/aachen_000034_000019_leftImg8bit.png,1,708,417,803,499
861,train/aachen/aachen_000034_000019_leftImg8bit.png,1,657,416,732,520
862,train/aachen/aachen_000034_000019_leftImg8bit.png,1,551,405,692,534
863,train/aachen/aachen_000034_000019_leftImg8bit.png,1,420,400,601,559
864,train/aachen/aachen_000034_000019_leftImg8bit.png,1,271,392,496,592
865,train/aachen/aachen_000034_000019_leftImg8bit.png,1,0,326,331,655
866,train/aachen/aachen_000034_000019_leftImg8bit.png,1,1186,420,1247,487
867,train/aachen/aachen_000034_000019_leftImg8bit.png,1,1214,419,1271,502
868,train/aachen/aachen_000034_000019_leftImg8bit.png,1,1228,416,1295,514
869,train/aachen/aachen_000034_000019_leftImg8bit.png,1,1255,402,1400,531
870,train/aachen/aachen_000034_000019_leftImg8bit.png,1,1301,417,1468,546
871,train/aachen/aachen_000034_000019_leftImg8bit.png,1,1427,394,1617,622
872,train/aachen/aachen_000034_000019_leftImg8bit.png,1,1486,321,2047,741
873,train/aachen/aachen_000034_000019_leftImg8bit.png,1,1867,449,2047,830
874,train/aachen/aachen_000171_000019_leftImg8bit.png,1,439,364,608,477
875,train/aachen/aachen_000171_000019_leftImg8bit.png,1,36,420,320,540
876,train/aachen/aachen_000171_000019_leftImg8bit.png,1,684,431,777,495
877,train/aachen/aachen_000171_000019_leftImg8bit.png,1,202,374,702,716
878,train/aachen/aachen_000171_000019_leftImg8bit.png,1,1037,404,1150,519
879,train/aachen/aachen_000171_000019_leftImg8bit.png,1,862,419,1031,550
880,train/aachen/aachen_000171_000019_leftImg8bit.png,1,1441,432,1556,489
881,train/aachen/aachen_000171_000019_leftImg8bit.png,1,1498,429,1709,483
882,train/aachen/aachen_000171_000019_leftImg8bit.png,1,1558,428,1779,502
883,train/aachen/aachen_000171_000019_leftImg8bit.png,1,1655,428,1867,507
884,train/aachen/aachen_000171_000019_leftImg8bit.png,1,1681,446,1789,507
885,train/aachen/aachen_000171_000019_leftImg8bit.png,1,1740,414,2047,536
886,train/aachen/aachen_000158_000019_leftImg8bit.png,1,841,416,948,511
887,train/aachen/aachen_000069_000019_leftImg8bit.png,3,799,369,919,486
888,train/aachen/aachen_000069_000019_leftImg8bit.png,4,447,431,510,497
889,train/aachen/aachen_000069_000019_leftImg8bit.png,4,429,426,490,498
890,train/aachen/aachen_000069_000019_leftImg8bit.png,4,388,436,462,500
891,train/aachen/aachen_000069_000019_leftImg8bit.png,1,216,412,394,534
892,train/aachen/aachen_000069_000019_leftImg8bit.png,1,0,407,263,560
893,train/aachen/aachen_000069_000019_leftImg8bit.png,1,0,435,58,581
894,train/aachen/aachen_000153_000019_leftImg8bit.png,0,886,397,955,502
895,train/aachen/aachen_000013_000019_leftImg8bit.png,1,1391,380,1570,462
896,train/aachen/aachen_000013_000019_leftImg8bit.png,1,1411,403,1528,483
897,train/aachen/aachen_000013_000019_leftImg8bit.png,1,1454,402,1550,498
898,train/aachen/aachen_000013_000019_leftImg8bit.png,1,1483,393,1653,519
899,train/aachen/aachen_000013_000019_leftImg8bit.png,1,1565,390,1687,532
900,train/aachen/aachen_000013_000019_leftImg8bit.png,1,1567,424,1687,532
901,train/aachen/aachen_000013_000019_leftImg8bit.png,1,1584,370,1923,590
902,train/aachen/aachen_000013_000019_leftImg8bit.png,1,1710,356,1934,618
903,train/aachen/aachen_000013_000019_leftImg8bit.png,1,1723,378,2031,654
904,train/aachen/aachen_000013_000019_leftImg8bit.png,1,1947,343,2047,699
905,train/aachen/aachen_000013_000019_leftImg8bit.png,1,1217,401,1300,463
906,train/aachen/aachen_000013_000019_leftImg8bit.png,1,942,413,1028,476
907,train/aachen/aachen_000013_000019_leftImg8bit.png,1,828,403,971,478
908,train/aachen/aachen_000013_000019_leftImg8bit.png,1,841,400,989,483
909,train/aachen/aachen_000013_000019_leftImg8bit.png,1,807,414,947,493
910,train/aachen/aachen_000013_000019_leftImg8bit.png,4,840,430,947,498
911,train/aachen/aachen_000013_000019_leftImg8bit.png,1,706,401,857,521
912,train/aachen/aachen_000013_000019_leftImg8bit.png,1,574,394,779,543
913,train/aachen/aachen_000013_000019_leftImg8bit.png,1,395,413,687,580
914,train/aachen/aachen_000013_000019_leftImg8bit.png,0,131,397,188,473
915,train/aachen/aachen_000013_000019_leftImg8bit.png,1,77,412,486,639
916,train/aachen/aachen_000013_000019_leftImg8bit.png,1,0,382,138,699
917,train/aachen/aachen_000135_000019_leftImg8bit.png,1,964,418,1016,478
918,train/aachen/aachen_000135_000019_leftImg8bit.png,1,926,412,989,481
919,train/aachen/aachen_000135_000019_leftImg8bit.png,1,842,395,947,496
920,train/aachen/aachen_000135_000019_leftImg8bit.png,1,784,413,895,507
921,train/aachen/aachen_000135_000019_leftImg8bit.png,1,718,417,827,528
922,train/aachen/aachen_000135_000019_leftImg8bit.png,1,500,415,770,575
923,train/aachen/aachen_000135_000019_leftImg8bit.png,1,0,389,486,760
924,train/aachen/aachen_000135_000019_leftImg8bit.png,1,1167,415,1221,468
925,train/aachen/aachen_000135_000019_leftImg8bit.png,1,1218,314,1345,464
926,train/aachen/aachen_000135_000019_leftImg8bit.png,1,1264,369,1393,461
927,train/aachen/aachen_000109_000019_leftImg8bit.png,0,474,370,570,577
928,train/aachen/aachen_000109_000019_leftImg8bit.png,0,474,370,570,548
929,train/aachen/aachen_000109_000019_leftImg8bit.png,0,422,375,488,552
930,train/aachen/aachen_000109_000019_leftImg8bit.png,0,330,381,431,528
931,train/aachen/aachen_000109_000019_leftImg8bit.png,0,622,367,692,591
932,train/aachen/aachen_000109_000019_leftImg8bit.png,5,156,447,398,635
933,train/aachen/aachen_000109_000019_leftImg8bit.png,0,174,375,250,461
934,train/aachen/aachen_000109_000019_leftImg8bit.png,0,55,392,125,479
935,train/aachen/aachen_000109_000019_leftImg8bit.png,0,1242,378,1304,580
936,train/aachen/aachen_000109_000019_leftImg8bit.png,0,1332,375,1411,586
937,train/aachen/aachen_000109_000019_leftImg8bit.png,0,1384,390,1482,585
938,train/aachen/aachen_000109_000019_leftImg8bit.png,0,1368,400,1433,594
939,train/aachen/aachen_000109_000019_leftImg8bit.png,0,1504,397,1569,555
940,train/aachen/aachen_000109_000019_leftImg8bit.png,0,697,367,768,587
941,train/aachen/aachen_000109_000019_leftImg8bit.png,0,947,351,1040,645
942,train/aachen/aachen_000109_000019_leftImg8bit.png,0,1139,395,1209,591
943,train/aachen/aachen_000109_000019_leftImg8bit.png,0,597,382,653,572
944,train/aachen/aachen_000109_000019_leftImg8bit.png,4,462,455,698,706
945,train/aachen/aachen_000109_000019_leftImg8bit.png,0,668,367,756,590
946,train/aachen/aachen_000112_000019_leftImg8bit.png,1,910,429,1003,517
947,train/aachen/aachen_000112_000019_leftImg8bit.png,1,928,439,979,521
948,train/aachen/aachen_000112_000019_leftImg8bit.png,1,877,435,968,539
949,train/aachen/aachen_000112_000019_leftImg8bit.png,1,832,437,927,574
950,train/aachen/aachen_000112_000019_leftImg8bit.png,1,521,288,882,617
951,train/aachen/aachen_000112_000019_leftImg8bit.png,1,326,423,739,690
952,train/aachen/aachen_000112_000019_leftImg8bit.png,1,0,381,493,906
953,train/aachen/aachen_000099_000019_leftImg8bit.png,1,815,424,925,478
954,train/aachen/aachen_000099_000019_leftImg8bit.png,1,606,432,867,613
955,train/aachen/aachen_000099_000019_leftImg8bit.png,0,415,399,468,546
956,train/aachen/aachen_000099_000019_leftImg8bit.png,4,225,424,369,639
957,train/aachen/aachen_000099_000019_leftImg8bit.png,1,1228,429,1301,529
958,train/aachen/aachen_000099_000019_leftImg8bit.png,1,1257,423,1387,535
959,train/aachen/aachen_000099_000019_leftImg8bit.png,1,1271,417,1431,569
960,train/aachen/aachen_000099_000019_leftImg8bit.png,1,1361,400,1550,633
961,train/aachen/aachen_000099_000019_leftImg8bit.png,1,1448,376,1948,749
962,train/aachen/aachen_000099_000019_leftImg8bit.png,1,1768,386,2047,935
963,train/aachen/aachen_000054_000019_leftImg8bit.png,1,1729,351,2047,649
964,train/aachen/aachen_000054_000019_leftImg8bit.png,1,967,402,1094,501
965,train/aachen/aachen_000054_000019_leftImg8bit.png,1,302,406,381,461
966,train/aachen/aachen_000054_000019_leftImg8bit.png,1,315,398,488,531
967,train/aachen/aachen_000054_000019_leftImg8bit.png,1,186,397,303,495
968,train/aachen/aachen_000054_000019_leftImg8bit.png,1,73,415,241,531
969,train/aachen/aachen_000054_000019_leftImg8bit.png,1,523,412,604,464
970,train/aachen/aachen_000044_000019_leftImg8bit.png,1,670,429,744,486
971,train/aachen/aachen_000044_000019_leftImg8bit.png,1,0,371,244,740
972,train/aachen/aachen_000044_000019_leftImg8bit.png,1,545,407,667,550
973,train/aachen/aachen_000044_000019_leftImg8bit.png,1,442,431,642,574
974,train/aachen/aachen_000044_000019_leftImg8bit.png,1,818,435,885,492
975,train/aachen/aachen_000044_000019_leftImg8bit.png,1,1613,348,2047,871
976,train/aachen/aachen_000044_000019_leftImg8bit.png,1,848,438,936,493
977,train/aachen/aachen_000044_000019_leftImg8bit.png,1,931,436,1027,502
978,train/aachen/aachen_000044_000019_leftImg8bit.png,1,990,426,1111,504
979,train/aachen/aachen_000167_000019_leftImg8bit.png,1,685,427,808,549
980,train/aachen/aachen_000167_000019_leftImg8bit.png,1,545,426,765,575
981,train/aachen/aachen_000167_000019_leftImg8bit.png,1,0,386,512,733
982,train/aachen/aachen_000167_000019_leftImg8bit.png,1,0,415,126,797
983,train/aachen/aachen_000167_000019_leftImg8bit.png,1,1288,407,1508,577
984,train/aachen/aachen_000167_000019_leftImg8bit.png,5,1495,416,1626,614
985,train/aachen/aachen_000073_000019_leftImg8bit.png,1,637,436,704,493
986,train/aachen/aachen_000073_000019_leftImg8bit.png,1,727,423,808,499
987,train/aachen/aachen_000073_000019_leftImg8bit.png,1,674,428,784,507
988,train/aachen/aachen_000073_000019_leftImg8bit.png,1,806,413,974,558
989,train/aachen/aachen_000092_000019_leftImg8bit.png,1,648,414,724,478
990,train/aachen/aachen_000092_000019_leftImg8bit.png,1,958,415,1036,477
991,train/aachen/aachen_000092_000019_leftImg8bit.png,1,998,388,1223,590
992,train/aachen/aachen_000092_000019_leftImg8bit.png,4,1404,434,1528,551
993,train/aachen/aachen_000092_000019_leftImg8bit.png,1,1512,359,1861,598
994,train/aachen/aachen_000092_000019_leftImg8bit.png,1,1569,367,2047,634
995,train/aachen/aachen_000008_000019_leftImg8bit.png,1,0,362,126,441
996,train/aachen/aachen_000008_000019_leftImg8bit.png,5,619,407,696,533
997,train/aachen/aachen_000005_000019_leftImg8bit.png,1,1089,424,1177,480
998,train/aachen/aachen_000005_000019_leftImg8bit.png,1,1500,353,1951,631
999,train/aachen/aachen_000005_000019_leftImg8bit.png,1,790,430,867,486
1000,train/aachen/aachen_000005_000019_leftImg8bit.png,1,895,430,977,496
1001,train/aachen/aachen_000005_000019_leftImg8bit.png,1,1039,432,1116,488
1002,train/aachen/aachen_000005_000019_leftImg8bit.png,1,641,413,785,523
1003,train/aachen/aachen_000005_000019_leftImg8bit.png,1,407,420,512,502
1004,train/aachen/aachen_000110_000019_leftImg8bit.png,1,937,406,1118,548
1005,train/aachen/aachen_000110_000019_leftImg8bit.png,1,1109,418,1183,476
1006,train/aachen/aachen_000110_000019_leftImg8bit.png,1,1272,341,1543,563
1007,train/aachen/aachen_000110_000019_leftImg8bit.png,0,1567,386,1621,498
1008,train/aachen/aachen_000110_000019_leftImg8bit.png,5,1389,427,1601,566
1009,train/aachen/aachen_000110_000019_leftImg8bit.png,1,1589,451,1692,613
1010,train/aachen/aachen_000110_000019_leftImg8bit.png,1,1650,246,2047,802
1011,train/aachen/aachen_000110_000019_leftImg8bit.png,1,1174,416,1229,481
1012,train/aachen/aachen_000110_000019_leftImg8bit.png,1,1203,395,1289,485
1013,train/aachen/aachen_000110_000019_leftImg8bit.png,1,1220,400,1287,529
1014,train/aachen/aachen_000015_000019_leftImg8bit.png,4,1841,406,2001,510
1015,train/aachen/aachen_000015_000019_leftImg8bit.png,0,1877,348,1935,476
1016,train/aachen/aachen_000015_000019_leftImg8bit.png,4,1662,464,1923,791
1017,train/aachen/aachen_000015_000019_leftImg8bit.png,1,529,409,596,478
1018,train/aachen/aachen_000015_000019_leftImg8bit.png,1,460,393,564,486
1019,train/aachen/aachen_000015_000019_leftImg8bit.png,1,348,400,510,498
1020,train/aachen/aachen_000015_000019_leftImg8bit.png,0,444,373,545,532
1021,train/aachen/aachen_000015_000019_leftImg8bit.png,0,565,369,647,540
1022,train/aachen/aachen_000015_000019_leftImg8bit.png,0,583,365,681,543
1023,train/aachen/aachen_000015_000019_leftImg8bit.png,1,928,395,1254,647
1024,train/aachen/aachen_000097_000019_leftImg8bit.png,0,385,328,487,528
1025,train/aachen/aachen_000097_000019_leftImg8bit.png,0,499,349,570,540
1026,train/aachen/aachen_000077_000019_leftImg8bit.png,0,1797,326,1951,598
1027,train/aachen/aachen_000077_000019_leftImg8bit.png,1,1120,407,1197,498
1028,train/aachen/aachen_000077_000019_leftImg8bit.png,1,1147,419,1208,513
1029,train/aachen/aachen_000077_000019_leftImg8bit.png,1,1177,410,1281,521
1030,train/aachen/aachen_000077_000019_leftImg8bit.png,1,1200,402,1346,535
1031,train/aachen/aachen_000077_000019_leftImg8bit.png,1,1281,399,1407,540
1032,train/aachen/aachen_000077_000019_leftImg8bit.png,1,1321,381,1558,594
1033,train/aachen/aachen_000077_000019_leftImg8bit.png,1,1439,375,1850,646
1034,train/aachen/aachen_000085_000019_leftImg8bit.png,1,1427,398,1513,474
1035,train/aachen/aachen_000085_000019_leftImg8bit.png,1,1434,413,1508,476
1036,train/aachen/aachen_000085_000019_leftImg8bit.png,1,1541,404,1706,534
1037,train/aachen/aachen_000085_000019_leftImg8bit.png,1,1666,388,1897,540
1038,train/aachen/aachen_000085_000019_leftImg8bit.png,1,1817,378,2047,584
1039,train/aachen/aachen_000085_000019_leftImg8bit.png,1,1930,427,2047,618
1040,train/aachen/aachen_000085_000019_leftImg8bit.png,1,1012,417,1075,473
1041,train/aachen/aachen_000085_000019_leftImg8bit.png,1,935,419,1031,477
1042,train/aachen/aachen_000085_000019_leftImg8bit.png,1,858,424,942,488
1043,train/aachen/aachen_000085_000019_leftImg8bit.png,1,766,423,894,497
1044,train/aachen/aachen_000085_000019_leftImg8bit.png,1,468,424,618,534
1045,train/aachen/aachen_000085_000019_leftImg8bit.png,1,211,423,483,558
1046,train/aachen/aachen_000085_000019_leftImg8bit.png,1,0,427,240,587
1047,train/aachen/aachen_000108_000019_leftImg8bit.png,4,1925,416,1987,511
1048,train/aachen/aachen_000108_000019_leftImg8bit.png,0,1868,284,1974,559
1049,train/aachen/aachen_000108_000019_leftImg8bit.png,1,509,414,840,575
1050,train/aachen/aachen_000108_000019_leftImg8bit.png,1,405,438,575,545
1051,train/aachen/aachen_000108_000019_leftImg8bit.png,1,437,501,580,610
1052,train/aachen/aachen_000108_000019_leftImg8bit.png,1,0,362,488,672
1053,train/aachen/aachen_000108_000019_leftImg8bit.png,1,0,492,131,723
1054,train/aachen/aachen_000108_000019_leftImg8bit.png,4,1427,405,1480,471
1055,train/aachen/aachen_000108_000019_leftImg8bit.png,0,1328,389,1379,479
1056,train/aachen/aachen_000059_000019_leftImg8bit.png,1,406,409,594,525
1057,train/aachen/aachen_000059_000019_leftImg8bit.png,1,743,412,812,465
1058,train/aachen/aachen_000059_000019_leftImg8bit.png,1,959,412,1086,514
1059,train/aachen/aachen_000059_000019_leftImg8bit.png,1,639,412,749,486
1060,train/aachen/aachen_000016_000019_leftImg8bit.png,0,1264,362,1320,522
1061,train/aachen/aachen_000016_000019_leftImg8bit.png,0,1334,365,1385,521
1062,train/aachen/aachen_000016_000019_leftImg8bit.png,0,1516,345,1576,535
1063,train/aachen/aachen_000016_000019_leftImg8bit.png,0,1452,341,1529,537
1064,train/aachen/aachen_000016_000019_leftImg8bit.png,0,1568,355,1624,533
1065,train/aachen/aachen_000016_000019_leftImg8bit.png,4,1616,423,1815,695
1066,train/aachen/aachen_000016_000019_leftImg8bit.png,1,911,410,1034,499
1067,train/aachen/aachen_000120_000019_leftImg8bit.png,1,379,437,437,508
1068,train/aachen/aachen_000120_000019_leftImg8bit.png,1,360,428,415,513
1069,train/aachen/aachen_000120_000019_leftImg8bit.png,1,251,407,383,511
1070,train/aachen/aachen_000120_000019_leftImg8bit.png,1,1319,411,1452,494
1071,train/aachen/aachen_000120_000019_leftImg8bit.png,1,1388,416,1443,488
1072,train/aachen/aachen_000120_000019_leftImg8bit.png,1,1410,408,1486,509
1073,train/aachen/aachen_000120_000019_leftImg8bit.png,1,1612,404,1881,528
1074,train/aachen/aachen_000120_000019_leftImg8bit.png,0,1480,406,1537,546
1075,train/aachen/aachen_000120_000019_leftImg8bit.png,1,1824,400,2047,562
1076,train/aachen/aachen_000120_000019_leftImg8bit.png,1,905,408,1091,557
1077,train/aachen/aachen_000098_000019_leftImg8bit.png,4,1349,411,1476,492
1078,train/aachen/aachen_000098_000019_leftImg8bit.png,4,1425,410,1490,495
1079,train/aachen/aachen_000098_000019_leftImg8bit.png,1,1437,388,1812,508
1080,train/aachen/aachen_000098_000019_leftImg8bit.png,0,1531,367,1604,556
1081,train/aachen/aachen_000098_000019_leftImg8bit.png,0,961,355,1023,544
1082,train/aachen/aachen_000098_000019_leftImg8bit.png,0,1052,362,1122,532
1083,train/aachen/aachen_000098_000019_leftImg8bit.png,0,961,355,1023,544
1084,train/aachen/aachen_000122_000019_leftImg8bit.png,1,970,391,1084,458
1085,train/aachen/aachen_000122_000019_leftImg8bit.png,1,1163,400,1275,490
1086,train/aachen/aachen_000122_000019_leftImg8bit.png,1,1178,404,1287,501
1087,train/aachen/aachen_000122_000019_leftImg8bit.png,1,1241,400,1388,507
1088,train/aachen/aachen_000122_000019_leftImg8bit.png,1,1384,385,1573,570
1089,train/aachen/aachen_000122_000019_leftImg8bit.png,1,1490,348,1728,622
1090,train/aachen/aachen_000122_000019_leftImg8bit.png,1,1631,180,2047,759
1091,train/aachen/aachen_000122_000019_leftImg8bit.png,1,918,400,1077,533
1092,train/aachen/aachen_000122_000019_leftImg8bit.png,1,792,385,912,495
1093,train/aachen/aachen_000122_000019_leftImg8bit.png,1,609,424,688,488
1094,train/aachen/aachen_000122_000019_leftImg8bit.png,1,675,400,856,538
1095,train/aachen/aachen_000122_000019_leftImg8bit.png,1,463,390,631,511
1096,train/aachen/aachen_000122_000019_leftImg8bit.png,1,0,393,105,687
1097,train/aachen/aachen_000006_000019_leftImg8bit.png,1,733,400,790,455
1098,train/aachen/aachen_000006_000019_leftImg8bit.png,1,666,403,753,459
1099,train/aachen/aachen_000006_000019_leftImg8bit.png,1,649,419,739,471
1100,train/aachen/aachen_000006_000019_leftImg8bit.png,1,435,337,671,478
1101,train/aachen/aachen_000006_000019_leftImg8bit.png,1,499,415,581,492
1102,train/aachen/aachen_000006_000019_leftImg8bit.png,1,348,397,538,493
1103,train/aachen/aachen_000006_000019_leftImg8bit.png,1,211,398,434,514
1104,train/aachen/aachen_000006_000019_leftImg8bit.png,1,114,417,342,527
1105,train/aachen/aachen_000006_000019_leftImg8bit.png,1,903,410,966,464
1106,train/aachen/aachen_000006_000019_leftImg8bit.png,0,1363,368,1423,516
1107,train/aachen/aachen_000006_000019_leftImg8bit.png,1,0,357,130,570
1108,train/aachen/aachen_000017_000019_leftImg8bit.png,0,1675,399,1759,615
1109,train/aachen/aachen_000017_000019_leftImg8bit.png,0,1503,354,1709,712
1110,train/aachen/aachen_000017_000019_leftImg8bit.png,0,1468,363,1655,742
1111,train/aachen/aachen_000017_000019_leftImg8bit.png,0,1723,357,1872,744
1112,train/aachen/aachen_000017_000019_leftImg8bit.png,5,1870,477,1967,585
1113,train/aachen/aachen_000017_000019_leftImg8bit.png,0,1867,422,1961,622
1114,train/aachen/aachen_000017_000019_leftImg8bit.png,0,1962,394,2047,631
1115,train/aachen/aachen_000017_000019_leftImg8bit.png,1,1257,453,1423,571
1116,train/aachen/aachen_000017_000019_leftImg8bit.png,4,1063,480,1117,570
1117,train/aachen/aachen_000017_000019_leftImg8bit.png,0,650,416,710,573
1118,train/aachen/aachen_000017_000019_leftImg8bit.png,0,578,395,637,574
1119,train/aachen/aachen_000093_000019_leftImg8bit.png,0,1791,266,1930,641
1120,train/aachen/aachen_000093_000019_leftImg8bit.png,0,1646,325,1826,653
1121,train/aachen/aachen_000093_000019_leftImg8bit.png,0,852,385,910,519
1122,train/aachen/aachen_000002_000019_leftImg8bit.png,1,1550,422,1897,630
1123,train/aachen/aachen_000002_000019_leftImg8bit.png,1,1767,407,2047,715
1124,train/aachen/aachen_000154_000019_leftImg8bit.png,1,149,389,450,548
1125,train/aachen/aachen_000154_000019_leftImg8bit.png,1,497,394,666,509
1126,train/aachen/aachen_000154_000019_leftImg8bit.png,1,650,402,757,496
1127,train/aachen/aachen_000154_000019_leftImg8bit.png,1,745,406,804,466
1128,train/aachen/aachen_000154_000019_leftImg8bit.png,0,1498,375,1551,512
1129,train/aachen/aachen_000154_000019_leftImg8bit.png,0,1563,380,1619,513
1130,train/aachen/aachen_000154_000019_leftImg8bit.png,1,849,406,919,473
1131,train/aachen/aachen_000154_000019_leftImg8bit.png,1,763,404,883,478
1132,train/aachen/aachen_000104_000019_leftImg8bit.png,1,889,439,941,499
1133,train/aachen/aachen_000104_000019_leftImg8bit.png,1,947,430,1049,520
1134,train/aachen/aachen_000104_000019_leftImg8bit.png,1,988,439,1080,527
1135,train/aachen/aachen_000104_000019_leftImg8bit.png,1,1029,436,1168,539
1136,train/aachen/aachen_000104_000019_leftImg8bit.png,1,1096,426,1249,559
1137,train/aachen/aachen_000104_000019_leftImg8bit.png,1,1182,416,1477,587
1138,train/aachen/aachen_000104_000019_leftImg8bit.png,1,1373,416,1773,648
1139,train/aachen/aachen_000104_000019_leftImg8bit.png,1,1637,389,2047,785
1140,train/aachen/aachen_000104_000019_leftImg8bit.png,1,563,440,643,501
1141,train/aachen/aachen_000056_000019_leftImg8bit.png,1,1081,438,1203,538
1142,train/aachen/aachen_000161_000019_leftImg8bit.png,0,1378,354,1455,548
1143,train/aachen/aachen_000161_000019_leftImg8bit.png,0,1447,361,1526,549
1144,train/aachen/aachen_000161_000019_leftImg8bit.png,0,1525,361,1608,551
1145,train/aachen/aachen_000166_000019_leftImg8bit.png,1,1093,439,1163,490
1146,train/aachen/aachen_000166_000019_leftImg8bit.png,1,1053,437,1151,495
1147,train/aachen/aachen_000166_000019_leftImg8bit.png,1,998,435,1075,507
1148,train/aachen/aachen_000166_000019_leftImg8bit.png,1,915,420,1033,517
1149,train/aachen/aachen_000166_000019_leftImg8bit.png,1,864,431,996,529
1150,train/aachen/aachen_000166_000019_leftImg8bit.png,1,642,418,809,546
1151,train/aachen/aachen_000166_000019_leftImg8bit.png,1,562,415,722,569
1152,train/aachen/aachen_000166_000019_leftImg8bit.png,1,320,393,634,607
1153,train/aachen/aachen_000166_000019_leftImg8bit.png,4,1820,601,2047,848
1154,train/aachen/aachen_000118_000019_leftImg8bit.png,0,1047,371,1099,444
1155,train/aachen/aachen_000118_000019_leftImg8bit.png,3,1576,369,1721,429
1156,train/aachen/aachen_000118_000019_leftImg8bit.png,0,880,370,949,570
1157,train/aachen/aachen_000118_000019_leftImg8bit.png,0,663,397,747,496
1158,train/aachen/aachen_000118_000019_leftImg8bit.png,0,663,397,721,497
1159,train/aachen/aachen_000118_000019_leftImg8bit.png,0,465,342,570,638
1160,train/aachen/aachen_000118_000019_leftImg8bit.png,0,342,346,439,646
1161,train/aachen/aachen_000078_000019_leftImg8bit.png,1,1174,416,1272,508
1162,train/aachen/aachen_000078_000019_leftImg8bit.png,1,1174,416,1272,508
1163,train/aachen/aachen_000078_000019_leftImg8bit.png,1,1168,416,1280,507
1164,train/aachen/aachen_000078_000019_leftImg8bit.png,1,1005,418,1104,502
1165,train/aachen/aachen_000078_000019_leftImg8bit.png,1,756,435,842,489
1166,train/aachen/aachen_000078_000019_leftImg8bit.png,1,668,428,751,502
1167,train/aachen/aachen_000078_000019_leftImg8bit.png,1,601,431,707,508
1168,train/aachen/aachen_000078_000019_leftImg8bit.png,2,1,259,584,596
1169,train/aachen/aachen_000078_000019_leftImg8bit.png,1,1242,399,1394,545
1170,train/aachen/aachen_000078_000019_leftImg8bit.png,1,1296,398,1549,570
1171,train/aachen/aachen_000026_000019_leftImg8bit.png,1,1358,397,1510,481
1172,train/aachen/aachen_000026_000019_leftImg8bit.png,1,1407,415,1503,473
1173,train/aachen/aachen_000026_000019_leftImg8bit.png,1,1448,415,1520,487
1174,train/aachen/aachen_000026_000019_leftImg8bit.png,1,1453,417,1512,480
1175,train/aachen/aachen_000026_000019_leftImg8bit.png,1,1492,379,1723,508
1176,train/aachen/aachen_000026_000019_leftImg8bit.png,1,1571,409,1723,500
1177,train/aachen/aachen_000026_000019_leftImg8bit.png,1,1666,406,1824,534
1178,train/aachen/aachen_000026_000019_leftImg8bit.png,1,1718,395,2047,547
1179,train/aachen/aachen_000026_000019_leftImg8bit.png,1,171,405,455,566
1180,train/aachen/aachen_000026_000019_leftImg8bit.png,3,1166,343,1321,490
1181,train/aachen/aachen_000105_000019_leftImg8bit.png,1,1356,420,1647,552
1182,train/aachen/aachen_000105_000019_leftImg8bit.png,1,825,378,1174,578
1183,train/aachen/aachen_000105_000019_leftImg8bit.png,4,13,435,193,636
1184,train/aachen/aachen_000105_000019_leftImg8bit.png,4,633,447,724,510
1185,train/aachen/aachen_000105_000019_leftImg8bit.png,4,389,441,484,507
1186,train/aachen/aachen_000163_000019_leftImg8bit.png,1,841,397,982,448
1187,train/aachen/aachen_000163_000019_leftImg8bit.png,1,768,418,879,471
1188,train/aachen/aachen_000163_000019_leftImg8bit.png,1,775,412,861,484
1189,train/aachen/aachen_000163_000019_leftImg8bit.png,1,754,416,829,489
1190,train/aachen/aachen_000163_000019_leftImg8bit.png,0,200,354,251,427
1191,train/aachen/aachen_000163_000019_leftImg8bit.png,1,668,412,802,493
1192,train/aachen/aachen_000163_000019_leftImg8bit.png,1,675,411,787,500
1193,train/aachen/aachen_000163_000019_leftImg8bit.png,1,658,410,776,486
1194,train/aachen/aachen_000163_000019_leftImg8bit.png,1,562,411,737,476
1195,train/aachen/aachen_000163_000019_leftImg8bit.png,1,566,406,740,498
1196,train/aachen/aachen_000163_000019_leftImg8bit.png,1,480,404,636,521
1197,train/aachen/aachen_000163_000019_leftImg8bit.png,1,392,380,585,526
1198,train/aachen/aachen_000163_000019_leftImg8bit.png,1,52,379,534,562
1199,train/aachen/aachen_000163_000019_leftImg8bit.png,1,574,412,695,532
1200,train/aachen/aachen_000163_000019_leftImg8bit.png,1,1177,397,1319,507
1201,train/aachen/aachen_000163_000019_leftImg8bit.png,1,1229,412,1289,521
1202,train/aachen/aachen_000163_000019_leftImg8bit.png,1,1243,409,1407,537
1203,train/aachen/aachen_000163_000019_leftImg8bit.png,1,0,496,173,688
1204,train/aachen/aachen_000068_000019_leftImg8bit.png,1,906,407,1028,478
1205,train/aachen/aachen_000068_000019_leftImg8bit.png,1,605,410,751,497
1206,train/aachen/aachen_000164_000019_leftImg8bit.png,5,251,398,411,584
1207,train/aachen/aachen_000164_000019_leftImg8bit.png,4,378,416,586,562
1208,train/aachen/aachen_000164_000019_leftImg8bit.png,0,1011,383,1110,614
1209,train/aachen/aachen_000164_000019_leftImg8bit.png,0,816,394,927,606
1210,train/aachen/aachen_000164_000019_leftImg8bit.png,1,1114,417,1178,483
1211,train/aachen/aachen_000076_000019_leftImg8bit.png,1,1356,419,1572,547
1212,train/aachen/aachen_000076_000019_leftImg8bit.png,1,1480,404,1784,602
1213,train/aachen/aachen_000076_000019_leftImg8bit.png,1,1832,398,2047,693
1214,train/aachen/aachen_000076_000019_leftImg8bit.png,1,851,425,913,478
1215,train/aachen/aachen_000076_000019_leftImg8bit.png,1,753,432,844,496
1216,train/aachen/aachen_000076_000019_leftImg8bit.png,1,548,424,726,528
1217,train/aachen/aachen_000011_000019_leftImg8bit.png,3,507,448,624,505
1218,train/aachen/aachen_000011_000019_leftImg8bit.png,1,1373,407,1553,540
1219,train/aachen/aachen_000011_000019_leftImg8bit.png,1,1114,429,1215,503
1220,train/aachen/aachen_000011_000019_leftImg8bit.png,1,1177,403,1413,568
1221,train/aachen/aachen_000011_000019_leftImg8bit.png,1,1569,381,2002,630
1222,train/aachen/aachen_000011_000019_leftImg8bit.png,1,857,417,937,513
1223,train/aachen/aachen_000011_000019_leftImg8bit.png,1,878,380,1149,622
1224,train/aachen/aachen_000011_000019_leftImg8bit.png,1,0,461,103,559
1225,train/aachen/aachen_000040_000019_leftImg8bit.png,1,1082,429,1159,480
1226,train/aachen/aachen_000040_000019_leftImg8bit.png,1,1163,420,1254,490
1227,train/aachen/aachen_000040_000019_leftImg8bit.png,1,1208,425,1270,509
1228,train/aachen/aachen_000040_000019_leftImg8bit.png,1,1238,414,1318,522
1229,train/aachen/aachen_000040_000019_leftImg8bit.png,1,1260,424,1317,533
1230,train/aachen/aachen_000040_000019_leftImg8bit.png,1,1283,385,1462,552
1231,train/aachen/aachen_000040_000019_leftImg8bit.png,1,1340,399,1547,617
1232,train/aachen/aachen_000040_000019_leftImg8bit.png,1,1433,391,1752,712
1233,train/aachen/aachen_000040_000019_leftImg8bit.png,1,1622,276,2047,938
1234,train/aachen/aachen_000084_000019_leftImg8bit.png,0,979,377,1033,524
1235,train/aachen/aachen_000084_000019_leftImg8bit.png,1,1561,413,1935,572
1236,train/aachen/aachen_000084_000019_leftImg8bit.png,1,1660,415,1927,575
1237,train/aachen/aachen_000084_000019_leftImg8bit.png,1,1838,418,2047,632
1238,train/aachen/aachen_000084_000019_leftImg8bit.png,1,1931,505,2047,685
1239,train/aachen/aachen_000084_000019_leftImg8bit.png,1,598,387,883,501
1240,train/aachen/aachen_000084_000019_leftImg8bit.png,1,444,389,704,541
1241,train/aachen/aachen_000084_000019_leftImg8bit.png,1,1215,401,1517,626
1242,train/aachen/aachen_000084_000019_leftImg8bit.png,1,225,378,679,539
1243,train/aachen/aachen_000084_000019_leftImg8bit.png,1,154,387,589,626
1244,train/aachen/aachen_000084_000019_leftImg8bit.png,1,0,367,328,685
1245,train/aachen/aachen_000090_000019_leftImg8bit.png,1,1402,367,1571,438
1246,train/aachen/aachen_000090_000019_leftImg8bit.png,0,673,354,768,595
1247,train/aachen/aachen_000090_000019_leftImg8bit.png,0,737,358,802,572
1248,train/aachen/aachen_000090_000019_leftImg8bit.png,0,780,336,861,598
1249,train/aachen/aachen_000090_000019_leftImg8bit.png,0,673,354,768,595
1250,train/aachen/aachen_000090_000019_leftImg8bit.png,0,534,446,615,604
1251,train/aachen/aachen_000090_000019_leftImg8bit.png,0,390,350,523,666
1252,train/aachen/aachen_000090_000019_leftImg8bit.png,0,1994,351,2047,503
1253,train/aachen/aachen_000090_000019_leftImg8bit.png,0,1915,309,2019,608
1254,train/aachen/aachen_000009_000019_leftImg8bit.png,0,259,404,324,563
1255,train/aachen/aachen_000009_000019_leftImg8bit.png,5,1320,439,1386,562
1256,train/aachen/aachen_000009_000019_leftImg8bit.png,1,761,466,898,541
1257,train/aachen/aachen_000009_000019_leftImg8bit.png,1,1080,459,1132,537
1258,train/aachen/aachen_000009_000019_leftImg8bit.png,1,1084,459,1146,544
1259,train/aachen/aachen_000009_000019_leftImg8bit.png,1,1097,459,1266,569
1260,train/aachen/aachen_000051_000019_leftImg8bit.png,4,1974,403,2047,631
1261,train/aachen/aachen_000051_000019_leftImg8bit.png,1,284,390,404,454
1262,train/aachen/aachen_000051_000019_leftImg8bit.png,1,0,188,350,703
1263,train/aachen/aachen_000095_000019_leftImg8bit.png,0,349,366,453,568
1264,train/aachen/aachen_000095_000019_leftImg8bit.png,0,212,359,290,534
1265,train/aachen/aachen_000095_000019_leftImg8bit.png,0,187,393,289,546
1266,train/aachen/aachen_000095_000019_leftImg8bit.png,1,255,425,592,672
1267,train/aachen/aachen_000095_000019_leftImg8bit.png,1,0,369,316,940
1268,train/aachen/aachen_000095_000019_leftImg8bit.png,1,780,417,867,491
1269,train/aachen/aachen_000137_000019_leftImg8bit.png,1,1258,475,1316,533
1270,train/aachen/aachen_000137_000019_leftImg8bit.png,1,1289,499,1353,560
1271,train/aachen/aachen_000137_000019_leftImg8bit.png,1,1327,502,1393,590
1272,train/aachen/aachen_000137_000019_leftImg8bit.png,1,1346,497,1434,605
1273,train/aachen/aachen_000137_000019_leftImg8bit.png,1,1376,500,1567,631
1274,train/aachen/aachen_000137_000019_leftImg8bit.png,5,1649,552,2047,907
1275,train/aachen/aachen_000137_000019_leftImg8bit.png,1,1048,480,1107,547
1276,train/aachen/aachen_000137_000019_leftImg8bit.png,1,1026,491,1099,556
1277,train/aachen/aachen_000137_000019_leftImg8bit.png,1,995,493,1060,565
1278,train/aachen/aachen_000137_000019_leftImg8bit.png,1,934,478,1046,575
1279,train/aachen/aachen_000064_000019_leftImg8bit.png,1,0,339,134,571
1280,train/aachen/aachen_000064_000019_leftImg8bit.png,4,1604,446,1706,583
1281,train/aachen/aachen_000064_000019_leftImg8bit.png,4,219,429,278,574
1282,train/aachen/aachen_000091_000019_leftImg8bit.png,1,721,383,863,510
1283,train/aachen/aachen_000091_000019_leftImg8bit.png,1,732,406,877,540
1284,train/aachen/aachen_000091_000019_leftImg8bit.png,1,509,414,674,537
1285,train/aachen/aachen_000091_000019_leftImg8bit.png,1,827,416,928,573
1286,train/aachen/aachen_000091_000019_leftImg8bit.png,1,860,382,1039,605
1287,train/aachen/aachen_000091_000019_leftImg8bit.png,0,1320,327,1405,467
1288,train/aachen/aachen_000091_000019_leftImg8bit.png,1,941,356,1407,734
1289,train/aachen/aachen_000091_000019_leftImg8bit.png,0,1193,320,1338,771
1290,train/aachen/aachen_000091_000019_leftImg8bit.png,1,1269,332,2047,993
1291,train/aachen/aachen_000091_000019_leftImg8bit.png,1,186,395,393,610
1292,train/aachen/aachen_000091_000019_leftImg8bit.png,1,0,340,268,702
1293,train/aachen/aachen_000091_000019_leftImg8bit.png,1,0,475,109,794
1294,train/aachen/aachen_000091_000019_leftImg8bit.png,0,0,363,103,959
1295,train/aachen/aachen_000127_000019_leftImg8bit.png,0,245,352,299,444
1296,train/aachen/aachen_000127_000019_leftImg8bit.png,0,192,336,251,433
1297,train/aachen/aachen_000127_000019_leftImg8bit.png,0,4,327,110,487
1298,train/aachen/aachen_000127_000019_leftImg8bit.png,1,290,385,567,578
1299,train/aachen/aachen_000127_000019_leftImg8bit.png,1,652,382,920,591
1300,train/aachen/aachen_000127_000019_leftImg8bit.png,0,1069,349,1130,550
1301,train/aachen/aachen_000127_000019_leftImg8bit.png,0,1180,323,1256,538
1302,train/aachen/aachen_000127_000019_leftImg8bit.png,0,579,391,634,519
1303,train/aachen/aachen_000126_000019_leftImg8bit.png,1,863,425,924,479
1304,train/aachen/aachen_000126_000019_leftImg8bit.png,1,696,404,876,529
1305,train/aachen/aachen_000126_000019_leftImg8bit.png,1,1133,431,1204,484
1306,train/aachen/aachen_000126_000019_leftImg8bit.png,1,935,407,1080,525
1307,train/aachen/aachen_000060_000019_leftImg8bit.png,1,313,419,562,575
1308,train/aachen/aachen_000060_000019_leftImg8bit.png,1,556,418,698,529
1309,train/aachen/aachen_000060_000019_leftImg8bit.png,1,1261,385,1510,589
1310,train/aachen/aachen_000060_000019_leftImg8bit.png,1,1168,417,1289,515
1311,train/aachen/aachen_000060_000019_leftImg8bit.png,1,556,418,698,529
1312,train/aachen/aachen_000060_000019_leftImg8bit.png,1,873,426,965,492
1313,train/aachen/aachen_000060_000019_leftImg8bit.png,1,313,419,562,575
1314,train/aachen/aachen_000060_000019_leftImg8bit.png,1,873,426,965,492
1315,train/aachen/aachen_000060_000019_leftImg8bit.png,1,556,418,698,529
1316,train/aachen/aachen_000060_000019_leftImg8bit.png,1,313,419,562,575
1317,train/aachen/aachen_000060_000019_leftImg8bit.png,1,873,426,965,492
1318,train/aachen/aachen_000060_000019_leftImg8bit.png,1,556,418,698,529
1319,train/aachen/aachen_000060_000019_leftImg8bit.png,1,1123,425,1177,486
1320,train/aachen/aachen_000060_000019_leftImg8bit.png,1,1136,420,1195,486
1321,train/aachen/aachen_000060_000019_leftImg8bit.png,1,1168,417,1289,515
1322,train/aachen/aachen_000060_000019_leftImg8bit.png,1,1261,385,1510,589
1323,train/aachen/aachen_000060_000019_leftImg8bit.png,1,313,419,562,575
1324,train/aachen/aachen_000060_000019_leftImg8bit.png,5,101,426,172,520
1325,train/aachen/aachen_000060_000019_leftImg8bit.png,1,1261,385,1510,589
1326,train/aachen/aachen_000060_000019_leftImg8bit.png,1,809,407,970,475
1327,train/aachen/aachen_000060_000019_leftImg8bit.png,1,813,425,865,481
1328,train/aachen/aachen_000060_000019_leftImg8bit.png,1,313,419,562,575
1329,train/aachen/aachen_000060_000019_leftImg8bit.png,1,313,419,562,575
1330,train/aachen/aachen_000060_000019_leftImg8bit.png,1,873,426,965,492
1331,train/aachen/aachen_000060_000019_leftImg8bit.png,1,751,426,844,488
1332,train/aachen/aachen_000168_000019_leftImg8bit.png,1,1086,452,1174,505
1333,train/aachen/aachen_000168_000019_leftImg8bit.png,1,1146,452,1300,565
1334,train/aachen/aachen_000168_000019_leftImg8bit.png,1,827,452,948,533
1335,train/aachen/aachen_000168_000019_leftImg8bit.png,1,789,456,898,544
1336,train/aachen/aachen_000168_000019_leftImg8bit.png,1,697,455,849,548
1337,train/aachen/aachen_000168_000019_leftImg8bit.png,1,678,462,808,558
1338,train/aachen/aachen_000168_000019_leftImg8bit.png,1,574,456,749,565
1339,train/aachen/aachen_000168_000019_leftImg8bit.png,1,461,458,654,566
1340,train/aachen/aachen_000168_000019_leftImg8bit.png,1,279,467,634,574
1341,train/aachen/aachen_000168_000019_leftImg8bit.png,1,7,449,297,655
1342,train/aachen/aachen_000168_000019_leftImg8bit.png,1,1401,405,1650,546
1343,train/aachen/aachen_000168_000019_leftImg8bit.png,1,1446,417,1679,563
1344,train/aachen/aachen_000168_000019_leftImg8bit.png,1,1526,386,1815,639
1345,train/aachen/aachen_000168_000019_leftImg8bit.png,1,1675,358,2047,703
1346,train/aachen/aachen_000168_000019_leftImg8bit.png,1,1876,371,2047,763
1347,train/aachen/aachen_000173_000019_leftImg8bit.png,0,1593,278,1718,649
1348,train/aachen/aachen_000173_000019_leftImg8bit.png,0,1334,366,1401,541
1349,train/aachen/aachen_000173_000019_leftImg8bit.png,1,870,130,1307,693
1350,train/aachen/aachen_000115_000019_leftImg8bit.png,1,296,319,781,512
1351,train/aachen/aachen_000115_000019_leftImg8bit.png,1,1025,349,1500,730
1352,train/aachen/aachen_000133_000019_leftImg8bit.png,1,1769,353,2047,830
1353,train/aachen/aachen_000133_000019_leftImg8bit.png,1,889,436,1031,536
1354,train/aachen/aachen_000133_000019_leftImg8bit.png,1,985,388,1238,608
1355,train/aachen/aachen_000133_000019_leftImg8bit.png,1,503,422,615,502
1356,train/aachen/aachen_000133_000019_leftImg8bit.png,1,284,423,566,551
1357,train/aachen/aachen_000133_000019_leftImg8bit.png,1,601,411,817,586
1358,train/aachen/aachen_000072_000019_leftImg8bit.png,4,257,471,318,535
1359,train/aachen/aachen_000072_000019_leftImg8bit.png,0,1263,391,1324,505
1360,train/aachen/aachen_000072_000019_leftImg8bit.png,1,752,441,819,492
1361,train/aachen/aachen_000072_000019_leftImg8bit.png,1,609,439,727,512
1362,train/aachen/aachen_000072_000019_leftImg8bit.png,1,983,402,1118,529
1363,train/aachen/aachen_000020_000019_leftImg8bit.png,1,593,312,673,393
1364,train/aachen/aachen_000020_000019_leftImg8bit.png,1,526,365,636,468
1365,train/aachen/aachen_000020_000019_leftImg8bit.png,0,38,324,123,549
1366,train/aachen/aachen_000020_000019_leftImg8bit.png,0,112,290,207,556
1367,train/aachen/aachen_000020_000019_leftImg8bit.png,0,199,281,401,742
1368,train/aachen/aachen_000020_000019_leftImg8bit.png,0,430,303,612,730
1369,train/aachen/aachen_000020_000019_leftImg8bit.png,0,590,283,771,697
1370,train/aachen/aachen_000014_000019_leftImg8bit.png,0,1279,441,1339,551
1371,train/aachen/aachen_000014_000019_leftImg8bit.png,3,1927,407,2020,479
1372,train/aachen/aachen_000014_000019_leftImg8bit.png,1,1642,449,1736,525
1373,train/aachen/aachen_000014_000019_leftImg8bit.png,1,1581,462,1691,535
1374,train/aachen/aachen_000014_000019_leftImg8bit.png,0,1121,385,1252,698
1375,train/aachen/aachen_000014_000019_leftImg8bit.png,0,1134,373,1312,707
1376,train/aachen/aachen_000014_000019_leftImg8bit.png,0,305,331,394,708
1377,train/aachen/aachen_000014_000019_leftImg8bit.png,0,330,346,546,731
1378,train/aachen/aachen_000014_000019_leftImg8bit.png,5,461,533,649,752
1379,train/aachen/aachen_000014_000019_leftImg8bit.png,0,369,332,508,768
1380,train/aachen/aachen_000014_000019_leftImg8bit.png,4,113,503,243,561
1381,train/aachen/aachen_000014_000019_leftImg8bit.png,1,0,471,68,588
1382,train/aachen/aachen_000014_000019_leftImg8bit.png,0,0,278,112,783
1383,train/aachen/aachen_000088_000019_leftImg8bit.png,4,1270,430,1321,532
1384,train/aachen/aachen_000088_000019_leftImg8bit.png,4,1616,450,1795,681
1385,train/aachen/aachen_000088_000019_leftImg8bit.png,1,776,432,857,513
1386,train/aachen/aachen_000088_000019_leftImg8bit.png,1,724,438,813,529
1387,train/aachen/aachen_000088_000019_leftImg8bit.png,1,645,438,770,547
1388,train/aachen/aachen_000088_000019_leftImg8bit.png,1,466,435,694,572
1389,train/aachen/aachen_000088_000019_leftImg8bit.png,1,163,436,498,641
1390,train/aachen/aachen_000088_000019_leftImg8bit.png,1,0,431,133,710
1391,train/aachen/aachen_000038_000019_leftImg8bit.png,5,971,420,1048,517
1392,train/aachen/aachen_000038_000019_leftImg8bit.png,5,1139,411,1255,504
1393,train/aachen/aachen_000038_000019_leftImg8bit.png,5,1078,419,1242,550
1394,train/aachen/aachen_000038_000019_leftImg8bit.png,1,1681,371,1775,431
1395,train/aachen/aachen_000038_000019_leftImg8bit.png,1,1745,426,1862,511
1396,train/aachen/aachen_000038_000019_leftImg8bit.png,0,1882,374,1975,578
1397,train/aachen/aachen_000038_000019_leftImg8bit.png,1,1699,427,1833,517
1398,train/aachen/aachen_000048_000019_leftImg8bit.png,1,1124,417,1192,481
1399,train/aachen/aachen_000048_000019_leftImg8bit.png,1,1118,422,1169,484
1400,train/aachen/aachen_000048_000019_leftImg8bit.png,1,1399,420,1475,499
1401,train/aachen/aachen_000048_000019_leftImg8bit.png,0,1330,388,1381,560
1402,train/aachen/aachen_000048_000019_leftImg8bit.png,0,1394,388,1472,556
1403,train/aachen/aachen_000048_000019_leftImg8bit.png,0,1366,389,1430,562
1404,train/aachen/aachen_000048_000019_leftImg8bit.png,0,1177,379,1269,551
1405,train/aachen/aachen_000048_000019_leftImg8bit.png,0,361,381,435,447
1406,train/aachen/aachen_000048_000019_leftImg8bit.png,1,1073,414,1144,497
1407,train/aachen/aachen_000048_000019_leftImg8bit.png,1,1075,420,1130,501
1408,train/aachen/aachen_000048_000019_leftImg8bit.png,1,987,417,1112,512
1409,train/aachen/aachen_000048_000019_leftImg8bit.png,4,1524,450,1618,521
1410,train/aachen/aachen_000048_000019_leftImg8bit.png,0,1535,377,1618,568
1411,train/aachen/aachen_000057_000019_leftImg8bit.png,5,0,480,834,748
1412,train/aachen/aachen_000057_000019_leftImg8bit.png,1,973,447,1045,505
1413,train/aachen/aachen_000057_000019_leftImg8bit.png,1,822,427,960,524
1414,train/aachen/aachen_000057_000019_leftImg8bit.png,1,711,431,801,498
1415,train/aachen/aachen_000057_000019_leftImg8bit.png,1,657,422,757,505
1416,train/aachen/aachen_000057_000019_leftImg8bit.png,1,618,425,740,517
1417,train/aachen/aachen_000057_000019_leftImg8bit.png,1,544,413,693,531
1418,train/aachen/aachen_000057_000019_leftImg8bit.png,1,0,454,96,690
1419,train/aachen/aachen_000057_000019_leftImg8bit.png,1,217,381,548,576
1420,train/aachen/aachen_000039_000019_leftImg8bit.png,0,1238,279,1293,484
1421,train/aachen/aachen_000039_000019_leftImg8bit.png,1,198,349,358,584
1422,train/aachen/aachen_000039_000019_leftImg8bit.png,1,0,34,343,631
1423,train/aachen/aachen_000039_000019_leftImg8bit.png,5,1586,324,1704,453
1424,train/aachen/aachen_000039_000019_leftImg8bit.png,1,1553,162,2047,771
1425,train/aachen/aachen_000039_000019_leftImg8bit.png,5,815,325,910,460
1426,train/aachen/aachen_000156_000019_leftImg8bit.png,1,955,378,1148,558
1427,train/aachen/aachen_000086_000019_leftImg8bit.png,1,721,397,836,484
1428,train/aachen/aachen_000086_000019_leftImg8bit.png,1,627,403,757,495
1429,train/aachen/aachen_000086_000019_leftImg8bit.png,5,346,402,478,501
1430,train/aachen/aachen_000086_000019_leftImg8bit.png,1,0,390,235,596
1431,train/aachen/aachen_000086_000019_leftImg8bit.png,1,456,404,666,508
1432,train/aachen/aachen_000086_000019_leftImg8bit.png,1,1548,373,1690,470
1433,train/aachen/aachen_000086_000019_leftImg8bit.png,0,1528,353,1587,492
1434,train/aachen/aachen_000018_000019_leftImg8bit.png,1,842,441,993,515
1435,train/aachen/aachen_000018_000019_leftImg8bit.png,0,1236,399,1314,568
1436,train/aachen/aachen_000018_000019_leftImg8bit.png,0,1339,395,1401,568
1437,train/aachen/aachen_000018_000019_leftImg8bit.png,0,1405,380,1470,565
1438,train/aachen/aachen_000018_000019_leftImg8bit.png,0,1526,300,1683,709
1439,train/aachen/aachen_000018_000019_leftImg8bit.png,0,1674,312,1814,696
1440,train/aachen/aachen_000018_000019_leftImg8bit.png,4,748,446,822,577
1441,train/aachen/aachen_000010_000019_leftImg8bit.png,4,1510,441,1565,577
1442,train/aachen/aachen_000010_000019_leftImg8bit.png,1,1117,343,1233,409
1443,train/aachen/aachen_000010_000019_leftImg8bit.png,0,1856,305,1907,420
1444,train/aachen/aachen_000010_000019_leftImg8bit.png,1,797,353,949,413
1445,train/aachen/aachen_000010_000019_leftImg8bit.png,1,730,354,906,425
1446,train/aachen/aachen_000010_000019_leftImg8bit.png,4,1796,378,1965,561
1447,train/aachen/aachen_000010_000019_leftImg8bit.png,4,1787,394,2047,584
1448,train/aachen/aachen_000010_000019_leftImg8bit.png,1,353,342,849,656
1449,train/aachen/aachen_000010_000019_leftImg8bit.png,4,1863,402,2047,593
1450,train/aachen/aachen_000010_000019_leftImg8bit.png,1,0,294,513,1023
1451,train/aachen/aachen_000007_000019_leftImg8bit.png,1,229,418,377,517
1452,train/aachen/aachen_000025_000019_leftImg8bit.png,1,1536,426,1655,516
1453,train/aachen/aachen_000025_000019_leftImg8bit.png,1,1596,354,1769,532
1454,train/aachen/aachen_000096_000019_leftImg8bit.png,1,592,415,816,584
1455,train/aachen/aachen_000096_000019_leftImg8bit.png,1,772,419,868,529
1456,train/aachen/aachen_000096_000019_leftImg8bit.png,1,716,422,841,549
1457,train/aachen/aachen_000096_000019_leftImg8bit.png,1,592,415,816,584
1458,train/aachen/aachen_000096_000019_leftImg8bit.png,1,227,394,671,696
1459,train/aachen/aachen_000096_000019_leftImg8bit.png,1,0,317,487,944
1460,train/aachen/aachen_000001_000019_leftImg8bit.png,1,192,444,367,536
1461,train/aachen/aachen_000001_000019_leftImg8bit.png,1,0,447,68,569
1462,train/aachen/aachen_000001_000019_leftImg8bit.png,1,1167,420,1234,471
1463,train/aachen/aachen_000001_000019_leftImg8bit.png,1,1010,415,1084,477
