0,train/bremen/bremen_000157_000019_leftImg8bit.png,1,718,412,878,529
1,train/bremen/bremen_000111_000019_leftImg8bit.png,1,1112,432,1173,489
2,train/bremen/bremen_000111_000019_leftImg8bit.png,1,1119,435,1171,495
3,train/bremen/bremen_000111_000019_leftImg8bit.png,1,1139,436,1196,505
4,train/bremen/bremen_000111_000019_leftImg8bit.png,1,1160,436,1279,527
5,train/bremen/bremen_000111_000019_leftImg8bit.png,1,866,420,951,501
6,train/bremen/bremen_000111_000019_leftImg8bit.png,1,852,432,913,528
7,train/bremen/bremen_000111_000019_leftImg8bit.png,1,715,412,881,538
8,train/bremen/bremen_000111_000019_leftImg8bit.png,1,714,428,870,570
9,train/bremen/bremen_000111_000019_leftImg8bit.png,1,650,430,799,603
10,train/bremen/bremen_000111_000019_leftImg8bit.png,1,324,408,738,669
11,train/bremen/bremen_000111_000019_leftImg8bit.png,1,0,421,439,929
12,train/bremen/bremen_000111_000019_leftImg8bit.png,1,1237,427,1390,597
13,train/bremen/bremen_000111_000019_leftImg8bit.png,1,1294,417,1515,618
14,train/bremen/bremen_000111_000019_leftImg8bit.png,1,1384,404,1732,732
15,train/bremen/bremen_000111_000019_leftImg8bit.png,1,1561,339,2048,977
16,train/bremen/bremen_000211_000019_leftImg8bit.png,1,1307,340,1426,486
17,train/bremen/bremen_000211_000019_leftImg8bit.png,1,1340,389,1451,586
18,train/bremen/bremen_000211_000019_leftImg8bit.png,4,1758,382,1835,465
19,train/bremen/bremen_000211_000019_leftImg8bit.png,1,1359,376,1757,674
20,train/bremen/bremen_000211_000019_leftImg8bit.png,1,934,391,1063,496
21,train/bremen/bremen_000211_000019_leftImg8bit.png,1,731,410,884,530
22,train/bremen/bremen_000211_000019_leftImg8bit.png,1,547,411,781,552
23,train/bremen/bremen_000211_000019_leftImg8bit.png,4,192,450,317,599
24,train/bremen/bremen_000144_000019_leftImg8bit.png,3,889,360,986,468
25,train/bremen/bremen_000121_000019_leftImg8bit.png,1,1667,407,1897,508
26,train/bremen/bremen_000121_000019_leftImg8bit.png,1,1169,426,1390,503
27,train/bremen/bremen_000121_000019_leftImg8bit.png,1,890,432,962,495
28,train/bremen/bremen_000121_000019_leftImg8bit.png,0,1654,394,1709,519
29,train/bremen/bremen_000121_000019_leftImg8bit.png,4,1371,423,1426,519
30,train/bremen/bremen_000121_000019_leftImg8bit.png,1,926,382,1185,601
31,train/bremen/bremen_000121_000019_leftImg8bit.png,1,591,435,647,490
32,train/bremen/bremen_000121_000019_leftImg8bit.png,1,606,440,691,499
33,train/bremen/bremen_000192_000019_leftImg8bit.png,2,1248,383,1516,478
34,train/bremen/bremen_000192_000019_leftImg8bit.png,1,1360,424,1462,551
35,train/bremen/bremen_000192_000019_leftImg8bit.png,1,1397,424,1532,576
36,train/bremen/bremen_000192_000019_leftImg8bit.png,1,1466,403,1669,615
37,train/bremen/bremen_000192_000019_leftImg8bit.png,1,1554,403,1936,704
38,train/bremen/bremen_000192_000019_leftImg8bit.png,1,1756,370,2048,810
39,train/bremen/bremen_000089_000019_leftImg8bit.png,1,483,409,658,478
40,train/bremen/bremen_000089_000019_leftImg8bit.png,2,1600,339,1786,425
41,train/bremen/bremen_000089_000019_leftImg8bit.png,1,1654,383,1787,452
42,train/bremen/bremen_000089_000019_leftImg8bit.png,1,1703,378,1858,450
43,train/bremen/bremen_000089_000019_leftImg8bit.png,1,1719,374,2048,604
44,train/bremen/bremen_000089_000019_leftImg8bit.png,1,859,290,1762,995
45,train/bremen/bremen_000051_000019_leftImg8bit.png,1,808,435,924,528
46,train/bremen/bremen_000051_000019_leftImg8bit.png,1,394,379,638,563
47,train/bremen/bremen_000051_000019_leftImg8bit.png,1,544,410,823,616
48,train/bremen/bremen_000051_000019_leftImg8bit.png,1,0,405,214,713
49,train/bremen/bremen_000051_000019_leftImg8bit.png,1,1059,436,1136,504
50,train/bremen/bremen_000195_000019_leftImg8bit.png,1,1320,420,1434,524
51,train/bremen/bremen_000195_000019_leftImg8bit.png,1,1379,400,1658,599
52,train/bremen/bremen_000200_000019_leftImg8bit.png,1,926,396,977,460
53,train/bremen/bremen_000200_000019_leftImg8bit.png,1,563,413,630,472
54,train/bremen/bremen_000200_000019_leftImg8bit.png,1,415,426,492,485
55,train/bremen/bremen_000200_000019_leftImg8bit.png,1,131,420,293,509
56,train/bremen/bremen_000247_000019_leftImg8bit.png,1,785,411,866,474
57,train/bremen/bremen_000247_000019_leftImg8bit.png,1,822,420,909,477
58,train/bremen/bremen_000247_000019_leftImg8bit.png,1,961,423,1057,490
59,train/bremen/bremen_000247_000019_leftImg8bit.png,1,1041,412,1143,500
60,train/bremen/bremen_000247_000019_leftImg8bit.png,1,1090,419,1196,508
61,train/bremen/bremen_000247_000019_leftImg8bit.png,1,1157,406,1311,519
62,train/bremen/bremen_000247_000019_leftImg8bit.png,1,1270,399,1474,563
63,train/bremen/bremen_000247_000019_leftImg8bit.png,1,1401,386,1668,612
64,train/bremen/bremen_000247_000019_leftImg8bit.png,1,1550,332,2048,712
65,train/bremen/bremen_000247_000019_leftImg8bit.png,1,529,421,613,519
66,train/bremen/bremen_000247_000019_leftImg8bit.png,1,399,427,585,555
67,train/bremen/bremen_000306_000019_leftImg8bit.png,1,588,464,717,558
68,train/bremen/bremen_000306_000019_leftImg8bit.png,1,763,463,888,545
69,train/bremen/bremen_000306_000019_leftImg8bit.png,1,1634,395,1723,483
70,train/bremen/bremen_000306_000019_leftImg8bit.png,1,1722,397,1843,475
71,train/bremen/bremen_000306_000019_leftImg8bit.png,1,1871,352,2048,472
72,train/bremen/bremen_000306_000019_leftImg8bit.png,1,1894,400,2048,539
73,train/bremen/bremen_000306_000019_leftImg8bit.png,1,1332,388,1670,533
74,train/bremen/bremen_000306_000019_leftImg8bit.png,1,893,414,1091,578
75,train/bremen/bremen_000152_000019_leftImg8bit.png,1,787,405,921,517
76,train/bremen/bremen_000152_000019_leftImg8bit.png,1,137,391,654,696
77,train/bremen/bremen_000152_000019_leftImg8bit.png,1,1467,340,1900,635
78,train/bremen/bremen_000152_000019_leftImg8bit.png,1,1189,415,1258,487
79,train/bremen/bremen_000152_000019_leftImg8bit.png,5,1394,406,1457,555
80,train/bremen/bremen_000152_000019_leftImg8bit.png,1,992,419,1142,533
81,train/bremen/bremen_000116_000019_leftImg8bit.png,4,73,492,127,553
82,train/bremen/bremen_000116_000019_leftImg8bit.png,1,568,434,681,526
83,train/bremen/bremen_000116_000019_leftImg8bit.png,1,664,436,791,542
84,train/bremen/bremen_000116_000019_leftImg8bit.png,1,1112,437,1184,520
85,train/bremen/bremen_000116_000019_leftImg8bit.png,1,1154,414,1297,546
86,train/bremen/bremen_000116_000019_leftImg8bit.png,1,1222,430,1442,597
87,train/bremen/bremen_000116_000019_leftImg8bit.png,1,871,411,1112,614
88,train/bremen/bremen_000116_000019_leftImg8bit.png,1,1367,327,2039,783
89,train/bremen/bremen_000234_000019_leftImg8bit.png,1,796,438,847,495
90,train/bremen/bremen_000234_000019_leftImg8bit.png,1,778,434,831,501
91,train/bremen/bremen_000234_000019_leftImg8bit.png,1,752,435,809,505
92,train/bremen/bremen_000234_000019_leftImg8bit.png,1,705,437,790,513
93,train/bremen/bremen_000234_000019_leftImg8bit.png,1,643,428,760,524
94,train/bremen/bremen_000234_000019_leftImg8bit.png,1,13,430,378,643
95,train/bremen/bremen_000234_000019_leftImg8bit.png,1,0,453,77,689
96,train/bremen/bremen_000234_000019_leftImg8bit.png,1,1644,426,1813,486
97,train/bremen/bremen_000234_000019_leftImg8bit.png,1,1709,421,1951,485
98,train/bremen/bremen_000234_000019_leftImg8bit.png,1,1754,423,2005,487
99,train/bremen/bremen_000234_000019_leftImg8bit.png,1,1844,421,2048,507
100,train/bremen/bremen_000234_000019_leftImg8bit.png,1,1008,394,1157,538
101,train/bremen/bremen_000035_000019_leftImg8bit.png,0,1730,340,1845,618
102,train/bremen/bremen_000035_000019_leftImg8bit.png,1,662,402,1001,529
103,train/bremen/bremen_000134_000019_leftImg8bit.png,1,1066,419,1163,497
104,train/bremen/bremen_000134_000019_leftImg8bit.png,1,341,440,457,514
105,train/bremen/bremen_000134_000019_leftImg8bit.png,1,951,409,1086,518
106,train/bremen/bremen_000052_000019_leftImg8bit.png,4,137,388,238,461
107,train/bremen/bremen_000052_000019_leftImg8bit.png,1,601,318,683,398
108,train/bremen/bremen_000052_000019_leftImg8bit.png,1,499,303,648,446
109,train/bremen/bremen_000052_000019_leftImg8bit.png,1,159,381,498,484
110,train/bremen/bremen_000052_000019_leftImg8bit.png,4,6,419,228,575
111,train/bremen/bremen_000052_000019_leftImg8bit.png,1,0,585,156,1004
112,train/bremen/bremen_000052_000019_leftImg8bit.png,1,879,369,1095,543
113,train/bremen/bremen_000052_000019_leftImg8bit.png,5,1010,424,1086,588
114,train/bremen/bremen_000052_000019_leftImg8bit.png,4,1323,367,1390,418
115,train/bremen/bremen_000052_000019_leftImg8bit.png,4,1338,367,1410,429
116,train/bremen/bremen_000052_000019_leftImg8bit.png,4,1389,375,1465,428
117,train/bremen/bremen_000248_000019_leftImg8bit.png,1,772,424,828,478
118,train/bremen/bremen_000248_000019_leftImg8bit.png,1,705,421,766,493
119,train/bremen/bremen_000248_000019_leftImg8bit.png,1,605,423,731,503
120,train/bremen/bremen_000248_000019_leftImg8bit.png,1,477,411,613,531
121,train/bremen/bremen_000248_000019_leftImg8bit.png,1,266,408,517,562
122,train/bremen/bremen_000248_000019_leftImg8bit.png,1,0,247,388,615
123,train/bremen/bremen_000248_000019_leftImg8bit.png,1,1175,420,1239,494
124,train/bremen/bremen_000248_000019_leftImg8bit.png,1,1207,404,1353,521
125,train/bremen/bremen_000248_000019_leftImg8bit.png,1,1255,419,1398,534
126,train/bremen/bremen_000248_000019_leftImg8bit.png,1,1368,224,1849,656
127,train/bremen/bremen_000248_000019_leftImg8bit.png,1,1894,466,2048,814
128,train/bremen/bremen_000248_000019_leftImg8bit.png,1,839,416,944,498
129,train/bremen/bremen_000143_000019_leftImg8bit.png,1,833,405,892,468
130,train/bremen/bremen_000143_000019_leftImg8bit.png,1,690,417,770,484
131,train/bremen/bremen_000143_000019_leftImg8bit.png,1,625,416,735,490
132,train/bremen/bremen_000143_000019_leftImg8bit.png,1,495,395,628,504
133,train/bremen/bremen_000143_000019_leftImg8bit.png,1,326,406,535,521
134,train/bremen/bremen_000143_000019_leftImg8bit.png,1,0,379,299,609
135,train/bremen/bremen_000288_000019_leftImg8bit.png,4,1923,414,2048,505
136,train/bremen/bremen_000288_000019_leftImg8bit.png,0,1589,362,1648,501
137,train/bremen/bremen_000288_000019_leftImg8bit.png,1,230,415,401,475
138,train/bremen/bremen_000288_000019_leftImg8bit.png,1,734,411,805,481
139,train/bremen/bremen_000288_000019_leftImg8bit.png,1,678,417,777,489
140,train/bremen/bremen_000288_000019_leftImg8bit.png,1,1102,405,1182,469
141,train/bremen/bremen_000288_000019_leftImg8bit.png,1,806,416,857,492
142,train/bremen/bremen_000288_000019_leftImg8bit.png,1,821,406,948,502
143,train/bremen/bremen_000236_000019_leftImg8bit.png,2,1674,315,1856,400
144,train/bremen/bremen_000236_000019_leftImg8bit.png,1,895,394,1043,511
145,train/bremen/bremen_000236_000019_leftImg8bit.png,1,737,410,875,507
146,train/bremen/bremen_000236_000019_leftImg8bit.png,1,1061,417,1135,468
147,train/bremen/bremen_000236_000019_leftImg8bit.png,1,173,406,532,596
148,train/bremen/bremen_000236_000019_leftImg8bit.png,1,1138,377,1279,509
149,train/bremen/bremen_000236_000019_leftImg8bit.png,1,0,407,226,985
150,train/bremen/bremen_000268_000019_leftImg8bit.png,1,0,304,571,753
151,train/bremen/bremen_000268_000019_leftImg8bit.png,1,1132,417,1224,493
152,train/bremen/bremen_000268_000019_leftImg8bit.png,4,1765,419,1871,491
153,train/bremen/bremen_000268_000019_leftImg8bit.png,1,1799,307,2048,773
154,train/bremen/bremen_000254_000019_leftImg8bit.png,0,1318,397,1370,483
155,train/bremen/bremen_000254_000019_leftImg8bit.png,1,1300,335,1824,687
156,train/bremen/bremen_000254_000019_leftImg8bit.png,1,686,432,753,487
157,train/bremen/bremen_000254_000019_leftImg8bit.png,0,376,391,443,527
158,train/bremen/bremen_000254_000019_leftImg8bit.png,0,130,288,250,641
159,train/bremen/bremen_000254_000019_leftImg8bit.png,0,38,349,147,623
160,train/bremen/bremen_000217_000019_leftImg8bit.png,4,287,427,383,488
161,train/bremen/bremen_000217_000019_leftImg8bit.png,1,0,315,297,878
162,train/bremen/bremen_000217_000019_leftImg8bit.png,5,870,401,1101,574
163,train/bremen/bremen_000198_000019_leftImg8bit.png,1,150,401,277,468
164,train/bremen/bremen_000198_000019_leftImg8bit.png,1,43,385,203,521
165,train/bremen/bremen_000198_000019_leftImg8bit.png,1,351,384,537,458
166,train/bremen/bremen_000198_000019_leftImg8bit.png,1,969,397,1023,448
167,train/bremen/bremen_000198_000019_leftImg8bit.png,1,821,407,963,467
168,train/bremen/bremen_000198_000019_leftImg8bit.png,1,811,411,953,467
169,train/bremen/bremen_000198_000019_leftImg8bit.png,1,1278,417,1543,502
170,train/bremen/bremen_000198_000019_leftImg8bit.png,1,1819,413,2048,513
171,train/bremen/bremen_000198_000019_leftImg8bit.png,1,1108,408,1236,484
172,train/bremen/bremen_000296_000019_leftImg8bit.png,1,492,431,607,488
173,train/bremen/bremen_000296_000019_leftImg8bit.png,1,669,426,758,486
174,train/bremen/bremen_000296_000019_leftImg8bit.png,1,878,424,964,489
175,train/bremen/bremen_000296_000019_leftImg8bit.png,1,733,416,890,532
176,train/bremen/bremen_000259_000019_leftImg8bit.png,3,0,262,592,585
177,train/bremen/bremen_000259_000019_leftImg8bit.png,1,965,389,1138,586
178,train/bremen/bremen_000259_000019_leftImg8bit.png,1,1432,394,1616,560
179,train/bremen/bremen_000259_000019_leftImg8bit.png,1,1492,413,1901,645
180,train/bremen/bremen_000259_000019_leftImg8bit.png,1,1037,293,1548,774
181,train/bremen/bremen_000225_000019_leftImg8bit.png,1,827,408,879,466
182,train/bremen/bremen_000225_000019_leftImg8bit.png,1,797,407,862,473
183,train/bremen/bremen_000225_000019_leftImg8bit.png,1,790,406,843,486
184,train/bremen/bremen_000225_000019_leftImg8bit.png,1,630,352,816,528
185,train/bremen/bremen_000225_000019_leftImg8bit.png,1,639,394,772,555
186,train/bremen/bremen_000225_000019_leftImg8bit.png,1,572,390,748,590
187,train/bremen/bremen_000225_000019_leftImg8bit.png,1,272,369,687,674
188,train/bremen/bremen_000225_000019_leftImg8bit.png,1,0,346,449,936
189,train/bremen/bremen_000225_000019_leftImg8bit.png,1,1003,396,1100,489
190,train/bremen/bremen_000225_000019_leftImg8bit.png,1,1027,403,1105,498
191,train/bremen/bremen_000225_000019_leftImg8bit.png,1,1043,398,1161,518
192,train/bremen/bremen_000225_000019_leftImg8bit.png,1,1094,361,1345,578
193,train/bremen/bremen_000225_000019_leftImg8bit.png,1,1297,377,1825,814
194,train/bremen/bremen_000225_000019_leftImg8bit.png,1,1645,280,2048,1022
195,train/bremen/bremen_000232_000019_leftImg8bit.png,3,594,339,888,527
196,train/bremen/bremen_000232_000019_leftImg8bit.png,1,409,418,586,570
197,train/bremen/bremen_000232_000019_leftImg8bit.png,1,172,383,447,611
198,train/bremen/bremen_000232_000019_leftImg8bit.png,1,0,419,247,672
199,train/bremen/bremen_000272_000019_leftImg8bit.png,1,136,436,449,650
200,train/bremen/bremen_000203_000019_leftImg8bit.png,4,1448,420,1515,492
201,train/bremen/bremen_000203_000019_leftImg8bit.png,5,1346,430,1518,529
202,train/bremen/bremen_000203_000019_leftImg8bit.png,1,1474,435,1529,529
203,train/bremen/bremen_000203_000019_leftImg8bit.png,1,1480,368,1829,602
204,train/bremen/bremen_000203_000019_leftImg8bit.png,1,1570,357,2048,700
205,train/bremen/bremen_000203_000019_leftImg8bit.png,1,1856,411,2048,751
206,train/bremen/bremen_000203_000019_leftImg8bit.png,1,604,416,724,507
207,train/bremen/bremen_000203_000019_leftImg8bit.png,1,146,428,505,597
208,train/bremen/bremen_000203_000019_leftImg8bit.png,1,0,423,261,585
209,train/bremen/bremen_000203_000019_leftImg8bit.png,1,0,432,258,646
210,train/bremen/bremen_000203_000019_leftImg8bit.png,1,0,519,179,713
211,train/bremen/bremen_000147_000019_leftImg8bit.png,1,1142,431,1220,491
212,train/bremen/bremen_000147_000019_leftImg8bit.png,1,1240,397,1311,505
213,train/bremen/bremen_000147_000019_leftImg8bit.png,1,810,403,1079,600
214,train/bremen/bremen_000147_000019_leftImg8bit.png,1,1246,359,1600,661
215,train/bremen/bremen_000186_000019_leftImg8bit.png,4,1109,452,1239,609
216,train/bremen/bremen_000186_000019_leftImg8bit.png,1,198,426,359,533
217,train/bremen/bremen_000186_000019_leftImg8bit.png,1,0,430,89,503
218,train/bremen/bremen_000226_000019_leftImg8bit.png,1,1153,413,1268,476
219,train/bremen/bremen_000226_000019_leftImg8bit.png,1,904,423,1012,483
220,train/bremen/bremen_000226_000019_leftImg8bit.png,4,1042,429,1117,491
221,train/bremen/bremen_000226_000019_leftImg8bit.png,4,1177,429,1248,502
222,train/bremen/bremen_000226_000019_leftImg8bit.png,1,1224,414,1285,521
223,train/bremen/bremen_000226_000019_leftImg8bit.png,1,1239,368,1430,557
224,train/bremen/bremen_000226_000019_leftImg8bit.png,1,1322,364,1679,626
225,train/bremen/bremen_000226_000019_leftImg8bit.png,1,799,407,946,542
226,train/bremen/bremen_000226_000019_leftImg8bit.png,1,746,418,908,574
227,train/bremen/bremen_000226_000019_leftImg8bit.png,1,254,389,693,749
228,train/bremen/bremen_000226_000019_leftImg8bit.png,1,0,344,487,1024
229,train/bremen/bremen_000226_000019_leftImg8bit.png,1,1930,617,2048,1024
230,train/bremen/bremen_000097_000019_leftImg8bit.png,1,1061,416,1152,491
231,train/bremen/bremen_000097_000019_leftImg8bit.png,1,816,439,880,491
232,train/bremen/bremen_000097_000019_leftImg8bit.png,1,666,394,843,534
233,train/bremen/bremen_000097_000019_leftImg8bit.png,1,634,431,760,562
234,train/bremen/bremen_000097_000019_leftImg8bit.png,1,469,422,699,598
235,train/bremen/bremen_000097_000019_leftImg8bit.png,0,157,411,227,536
236,train/bremen/bremen_000097_000019_leftImg8bit.png,1,139,447,595,685
237,train/bremen/bremen_000097_000019_leftImg8bit.png,1,0,457,256,811
238,train/bremen/bremen_000097_000019_leftImg8bit.png,1,1237,393,1471,575
239,train/bremen/bremen_000097_000019_leftImg8bit.png,1,1349,365,1767,653
240,train/bremen/bremen_000097_000019_leftImg8bit.png,4,1905,527,1997,717
241,train/bremen/bremen_000097_000019_leftImg8bit.png,1,853,407,1126,617
242,train/bremen/bremen_000083_000019_leftImg8bit.png,1,91,399,180,454
243,train/bremen/bremen_000083_000019_leftImg8bit.png,1,3,393,123,467
244,train/bremen/bremen_000083_000019_leftImg8bit.png,3,488,344,757,442
245,train/bremen/bremen_000083_000019_leftImg8bit.png,3,739,308,885,416
246,train/bremen/bremen_000083_000019_leftImg8bit.png,1,1595,379,1716,446
247,train/bremen/bremen_000083_000019_leftImg8bit.png,4,1646,413,1734,476
248,train/bremen/bremen_000083_000019_leftImg8bit.png,1,999,384,1196,530
249,train/bremen/bremen_000083_000019_leftImg8bit.png,1,700,380,980,551
250,train/bremen/bremen_000083_000019_leftImg8bit.png,5,1192,445,1252,540
251,train/bremen/bremen_000212_000019_leftImg8bit.png,1,1161,420,1255,516
252,train/bremen/bremen_000212_000019_leftImg8bit.png,1,1197,408,1327,538
253,train/bremen/bremen_000212_000019_leftImg8bit.png,1,1261,408,1453,579
254,train/bremen/bremen_000212_000019_leftImg8bit.png,1,1336,413,1692,640
255,train/bremen/bremen_000212_000019_leftImg8bit.png,1,807,408,883,506
256,train/bremen/bremen_000212_000019_leftImg8bit.png,1,666,404,830,526
257,train/bremen/bremen_000212_000019_leftImg8bit.png,4,0,501,56,683
258,train/bremen/bremen_000212_000019_leftImg8bit.png,4,547,425,610,489
259,train/bremen/bremen_000150_000019_leftImg8bit.png,1,711,426,820,521
260,train/bremen/bremen_000150_000019_leftImg8bit.png,1,495,455,585,517
261,train/bremen/bremen_000150_000019_leftImg8bit.png,1,882,432,1000,525
262,train/bremen/bremen_000150_000019_leftImg8bit.png,1,1009,438,1088,497
263,train/bremen/bremen_000150_000019_leftImg8bit.png,1,1645,385,1760,458
264,train/bremen/bremen_000150_000019_leftImg8bit.png,1,1695,390,1772,460
265,train/bremen/bremen_000150_000019_leftImg8bit.png,1,1731,389,1806,458
266,train/bremen/bremen_000150_000019_leftImg8bit.png,1,1769,379,1906,432
267,train/bremen/bremen_000150_000019_leftImg8bit.png,1,1761,374,2048,460
268,train/bremen/bremen_000068_000019_leftImg8bit.png,1,585,424,856,514
269,train/bremen/bremen_000068_000019_leftImg8bit.png,1,1243,421,1322,508
270,train/bremen/bremen_000068_000019_leftImg8bit.png,1,1251,427,1380,533
271,train/bremen/bremen_000068_000019_leftImg8bit.png,1,1318,420,1555,614
272,train/bremen/bremen_000068_000019_leftImg8bit.png,1,1486,312,2048,757
273,train/bremen/bremen_000068_000019_leftImg8bit.png,1,1917,504,2048,955
274,train/bremen/bremen_000068_000019_leftImg8bit.png,1,1104,419,1190,477
275,train/bremen/bremen_000068_000019_leftImg8bit.png,1,1092,432,1197,515
276,train/bremen/bremen_000068_000019_leftImg8bit.png,1,1026,423,1184,545
277,train/bremen/bremen_000161_000019_leftImg8bit.png,1,0,433,537,824
278,train/bremen/bremen_000161_000019_leftImg8bit.png,1,1467,482,1580,590
279,train/bremen/bremen_000161_000019_leftImg8bit.png,1,1134,486,1232,587
280,train/bremen/bremen_000161_000019_leftImg8bit.png,1,1507,453,1877,696
281,train/bremen/bremen_000161_000019_leftImg8bit.png,1,1354,471,1418,535
282,train/bremen/bremen_000243_000019_leftImg8bit.png,1,0,382,274,681
283,train/bremen/bremen_000243_000019_leftImg8bit.png,1,1145,410,1196,480
284,train/bremen/bremen_000243_000019_leftImg8bit.png,1,1176,386,1293,504
285,train/bremen/bremen_000243_000019_leftImg8bit.png,1,1212,410,1296,509
286,train/bremen/bremen_000243_000019_leftImg8bit.png,1,1252,384,1428,546
287,train/bremen/bremen_000243_000019_leftImg8bit.png,1,1305,408,1460,576
288,train/bremen/bremen_000243_000019_leftImg8bit.png,1,1368,382,1771,638
289,train/bremen/bremen_000243_000019_leftImg8bit.png,1,1711,324,2048,862
290,train/bremen/bremen_000074_000019_leftImg8bit.png,0,56,376,131,514
291,train/bremen/bremen_000074_000019_leftImg8bit.png,0,1396,381,1450,513
292,train/bremen/bremen_000074_000019_leftImg8bit.png,4,1461,417,1540,520
293,train/bremen/bremen_000074_000019_leftImg8bit.png,2,314,314,562,517
294,train/bremen/bremen_000066_000019_leftImg8bit.png,1,976,445,1057,509
295,train/bremen/bremen_000066_000019_leftImg8bit.png,1,1096,445,1171,501
296,train/bremen/bremen_000066_000019_leftImg8bit.png,0,1725,386,1786,522
297,train/bremen/bremen_000066_000019_leftImg8bit.png,1,1356,267,1725,620
298,train/bremen/bremen_000066_000019_leftImg8bit.png,1,1740,378,2048,896
299,train/bremen/bremen_000242_000019_leftImg8bit.png,1,1673,381,2048,759
300,train/bremen/bremen_000242_000019_leftImg8bit.png,1,183,413,422,613
301,train/bremen/bremen_000242_000019_leftImg8bit.png,1,0,392,252,704
302,train/bremen/bremen_000237_000019_leftImg8bit.png,1,1104,408,1179,463
303,train/bremen/bremen_000237_000019_leftImg8bit.png,1,1157,398,1276,467
304,train/bremen/bremen_000237_000019_leftImg8bit.png,1,1180,405,1295,469
305,train/bremen/bremen_000237_000019_leftImg8bit.png,1,1200,410,1301,477
306,train/bremen/bremen_000237_000019_leftImg8bit.png,1,1271,401,1430,485
307,train/bremen/bremen_000237_000019_leftImg8bit.png,1,1325,392,1513,487
308,train/bremen/bremen_000237_000019_leftImg8bit.png,4,1760,406,1855,568
309,train/bremen/bremen_000237_000019_leftImg8bit.png,1,580,437,663,522
310,train/bremen/bremen_000237_000019_leftImg8bit.png,1,469,436,622,545
311,train/bremen/bremen_000237_000019_leftImg8bit.png,1,890,392,1035,528
312,train/bremen/bremen_000237_000019_leftImg8bit.png,1,70,404,433,636
313,train/bremen/bremen_000187_000019_leftImg8bit.png,1,518,440,586,505
314,train/bremen/bremen_000012_000019_leftImg8bit.png,0,128,398,183,532
315,train/bremen/bremen_000012_000019_leftImg8bit.png,0,17,410,101,583
316,train/bremen/bremen_000012_000019_leftImg8bit.png,3,844,360,895,459
317,train/bremen/bremen_000012_000019_leftImg8bit.png,3,880,338,1051,494
318,train/bremen/bremen_000012_000019_leftImg8bit.png,0,1550,368,1615,549
319,train/bremen/bremen_000012_000019_leftImg8bit.png,0,1920,284,2048,600
320,train/bremen/bremen_000012_000019_leftImg8bit.png,4,1853,411,2048,674
321,train/bremen/bremen_000012_000019_leftImg8bit.png,4,1327,425,1411,488
322,train/bremen/bremen_000014_000019_leftImg8bit.png,1,0,368,146,490
323,train/bremen/bremen_000014_000019_leftImg8bit.png,0,129,360,194,493
324,train/bremen/bremen_000216_000019_leftImg8bit.png,1,893,437,971,493
325,train/bremen/bremen_000216_000019_leftImg8bit.png,1,793,434,895,523
326,train/bremen/bremen_000216_000019_leftImg8bit.png,1,705,428,820,535
327,train/bremen/bremen_000216_000019_leftImg8bit.png,1,712,437,792,549
328,train/bremen/bremen_000216_000019_leftImg8bit.png,1,575,417,743,574
329,train/bremen/bremen_000216_000019_leftImg8bit.png,1,362,426,656,615
330,train/bremen/bremen_000216_000019_leftImg8bit.png,1,1207,441,1270,492
331,train/bremen/bremen_000216_000019_leftImg8bit.png,0,1853,342,1927,453
332,train/bremen/bremen_000216_000019_leftImg8bit.png,1,1750,297,2048,825
333,train/bremen/bremen_000230_000019_leftImg8bit.png,1,1149,415,1294,481
334,train/bremen/bremen_000058_000019_leftImg8bit.png,1,477,400,640,466
335,train/bremen/bremen_000058_000019_leftImg8bit.png,4,385,418,445,523
336,train/bremen/bremen_000058_000019_leftImg8bit.png,4,317,428,392,547
337,train/bremen/bremen_000058_000019_leftImg8bit.png,0,1187,365,1251,534
338,train/bremen/bremen_000050_000019_leftImg8bit.png,1,947,459,1013,523
339,train/bremen/bremen_000050_000019_leftImg8bit.png,1,744,452,843,532
340,train/bremen/bremen_000050_000019_leftImg8bit.png,1,687,442,774,543
341,train/bremen/bremen_000050_000019_leftImg8bit.png,1,547,409,721,560
342,train/bremen/bremen_000050_000019_leftImg8bit.png,1,822,434,965,548
343,train/bremen/bremen_000050_000019_leftImg8bit.png,1,1014,431,1181,571
344,train/bremen/bremen_000050_000019_leftImg8bit.png,1,0,384,629,762
345,train/bremen/bremen_000050_000019_leftImg8bit.png,4,1396,462,1496,547
346,train/bremen/bremen_000050_000019_leftImg8bit.png,4,1543,450,1708,583
347,train/bremen/bremen_000227_000019_leftImg8bit.png,1,1313,411,1395,474
348,train/bremen/bremen_000227_000019_leftImg8bit.png,1,1430,382,1654,554
349,train/bremen/bremen_000227_000019_leftImg8bit.png,1,1631,366,2048,679
350,train/bremen/bremen_000227_000019_leftImg8bit.png,1,1828,374,2048,806
351,train/bremen/bremen_000227_000019_leftImg8bit.png,1,1058,394,1123,467
352,train/bremen/bremen_000227_000019_leftImg8bit.png,1,1013,417,1077,491
353,train/bremen/bremen_000227_000019_leftImg8bit.png,1,970,419,1054,499
354,train/bremen/bremen_000227_000019_leftImg8bit.png,1,937,418,1036,508
355,train/bremen/bremen_000227_000019_leftImg8bit.png,1,862,420,974,531
356,train/bremen/bremen_000227_000019_leftImg8bit.png,1,763,416,902,578
357,train/bremen/bremen_000227_000019_leftImg8bit.png,1,508,377,831,641
358,train/bremen/bremen_000227_000019_leftImg8bit.png,1,0,410,579,841
359,train/bremen/bremen_000010_000019_leftImg8bit.png,1,1802,425,2020,505
360,train/bremen/bremen_000010_000019_leftImg8bit.png,1,1955,436,2048,504
361,train/bremen/bremen_000010_000019_leftImg8bit.png,1,371,410,480,471
362,train/bremen/bremen_000010_000019_leftImg8bit.png,1,310,392,394,458
363,train/bremen/bremen_000010_000019_leftImg8bit.png,1,225,407,348,467
364,train/bremen/bremen_000010_000019_leftImg8bit.png,4,8,452,114,567
365,train/bremen/bremen_000010_000019_leftImg8bit.png,0,0,252,87,612
366,train/bremen/bremen_000010_000019_leftImg8bit.png,4,1388,424,1648,588
367,train/bremen/bremen_000010_000019_leftImg8bit.png,1,485,316,1358,993
368,train/bremen/bremen_000159_000019_leftImg8bit.png,1,1861,427,1991,488
369,train/bremen/bremen_000159_000019_leftImg8bit.png,1,1938,412,2048,480
370,train/bremen/bremen_000159_000019_leftImg8bit.png,1,1676,421,1876,494
371,train/bremen/bremen_000220_000019_leftImg8bit.png,3,720,352,885,481
372,train/bremen/bremen_000220_000019_leftImg8bit.png,4,58,450,175,516
373,train/bremen/bremen_000220_000019_leftImg8bit.png,4,1,544,52,650
374,train/bremen/bremen_000220_000019_leftImg8bit.png,2,140,275,759,553
375,train/bremen/bremen_000220_000019_leftImg8bit.png,1,1373,382,1660,510
376,train/bremen/bremen_000220_000019_leftImg8bit.png,0,988,356,1071,590
377,train/bremen/bremen_000033_000019_leftImg8bit.png,1,0,411,109,497
378,train/bremen/bremen_000132_000019_leftImg8bit.png,1,887,389,995,485
379,train/bremen/bremen_000132_000019_leftImg8bit.png,1,1238,356,1548,591
380,train/bremen/bremen_000132_000019_leftImg8bit.png,1,1558,337,2048,782
381,train/bremen/bremen_000055_000019_leftImg8bit.png,1,22,378,212,503
382,train/bremen/bremen_000055_000019_leftImg8bit.png,4,111,411,173,527
383,train/bremen/bremen_000055_000019_leftImg8bit.png,5,178,387,283,541
384,train/bremen/bremen_000055_000019_leftImg8bit.png,0,1834,434,1892,576
385,train/bremen/bremen_000055_000019_leftImg8bit.png,0,1861,403,1937,591
386,train/bremen/bremen_000055_000019_leftImg8bit.png,0,1911,425,1965,594
387,train/bremen/bremen_000055_000019_leftImg8bit.png,4,1122,487,1197,580
388,train/bremen/bremen_000055_000019_leftImg8bit.png,4,1102,500,1157,581
389,train/bremen/bremen_000055_000019_leftImg8bit.png,4,327,403,405,545
390,train/bremen/bremen_000218_000019_leftImg8bit.png,1,1164,411,1249,482
391,train/bremen/bremen_000218_000019_leftImg8bit.png,1,1186,425,1251,492
392,train/bremen/bremen_000218_000019_leftImg8bit.png,1,1224,412,1350,500
393,train/bremen/bremen_000218_000019_leftImg8bit.png,0,1541,377,1615,538
394,train/bremen/bremen_000218_000019_leftImg8bit.png,0,1978,411,2037,470
395,train/bremen/bremen_000218_000019_leftImg8bit.png,1,822,428,875,494
396,train/bremen/bremen_000218_000019_leftImg8bit.png,1,754,416,845,504
397,train/bremen/bremen_000218_000019_leftImg8bit.png,1,683,427,814,522
398,train/bremen/bremen_000218_000019_leftImg8bit.png,4,884,442,940,527
399,train/bremen/bremen_000218_000019_leftImg8bit.png,4,531,461,643,618
400,train/bremen/bremen_000191_000019_leftImg8bit.png,1,0,391,115,582
401,train/bremen/bremen_000299_000019_leftImg8bit.png,1,40,410,431,552
402,train/bremen/bremen_000299_000019_leftImg8bit.png,1,761,409,1098,519
403,train/bremen/bremen_000299_000019_leftImg8bit.png,1,1267,423,1328,479
404,train/bremen/bremen_000299_000019_leftImg8bit.png,4,1213,438,1311,497
405,train/bremen/bremen_000307_000019_leftImg8bit.png,1,1923,362,2048,426
406,train/bremen/bremen_000307_000019_leftImg8bit.png,1,0,437,100,496
407,train/bremen/bremen_000307_000019_leftImg8bit.png,4,479,423,579,629
408,train/bremen/bremen_000025_000019_leftImg8bit.png,1,1130,414,1228,493
409,train/bremen/bremen_000238_000019_leftImg8bit.png,4,624,418,684,469
410,train/bremen/bremen_000238_000019_leftImg8bit.png,1,1281,376,1375,461
411,train/bremen/bremen_000238_000019_leftImg8bit.png,1,1231,410,1306,464
412,train/bremen/bremen_000238_000019_leftImg8bit.png,1,1184,395,1260,468
413,train/bremen/bremen_000238_000019_leftImg8bit.png,1,1059,367,1201,477
414,train/bremen/bremen_000238_000019_leftImg8bit.png,1,1640,357,2048,782
415,train/bremen/bremen_000258_000019_leftImg8bit.png,1,1076,408,1143,463
416,train/bremen/bremen_000258_000019_leftImg8bit.png,1,1128,409,1222,489
417,train/bremen/bremen_000258_000019_leftImg8bit.png,1,1559,389,1674,472
418,train/bremen/bremen_000258_000019_leftImg8bit.png,1,1639,388,1800,485
419,train/bremen/bremen_000258_000019_leftImg8bit.png,0,1618,370,1670,512
420,train/bremen/bremen_000258_000019_leftImg8bit.png,0,1667,369,1728,510
421,train/bremen/bremen_000258_000019_leftImg8bit.png,1,968,400,1055,474
422,train/bremen/bremen_000258_000019_leftImg8bit.png,1,763,396,848,460
423,train/bremen/bremen_000258_000019_leftImg8bit.png,1,574,401,686,484
424,train/bremen/bremen_000258_000019_leftImg8bit.png,4,306,433,371,488
425,train/bremen/bremen_000258_000019_leftImg8bit.png,1,339,410,522,517
426,train/bremen/bremen_000258_000019_leftImg8bit.png,1,833,405,929,473
427,train/bremen/bremen_000054_000019_leftImg8bit.png,1,1139,419,1270,476
428,train/bremen/bremen_000054_000019_leftImg8bit.png,1,1335,365,1484,479
429,train/bremen/bremen_000054_000019_leftImg8bit.png,1,1404,392,1566,470
430,train/bremen/bremen_000054_000019_leftImg8bit.png,1,1369,398,1584,571
431,train/bremen/bremen_000054_000019_leftImg8bit.png,4,1594,424,1645,484
432,train/bremen/bremen_000054_000019_leftImg8bit.png,4,98,413,277,732
433,train/bremen/bremen_000054_000019_leftImg8bit.png,4,1005,436,1082,530
434,train/bremen/bremen_000054_000019_leftImg8bit.png,0,1741,387,1875,520
435,train/bremen/bremen_000054_000019_leftImg8bit.png,4,1847,402,1952,580
436,train/bremen/bremen_000054_000019_leftImg8bit.png,4,1969,381,2048,559
437,train/bremen/bremen_000054_000019_leftImg8bit.png,4,1875,429,2048,675
438,train/bremen/bremen_000054_000019_leftImg8bit.png,4,1968,533,2048,713
439,train/bremen/bremen_000054_000019_leftImg8bit.png,5,1398,441,1500,634
440,train/bremen/bremen_000204_000019_leftImg8bit.png,1,1880,365,2047,539
441,train/bremen/bremen_000204_000019_leftImg8bit.png,1,1883,375,2048,611
442,train/bremen/bremen_000204_000019_leftImg8bit.png,1,1639,408,1707,459
443,train/bremen/bremen_000204_000019_leftImg8bit.png,1,1599,406,1651,464
444,train/bremen/bremen_000204_000019_leftImg8bit.png,1,1523,404,1613,481
445,train/bremen/bremen_000204_000019_leftImg8bit.png,1,1502,415,1569,488
446,train/bremen/bremen_000204_000019_leftImg8bit.png,1,1389,414,1533,499
447,train/bremen/bremen_000204_000019_leftImg8bit.png,1,1317,419,1396,521
448,train/bremen/bremen_000204_000019_leftImg8bit.png,1,1192,413,1344,542
449,train/bremen/bremen_000204_000019_leftImg8bit.png,1,1007,416,1234,568
450,train/bremen/bremen_000204_000019_leftImg8bit.png,1,675,424,1022,614
451,train/bremen/bremen_000135_000019_leftImg8bit.png,1,288,444,440,530
452,train/bremen/bremen_000135_000019_leftImg8bit.png,1,891,422,1062,559
453,train/bremen/bremen_000135_000019_leftImg8bit.png,1,1990,445,2048,520
454,train/bremen/bremen_000135_000019_leftImg8bit.png,1,1359,403,1864,698
455,train/bremen/bremen_000099_000019_leftImg8bit.png,1,728,399,821,491
456,train/bremen/bremen_000099_000019_leftImg8bit.png,4,535,440,593,500
457,train/bremen/bremen_000099_000019_leftImg8bit.png,1,685,415,780,504
458,train/bremen/bremen_000099_000019_leftImg8bit.png,1,581,406,739,519
459,train/bremen/bremen_000099_000019_leftImg8bit.png,4,270,430,326,492
460,train/bremen/bremen_000099_000019_leftImg8bit.png,1,1000,416,1114,505
461,train/bremen/bremen_000099_000019_leftImg8bit.png,4,485,429,543,505
462,train/bremen/bremen_000099_000019_leftImg8bit.png,4,360,433,535,544
463,train/bremen/bremen_000099_000019_leftImg8bit.png,4,285,496,532,547
464,train/bremen/bremen_000099_000019_leftImg8bit.png,1,1181,400,1276,493
465,train/bremen/bremen_000099_000019_leftImg8bit.png,1,1215,413,1271,499
466,train/bremen/bremen_000099_000019_leftImg8bit.png,1,1224,407,1337,510
467,train/bremen/bremen_000099_000019_leftImg8bit.png,1,1261,407,1374,533
468,train/bremen/bremen_000099_000019_leftImg8bit.png,4,1299,471,1351,543
469,train/bremen/bremen_000099_000019_leftImg8bit.png,0,1841,358,1896,527
470,train/bremen/bremen_000099_000019_leftImg8bit.png,0,1807,340,1862,534
471,train/bremen/bremen_000099_000019_leftImg8bit.png,2,1307,109,1799,594
472,train/bremen/bremen_000099_000019_leftImg8bit.png,0,1704,287,1822,682
473,train/bremen/bremen_000099_000019_leftImg8bit.png,0,32,359,119,541
474,train/bremen/bremen_000099_000019_leftImg8bit.png,0,1911,370,1999,544
475,train/bremen/bremen_000271_000019_leftImg8bit.png,1,794,405,930,517
476,train/bremen/bremen_000271_000019_leftImg8bit.png,1,590,380,823,559
477,train/bremen/bremen_000271_000019_leftImg8bit.png,1,1004,407,1111,497
478,train/bremen/bremen_000271_000019_leftImg8bit.png,4,73,450,151,501
479,train/bremen/bremen_000271_000019_leftImg8bit.png,1,109,400,663,720
480,train/bremen/bremen_000040_000019_leftImg8bit.png,1,642,183,1403,955
481,train/bremen/bremen_000269_000019_leftImg8bit.png,1,537,430,616,489
482,train/bremen/bremen_000269_000019_leftImg8bit.png,1,1534,400,1606,455
483,train/bremen/bremen_000269_000019_leftImg8bit.png,1,1584,393,1656,453
484,train/bremen/bremen_000269_000019_leftImg8bit.png,1,1633,389,1729,440
485,train/bremen/bremen_000269_000019_leftImg8bit.png,1,1623,388,1842,459
486,train/bremen/bremen_000269_000019_leftImg8bit.png,1,1830,365,2048,472
487,train/bremen/bremen_000093_000019_leftImg8bit.png,1,848,421,947,501
488,train/bremen/bremen_000093_000019_leftImg8bit.png,1,625,427,713,507
489,train/bremen/bremen_000093_000019_leftImg8bit.png,1,525,422,673,549
490,train/bremen/bremen_000093_000019_leftImg8bit.png,1,409,421,579,579
491,train/bremen/bremen_000093_000019_leftImg8bit.png,1,7,256,459,634
492,train/bremen/bremen_000093_000019_leftImg8bit.png,1,0,416,96,689
493,train/bremen/bremen_000093_000019_leftImg8bit.png,1,669,413,867,564
494,train/bremen/bremen_000093_000019_leftImg8bit.png,1,1159,426,1223,503
495,train/bremen/bremen_000093_000019_leftImg8bit.png,1,1183,420,1303,518
496,train/bremen/bremen_000093_000019_leftImg8bit.png,1,1255,406,1408,558
497,train/bremen/bremen_000093_000019_leftImg8bit.png,1,1316,397,1485,590
498,train/bremen/bremen_000093_000019_leftImg8bit.png,1,1391,365,1658,664
499,train/bremen/bremen_000093_000019_leftImg8bit.png,1,1529,244,2048,850
500,train/bremen/bremen_000093_000019_leftImg8bit.png,1,972,414,1118,529
501,train/bremen/bremen_000092_000019_leftImg8bit.png,1,819,423,892,481
502,train/bremen/bremen_000092_000019_leftImg8bit.png,1,0,418,320,722
503,train/bremen/bremen_000092_000019_leftImg8bit.png,1,975,409,1139,539
504,train/bremen/bremen_000092_000019_leftImg8bit.png,1,647,434,787,519
505,train/bremen/bremen_000261_000019_leftImg8bit.png,1,659,407,776,467
506,train/bremen/bremen_000261_000019_leftImg8bit.png,0,1287,357,1355,557
507,train/bremen/bremen_000261_000019_leftImg8bit.png,1,281,392,730,668
508,train/bremen/bremen_000261_000019_leftImg8bit.png,1,1009,405,1170,530
509,train/bremen/bremen_000085_000019_leftImg8bit.png,4,831,447,950,520
510,train/bremen/bremen_000085_000019_leftImg8bit.png,1,1387,417,1529,528
511,train/bremen/bremen_000085_000019_leftImg8bit.png,5,1703,519,1807,708
512,train/bremen/bremen_000133_000019_leftImg8bit.png,1,176,437,256,492
513,train/bremen/bremen_000133_000019_leftImg8bit.png,1,140,441,251,507
514,train/bremen/bremen_000133_000019_leftImg8bit.png,1,807,421,909,499
515,train/bremen/bremen_000133_000019_leftImg8bit.png,4,1796,403,1930,596
516,train/bremen/bremen_000133_000019_leftImg8bit.png,1,979,412,1133,534
517,train/bremen/bremen_000133_000019_leftImg8bit.png,1,526,384,820,594
518,train/bremen/bremen_000045_000019_leftImg8bit.png,0,1579,389,1649,540
519,train/bremen/bremen_000045_000019_leftImg8bit.png,0,1832,378,1886,487
520,train/bremen/bremen_000045_000019_leftImg8bit.png,0,1831,400,1911,548
521,train/bremen/bremen_000045_000019_leftImg8bit.png,0,1849,430,1932,557
522,train/bremen/bremen_000045_000019_leftImg8bit.png,0,1903,441,1958,558
523,train/bremen/bremen_000045_000019_leftImg8bit.png,0,1778,339,1863,582
524,train/bremen/bremen_000045_000019_leftImg8bit.png,0,1896,323,2037,589
525,train/bremen/bremen_000030_000019_leftImg8bit.png,4,136,435,323,599
526,train/bremen/bremen_000030_000019_leftImg8bit.png,4,1705,425,1806,583
527,train/bremen/bremen_000030_000019_leftImg8bit.png,4,1815,405,2048,756
528,train/bremen/bremen_000030_000019_leftImg8bit.png,1,1245,386,1667,690
529,train/bremen/bremen_000030_000019_leftImg8bit.png,1,709,408,1029,661
530,train/bremen/bremen_000103_000019_leftImg8bit.png,1,997,411,1096,469
531,train/bremen/bremen_000103_000019_leftImg8bit.png,1,1051,426,1137,502
532,train/bremen/bremen_000103_000019_leftImg8bit.png,1,655,383,754,498
533,train/bremen/bremen_000103_000019_leftImg8bit.png,1,623,416,718,505
534,train/bremen/bremen_000103_000019_leftImg8bit.png,0,300,383,353,517
535,train/bremen/bremen_000103_000019_leftImg8bit.png,0,249,378,305,529
536,train/bremen/bremen_000103_000019_leftImg8bit.png,0,0,332,148,660
537,train/bremen/bremen_000103_000019_leftImg8bit.png,4,1334,433,1392,518
538,train/bremen/bremen_000103_000019_leftImg8bit.png,0,1624,363,1737,648
539,train/bremen/bremen_000103_000019_leftImg8bit.png,0,1710,307,1829,648
540,train/bremen/bremen_000103_000019_leftImg8bit.png,0,356,385,418,557
541,train/bremen/bremen_000140_000019_leftImg8bit.png,1,241,402,359,492
542,train/bremen/bremen_000140_000019_leftImg8bit.png,1,109,432,224,504
543,train/bremen/bremen_000140_000019_leftImg8bit.png,1,0,447,127,518
544,train/bremen/bremen_000140_000019_leftImg8bit.png,0,1442,350,1512,495
545,train/bremen/bremen_000140_000019_leftImg8bit.png,4,1670,389,1807,500
546,train/bremen/bremen_000140_000019_leftImg8bit.png,4,1864,388,1983,523
547,train/bremen/bremen_000140_000019_leftImg8bit.png,4,1937,370,2048,528
548,train/bremen/bremen_000140_000019_leftImg8bit.png,0,1511,353,1571,495
549,train/bremen/bremen_000077_000019_leftImg8bit.png,5,1979,411,2048,491
550,train/bremen/bremen_000077_000019_leftImg8bit.png,1,473,465,557,526
551,train/bremen/bremen_000077_000019_leftImg8bit.png,1,153,475,344,580
552,train/bremen/bremen_000077_000019_leftImg8bit.png,1,315,467,486,584
553,train/bremen/bremen_000077_000019_leftImg8bit.png,1,0,480,165,661
554,train/bremen/bremen_000067_000019_leftImg8bit.png,1,1029,412,1094,473
555,train/bremen/bremen_000067_000019_leftImg8bit.png,4,1127,431,1416,633
556,train/bremen/bremen_000067_000019_leftImg8bit.png,0,1524,288,1650,660
557,train/bremen/bremen_000067_000019_leftImg8bit.png,0,1468,292,1549,602
558,train/bremen/bremen_000067_000019_leftImg8bit.png,0,1342,224,1546,789
559,train/bremen/bremen_000067_000019_leftImg8bit.png,0,1826,290,1940,661
560,train/bremen/bremen_000067_000019_leftImg8bit.png,0,1944,302,2048,665
561,train/bremen/bremen_000067_000019_leftImg8bit.png,0,1575,256,1750,731
562,train/bremen/bremen_000067_000019_leftImg8bit.png,0,1861,290,2038,694
563,train/bremen/bremen_000067_000019_leftImg8bit.png,0,1060,314,1211,659
564,train/bremen/bremen_000067_000019_leftImg8bit.png,0,941,310,1074,707
565,train/bremen/bremen_000067_000019_leftImg8bit.png,0,720,339,929,686
566,train/bremen/bremen_000172_000019_leftImg8bit.png,4,1559,424,1639,569
567,train/bremen/bremen_000172_000019_leftImg8bit.png,1,395,432,540,506
568,train/bremen/bremen_000172_000019_leftImg8bit.png,1,238,439,325,496
569,train/bremen/bremen_000172_000019_leftImg8bit.png,1,38,447,136,507
570,train/bremen/bremen_000172_000019_leftImg8bit.png,1,1025,410,1180,538
571,train/bremen/bremen_000038_000019_leftImg8bit.png,1,16,429,92,535
572,train/bremen/bremen_000038_000019_leftImg8bit.png,1,376,422,461,500
573,train/bremen/bremen_000038_000019_leftImg8bit.png,1,435,414,564,508
574,train/bremen/bremen_000038_000019_leftImg8bit.png,1,554,400,701,541
575,train/bremen/bremen_000038_000019_leftImg8bit.png,1,622,393,911,576
576,train/bremen/bremen_000245_000019_leftImg8bit.png,1,1277,417,1353,530
577,train/bremen/bremen_000245_000019_leftImg8bit.png,1,1303,408,1499,555
578,train/bremen/bremen_000245_000019_leftImg8bit.png,1,1469,373,1803,663
579,train/bremen/bremen_000245_000019_leftImg8bit.png,1,1669,273,2048,912
580,train/bremen/bremen_000245_000019_leftImg8bit.png,1,367,417,602,510
581,train/bremen/bremen_000245_000019_leftImg8bit.png,1,1069,422,1152,490
582,train/bremen/bremen_000174_000019_leftImg8bit.png,4,91,424,183,486
583,train/bremen/bremen_000174_000019_leftImg8bit.png,2,509,370,621,472
584,train/bremen/bremen_000174_000019_leftImg8bit.png,1,1112,403,1197,484
585,train/bremen/bremen_000174_000019_leftImg8bit.png,1,959,391,1149,549
586,train/bremen/bremen_000240_000019_leftImg8bit.png,1,620,437,681,491
587,train/bremen/bremen_000240_000019_leftImg8bit.png,1,566,438,665,498
588,train/bremen/bremen_000240_000019_leftImg8bit.png,1,946,422,1029,495
589,train/bremen/bremen_000240_000019_leftImg8bit.png,1,994,414,1074,533
590,train/bremen/bremen_000240_000019_leftImg8bit.png,1,1027,398,1202,551
591,train/bremen/bremen_000240_000019_leftImg8bit.png,1,1072,419,1291,577
592,train/bremen/bremen_000240_000019_leftImg8bit.png,1,1317,325,1872,701
593,train/bremen/bremen_000224_000019_leftImg8bit.png,1,1175,451,1258,522
594,train/bremen/bremen_000224_000019_leftImg8bit.png,1,1234,455,1355,547
595,train/bremen/bremen_000224_000019_leftImg8bit.png,4,1491,497,1591,611
596,train/bremen/bremen_000224_000019_leftImg8bit.png,4,1377,468,1513,608
597,train/bremen/bremen_000224_000019_leftImg8bit.png,1,1591,390,2048,804
598,train/bremen/bremen_000224_000019_leftImg8bit.png,1,806,463,880,515
599,train/bremen/bremen_000224_000019_leftImg8bit.png,1,737,463,816,530
600,train/bremen/bremen_000224_000019_leftImg8bit.png,1,708,469,791,537
601,train/bremen/bremen_000224_000019_leftImg8bit.png,1,590,460,729,558
602,train/bremen/bremen_000224_000019_leftImg8bit.png,4,529,491,581,562
603,train/bremen/bremen_000224_000019_leftImg8bit.png,1,309,453,540,608
604,train/bremen/bremen_000224_000019_leftImg8bit.png,4,244,481,366,619
605,train/bremen/bremen_000224_000019_leftImg8bit.png,5,151,479,338,636
606,train/bremen/bremen_000224_000019_leftImg8bit.png,5,96,482,255,643
607,train/bremen/bremen_000224_000019_leftImg8bit.png,5,25,501,158,660
608,train/bremen/bremen_000224_000019_leftImg8bit.png,1,0,341,70,713
609,train/bremen/bremen_000071_000019_leftImg8bit.png,0,1563,388,1636,522
610,train/bremen/bremen_000071_000019_leftImg8bit.png,0,1710,352,1771,540
611,train/bremen/bremen_000071_000019_leftImg8bit.png,4,1476,457,1554,624
612,train/bremen/bremen_000071_000019_leftImg8bit.png,1,958,383,1047,454
613,train/bremen/bremen_000071_000019_leftImg8bit.png,0,1009,399,1062,492
614,train/bremen/bremen_000071_000019_leftImg8bit.png,4,334,408,468,500
615,train/bremen/bremen_000156_000019_leftImg8bit.png,1,594,407,697,484
616,train/bremen/bremen_000156_000019_leftImg8bit.png,1,667,405,837,528
617,train/bremen/bremen_000156_000019_leftImg8bit.png,1,1727,354,2048,817
618,train/bremen/bremen_000110_000019_leftImg8bit.png,4,673,439,731,513
619,train/bremen/bremen_000110_000019_leftImg8bit.png,1,730,410,841,470
620,train/bremen/bremen_000110_000019_leftImg8bit.png,1,636,465,695,524
621,train/bremen/bremen_000110_000019_leftImg8bit.png,1,720,422,872,537
622,train/bremen/bremen_000110_000019_leftImg8bit.png,1,62,334,588,566
623,train/bremen/bremen_000110_000019_leftImg8bit.png,1,293,431,463,585
624,train/bremen/bremen_000110_000019_leftImg8bit.png,1,88,425,368,604
625,train/bremen/bremen_000110_000019_leftImg8bit.png,1,0,427,237,620
626,train/bremen/bremen_000110_000019_leftImg8bit.png,4,552,445,632,592
627,train/bremen/bremen_000110_000019_leftImg8bit.png,1,1115,422,1182,511
628,train/bremen/bremen_000110_000019_leftImg8bit.png,1,1128,419,1227,526
629,train/bremen/bremen_000110_000019_leftImg8bit.png,1,1164,415,1271,546
630,train/bremen/bremen_000110_000019_leftImg8bit.png,1,1222,396,1314,558
631,train/bremen/bremen_000110_000019_leftImg8bit.png,1,1232,384,1428,613
632,train/bremen/bremen_000110_000019_leftImg8bit.png,1,1340,350,1805,699
633,train/bremen/bremen_000022_000019_leftImg8bit.png,0,1383,390,1447,524
634,train/bremen/bremen_000022_000019_leftImg8bit.png,0,1812,349,1875,409
635,train/bremen/bremen_000022_000019_leftImg8bit.png,1,1558,398,1836,648
636,train/bremen/bremen_000022_000019_leftImg8bit.png,1,1684,378,2048,799
637,train/bremen/bremen_000057_000019_leftImg8bit.png,0,541,403,596,522
638,train/bremen/bremen_000072_000019_leftImg8bit.png,1,687,446,805,541
639,train/bremen/bremen_000072_000019_leftImg8bit.png,1,709,429,869,554
640,train/bremen/bremen_000072_000019_leftImg8bit.png,1,440,427,707,616
641,train/bremen/bremen_000072_000019_leftImg8bit.png,1,1753,364,2048,570
642,train/bremen/bremen_000300_000019_leftImg8bit.png,4,303,464,355,535
643,train/bremen/bremen_000300_000019_leftImg8bit.png,4,353,463,411,536
644,train/bremen/bremen_000300_000019_leftImg8bit.png,2,1174,389,1237,465
645,train/bremen/bremen_000300_000019_leftImg8bit.png,1,1188,415,1252,472
646,train/bremen/bremen_000300_000019_leftImg8bit.png,2,1310,346,1472,472
647,train/bremen/bremen_000300_000019_leftImg8bit.png,2,1354,334,1683,455
648,train/bremen/bremen_000300_000019_leftImg8bit.png,1,1234,411,1322,487
649,train/bremen/bremen_000300_000019_leftImg8bit.png,1,1447,389,1590,449
650,train/bremen/bremen_000300_000019_leftImg8bit.png,1,1542,401,1623,482
651,train/bremen/bremen_000300_000019_leftImg8bit.png,1,1390,398,1562,488
652,train/bremen/bremen_000300_000019_leftImg8bit.png,1,1587,354,1825,547
653,train/bremen/bremen_000300_000019_leftImg8bit.png,1,1072,424,1131,478
654,train/bremen/bremen_000300_000019_leftImg8bit.png,1,1788,372,2048,601
655,train/bremen/bremen_000300_000019_leftImg8bit.png,1,724,427,824,498
656,train/bremen/bremen_000214_000019_leftImg8bit.png,1,918,439,973,502
657,train/bremen/bremen_000214_000019_leftImg8bit.png,1,836,427,949,522
658,train/bremen/bremen_000214_000019_leftImg8bit.png,1,811,437,937,552
659,train/bremen/bremen_000214_000019_leftImg8bit.png,1,738,427,868,614
660,train/bremen/bremen_000214_000019_leftImg8bit.png,1,620,417,821,662
661,train/bremen/bremen_000214_000019_leftImg8bit.png,1,200,398,761,792
662,train/bremen/bremen_000214_000019_leftImg8bit.png,1,0,382,487,1024
663,train/bremen/bremen_000214_000019_leftImg8bit.png,1,1112,441,1176,522
664,train/bremen/bremen_000214_000019_leftImg8bit.png,1,1148,439,1208,545
665,train/bremen/bremen_000214_000019_leftImg8bit.png,1,1217,437,1396,597
666,train/bremen/bremen_000214_000019_leftImg8bit.png,1,1323,381,1873,775
667,train/bremen/bremen_000164_000019_leftImg8bit.png,1,818,424,874,494
668,train/bremen/bremen_000164_000019_leftImg8bit.png,1,721,406,843,514
669,train/bremen/bremen_000164_000019_leftImg8bit.png,1,487,407,704,596
670,train/bremen/bremen_000164_000019_leftImg8bit.png,1,59,379,545,807
671,train/bremen/bremen_000164_000019_leftImg8bit.png,1,0,166,105,1024
672,train/bremen/bremen_000164_000019_leftImg8bit.png,2,1024,385,1141,493
673,train/bremen/bremen_000164_000019_leftImg8bit.png,1,1101,404,1279,546
674,train/bremen/bremen_000164_000019_leftImg8bit.png,5,1306,420,1434,599
675,train/bremen/bremen_000160_000019_leftImg8bit.png,1,690,387,910,619
676,train/bremen/bremen_000160_000019_leftImg8bit.png,2,1038,344,1110,429
677,train/bremen/bremen_000160_000019_leftImg8bit.png,1,153,321,734,765
678,train/bremen/bremen_000229_000019_leftImg8bit.png,4,557,444,662,533
679,train/bremen/bremen_000229_000019_leftImg8bit.png,1,23,335,523,733
680,train/bremen/bremen_000229_000019_leftImg8bit.png,1,0,375,124,817
681,train/bremen/bremen_000229_000019_leftImg8bit.png,1,1151,405,1232,476
682,train/bremen/bremen_000229_000019_leftImg8bit.png,1,1156,409,1234,480
683,train/bremen/bremen_000229_000019_leftImg8bit.png,1,1179,413,1252,489
684,train/bremen/bremen_000229_000019_leftImg8bit.png,1,1204,413,1288,496
685,train/bremen/bremen_000229_000019_leftImg8bit.png,4,1976,388,2048,477
686,train/bremen/bremen_000229_000019_leftImg8bit.png,1,1873,508,2048,871
687,train/bremen/bremen_000031_000019_leftImg8bit.png,1,1121,404,1195,501
688,train/bremen/bremen_000031_000019_leftImg8bit.png,1,1150,401,1326,522
689,train/bremen/bremen_000031_000019_leftImg8bit.png,4,1726,426,1892,588
690,train/bremen/bremen_000031_000019_leftImg8bit.png,1,902,401,1057,519
691,train/bremen/bremen_000125_000019_leftImg8bit.png,1,746,398,932,554
692,train/bremen/bremen_000125_000019_leftImg8bit.png,1,0,351,552,895
693,train/bremen/bremen_000125_000019_leftImg8bit.png,1,1473,323,2048,925
694,train/bremen/bremen_000260_000019_leftImg8bit.png,1,1215,394,1284,507
695,train/bremen/bremen_000260_000019_leftImg8bit.png,1,1241,403,1311,525
696,train/bremen/bremen_000260_000019_leftImg8bit.png,1,1281,337,1571,562
697,train/bremen/bremen_000260_000019_leftImg8bit.png,1,983,399,1172,564
698,train/bremen/bremen_000260_000019_leftImg8bit.png,1,751,391,829,457
699,train/bremen/bremen_000260_000019_leftImg8bit.png,1,744,424,799,478
700,train/bremen/bremen_000260_000019_leftImg8bit.png,1,677,421,763,482
701,train/bremen/bremen_000260_000019_leftImg8bit.png,1,478,418,621,508
702,train/bremen/bremen_000260_000019_leftImg8bit.png,1,76,412,372,556
703,train/bremen/bremen_000260_000019_leftImg8bit.png,1,795,419,880,480
704,train/bremen/bremen_000044_000019_leftImg8bit.png,0,321,378,381,508
705,train/bremen/bremen_000044_000019_leftImg8bit.png,0,258,354,317,510
706,train/bremen/bremen_000044_000019_leftImg8bit.png,4,1016,464,1069,519
707,train/bremen/bremen_000044_000019_leftImg8bit.png,0,1096,374,1149,464
708,train/bremen/bremen_000044_000019_leftImg8bit.png,0,1035,377,1093,540
709,train/bremen/bremen_000044_000019_leftImg8bit.png,0,1463,349,1536,522
710,train/bremen/bremen_000044_000019_leftImg8bit.png,5,1276,374,1562,629
711,train/bremen/bremen_000044_000019_leftImg8bit.png,0,1799,360,1856,514
712,train/bremen/bremen_000044_000019_leftImg8bit.png,4,1788,432,1917,515
713,train/bremen/bremen_000044_000019_leftImg8bit.png,0,1899,347,1969,534
714,train/bremen/bremen_000231_000019_leftImg8bit.png,1,748,421,825,501
715,train/bremen/bremen_000231_000019_leftImg8bit.png,1,430,429,592,560
716,train/bremen/bremen_000231_000019_leftImg8bit.png,4,49,446,173,574
717,train/bremen/bremen_000231_000019_leftImg8bit.png,4,365,449,426,548
718,train/bremen/bremen_000231_000019_leftImg8bit.png,1,1363,416,1427,491
719,train/bremen/bremen_000231_000019_leftImg8bit.png,1,516,415,785,583
720,train/bremen/bremen_000205_000019_leftImg8bit.png,1,727,430,812,501
721,train/bremen/bremen_000205_000019_leftImg8bit.png,1,732,435,783,509
722,train/bremen/bremen_000205_000019_leftImg8bit.png,1,628,432,754,521
723,train/bremen/bremen_000205_000019_leftImg8bit.png,1,869,428,950,496
724,train/bremen/bremen_000205_000019_leftImg8bit.png,1,381,441,502,556
725,train/bremen/bremen_000205_000019_leftImg8bit.png,1,34,407,387,551
726,train/bremen/bremen_000205_000019_leftImg8bit.png,1,0,410,81,573
727,train/bremen/bremen_000205_000019_leftImg8bit.png,1,0,433,85,740
728,train/bremen/bremen_000205_000019_leftImg8bit.png,1,1188,397,1289,500
729,train/bremen/bremen_000205_000019_leftImg8bit.png,1,1212,414,1291,519
730,train/bremen/bremen_000205_000019_leftImg8bit.png,1,1233,413,1293,544
731,train/bremen/bremen_000241_000019_leftImg8bit.png,1,1160,378,1344,537
732,train/bremen/bremen_000241_000019_leftImg8bit.png,1,688,408,762,490
733,train/bremen/bremen_000241_000019_leftImg8bit.png,1,702,434,761,494
734,train/bremen/bremen_000241_000019_leftImg8bit.png,1,696,436,752,501
735,train/bremen/bremen_000241_000019_leftImg8bit.png,1,646,434,733,514
736,train/bremen/bremen_000241_000019_leftImg8bit.png,1,544,429,685,523
737,train/bremen/bremen_000241_000019_leftImg8bit.png,1,0,408,305,686
738,train/bremen/bremen_000241_000019_leftImg8bit.png,1,934,425,991,479
739,train/bremen/bremen_000241_000019_leftImg8bit.png,1,1000,424,1075,483
740,train/bremen/bremen_000241_000019_leftImg8bit.png,1,1062,424,1167,496
741,train/bremen/bremen_000241_000019_leftImg8bit.png,1,1160,378,1344,537
742,train/bremen/bremen_000241_000019_leftImg8bit.png,1,1209,350,1434,565
743,train/bremen/bremen_000241_000019_leftImg8bit.png,0,1312,385,1385,571
744,train/bremen/bremen_000241_000019_leftImg8bit.png,1,1420,407,1695,683
745,train/bremen/bremen_000280_000019_leftImg8bit.png,1,1162,434,1249,513
746,train/bremen/bremen_000280_000019_leftImg8bit.png,1,1198,453,1267,535
747,train/bremen/bremen_000280_000019_leftImg8bit.png,1,1231,436,1354,577
748,train/bremen/bremen_000280_000019_leftImg8bit.png,1,1310,410,1462,633
749,train/bremen/bremen_000280_000019_leftImg8bit.png,1,1364,387,1889,734
750,train/bremen/bremen_000062_000019_leftImg8bit.png,1,1199,406,1352,486
751,train/bremen/bremen_000062_000019_leftImg8bit.png,1,811,415,883,478
752,train/bremen/bremen_000062_000019_leftImg8bit.png,1,724,401,820,513
753,train/bremen/bremen_000062_000019_leftImg8bit.png,1,670,419,796,526
754,train/bremen/bremen_000176_000019_leftImg8bit.png,4,470,441,546,494
755,train/bremen/bremen_000176_000019_leftImg8bit.png,1,709,404,941,472
756,train/bremen/bremen_000176_000019_leftImg8bit.png,1,1071,408,1183,495
757,train/bremen/bremen_000176_000019_leftImg8bit.png,1,913,391,1098,548
758,train/bremen/bremen_000176_000019_leftImg8bit.png,1,1624,389,1808,462
759,train/bremen/bremen_000176_000019_leftImg8bit.png,0,1587,365,1669,503
760,train/bremen/bremen_000284_000019_leftImg8bit.png,1,453,391,684,518
761,train/bremen/bremen_000284_000019_leftImg8bit.png,1,924,436,1158,540
762,train/bremen/bremen_000284_000019_leftImg8bit.png,1,421,422,629,613
763,train/bremen/bremen_000284_000019_leftImg8bit.png,1,0,338,460,691
764,train/bremen/bremen_000284_000019_leftImg8bit.png,1,1350,435,1429,578
765,train/bremen/bremen_000284_000019_leftImg8bit.png,1,1371,410,1599,605
766,train/bremen/bremen_000284_000019_leftImg8bit.png,1,1450,422,1779,666
767,train/bremen/bremen_000284_000019_leftImg8bit.png,1,1650,380,2048,843
768,train/bremen/bremen_000180_000019_leftImg8bit.png,1,0,378,137,446
769,train/bremen/bremen_000180_000019_leftImg8bit.png,1,1716,417,1811,477
770,train/bremen/bremen_000180_000019_leftImg8bit.png,1,1221,365,1377,507
771,train/bremen/bremen_000180_000019_leftImg8bit.png,1,1300,411,1474,532
772,train/bremen/bremen_000180_000019_leftImg8bit.png,1,1444,404,1700,579
773,train/bremen/bremen_000180_000019_leftImg8bit.png,1,997,409,1140,520
774,train/bremen/bremen_000003_000019_leftImg8bit.png,1,25,443,267,540
775,train/bremen/bremen_000056_000019_leftImg8bit.png,0,169,436,238,582
776,train/bremen/bremen_000056_000019_leftImg8bit.png,0,0,434,62,595
777,train/bremen/bremen_000056_000019_leftImg8bit.png,0,59,425,117,597
778,train/bremen/bremen_000056_000019_leftImg8bit.png,1,653,405,764,505
779,train/bremen/bremen_000056_000019_leftImg8bit.png,0,1598,350,1661,543
780,train/bremen/bremen_000056_000019_leftImg8bit.png,0,1633,343,1736,543
781,train/bremen/bremen_000056_000019_leftImg8bit.png,0,1310,371,1400,526
782,train/bremen/bremen_000056_000019_leftImg8bit.png,4,851,496,907,606
783,train/bremen/bremen_000088_000019_leftImg8bit.png,1,1183,442,1240,496
784,train/bremen/bremen_000088_000019_leftImg8bit.png,1,1156,447,1225,502
785,train/bremen/bremen_000088_000019_leftImg8bit.png,1,1259,397,1413,486
786,train/bremen/bremen_000088_000019_leftImg8bit.png,1,1251,435,1390,521
787,train/bremen/bremen_000088_000019_leftImg8bit.png,1,1324,360,1714,508
788,train/bremen/bremen_000088_000019_leftImg8bit.png,1,1328,371,1658,554
789,train/bremen/bremen_000088_000019_leftImg8bit.png,1,1382,385,1782,547
790,train/bremen/bremen_000088_000019_leftImg8bit.png,1,1446,342,1989,624
791,train/bremen/bremen_000088_000019_leftImg8bit.png,1,1633,325,2048,699
792,train/bremen/bremen_000277_000019_leftImg8bit.png,1,599,405,829,505
793,train/bremen/bremen_000277_000019_leftImg8bit.png,1,430,421,625,562
794,train/bremen/bremen_000277_000019_leftImg8bit.png,1,79,407,448,647
795,train/bremen/bremen_000277_000019_leftImg8bit.png,1,0,388,154,709
796,train/bremen/bremen_000277_000019_leftImg8bit.png,1,1481,407,1599,466
797,train/bremen/bremen_000277_000019_leftImg8bit.png,1,1167,415,1344,485
798,train/bremen/bremen_000277_000019_leftImg8bit.png,1,920,371,1200,606
799,train/bremen/bremen_000277_000019_leftImg8bit.png,1,1540,160,2048,817
800,train/bremen/bremen_000184_000019_leftImg8bit.png,1,536,428,640,501
801,train/bremen/bremen_000184_000019_leftImg8bit.png,1,658,419,767,501
802,train/bremen/bremen_000184_000019_leftImg8bit.png,4,1720,443,1804,569
803,train/bremen/bremen_000037_000019_leftImg8bit.png,4,27,417,118,503
804,train/bremen/bremen_000037_000019_leftImg8bit.png,0,594,359,648,466
805,train/bremen/bremen_000037_000019_leftImg8bit.png,0,1834,334,1911,558
806,train/bremen/bremen_000004_000019_leftImg8bit.png,4,1847,468,1948,560
807,train/bremen/bremen_000004_000019_leftImg8bit.png,1,787,326,1630,988
808,train/bremen/bremen_000046_000019_leftImg8bit.png,1,1312,430,1399,525
809,train/bremen/bremen_000046_000019_leftImg8bit.png,0,1259,409,1324,523
810,train/bremen/bremen_000046_000019_leftImg8bit.png,1,1361,385,1503,538
811,train/bremen/bremen_000046_000019_leftImg8bit.png,1,1450,400,1679,598
812,train/bremen/bremen_000046_000019_leftImg8bit.png,1,1490,420,1818,665
813,train/bremen/bremen_000046_000019_leftImg8bit.png,1,1692,398,2048,830
814,train/bremen/bremen_000154_000019_leftImg8bit.png,1,1039,406,1230,556
815,train/bremen/bremen_000154_000019_leftImg8bit.png,1,885,414,1015,505
816,train/bremen/bremen_000080_000019_leftImg8bit.png,1,348,442,453,506
817,train/bremen/bremen_000080_000019_leftImg8bit.png,1,431,445,516,500
818,train/bremen/bremen_000080_000019_leftImg8bit.png,1,475,447,599,501
819,train/bremen/bremen_000080_000019_leftImg8bit.png,1,598,445,676,501
820,train/bremen/bremen_000080_000019_leftImg8bit.png,1,640,443,769,513
821,train/bremen/bremen_000080_000019_leftImg8bit.png,1,749,446,820,512
822,train/bremen/bremen_000080_000019_leftImg8bit.png,1,784,442,838,513
823,train/bremen/bremen_000080_000019_leftImg8bit.png,1,807,427,863,507
824,train/bremen/bremen_000080_000019_leftImg8bit.png,1,834,421,1099,523
825,train/bremen/bremen_000080_000019_leftImg8bit.png,1,834,443,1081,528
826,train/bremen/bremen_000080_000019_leftImg8bit.png,1,851,434,1012,551
827,train/bremen/bremen_000080_000019_leftImg8bit.png,4,1264,426,1316,480
828,train/bremen/bremen_000080_000019_leftImg8bit.png,4,1418,428,1484,484
829,train/bremen/bremen_000080_000019_leftImg8bit.png,4,1657,454,1876,600
830,train/bremen/bremen_000138_000019_leftImg8bit.png,4,325,427,445,499
831,train/bremen/bremen_000138_000019_leftImg8bit.png,0,902,378,957,499
832,train/bremen/bremen_000138_000019_leftImg8bit.png,1,578,395,936,531
833,train/bremen/bremen_000028_000019_leftImg8bit.png,4,970,475,1072,536
834,train/bremen/bremen_000028_000019_leftImg8bit.png,0,573,386,638,543
835,train/bremen/bremen_000155_000019_leftImg8bit.png,1,1102,426,1206,496
836,train/bremen/bremen_000155_000019_leftImg8bit.png,1,927,420,1003,499
837,train/bremen/bremen_000155_000019_leftImg8bit.png,1,1332,410,1537,555
838,train/bremen/bremen_000155_000019_leftImg8bit.png,1,963,409,1123,536
839,train/bremen/bremen_000155_000019_leftImg8bit.png,1,827,419,893,471
840,train/bremen/bremen_000182_000019_leftImg8bit.png,1,1183,376,1269,444
841,train/bremen/bremen_000182_000019_leftImg8bit.png,1,750,376,857,443
842,train/bremen/bremen_000182_000019_leftImg8bit.png,1,739,383,796,460
843,train/bremen/bremen_000182_000019_leftImg8bit.png,1,1052,358,1106,411
844,train/bremen/bremen_000208_000019_leftImg8bit.png,1,575,417,669,524
845,train/bremen/bremen_000208_000019_leftImg8bit.png,1,421,413,616,547
846,train/bremen/bremen_000208_000019_leftImg8bit.png,1,0,404,335,619
847,train/bremen/bremen_000208_000019_leftImg8bit.png,1,0,494,62,674
848,train/bremen/bremen_000208_000019_leftImg8bit.png,1,1163,407,1235,479
849,train/bremen/bremen_000208_000019_leftImg8bit.png,1,1183,414,1247,481
850,train/bremen/bremen_000208_000019_leftImg8bit.png,1,1191,415,1296,495
851,train/bremen/bremen_000208_000019_leftImg8bit.png,1,1619,380,1803,510
852,train/bremen/bremen_000208_000019_leftImg8bit.png,0,1626,362,1715,545
853,train/bremen/bremen_000228_000019_leftImg8bit.png,1,886,414,950,476
854,train/bremen/bremen_000228_000019_leftImg8bit.png,1,775,417,886,510
855,train/bremen/bremen_000228_000019_leftImg8bit.png,4,276,444,340,541
856,train/bremen/bremen_000228_000019_leftImg8bit.png,1,665,424,764,558
857,train/bremen/bremen_000228_000019_leftImg8bit.png,1,418,382,690,613
858,train/bremen/bremen_000228_000019_leftImg8bit.png,1,1161,423,1230,505
859,train/bremen/bremen_000228_000019_leftImg8bit.png,1,1209,379,1370,533
860,train/bremen/bremen_000228_000019_leftImg8bit.png,1,1276,402,1462,576
861,train/bremen/bremen_000228_000019_leftImg8bit.png,1,1367,388,1755,639
862,train/bremen/bremen_000005_000019_leftImg8bit.png,1,1042,429,1100,484
863,train/bremen/bremen_000005_000019_leftImg8bit.png,1,1136,423,1189,481
864,train/bremen/bremen_000005_000019_leftImg8bit.png,1,1168,425,1237,492
865,train/bremen/bremen_000005_000019_leftImg8bit.png,1,1209,421,1261,504
866,train/bremen/bremen_000005_000019_leftImg8bit.png,1,1234,409,1374,513
867,train/bremen/bremen_000005_000019_leftImg8bit.png,4,1837,452,2048,626
868,train/bremen/bremen_000005_000019_leftImg8bit.png,1,678,428,769,497
869,train/bremen/bremen_000005_000019_leftImg8bit.png,1,753,424,859,509
870,train/bremen/bremen_000005_000019_leftImg8bit.png,1,844,410,1059,583
871,train/bremen/bremen_000005_000019_leftImg8bit.png,1,0,361,369,948
872,train/bremen/bremen_000285_000019_leftImg8bit.png,1,694,406,890,518
873,train/bremen/bremen_000285_000019_leftImg8bit.png,1,935,395,1086,490
874,train/bremen/bremen_000285_000019_leftImg8bit.png,1,1101,398,1358,478
875,train/bremen/bremen_000285_000019_leftImg8bit.png,4,963,440,1025,511
876,train/bremen/bremen_000285_000019_leftImg8bit.png,4,1078,424,1195,541
877,train/bremen/bremen_000285_000019_leftImg8bit.png,4,1062,428,1152,545
878,train/bremen/bremen_000285_000019_leftImg8bit.png,4,1224,428,1281,540
879,train/bremen/bremen_000120_000019_leftImg8bit.png,1,1360,395,1467,501
880,train/bremen/bremen_000120_000019_leftImg8bit.png,4,1923,383,1995,496
881,train/bremen/bremen_000120_000019_leftImg8bit.png,0,1883,347,1952,498
882,train/bremen/bremen_000023_000019_leftImg8bit.png,0,987,338,1056,549
883,train/bremen/bremen_000023_000019_leftImg8bit.png,0,920,422,974,543
884,train/bremen/bremen_000023_000019_leftImg8bit.png,0,950,334,1026,551
885,train/bremen/bremen_000023_000019_leftImg8bit.png,0,808,412,863,539
886,train/bremen/bremen_000023_000019_leftImg8bit.png,0,850,335,933,544
887,train/bremen/bremen_000023_000019_leftImg8bit.png,0,1283,360,1339,490
888,train/bremen/bremen_000000_000019_leftImg8bit.png,1,1610,370,1701,452
889,train/bremen/bremen_000000_000019_leftImg8bit.png,1,1510,377,1579,435
890,train/bremen/bremen_000000_000019_leftImg8bit.png,1,1285,323,1477,508
891,train/bremen/bremen_000000_000019_leftImg8bit.png,1,1098,409,1220,483
892,train/bremen/bremen_000000_000019_leftImg8bit.png,4,389,466,478,561
893,train/bremen/bremen_000283_000019_leftImg8bit.png,1,829,417,917,488
894,train/bremen/bremen_000283_000019_leftImg8bit.png,1,730,405,843,519
895,train/bremen/bremen_000283_000019_leftImg8bit.png,1,585,407,777,543
896,train/bremen/bremen_000283_000019_leftImg8bit.png,4,719,410,789,584
897,train/bremen/bremen_000283_000019_leftImg8bit.png,1,107,300,607,661
898,train/bremen/bremen_000283_000019_leftImg8bit.png,4,1941,411,2048,525
899,train/bremen/bremen_000060_000019_leftImg8bit.png,1,1413,399,1515,475
900,train/bremen/bremen_000060_000019_leftImg8bit.png,1,1483,401,1551,489
901,train/bremen/bremen_000060_000019_leftImg8bit.png,4,1795,440,1861,529
902,train/bremen/bremen_000060_000019_leftImg8bit.png,1,548,419,653,475
903,train/bremen/bremen_000060_000019_leftImg8bit.png,1,1205,412,1313,495
904,train/bremen/bremen_000069_000019_leftImg8bit.png,0,1452,393,1507,496
905,train/bremen/bremen_000069_000019_leftImg8bit.png,4,1651,409,1847,675
906,train/bremen/bremen_000069_000019_leftImg8bit.png,1,1127,416,1255,507
907,train/bremen/bremen_000069_000019_leftImg8bit.png,1,930,427,991,494
908,train/bremen/bremen_000069_000019_leftImg8bit.png,1,953,419,1078,514
909,train/bremen/bremen_000069_000019_leftImg8bit.png,2,452,419,530,471
910,train/bremen/bremen_000069_000019_leftImg8bit.png,1,766,427,846,480
911,train/bremen/bremen_000069_000019_leftImg8bit.png,1,694,425,782,485
912,train/bremen/bremen_000069_000019_leftImg8bit.png,1,1742,277,2048,895
913,train/bremen/bremen_000282_000019_leftImg8bit.png,1,718,430,790,500
914,train/bremen/bremen_000282_000019_leftImg8bit.png,1,763,412,921,533
915,train/bremen/bremen_000282_000019_leftImg8bit.png,1,480,413,764,611
916,train/bremen/bremen_000282_000019_leftImg8bit.png,1,0,383,511,835
917,train/bremen/bremen_000282_000019_leftImg8bit.png,1,1050,422,1158,503
918,train/bremen/bremen_000282_000019_leftImg8bit.png,1,1730,324,2048,769
919,train/bremen/bremen_000257_000019_leftImg8bit.png,1,762,417,848,481
920,train/bremen/bremen_000257_000019_leftImg8bit.png,1,873,414,928,493
921,train/bremen/bremen_000257_000019_leftImg8bit.png,1,889,408,1039,535
922,train/bremen/bremen_000257_000019_leftImg8bit.png,1,1059,415,1204,520
923,train/bremen/bremen_000257_000019_leftImg8bit.png,0,1442,386,1617,603
924,train/bremen/bremen_000257_000019_leftImg8bit.png,0,1792,350,1870,550
925,train/bremen/bremen_000257_000019_leftImg8bit.png,0,1876,356,1978,550
926,train/bremen/bremen_000257_000019_leftImg8bit.png,0,1994,324,2048,576
927,train/bremen/bremen_000257_000019_leftImg8bit.png,1,589,418,667,472
928,train/bremen/bremen_000257_000019_leftImg8bit.png,1,495,414,597,487
929,train/bremen/bremen_000257_000019_leftImg8bit.png,1,109,409,258,461
930,train/bremen/bremen_000257_000019_leftImg8bit.png,4,192,432,254,490
931,train/bremen/bremen_000257_000019_leftImg8bit.png,1,241,422,360,501
932,train/bremen/bremen_000257_000019_leftImg8bit.png,1,333,416,469,511
933,train/bremen/bremen_000257_000019_leftImg8bit.png,1,0,292,82,667
934,train/bremen/bremen_000073_000019_leftImg8bit.png,1,1368,301,1684,473
935,train/bremen/bremen_000073_000019_leftImg8bit.png,0,500,339,592,606
936,train/bremen/bremen_000073_000019_leftImg8bit.png,4,387,423,698,617
937,train/bremen/bremen_000073_000019_leftImg8bit.png,0,455,350,617,628
938,train/bremen/bremen_000130_000019_leftImg8bit.png,1,934,414,1042,499
939,train/bremen/bremen_000130_000019_leftImg8bit.png,1,1097,420,1212,500
940,train/bremen/bremen_000130_000019_leftImg8bit.png,1,765,357,889,503
941,train/bremen/bremen_000130_000019_leftImg8bit.png,1,496,353,769,594
942,train/bremen/bremen_000130_000019_leftImg8bit.png,1,1349,405,1677,624
943,train/bremen/bremen_000064_000019_leftImg8bit.png,1,726,437,789,497
944,train/bremen/bremen_000064_000019_leftImg8bit.png,1,1013,387,1151,567
945,train/bremen/bremen_000064_000019_leftImg8bit.png,1,753,380,1090,616
946,train/bremen/bremen_000302_000019_leftImg8bit.png,4,0,456,96,583
947,train/bremen/bremen_000302_000019_leftImg8bit.png,0,1457,386,1509,561
948,train/bremen/bremen_000302_000019_leftImg8bit.png,0,1525,375,1604,561
949,train/bremen/bremen_000302_000019_leftImg8bit.png,1,1029,393,1238,578
950,train/bremen/bremen_000094_000019_leftImg8bit.png,1,1183,387,1238,441
951,train/bremen/bremen_000094_000019_leftImg8bit.png,1,1190,393,1256,449
952,train/bremen/bremen_000094_000019_leftImg8bit.png,4,1860,405,1997,561
953,train/bremen/bremen_000094_000019_leftImg8bit.png,1,1089,395,1159,451
954,train/bremen/bremen_000019_000019_leftImg8bit.png,1,935,421,1000,477
955,train/bremen/bremen_000019_000019_leftImg8bit.png,1,845,425,935,491
956,train/bremen/bremen_000019_000019_leftImg8bit.png,1,657,411,773,509
957,train/bremen/bremen_000019_000019_leftImg8bit.png,1,438,427,573,530
958,train/bremen/bremen_000075_000019_leftImg8bit.png,0,1700,374,1758,525
959,train/bremen/bremen_000222_000019_leftImg8bit.png,1,956,424,1010,475
960,train/bremen/bremen_000222_000019_leftImg8bit.png,1,886,421,974,490
961,train/bremen/bremen_000222_000019_leftImg8bit.png,1,686,421,798,501
962,train/bremen/bremen_000222_000019_leftImg8bit.png,1,224,432,391,524
963,train/bremen/bremen_000222_000019_leftImg8bit.png,1,231,446,302,514
964,train/bremen/bremen_000222_000019_leftImg8bit.png,1,0,393,279,676
965,train/bremen/bremen_000222_000019_leftImg8bit.png,1,1160,404,1243,482
966,train/bremen/bremen_000222_000019_leftImg8bit.png,1,1172,417,1232,485
967,train/bremen/bremen_000222_000019_leftImg8bit.png,1,1186,416,1295,493
968,train/bremen/bremen_000222_000019_leftImg8bit.png,1,1395,353,1745,622
969,train/bremen/bremen_000222_000019_leftImg8bit.png,1,1616,296,2048,755
970,train/bremen/bremen_000114_000019_leftImg8bit.png,4,136,448,238,553
971,train/bremen/bremen_000114_000019_leftImg8bit.png,1,917,415,981,480
972,train/bremen/bremen_000114_000019_leftImg8bit.png,1,824,418,933,505
973,train/bremen/bremen_000114_000019_leftImg8bit.png,1,961,406,1172,575
974,train/bremen/bremen_000114_000019_leftImg8bit.png,1,595,385,835,564
975,train/bremen/bremen_000018_000019_leftImg8bit.png,3,1253,396,1332,459
976,train/bremen/bremen_000018_000019_leftImg8bit.png,1,1247,438,1316,523
977,train/bremen/bremen_000018_000019_leftImg8bit.png,1,1281,428,1405,546
978,train/bremen/bremen_000018_000019_leftImg8bit.png,1,1317,432,1427,567
979,train/bremen/bremen_000018_000019_leftImg8bit.png,1,1368,420,1587,598
980,train/bremen/bremen_000018_000019_leftImg8bit.png,1,1451,421,1698,659
981,train/bremen/bremen_000018_000019_leftImg8bit.png,1,1582,396,2048,772
982,train/bremen/bremen_000018_000019_leftImg8bit.png,1,1894,519,2048,871
983,train/bremen/bremen_000148_000019_leftImg8bit.png,4,837,440,1013,559
984,train/bremen/bremen_000148_000019_leftImg8bit.png,4,985,442,1183,572
985,train/bremen/bremen_000304_000019_leftImg8bit.png,1,674,426,781,501
986,train/bremen/bremen_000304_000019_leftImg8bit.png,4,51,453,128,508
987,train/bremen/bremen_000304_000019_leftImg8bit.png,1,299,422,568,520
988,train/bremen/bremen_000304_000019_leftImg8bit.png,1,1928,239,2048,830
989,train/bremen/bremen_000304_000019_leftImg8bit.png,1,817,413,934,504
990,train/bremen/bremen_000304_000019_leftImg8bit.png,1,1003,378,1167,528
991,train/bremen/bremen_000084_000019_leftImg8bit.png,4,1247,369,1332,452
992,train/bremen/bremen_000084_000019_leftImg8bit.png,4,1364,370,1469,446
993,train/bremen/bremen_000084_000019_leftImg8bit.png,1,1700,262,2048,532
994,train/bremen/bremen_000084_000019_leftImg8bit.png,0,1033,288,1110,565
995,train/bremen/bremen_000084_000019_leftImg8bit.png,0,1080,296,1183,588
996,train/bremen/bremen_000084_000019_leftImg8bit.png,0,1383,394,1477,601
997,train/bremen/bremen_000084_000019_leftImg8bit.png,4,549,429,600,572
998,train/bremen/bremen_000084_000019_leftImg8bit.png,4,464,443,535,590
999,train/bremen/bremen_000084_000019_leftImg8bit.png,5,128,408,287,632
1000,train/bremen/bremen_000059_000019_leftImg8bit.png,1,1266,452,1405,512
1001,train/bremen/bremen_000059_000019_leftImg8bit.png,1,1455,450,1605,517
1002,train/bremen/bremen_000059_000019_leftImg8bit.png,1,1357,462,1508,520
1003,train/bremen/bremen_000059_000019_leftImg8bit.png,1,1548,467,1668,523
1004,train/bremen/bremen_000059_000019_leftImg8bit.png,1,1602,474,1749,528
1005,train/bremen/bremen_000059_000019_leftImg8bit.png,1,13,394,82,448
1006,train/bremen/bremen_000059_000019_leftImg8bit.png,1,1666,339,2048,826
1007,train/bremen/bremen_000098_000019_leftImg8bit.png,1,1015,409,1110,478
1008,train/bremen/bremen_000098_000019_leftImg8bit.png,1,1086,404,1171,489
1009,train/bremen/bremen_000098_000019_leftImg8bit.png,1,1043,414,1164,509
1010,train/bremen/bremen_000098_000019_leftImg8bit.png,0,337,374,401,466
1011,train/bremen/bremen_000098_000019_leftImg8bit.png,0,264,357,315,512
1012,train/bremen/bremen_000098_000019_leftImg8bit.png,0,282,416,349,514
1013,train/bremen/bremen_000098_000019_leftImg8bit.png,0,105,361,182,557
1014,train/bremen/bremen_000098_000019_leftImg8bit.png,0,59,424,123,556
1015,train/bremen/bremen_000098_000019_leftImg8bit.png,1,806,408,889,481
1016,train/bremen/bremen_000098_000019_leftImg8bit.png,1,754,405,837,494
1017,train/bremen/bremen_000098_000019_leftImg8bit.png,1,840,415,971,502
1018,train/bremen/bremen_000098_000019_leftImg8bit.png,1,654,405,821,561
1019,train/bremen/bremen_000098_000019_leftImg8bit.png,1,295,368,710,641
1020,train/bremen/bremen_000098_000019_leftImg8bit.png,1,1261,366,1370,470
1021,train/bremen/bremen_000098_000019_leftImg8bit.png,1,1238,383,1343,491
1022,train/bremen/bremen_000098_000019_leftImg8bit.png,0,1593,353,1654,536
1023,train/bremen/bremen_000098_000019_leftImg8bit.png,0,1656,365,1713,536
1024,train/bremen/bremen_000098_000019_leftImg8bit.png,5,1289,412,1354,522
1025,train/bremen/bremen_000063_000019_leftImg8bit.png,1,946,397,1043,505
1026,train/bremen/bremen_000063_000019_leftImg8bit.png,1,879,411,963,538
1027,train/bremen/bremen_000063_000019_leftImg8bit.png,1,760,412,917,553
1028,train/bremen/bremen_000063_000019_leftImg8bit.png,0,786,400,862,602
1029,train/bremen/bremen_000063_000019_leftImg8bit.png,1,381,359,779,650
1030,train/bremen/bremen_000063_000019_leftImg8bit.png,1,1356,367,1687,644
1031,train/bremen/bremen_000002_000019_leftImg8bit.png,0,96,411,164,524
1032,train/bremen/bremen_000136_000019_leftImg8bit.png,1,1178,400,1266,485
1033,train/bremen/bremen_000136_000019_leftImg8bit.png,1,1199,404,1316,499
1034,train/bremen/bremen_000136_000019_leftImg8bit.png,1,1285,392,1478,533
1035,train/bremen/bremen_000136_000019_leftImg8bit.png,1,846,424,909,477
1036,train/bremen/bremen_000136_000019_leftImg8bit.png,1,813,424,865,486
1037,train/bremen/bremen_000136_000019_leftImg8bit.png,1,789,426,842,494
1038,train/bremen/bremen_000136_000019_leftImg8bit.png,1,746,423,829,502
1039,train/bremen/bremen_000136_000019_leftImg8bit.png,1,676,423,792,511
1040,train/bremen/bremen_000136_000019_leftImg8bit.png,1,523,423,705,541
1041,train/bremen/bremen_000136_000019_leftImg8bit.png,1,357,432,616,587
1042,train/bremen/bremen_000136_000019_leftImg8bit.png,1,0,409,319,658
1043,train/bremen/bremen_000136_000019_leftImg8bit.png,1,0,541,57,722
1044,train/bremen/bremen_000136_000019_leftImg8bit.png,1,1485,384,1697,468
1045,train/bremen/bremen_000194_000019_leftImg8bit.png,1,751,428,808,485
1046,train/bremen/bremen_000194_000019_leftImg8bit.png,1,605,450,707,511
1047,train/bremen/bremen_000194_000019_leftImg8bit.png,1,475,451,582,514
1048,train/bremen/bremen_000194_000019_leftImg8bit.png,1,264,431,435,545
1049,train/bremen/bremen_000194_000019_leftImg8bit.png,1,1139,392,1479,664
1050,train/bremen/bremen_000193_000019_leftImg8bit.png,1,835,433,934,499
1051,train/bremen/bremen_000193_000019_leftImg8bit.png,1,287,433,513,547
1052,train/bremen/bremen_000193_000019_leftImg8bit.png,1,56,421,306,570
1053,train/bremen/bremen_000193_000019_leftImg8bit.png,1,502,423,705,547
1054,train/bremen/bremen_000193_000019_leftImg8bit.png,1,1121,407,1315,564
1055,train/bremen/bremen_000193_000019_leftImg8bit.png,1,1494,411,1706,557
1056,train/bremen/bremen_000193_000019_leftImg8bit.png,1,1364,427,1448,493
1057,train/bremen/bremen_000137_000019_leftImg8bit.png,1,793,433,851,501
1058,train/bremen/bremen_000137_000019_leftImg8bit.png,1,705,429,821,513
1059,train/bremen/bremen_000137_000019_leftImg8bit.png,1,127,436,216,495
1060,train/bremen/bremen_000137_000019_leftImg8bit.png,1,560,422,687,538
1061,train/bremen/bremen_000137_000019_leftImg8bit.png,1,440,429,637,559
1062,train/bremen/bremen_000137_000019_leftImg8bit.png,1,0,422,166,543
1063,train/bremen/bremen_000137_000019_leftImg8bit.png,1,148,429,343,580
1064,train/bremen/bremen_000137_000019_leftImg8bit.png,1,207,426,525,606
1065,train/bremen/bremen_000290_000019_leftImg8bit.png,1,0,463,136,520
1066,train/bremen/bremen_000290_000019_leftImg8bit.png,1,476,444,618,498
1067,train/bremen/bremen_000078_000019_leftImg8bit.png,3,1464,403,1656,460
1068,train/bremen/bremen_000078_000019_leftImg8bit.png,1,1447,420,1526,472
1069,train/bremen/bremen_000078_000019_leftImg8bit.png,1,1310,425,1425,476
1070,train/bremen/bremen_000078_000019_leftImg8bit.png,4,1079,449,1274,574
1071,train/bremen/bremen_000078_000019_leftImg8bit.png,1,0,492,288,951
1072,train/bremen/bremen_000189_000019_leftImg8bit.png,1,1338,420,1404,496
1073,train/bremen/bremen_000189_000019_leftImg8bit.png,1,1362,401,1432,507
1074,train/bremen/bremen_000189_000019_leftImg8bit.png,1,1387,403,1539,527
1075,train/bremen/bremen_000189_000019_leftImg8bit.png,1,1567,406,1970,674
1076,train/bremen/bremen_000189_000019_leftImg8bit.png,1,1803,370,2048,851
1077,train/bremen/bremen_000278_000019_leftImg8bit.png,1,843,399,898,450
1078,train/bremen/bremen_000278_000019_leftImg8bit.png,1,811,397,863,454
1079,train/bremen/bremen_000278_000019_leftImg8bit.png,1,726,387,842,455
1080,train/bremen/bremen_000278_000019_leftImg8bit.png,1,674,418,741,521
1081,train/bremen/bremen_000278_000019_leftImg8bit.png,1,505,371,730,610
1082,train/bremen/bremen_000278_000019_leftImg8bit.png,1,141,353,587,717
1083,train/bremen/bremen_000278_000019_leftImg8bit.png,1,0,315,263,818
1084,train/bremen/bremen_000278_000019_leftImg8bit.png,1,1147,398,1215,465
1085,train/bremen/bremen_000278_000019_leftImg8bit.png,1,1546,358,1641,496
1086,train/bremen/bremen_000278_000019_leftImg8bit.png,1,1197,393,1292,492
1087,train/bremen/bremen_000278_000019_leftImg8bit.png,1,1243,382,1417,520
1088,train/bremen/bremen_000278_000019_leftImg8bit.png,1,1048,388,1140,484
1089,train/bremen/bremen_000278_000019_leftImg8bit.png,1,1345,363,1638,580
1090,train/bremen/bremen_000278_000019_leftImg8bit.png,1,1706,221,2048,868
1091,train/bremen/bremen_000303_000019_leftImg8bit.png,1,0,376,264,450
1092,train/bremen/bremen_000303_000019_leftImg8bit.png,4,535,470,591,541
1093,train/bremen/bremen_000303_000019_leftImg8bit.png,1,1033,408,1180,538
1094,train/bremen/bremen_000303_000019_leftImg8bit.png,4,1455,464,1510,639
1095,train/bremen/bremen_000303_000019_leftImg8bit.png,4,1533,495,1617,624
1096,train/bremen/bremen_000173_000019_leftImg8bit.png,1,442,433,569,503
1097,train/bremen/bremen_000173_000019_leftImg8bit.png,1,642,426,712,478
1098,train/bremen/bremen_000173_000019_leftImg8bit.png,1,1005,410,1125,508
1099,train/bremen/bremen_000173_000019_leftImg8bit.png,1,1184,406,1322,510
1100,train/bremen/bremen_000173_000019_leftImg8bit.png,1,1618,0,2048,758
1101,train/bremen/bremen_000007_000019_leftImg8bit.png,1,685,413,789,480
1102,train/bremen/bremen_000007_000019_leftImg8bit.png,1,0,0,733,831
1103,train/bremen/bremen_000007_000019_leftImg8bit.png,1,1262,417,1352,481
1104,train/bremen/bremen_000007_000019_leftImg8bit.png,1,1091,405,1245,535
1105,train/bremen/bremen_000007_000019_leftImg8bit.png,1,1964,626,2048,1024
1106,train/bremen/bremen_000007_000019_leftImg8bit.png,0,1580,387,1631,501
1107,train/bremen/bremen_000170_000019_leftImg8bit.png,1,546,416,651,488
1108,train/bremen/bremen_000170_000019_leftImg8bit.png,1,335,409,491,511
1109,train/bremen/bremen_000001_000019_leftImg8bit.png,1,703,413,811,518
1110,train/bremen/bremen_000001_000019_leftImg8bit.png,1,594,414,734,538
1111,train/bremen/bremen_000001_000019_leftImg8bit.png,1,48,381,672,767
1112,train/bremen/bremen_000175_000019_leftImg8bit.png,1,26,437,238,539
1113,train/bremen/bremen_000175_000019_leftImg8bit.png,1,648,437,710,488
1114,train/bremen/bremen_000175_000019_leftImg8bit.png,1,536,445,605,496
1115,train/bremen/bremen_000175_000019_leftImg8bit.png,1,579,439,667,498
1116,train/bremen/bremen_000175_000019_leftImg8bit.png,1,425,439,521,507
1117,train/bremen/bremen_000175_000019_leftImg8bit.png,1,1032,431,1096,487
1118,train/bremen/bremen_000175_000019_leftImg8bit.png,1,1931,418,2034,487
1119,train/bremen/bremen_000175_000019_leftImg8bit.png,1,1949,437,2048,519
1120,train/bremen/bremen_000175_000019_leftImg8bit.png,1,1653,421,1820,494
1121,train/bremen/bremen_000175_000019_leftImg8bit.png,4,1719,446,1879,570
1122,train/bremen/bremen_000175_000019_leftImg8bit.png,4,1552,450,1634,585
1123,train/bremen/bremen_000175_000019_leftImg8bit.png,4,1617,443,1707,601
1124,train/bremen/bremen_000175_000019_leftImg8bit.png,4,1672,479,1869,628
1125,train/bremen/bremen_000175_000019_leftImg8bit.png,1,1245,413,1314,472
1126,train/bremen/bremen_000082_000019_leftImg8bit.png,4,1627,432,1756,546
1127,train/bremen/bremen_000082_000019_leftImg8bit.png,0,1393,374,1448,499
1128,train/bremen/bremen_000082_000019_leftImg8bit.png,1,363,407,508,523
1129,train/bremen/bremen_000082_000019_leftImg8bit.png,1,483,316,1222,892
1130,train/bremen/bremen_000091_000019_leftImg8bit.png,1,1140,372,1219,456
1131,train/bremen/bremen_000091_000019_leftImg8bit.png,1,1155,408,1228,471
1132,train/bremen/bremen_000091_000019_leftImg8bit.png,1,1195,416,1252,484
1133,train/bremen/bremen_000091_000019_leftImg8bit.png,1,1219,410,1298,495
1134,train/bremen/bremen_000091_000019_leftImg8bit.png,1,1256,408,1341,504
1135,train/bremen/bremen_000091_000019_leftImg8bit.png,1,1299,399,1466,518
1136,train/bremen/bremen_000091_000019_leftImg8bit.png,1,1014,409,1167,524
1137,train/bremen/bremen_000311_000019_leftImg8bit.png,2,1162,314,1287,401
1138,train/bremen/bremen_000311_000019_leftImg8bit.png,1,1133,321,1249,484
1139,train/bremen/bremen_000311_000019_leftImg8bit.png,1,1168,381,1319,508
1140,train/bremen/bremen_000274_000019_leftImg8bit.png,1,593,305,655,367
1141,train/bremen/bremen_000274_000019_leftImg8bit.png,1,448,265,561,389
1142,train/bremen/bremen_000274_000019_leftImg8bit.png,1,347,268,538,431
1143,train/bremen/bremen_000274_000019_leftImg8bit.png,1,0,263,385,498
1144,train/bremen/bremen_000274_000019_leftImg8bit.png,1,867,288,1006,360
1145,train/bremen/bremen_000274_000019_leftImg8bit.png,1,867,303,1003,398
1146,train/bremen/bremen_000274_000019_leftImg8bit.png,1,931,308,1023,407
1147,train/bremen/bremen_000274_000019_leftImg8bit.png,1,974,282,1177,427
1148,train/bremen/bremen_000274_000019_leftImg8bit.png,1,1094,298,1275,443
1149,train/bremen/bremen_000274_000019_leftImg8bit.png,1,1129,299,1292,434
1150,train/bremen/bremen_000274_000019_leftImg8bit.png,1,1137,351,1271,475
1151,train/bremen/bremen_000274_000019_leftImg8bit.png,1,1220,279,1400,527
1152,train/bremen/bremen_000274_000019_leftImg8bit.png,1,1289,258,1727,581
1153,train/bremen/bremen_000274_000019_leftImg8bit.png,1,1533,266,1926,679
1154,train/bremen/bremen_000274_000019_leftImg8bit.png,1,1708,183,2048,847
1155,train/bremen/bremen_000274_000019_leftImg8bit.png,1,1896,411,2048,1024
1156,train/bremen/bremen_000105_000019_leftImg8bit.png,1,541,439,606,496
1157,train/bremen/bremen_000105_000019_leftImg8bit.png,1,463,439,540,507
1158,train/bremen/bremen_000105_000019_leftImg8bit.png,1,145,449,260,550
1159,train/bremen/bremen_000105_000019_leftImg8bit.png,1,0,434,121,561
1160,train/bremen/bremen_000105_000019_leftImg8bit.png,1,220,425,505,588
1161,train/bremen/bremen_000105_000019_leftImg8bit.png,4,150,464,241,617
1162,train/bremen/bremen_000105_000019_leftImg8bit.png,1,838,430,894,484
1163,train/bremen/bremen_000105_000019_leftImg8bit.png,1,930,407,1034,495
1164,train/bremen/bremen_000105_000019_leftImg8bit.png,1,986,417,1084,505
1165,train/bremen/bremen_000105_000019_leftImg8bit.png,0,1337,382,1393,490
1166,train/bremen/bremen_000105_000019_leftImg8bit.png,4,1320,434,1481,535
1167,train/bremen/bremen_000061_000019_leftImg8bit.png,1,1193,376,1294,427
1168,train/bremen/bremen_000061_000019_leftImg8bit.png,1,985,373,1145,442
1169,train/bremen/bremen_000061_000019_leftImg8bit.png,1,339,393,566,485
1170,train/bremen/bremen_000061_000019_leftImg8bit.png,1,802,380,1010,484
1171,train/bremen/bremen_000061_000019_leftImg8bit.png,1,522,376,837,505
1172,train/bremen/bremen_000061_000019_leftImg8bit.png,1,1760,334,1869,404
1173,train/bremen/bremen_000061_000019_leftImg8bit.png,1,1535,306,1810,533
1174,train/bremen/bremen_000179_000019_leftImg8bit.png,1,270,402,378,477
1175,train/bremen/bremen_000179_000019_leftImg8bit.png,1,0,378,375,585
1176,train/bremen/bremen_000179_000019_leftImg8bit.png,1,1240,427,1292,479
1177,train/bremen/bremen_000179_000019_leftImg8bit.png,1,1268,425,1335,488
1178,train/bremen/bremen_000179_000019_leftImg8bit.png,1,1306,428,1396,498
1179,train/bremen/bremen_000179_000019_leftImg8bit.png,1,1625,424,1803,577
1180,train/bremen/bremen_000179_000019_leftImg8bit.png,1,1364,424,1419,494
1181,train/bremen/bremen_000179_000019_leftImg8bit.png,1,1335,415,1701,652
1182,train/bremen/bremen_000179_000019_leftImg8bit.png,1,980,422,1109,524
1183,train/bremen/bremen_000096_000019_leftImg8bit.png,1,864,390,950,459
1184,train/bremen/bremen_000096_000019_leftImg8bit.png,1,861,400,936,464
1185,train/bremen/bremen_000096_000019_leftImg8bit.png,1,850,403,922,473
1186,train/bremen/bremen_000096_000019_leftImg8bit.png,1,803,381,879,499
1187,train/bremen/bremen_000096_000019_leftImg8bit.png,1,681,370,846,519
1188,train/bremen/bremen_000096_000019_leftImg8bit.png,1,174,332,540,579
1189,train/bremen/bremen_000096_000019_leftImg8bit.png,1,0,381,352,708
1190,train/bremen/bremen_000289_000019_leftImg8bit.png,4,0,435,198,608
1191,train/bremen/bremen_000289_000019_leftImg8bit.png,1,664,431,772,503
1192,train/bremen/bremen_000289_000019_leftImg8bit.png,1,564,420,681,529
1193,train/bremen/bremen_000289_000019_leftImg8bit.png,1,469,420,621,550
1194,train/bremen/bremen_000289_000019_leftImg8bit.png,1,211,407,524,586
1195,train/bremen/bremen_000289_000019_leftImg8bit.png,1,1210,412,1321,543
1196,train/bremen/bremen_000289_000019_leftImg8bit.png,1,1265,394,1458,584
1197,train/bremen/bremen_000289_000019_leftImg8bit.png,1,1391,348,1787,673
1198,train/bremen/bremen_000289_000019_leftImg8bit.png,1,1609,342,2048,927
1199,train/bremen/bremen_000048_000019_leftImg8bit.png,0,1924,298,2048,773
1200,train/bremen/bremen_000048_000019_leftImg8bit.png,1,1345,539,1403,593
1201,train/bremen/bremen_000048_000019_leftImg8bit.png,1,1311,537,1375,608
1202,train/bremen/bremen_000048_000019_leftImg8bit.png,1,1298,540,1357,619
1203,train/bremen/bremen_000048_000019_leftImg8bit.png,1,1184,537,1335,625
1204,train/bremen/bremen_000048_000019_leftImg8bit.png,1,1436,543,1535,623
1205,train/bremen/bremen_000201_000019_leftImg8bit.png,1,1453,404,1510,472
1206,train/bremen/bremen_000201_000019_leftImg8bit.png,1,1452,434,1528,510
1207,train/bremen/bremen_000201_000019_leftImg8bit.png,1,1454,438,1566,530
1208,train/bremen/bremen_000201_000019_leftImg8bit.png,1,1100,435,1202,491
1209,train/bremen/bremen_000201_000019_leftImg8bit.png,1,1110,445,1184,500
1210,train/bremen/bremen_000201_000019_leftImg8bit.png,1,1059,446,1151,503
1211,train/bremen/bremen_000201_000019_leftImg8bit.png,1,987,447,1114,502
1212,train/bremen/bremen_000201_000019_leftImg8bit.png,1,940,446,1106,517
1213,train/bremen/bremen_000201_000019_leftImg8bit.png,1,871,450,1097,525
1214,train/bremen/bremen_000201_000019_leftImg8bit.png,0,350,406,402,560
1215,train/bremen/bremen_000201_000019_leftImg8bit.png,0,1102,422,1176,548
1216,train/bremen/bremen_000294_000019_leftImg8bit.png,1,876,422,991,519
1217,train/bremen/bremen_000294_000019_leftImg8bit.png,1,855,430,943,533
1218,train/bremen/bremen_000294_000019_leftImg8bit.png,1,694,419,888,554
1219,train/bremen/bremen_000294_000019_leftImg8bit.png,1,1360,415,1460,500
1220,train/bremen/bremen_000294_000019_leftImg8bit.png,1,1437,414,1529,540
1221,train/bremen/bremen_000294_000019_leftImg8bit.png,1,1478,384,1746,582
1222,train/bremen/bremen_000294_000019_leftImg8bit.png,4,1592,427,1776,585
1223,train/bremen/bremen_000294_000019_leftImg8bit.png,1,1255,414,1343,497
1224,train/bremen/bremen_000090_000019_leftImg8bit.png,4,1487,390,1639,488
1225,train/bremen/bremen_000090_000019_leftImg8bit.png,4,503,425,653,529
1226,train/bremen/bremen_000090_000019_leftImg8bit.png,4,452,431,616,538
1227,train/bremen/bremen_000090_000019_leftImg8bit.png,1,732,368,1326,626
1228,train/bremen/bremen_000131_000019_leftImg8bit.png,1,1956,441,2048,504
1229,train/bremen/bremen_000131_000019_leftImg8bit.png,1,1416,434,1567,533
1230,train/bremen/bremen_000131_000019_leftImg8bit.png,1,477,406,877,651
1231,train/bremen/bremen_000141_000019_leftImg8bit.png,3,1302,345,1869,501
1232,train/bremen/bremen_000129_000019_leftImg8bit.png,1,1905,415,2020,477
1233,train/bremen/bremen_000129_000019_leftImg8bit.png,1,1831,419,1928,484
1234,train/bremen/bremen_000129_000019_leftImg8bit.png,1,1731,406,1861,491
1235,train/bremen/bremen_000129_000019_leftImg8bit.png,1,1648,419,1759,503
1236,train/bremen/bremen_000129_000019_leftImg8bit.png,1,1565,419,1708,521
1237,train/bremen/bremen_000266_000019_leftImg8bit.png,1,296,427,422,544
1238,train/bremen/bremen_000266_000019_leftImg8bit.png,1,107,421,352,569
1239,train/bremen/bremen_000266_000019_leftImg8bit.png,1,0,437,134,608
1240,train/bremen/bremen_000266_000019_leftImg8bit.png,1,1498,391,1667,527
1241,train/bremen/bremen_000266_000019_leftImg8bit.png,1,1850,367,2048,613
1242,train/bremen/bremen_000185_000019_leftImg8bit.png,1,1115,412,1198,475
1243,train/bremen/bremen_000185_000019_leftImg8bit.png,1,1180,418,1251,494
1244,train/bremen/bremen_000185_000019_leftImg8bit.png,1,1202,392,1528,607
1245,train/bremen/bremen_000185_000019_leftImg8bit.png,0,1981,383,2048,550
1246,train/bremen/bremen_000207_000019_leftImg8bit.png,1,1758,444,1829,513
1247,train/bremen/bremen_000207_000019_leftImg8bit.png,1,1511,451,1575,503
1248,train/bremen/bremen_000207_000019_leftImg8bit.png,1,1420,446,1519,523
1249,train/bremen/bremen_000207_000019_leftImg8bit.png,1,1252,419,1413,563
1250,train/bremen/bremen_000207_000019_leftImg8bit.png,1,1088,436,1299,602
1251,train/bremen/bremen_000207_000019_leftImg8bit.png,1,815,425,1132,678
1252,train/bremen/bremen_000207_000019_leftImg8bit.png,4,0,447,84,575
1253,train/bremen/bremen_000207_000019_leftImg8bit.png,4,0,467,53,589
1254,train/bremen/bremen_000207_000019_leftImg8bit.png,1,0,376,864,859
1255,train/bremen/bremen_000036_000019_leftImg8bit.png,0,1807,321,1866,457
1256,train/bremen/bremen_000036_000019_leftImg8bit.png,0,1079,331,1136,438
1257,train/bremen/bremen_000036_000019_leftImg8bit.png,3,0,148,497,506
1258,train/bremen/bremen_000036_000019_leftImg8bit.png,0,1661,308,1723,497
1259,train/bremen/bremen_000168_000019_leftImg8bit.png,4,187,443,331,533
1260,train/bremen/bremen_000168_000019_leftImg8bit.png,1,555,393,766,586
1261,train/bremen/bremen_000168_000019_leftImg8bit.png,1,348,420,673,662
1262,train/bremen/bremen_000253_000019_leftImg8bit.png,1,1440,407,1514,464
1263,train/bremen/bremen_000253_000019_leftImg8bit.png,1,976,416,1118,497
1264,train/bremen/bremen_000253_000019_leftImg8bit.png,1,829,410,1003,514
1265,train/bremen/bremen_000253_000019_leftImg8bit.png,1,1266,410,1331,480
1266,train/bremen/bremen_000253_000019_leftImg8bit.png,1,1307,400,1445,503
1267,train/bremen/bremen_000253_000019_leftImg8bit.png,4,1590,428,1695,628
1268,train/bremen/bremen_000118_000019_leftImg8bit.png,1,0,418,58,488
1269,train/bremen/bremen_000118_000019_leftImg8bit.png,1,829,421,888,476
1270,train/bremen/bremen_000118_000019_leftImg8bit.png,1,714,427,779,483
1271,train/bremen/bremen_000118_000019_leftImg8bit.png,1,631,431,724,493
1272,train/bremen/bremen_000118_000019_leftImg8bit.png,1,770,426,851,488
1273,train/bremen/bremen_000118_000019_leftImg8bit.png,1,886,421,970,483
1274,train/bremen/bremen_000118_000019_leftImg8bit.png,3,1209,231,1934,556
1275,train/bremen/bremen_000118_000019_leftImg8bit.png,1,1077,408,1229,520
1276,train/bremen/bremen_000118_000019_leftImg8bit.png,1,1204,343,1499,596
1277,train/bremen/bremen_000118_000019_leftImg8bit.png,1,1672,357,2048,881
1278,train/bremen/bremen_000027_000019_leftImg8bit.png,1,874,426,966,519
1279,train/bremen/bremen_000027_000019_leftImg8bit.png,4,658,453,716,539
1280,train/bremen/bremen_000027_000019_leftImg8bit.png,4,510,471,582,572
1281,train/bremen/bremen_000027_000019_leftImg8bit.png,4,452,457,530,580
1282,train/bremen/bremen_000027_000019_leftImg8bit.png,4,381,447,480,605
1283,train/bremen/bremen_000263_000019_leftImg8bit.png,1,819,421,944,523
1284,train/bremen/bremen_000263_000019_leftImg8bit.png,1,695,433,760,485
1285,train/bremen/bremen_000250_000019_leftImg8bit.png,1,798,401,866,457
1286,train/bremen/bremen_000250_000019_leftImg8bit.png,1,602,372,752,488
1287,train/bremen/bremen_000250_000019_leftImg8bit.png,4,255,423,358,488
1288,train/bremen/bremen_000250_000019_leftImg8bit.png,1,0,388,125,621
1289,train/bremen/bremen_000250_000019_leftImg8bit.png,1,1537,344,2048,706
1290,train/bremen/bremen_000020_000019_leftImg8bit.png,2,1385,358,1440,451
1291,train/bremen/bremen_000020_000019_leftImg8bit.png,1,1527,354,1816,527
1292,train/bremen/bremen_000020_000019_leftImg8bit.png,1,1636,332,2022,541
1293,train/bremen/bremen_000020_000019_leftImg8bit.png,1,1846,389,2048,545
1294,train/bremen/bremen_000020_000019_leftImg8bit.png,1,780,390,923,479
1295,train/bremen/bremen_000219_000019_leftImg8bit.png,1,790,429,848,498
1296,train/bremen/bremen_000219_000019_leftImg8bit.png,1,714,427,815,506
1297,train/bremen/bremen_000219_000019_leftImg8bit.png,5,713,450,765,520
1298,train/bremen/bremen_000219_000019_leftImg8bit.png,1,1123,422,1175,476
1299,train/bremen/bremen_000219_000019_leftImg8bit.png,1,1173,406,1266,500
1300,train/bremen/bremen_000219_000019_leftImg8bit.png,1,1203,418,1275,510
1301,train/bremen/bremen_000219_000019_leftImg8bit.png,1,1238,410,1391,521
1302,train/bremen/bremen_000219_000019_leftImg8bit.png,1,1421,395,1718,633
1303,train/bremen/bremen_000219_000019_leftImg8bit.png,1,1587,336,2048,757
1304,train/bremen/bremen_000109_000019_leftImg8bit.png,1,1153,406,1230,495
1305,train/bremen/bremen_000109_000019_leftImg8bit.png,1,1157,409,1235,513
1306,train/bremen/bremen_000109_000019_leftImg8bit.png,1,665,416,777,507
1307,train/bremen/bremen_000109_000019_leftImg8bit.png,1,1007,398,1128,503
1308,train/bremen/bremen_000109_000019_leftImg8bit.png,1,847,372,972,502
1309,train/bremen/bremen_000109_000019_leftImg8bit.png,1,371,364,663,569
1310,train/bremen/bremen_000109_000019_leftImg8bit.png,1,162,411,509,614
1311,train/bremen/bremen_000109_000019_leftImg8bit.png,4,601,452,660,576
1312,train/bremen/bremen_000109_000019_leftImg8bit.png,4,736,429,805,571
1313,train/bremen/bremen_000109_000019_leftImg8bit.png,2,1200,183,1605,594
1314,train/bremen/bremen_000109_000019_leftImg8bit.png,1,1430,358,1820,694
1315,train/bremen/bremen_000109_000019_leftImg8bit.png,1,1576,300,2048,949
1316,train/bremen/bremen_000309_000019_leftImg8bit.png,1,780,405,861,457
1317,train/bremen/bremen_000309_000019_leftImg8bit.png,1,692,391,801,478
1318,train/bremen/bremen_000309_000019_leftImg8bit.png,1,483,390,585,481
1319,train/bremen/bremen_000309_000019_leftImg8bit.png,1,376,394,531,507
1320,train/bremen/bremen_000309_000019_leftImg8bit.png,1,286,391,413,530
1321,train/bremen/bremen_000309_000019_leftImg8bit.png,1,28,356,353,572
1322,train/bremen/bremen_000309_000019_leftImg8bit.png,1,570,396,724,517
1323,train/bremen/bremen_000309_000019_leftImg8bit.png,1,842,352,1110,598
1324,train/bremen/bremen_000145_000019_leftImg8bit.png,1,415,432,674,545
1325,train/bremen/bremen_000145_000019_leftImg8bit.png,1,41,423,383,561
1326,train/bremen/bremen_000145_000019_leftImg8bit.png,1,675,422,842,530
1327,train/bremen/bremen_000145_000019_leftImg8bit.png,1,1763,424,1844,512
1328,train/bremen/bremen_000145_000019_leftImg8bit.png,1,1575,442,1653,520
1329,train/bremen/bremen_000145_000019_leftImg8bit.png,1,1578,446,1683,527
1330,train/bremen/bremen_000145_000019_leftImg8bit.png,1,1752,439,1845,517
1331,train/bremen/bremen_000128_000019_leftImg8bit.png,1,785,411,895,490
1332,train/bremen/bremen_000128_000019_leftImg8bit.png,1,1185,408,1308,478
1333,train/bremen/bremen_000128_000019_leftImg8bit.png,1,1205,422,1270,482
1334,train/bremen/bremen_000128_000019_leftImg8bit.png,1,1239,415,1387,481
1335,train/bremen/bremen_000128_000019_leftImg8bit.png,1,1629,413,2047,542
1336,train/bremen/bremen_000221_000019_leftImg8bit.png,1,1118,389,1237,500
1337,train/bremen/bremen_000221_000019_leftImg8bit.png,4,1294,429,1375,516
1338,train/bremen/bremen_000221_000019_leftImg8bit.png,1,1576,399,1819,527
1339,train/bremen/bremen_000221_000019_leftImg8bit.png,1,1764,399,1863,544
1340,train/bremen/bremen_000221_000019_leftImg8bit.png,5,1742,411,1849,551
1341,train/bremen/bremen_000221_000019_leftImg8bit.png,4,1429,424,1518,597
1342,train/bremen/bremen_000221_000019_leftImg8bit.png,4,1583,443,1700,590
1343,train/bremen/bremen_000221_000019_leftImg8bit.png,4,1604,417,1689,485
1344,train/bremen/bremen_000221_000019_leftImg8bit.png,1,813,404,898,478
1345,train/bremen/bremen_000221_000019_leftImg8bit.png,1,668,414,767,507
1346,train/bremen/bremen_000221_000019_leftImg8bit.png,1,624,428,725,513
1347,train/bremen/bremen_000221_000019_leftImg8bit.png,1,492,429,658,545
1348,train/bremen/bremen_000221_000019_leftImg8bit.png,1,0,453,77,530
1349,train/bremen/bremen_000221_000019_leftImg8bit.png,1,0,379,556,773
1350,train/bremen/bremen_000177_000019_leftImg8bit.png,1,385,406,519,498
1351,train/bremen/bremen_000177_000019_leftImg8bit.png,1,183,400,380,518
1352,train/bremen/bremen_000177_000019_leftImg8bit.png,1,0,390,207,653
1353,train/bremen/bremen_000177_000019_leftImg8bit.png,1,635,419,709,474
1354,train/bremen/bremen_000177_000019_leftImg8bit.png,1,1192,429,1246,486
1355,train/bremen/bremen_000177_000019_leftImg8bit.png,1,1038,411,1217,561
1356,train/bremen/bremen_000177_000019_leftImg8bit.png,1,1212,420,1334,512
1357,train/bremen/bremen_000190_000019_leftImg8bit.png,4,75,360,143,481
1358,train/bremen/bremen_000190_000019_leftImg8bit.png,4,0,357,112,496
1359,train/bremen/bremen_000190_000019_leftImg8bit.png,1,1582,53,2048,946
1360,train/bremen/bremen_000249_000019_leftImg8bit.png,1,774,415,837,477
1361,train/bremen/bremen_000249_000019_leftImg8bit.png,1,777,419,829,482
1362,train/bremen/bremen_000249_000019_leftImg8bit.png,1,742,415,794,487
1363,train/bremen/bremen_000249_000019_leftImg8bit.png,1,691,417,767,496
1364,train/bremen/bremen_000249_000019_leftImg8bit.png,1,590,417,716,506
1365,train/bremen/bremen_000249_000019_leftImg8bit.png,1,478,422,611,537
1366,train/bremen/bremen_000249_000019_leftImg8bit.png,1,237,406,521,569
1367,train/bremen/bremen_000249_000019_leftImg8bit.png,1,1171,417,1237,479
1368,train/bremen/bremen_000249_000019_leftImg8bit.png,1,1208,419,1263,489
1369,train/bremen/bremen_000249_000019_leftImg8bit.png,1,1231,420,1289,496
1370,train/bremen/bremen_000249_000019_leftImg8bit.png,1,1246,419,1404,526
1371,train/bremen/bremen_000249_000019_leftImg8bit.png,1,1551,410,2041,683
1372,train/bremen/bremen_000310_000019_leftImg8bit.png,1,1199,386,1275,450
1373,train/bremen/bremen_000310_000019_leftImg8bit.png,1,1051,383,1184,460
1374,train/bremen/bremen_000310_000019_leftImg8bit.png,1,1934,408,2008,465
1375,train/bremen/bremen_000310_000019_leftImg8bit.png,4,279,406,577,629
1376,train/bremen/bremen_000310_000019_leftImg8bit.png,4,1013,454,1379,670
1377,train/bremen/bremen_000065_000019_leftImg8bit.png,3,0,378,339,529
1378,train/bremen/bremen_000065_000019_leftImg8bit.png,4,1413,454,1828,715
1379,train/bremen/bremen_000065_000019_leftImg8bit.png,4,1989,686,2048,917
1380,train/bremen/bremen_000065_000019_leftImg8bit.png,4,652,464,756,527
1381,train/bremen/bremen_000065_000019_leftImg8bit.png,1,728,428,1009,640
1382,train/bremen/bremen_000065_000019_leftImg8bit.png,1,0,429,191,678
1383,train/bremen/bremen_000209_000019_leftImg8bit.png,1,1159,428,1226,488
1384,train/bremen/bremen_000209_000019_leftImg8bit.png,1,1231,422,1321,575
1385,train/bremen/bremen_000209_000019_leftImg8bit.png,1,1284,372,1588,616
1386,train/bremen/bremen_000209_000019_leftImg8bit.png,1,1659,347,2048,923
1387,train/bremen/bremen_000209_000019_leftImg8bit.png,1,609,415,737,469
1388,train/bremen/bremen_000209_000019_leftImg8bit.png,1,367,443,568,543
1389,train/bremen/bremen_000209_000019_leftImg8bit.png,1,505,436,705,568
1390,train/bremen/bremen_000197_000019_leftImg8bit.png,2,854,385,938,481
1391,train/bremen/bremen_000197_000019_leftImg8bit.png,2,846,391,905,491
1392,train/bremen/bremen_000197_000019_leftImg8bit.png,2,519,369,848,494
1393,train/bremen/bremen_000197_000019_leftImg8bit.png,1,661,441,776,500
1394,train/bremen/bremen_000197_000019_leftImg8bit.png,1,621,451,778,530
1395,train/bremen/bremen_000197_000019_leftImg8bit.png,2,285,345,601,516
1396,train/bremen/bremen_000197_000019_leftImg8bit.png,1,449,444,737,542
1397,train/bremen/bremen_000197_000019_leftImg8bit.png,1,269,466,468,624
1398,train/bremen/bremen_000197_000019_leftImg8bit.png,2,0,189,74,664
1399,train/bremen/bremen_000079_000019_leftImg8bit.png,1,410,399,475,471
1400,train/bremen/bremen_000079_000019_leftImg8bit.png,1,53,403,160,498
1401,train/bremen/bremen_000079_000019_leftImg8bit.png,1,644,401,718,453
1402,train/bremen/bremen_000079_000019_leftImg8bit.png,1,563,404,656,463
1403,train/bremen/bremen_000079_000019_leftImg8bit.png,1,463,397,590,477
1404,train/bremen/bremen_000079_000019_leftImg8bit.png,1,295,400,445,491
1405,train/bremen/bremen_000079_000019_leftImg8bit.png,1,90,385,310,511
1406,train/bremen/bremen_000079_000019_leftImg8bit.png,1,1377,381,1460,436
1407,train/bremen/bremen_000079_000019_leftImg8bit.png,1,1838,390,2048,483
1408,train/bremen/bremen_000079_000019_leftImg8bit.png,1,1237,392,1316,461
1409,train/bremen/bremen_000308_000019_leftImg8bit.png,1,732,426,826,500
1410,train/bremen/bremen_000308_000019_leftImg8bit.png,1,920,393,1124,570
1411,train/bremen/bremen_000308_000019_leftImg8bit.png,1,0,165,252,983
1412,train/bremen/bremen_000053_000019_leftImg8bit.png,2,1,382,65,542
1413,train/bremen/bremen_000053_000019_leftImg8bit.png,0,824,407,879,524
1414,train/bremen/bremen_000053_000019_leftImg8bit.png,0,1066,395,1130,513
1415,train/bremen/bremen_000053_000019_leftImg8bit.png,1,1588,384,1899,565
1416,train/bremen/bremen_000053_000019_leftImg8bit.png,5,1537,440,1640,605
1417,train/bremen/bremen_000153_000019_leftImg8bit.png,1,914,413,983,471
1418,train/bremen/bremen_000153_000019_leftImg8bit.png,1,709,410,882,538
1419,train/bremen/bremen_000153_000019_leftImg8bit.png,1,63,391,588,704
1420,train/bremen/bremen_000153_000019_leftImg8bit.png,1,1531,378,1730,458
1421,train/bremen/bremen_000153_000019_leftImg8bit.png,1,959,411,1128,547
1422,train/bremen/bremen_000113_000019_leftImg8bit.png,1,945,416,1009,470
1423,train/bremen/bremen_000113_000019_leftImg8bit.png,1,1008,416,1128,509
1424,train/bremen/bremen_000113_000019_leftImg8bit.png,1,858,417,969,508
1425,train/bremen/bremen_000113_000019_leftImg8bit.png,1,663,405,904,566
1426,train/bremen/bremen_000113_000019_leftImg8bit.png,1,1154,395,1232,512
1427,train/bremen/bremen_000113_000019_leftImg8bit.png,1,1198,367,1356,547
1428,train/bremen/bremen_000113_000019_leftImg8bit.png,1,1254,374,1534,600
1429,train/bremen/bremen_000113_000019_leftImg8bit.png,1,1722,396,2048,989
1430,train/bremen/bremen_000113_000019_leftImg8bit.png,1,0,379,645,843
1431,train/bremen/bremen_000102_000019_leftImg8bit.png,1,1072,429,1142,481
1432,train/bremen/bremen_000102_000019_leftImg8bit.png,1,1273,422,1442,523
1433,train/bremen/bremen_000102_000019_leftImg8bit.png,1,1320,426,1491,547
1434,train/bremen/bremen_000102_000019_leftImg8bit.png,4,1391,437,1551,600
1435,train/bremen/bremen_000102_000019_leftImg8bit.png,0,1521,398,1628,536
1436,train/bremen/bremen_000102_000019_leftImg8bit.png,4,1648,427,1754,510
1437,train/bremen/bremen_000102_000019_leftImg8bit.png,5,1507,440,1822,652
1438,train/bremen/bremen_000102_000019_leftImg8bit.png,4,1537,430,1868,662
1439,train/bremen/bremen_000102_000019_leftImg8bit.png,4,1907,454,2048,564
1440,train/bremen/bremen_000102_000019_leftImg8bit.png,4,1171,501,1265,677
1441,train/bremen/bremen_000102_000019_leftImg8bit.png,1,813,411,911,488
1442,train/bremen/bremen_000102_000019_leftImg8bit.png,0,551,428,613,511
1443,train/bremen/bremen_000102_000019_leftImg8bit.png,0,348,412,409,536
1444,train/bremen/bremen_000102_000019_leftImg8bit.png,0,318,409,387,536
1445,train/bremen/bremen_000102_000019_leftImg8bit.png,0,0,323,124,630
1446,train/bremen/bremen_000102_000019_leftImg8bit.png,0,194,339,291,603
1447,train/bremen/bremen_000102_000019_leftImg8bit.png,0,228,285,364,615
1448,train/bremen/bremen_000102_000019_leftImg8bit.png,4,612,451,726,616
1449,train/bremen/bremen_000102_000019_leftImg8bit.png,0,1319,393,1370,559
1450,train/bremen/bremen_000270_000019_leftImg8bit.png,1,159,273,575,574
1451,train/bremen/bremen_000270_000019_leftImg8bit.png,1,1463,368,1847,671
1452,train/bremen/bremen_000270_000019_leftImg8bit.png,1,1736,183,2048,835
1453,train/bremen/bremen_000270_000019_leftImg8bit.png,2,1070,390,1131,454
1454,train/bremen/bremen_000034_000019_leftImg8bit.png,1,482,423,596,535
1455,train/bremen/bremen_000034_000019_leftImg8bit.png,1,300,416,521,562
1456,train/bremen/bremen_000034_000019_leftImg8bit.png,1,0,370,238,711
1457,train/bremen/bremen_000034_000019_leftImg8bit.png,1,964,377,1128,528
1458,train/bremen/bremen_000034_000019_leftImg8bit.png,1,1075,376,1404,603
1459,train/bremen/bremen_000034_000019_leftImg8bit.png,1,1574,324,2048,943
1460,train/bremen/bremen_000246_000019_leftImg8bit.png,1,1099,405,1180,485
1461,train/bremen/bremen_000246_000019_leftImg8bit.png,1,1135,410,1207,498
1462,train/bremen/bremen_000246_000019_leftImg8bit.png,1,1179,401,1247,513
1463,train/bremen/bremen_000246_000019_leftImg8bit.png,1,1203,386,1365,533
1464,train/bremen/bremen_000246_000019_leftImg8bit.png,1,1450,365,1818,661
1465,train/bremen/bremen_000246_000019_leftImg8bit.png,1,1661,324,2048,842
1466,train/bremen/bremen_000246_000019_leftImg8bit.png,1,937,403,1091,530
1467,train/bremen/bremen_000246_000019_leftImg8bit.png,1,372,421,511,486
1468,train/bremen/bremen_000246_000019_leftImg8bit.png,0,394,415,461,541
1469,train/bremen/bremen_000246_000019_leftImg8bit.png,4,247,459,367,566
1470,train/bremen/bremen_000009_000019_leftImg8bit.png,1,1194,428,1323,508
1471,train/bremen/bremen_000009_000019_leftImg8bit.png,1,1591,310,2048,1000
1472,train/bremen/bremen_000009_000019_leftImg8bit.png,3,0,375,242,459
1473,train/bremen/bremen_000123_000019_leftImg8bit.png,1,1039,433,1118,525
1474,train/bremen/bremen_000123_000019_leftImg8bit.png,1,747,465,842,536
1475,train/bremen/bremen_000123_000019_leftImg8bit.png,1,1069,445,1156,533
1476,train/bremen/bremen_000123_000019_leftImg8bit.png,1,1121,436,1285,556
1477,train/bremen/bremen_000123_000019_leftImg8bit.png,1,1432,423,1590,503
1478,train/bremen/bremen_000123_000019_leftImg8bit.png,1,560,467,688,551
1479,train/bremen/bremen_000123_000019_leftImg8bit.png,1,521,465,645,560
1480,train/bremen/bremen_000123_000019_leftImg8bit.png,1,424,454,576,563
1481,train/bremen/bremen_000123_000019_leftImg8bit.png,1,285,446,517,593
1482,train/bremen/bremen_000101_000019_leftImg8bit.png,1,1258,409,1337,482
1483,train/bremen/bremen_000101_000019_leftImg8bit.png,1,864,423,921,500
1484,train/bremen/bremen_000101_000019_leftImg8bit.png,1,781,414,893,510
1485,train/bremen/bremen_000101_000019_leftImg8bit.png,1,699,422,831,528
1486,train/bremen/bremen_000101_000019_leftImg8bit.png,1,632,442,773,547
1487,train/bremen/bremen_000101_000019_leftImg8bit.png,1,379,408,650,593
1488,train/bremen/bremen_000101_000019_leftImg8bit.png,1,0,374,411,691
1489,train/bremen/bremen_000101_000019_leftImg8bit.png,1,1125,420,1231,503
1490,train/bremen/bremen_000101_000019_leftImg8bit.png,0,1935,324,2037,621
1491,train/bremen/bremen_000101_000019_leftImg8bit.png,0,1781,345,1905,616
1492,train/bremen/bremen_000101_000019_leftImg8bit.png,4,1439,464,1494,601
1493,train/bremen/bremen_000101_000019_leftImg8bit.png,4,1556,494,1625,664
1494,train/bremen/bremen_000196_000019_leftImg8bit.png,1,1300,407,1680,641
1495,train/bremen/bremen_000196_000019_leftImg8bit.png,1,0,445,282,596
1496,train/bremen/bremen_000196_000019_leftImg8bit.png,1,749,433,824,497
1497,train/bremen/bremen_000196_000019_leftImg8bit.png,1,800,415,919,511
1498,train/bremen/bremen_000196_000019_leftImg8bit.png,1,955,411,1108,538
1499,train/bremen/bremen_000233_000019_leftImg8bit.png,1,663,416,765,511
1500,train/bremen/bremen_000233_000019_leftImg8bit.png,1,712,412,893,545
1501,train/bremen/bremen_000233_000019_leftImg8bit.png,0,1737,327,1814,432
1502,train/bremen/bremen_000233_000019_leftImg8bit.png,1,1012,381,1157,514
1503,train/bremen/bremen_000293_000019_leftImg8bit.png,1,1204,425,1368,576
1504,train/bremen/bremen_000293_000019_leftImg8bit.png,1,1298,419,1536,621
1505,train/bremen/bremen_000293_000019_leftImg8bit.png,1,1530,383,2048,803
1506,train/bremen/bremen_000293_000019_leftImg8bit.png,1,803,452,866,507
1507,train/bremen/bremen_000293_000019_leftImg8bit.png,1,750,449,818,517
1508,train/bremen/bremen_000293_000019_leftImg8bit.png,1,739,448,805,526
1509,train/bremen/bremen_000293_000019_leftImg8bit.png,1,649,439,756,535
1510,train/bremen/bremen_000293_000019_leftImg8bit.png,1,623,452,694,557
1511,train/bremen/bremen_000293_000019_leftImg8bit.png,1,458,443,659,575
1512,train/bremen/bremen_000011_000019_leftImg8bit.png,3,844,373,936,432
1513,train/bremen/bremen_000011_000019_leftImg8bit.png,3,432,382,581,482
1514,train/bremen/bremen_000011_000019_leftImg8bit.png,1,407,408,479,493
1515,train/bremen/bremen_000011_000019_leftImg8bit.png,3,160,383,419,514
1516,train/bremen/bremen_000011_000019_leftImg8bit.png,3,1264,0,2048,861
1517,train/bremen/bremen_000011_000019_leftImg8bit.png,1,896,394,1134,585
1518,train/bremen/bremen_000013_000019_leftImg8bit.png,1,1236,403,1318,479
1519,train/bremen/bremen_000013_000019_leftImg8bit.png,1,1299,391,1387,504
1520,train/bremen/bremen_000013_000019_leftImg8bit.png,1,1345,382,1517,532
1521,train/bremen/bremen_000013_000019_leftImg8bit.png,4,276,480,374,625
1522,train/bremen/bremen_000013_000019_leftImg8bit.png,1,871,443,994,552
1523,train/bremen/bremen_000013_000019_leftImg8bit.png,1,416,434,694,633
1524,train/bremen/bremen_000115_000019_leftImg8bit.png,1,433,429,552,493
1525,train/bremen/bremen_000115_000019_leftImg8bit.png,1,224,428,348,516
1526,train/bremen/bremen_000115_000019_leftImg8bit.png,1,16,416,242,530
1527,train/bremen/bremen_000115_000019_leftImg8bit.png,1,510,421,643,527
1528,train/bremen/bremen_000115_000019_leftImg8bit.png,1,797,421,898,512
1529,train/bremen/bremen_000115_000019_leftImg8bit.png,1,573,410,815,568
1530,train/bremen/bremen_000115_000019_leftImg8bit.png,1,897,384,1071,531
1531,train/bremen/bremen_000115_000019_leftImg8bit.png,1,1358,409,1482,510
1532,train/bremen/bremen_000115_000019_leftImg8bit.png,1,1118,397,1324,564
1533,train/bremen/bremen_000115_000019_leftImg8bit.png,1,1469,358,1768,574
1534,train/bremen/bremen_000115_000019_leftImg8bit.png,1,1719,319,2047,849
1535,train/bremen/bremen_000295_000019_leftImg8bit.png,1,0,376,171,682
1536,train/bremen/bremen_000295_000019_leftImg8bit.png,1,989,427,1141,551
1537,train/bremen/bremen_000295_000019_leftImg8bit.png,0,1323,438,1377,515
1538,train/bremen/bremen_000295_000019_leftImg8bit.png,0,1515,414,1566,469
1539,train/bremen/bremen_000295_000019_leftImg8bit.png,1,1365,418,1532,542
1540,train/bremen/bremen_000287_000019_leftImg8bit.png,1,1412,436,1557,495
1541,train/bremen/bremen_000287_000019_leftImg8bit.png,0,1973,391,2048,610
1542,train/bremen/bremen_000287_000019_leftImg8bit.png,0,1473,435,1531,564
1543,train/bremen/bremen_000287_000019_leftImg8bit.png,3,846,361,1108,533
1544,train/bremen/bremen_000287_000019_leftImg8bit.png,1,251,450,383,540
1545,train/bremen/bremen_000287_000019_leftImg8bit.png,1,0,432,180,735
1546,train/bremen/bremen_000149_000019_leftImg8bit.png,1,56,457,206,545
1547,train/bremen/bremen_000149_000019_leftImg8bit.png,1,72,485,196,548
1548,train/bremen/bremen_000149_000019_leftImg8bit.png,2,607,442,660,497
1549,train/bremen/bremen_000149_000019_leftImg8bit.png,1,1114,411,1166,476
1550,train/bremen/bremen_000149_000019_leftImg8bit.png,1,1169,430,1229,504
1551,train/bremen/bremen_000149_000019_leftImg8bit.png,1,1199,421,1271,522
1552,train/bremen/bremen_000149_000019_leftImg8bit.png,1,1225,409,1389,531
1553,train/bremen/bremen_000119_000019_leftImg8bit.png,1,1000,426,1063,499
1554,train/bremen/bremen_000119_000019_leftImg8bit.png,1,925,424,990,480
1555,train/bremen/bremen_000119_000019_leftImg8bit.png,1,783,438,850,493
1556,train/bremen/bremen_000119_000019_leftImg8bit.png,1,693,425,795,510
1557,train/bremen/bremen_000119_000019_leftImg8bit.png,1,1216,423,1301,512
1558,train/bremen/bremen_000119_000019_leftImg8bit.png,1,1036,377,1223,532
1559,train/bremen/bremen_000119_000019_leftImg8bit.png,1,192,389,723,713
1560,train/bremen/bremen_000273_000019_leftImg8bit.png,1,1503,421,1562,478
1561,train/bremen/bremen_000273_000019_leftImg8bit.png,1,1535,411,1643,511
1562,train/bremen/bremen_000273_000019_leftImg8bit.png,1,1566,413,1708,526
1563,train/bremen/bremen_000273_000019_leftImg8bit.png,1,1663,412,1883,561
1564,train/bremen/bremen_000273_000019_leftImg8bit.png,1,1009,388,1154,505
1565,train/bremen/bremen_000273_000019_leftImg8bit.png,1,729,404,825,475
1566,train/bremen/bremen_000273_000019_leftImg8bit.png,1,674,407,762,486
1567,train/bremen/bremen_000273_000019_leftImg8bit.png,1,561,385,701,478
1568,train/bremen/bremen_000273_000019_leftImg8bit.png,1,471,376,592,481
1569,train/bremen/bremen_000273_000019_leftImg8bit.png,1,386,368,517,480
1570,train/bremen/bremen_000273_000019_leftImg8bit.png,1,325,349,413,479
1571,train/bremen/bremen_000273_000019_leftImg8bit.png,1,100,338,381,484
1572,train/bremen/bremen_000273_000019_leftImg8bit.png,1,0,332,158,478
1573,train/bremen/bremen_000076_000019_leftImg8bit.png,1,748,419,868,471
1574,train/bremen/bremen_000076_000019_leftImg8bit.png,1,877,397,1022,448
1575,train/bremen/bremen_000076_000019_leftImg8bit.png,1,1472,394,1542,448
1576,train/bremen/bremen_000076_000019_leftImg8bit.png,4,1072,405,1173,495
1577,train/bremen/bremen_000076_000019_leftImg8bit.png,4,1217,419,1317,477
1578,train/bremen/bremen_000076_000019_leftImg8bit.png,0,408,273,572,811
1579,train/bremen/bremen_000015_000019_leftImg8bit.png,4,1839,461,2048,742
1580,train/bremen/bremen_000015_000019_leftImg8bit.png,4,1373,505,1469,573
1581,train/bremen/bremen_000015_000019_leftImg8bit.png,4,526,434,585,569
1582,train/bremen/bremen_000264_000019_leftImg8bit.png,1,1306,399,1480,455
1583,train/bremen/bremen_000264_000019_leftImg8bit.png,1,1161,391,1256,455
1584,train/bremen/bremen_000264_000019_leftImg8bit.png,1,1167,406,1228,494
1585,train/bremen/bremen_000264_000019_leftImg8bit.png,1,636,420,798,473
1586,train/bremen/bremen_000264_000019_leftImg8bit.png,1,949,385,1214,605
1587,train/bremen/bremen_000315_000019_leftImg8bit.png,1,1272,427,1323,479
1588,train/bremen/bremen_000315_000019_leftImg8bit.png,1,1198,415,1288,493
1589,train/bremen/bremen_000315_000019_leftImg8bit.png,1,1187,426,1264,499
1590,train/bremen/bremen_000315_000019_leftImg8bit.png,1,1100,417,1209,514
1591,train/bremen/bremen_000315_000019_leftImg8bit.png,1,1084,428,1185,528
1592,train/bremen/bremen_000315_000019_leftImg8bit.png,1,952,414,1128,550
1593,train/bremen/bremen_000315_000019_leftImg8bit.png,4,704,464,784,560
1594,train/bremen/bremen_000315_000019_leftImg8bit.png,1,314,390,749,791
1595,train/bremen/bremen_000315_000019_leftImg8bit.png,0,0,253,135,375
1596,train/bremen/bremen_000315_000019_leftImg8bit.png,1,0,339,474,1024
1597,train/bremen/bremen_000315_000019_leftImg8bit.png,1,1407,293,1752,612
1598,train/bremen/bremen_000315_000019_leftImg8bit.png,1,1533,428,1709,653
1599,train/bremen/bremen_000315_000019_leftImg8bit.png,1,1578,401,2048,827
1600,train/bremen/bremen_000047_000019_leftImg8bit.png,1,955,431,1060,503
1601,train/bremen/bremen_000047_000019_leftImg8bit.png,1,879,426,980,554
1602,train/bremen/bremen_000047_000019_leftImg8bit.png,1,664,380,934,600
1603,train/bremen/bremen_000047_000019_leftImg8bit.png,1,1354,418,1454,498
1604,train/bremen/bremen_000047_000019_leftImg8bit.png,1,1432,387,1663,531
1605,train/bremen/bremen_000047_000019_leftImg8bit.png,1,1707,407,1936,476
1606,train/bremen/bremen_000026_000019_leftImg8bit.png,0,1322,425,1389,571
1607,train/bremen/bremen_000026_000019_leftImg8bit.png,0,1315,423,1370,578
1608,train/bremen/bremen_000026_000019_leftImg8bit.png,0,1409,417,1461,582
1609,train/bremen/bremen_000026_000019_leftImg8bit.png,0,1607,430,1683,588
1610,train/bremen/bremen_000026_000019_leftImg8bit.png,4,1727,468,1810,672
1611,train/bremen/bremen_000181_000019_leftImg8bit.png,1,138,412,216,470
1612,train/bremen/bremen_000181_000019_leftImg8bit.png,1,1722,438,1837,493
1613,train/bremen/bremen_000181_000019_leftImg8bit.png,1,1436,406,1572,469
1614,train/bremen/bremen_000181_000019_leftImg8bit.png,1,1512,346,1650,517
1615,train/bremen/bremen_000181_000019_leftImg8bit.png,1,1291,417,1537,592
1616,train/bremen/bremen_000181_000019_leftImg8bit.png,1,961,414,1145,558
1617,train/bremen/bremen_000124_000019_leftImg8bit.png,1,1111,404,1204,497
1618,train/bremen/bremen_000124_000019_leftImg8bit.png,1,1125,412,1191,513
1619,train/bremen/bremen_000124_000019_leftImg8bit.png,1,1155,408,1230,530
1620,train/bremen/bremen_000124_000019_leftImg8bit.png,1,1204,389,1349,553
1621,train/bremen/bremen_000124_000019_leftImg8bit.png,1,843,413,896,524
1622,train/bremen/bremen_000124_000019_leftImg8bit.png,1,800,408,875,543
1623,train/bremen/bremen_000124_000019_leftImg8bit.png,1,653,385,830,572
1624,train/bremen/bremen_000124_000019_leftImg8bit.png,1,560,395,780,637
1625,train/bremen/bremen_000124_000019_leftImg8bit.png,1,291,371,640,783
1626,train/bremen/bremen_000124_000019_leftImg8bit.png,1,1283,357,1714,669
1627,train/bremen/bremen_000124_000019_leftImg8bit.png,1,0,138,330,982
1628,train/bremen/bremen_000008_000019_leftImg8bit.png,3,429,393,507,474
1629,train/bremen/bremen_000008_000019_leftImg8bit.png,3,534,373,660,491
1630,train/bremen/bremen_000008_000019_leftImg8bit.png,1,1006,208,1314,611
1631,train/bremen/bremen_000008_000019_leftImg8bit.png,4,128,443,211,556
1632,train/bremen/bremen_000008_000019_leftImg8bit.png,4,206,444,280,550
1633,train/bremen/bremen_000021_000019_leftImg8bit.png,1,1255,334,1472,540
1634,train/bremen/bremen_000165_000019_leftImg8bit.png,0,343,379,395,475
1635,train/bremen/bremen_000165_000019_leftImg8bit.png,1,996,414,1136,465
1636,train/bremen/bremen_000165_000019_leftImg8bit.png,2,1204,374,1363,501
1637,train/bremen/bremen_000165_000019_leftImg8bit.png,1,1288,390,1484,521
1638,train/bremen/bremen_000262_000019_leftImg8bit.png,1,1275,401,1349,455
1639,train/bremen/bremen_000262_000019_leftImg8bit.png,1,1183,412,1268,463
1640,train/bremen/bremen_000262_000019_leftImg8bit.png,1,1128,412,1202,466
1641,train/bremen/bremen_000262_000019_leftImg8bit.png,1,1018,405,1168,527
1642,train/bremen/bremen_000262_000019_leftImg8bit.png,1,228,409,409,494
1643,train/bremen/bremen_000281_000019_leftImg8bit.png,1,4,404,568,746
1644,train/bremen/bremen_000281_000019_leftImg8bit.png,1,923,410,983,470
1645,train/bremen/bremen_000281_000019_leftImg8bit.png,1,774,400,944,510
1646,train/bremen/bremen_000281_000019_leftImg8bit.png,1,1134,405,1209,464
1647,train/bremen/bremen_000297_000019_leftImg8bit.png,1,1268,406,1390,501
1648,train/bremen/bremen_000151_000019_leftImg8bit.png,1,1196,412,1290,467
1649,train/bremen/bremen_000151_000019_leftImg8bit.png,1,1290,404,1510,559
1650,train/bremen/bremen_000151_000019_leftImg8bit.png,1,912,428,990,488
1651,train/bremen/bremen_000151_000019_leftImg8bit.png,1,979,416,1174,567
1652,train/bremen/bremen_000151_000019_leftImg8bit.png,1,800,417,930,519
1653,train/bremen/bremen_000151_000019_leftImg8bit.png,1,0,306,546,745
1654,train/bremen/bremen_000279_000019_leftImg8bit.png,1,806,456,886,516
1655,train/bremen/bremen_000279_000019_leftImg8bit.png,1,773,455,865,524
1656,train/bremen/bremen_000279_000019_leftImg8bit.png,1,705,459,812,545
1657,train/bremen/bremen_000279_000019_leftImg8bit.png,1,659,460,760,549
1658,train/bremen/bremen_000279_000019_leftImg8bit.png,1,491,438,705,574
1659,train/bremen/bremen_000279_000019_leftImg8bit.png,1,400,447,605,589
1660,train/bremen/bremen_000279_000019_leftImg8bit.png,1,0,420,453,639
1661,train/bremen/bremen_000279_000019_leftImg8bit.png,1,1128,421,1199,491
1662,train/bremen/bremen_000279_000019_leftImg8bit.png,1,1158,453,1218,517
1663,train/bremen/bremen_000279_000019_leftImg8bit.png,1,1218,446,1326,559
1664,train/bremen/bremen_000279_000019_leftImg8bit.png,1,1287,432,1356,592
1665,train/bremen/bremen_000279_000019_leftImg8bit.png,1,1048,442,1167,543
1666,train/bremen/bremen_000279_000019_leftImg8bit.png,1,1303,407,1596,648
1667,train/bremen/bremen_000279_000019_leftImg8bit.png,1,1672,242,2048,923
1668,train/bremen/bremen_000139_000019_leftImg8bit.png,1,641,409,735,470
1669,train/bremen/bremen_000139_000019_leftImg8bit.png,1,422,426,514,484
1670,train/bremen/bremen_000139_000019_leftImg8bit.png,1,295,410,430,488
1671,train/bremen/bremen_000139_000019_leftImg8bit.png,1,44,429,184,509
1672,train/bremen/bremen_000032_000019_leftImg8bit.png,1,502,380,557,442
1673,train/bremen/bremen_000032_000019_leftImg8bit.png,1,512,388,599,451
1674,train/bremen/bremen_000032_000019_leftImg8bit.png,1,1580,438,1951,713
1675,train/bremen/bremen_000210_000019_leftImg8bit.png,1,1060,403,1112,465
1676,train/bremen/bremen_000210_000019_leftImg8bit.png,5,1299,418,1473,523
1677,train/bremen/bremen_000210_000019_leftImg8bit.png,1,1691,304,2048,670
1678,train/bremen/bremen_000210_000019_leftImg8bit.png,1,717,423,934,494
1679,train/bremen/bremen_000210_000019_leftImg8bit.png,1,30,414,449,652
1680,train/bremen/bremen_000163_000019_leftImg8bit.png,4,758,441,850,500
1681,train/bremen/bremen_000163_000019_leftImg8bit.png,0,1790,362,1848,496
1682,train/bremen/bremen_000163_000019_leftImg8bit.png,1,1391,422,1471,544
1683,train/bremen/bremen_000163_000019_leftImg8bit.png,1,1418,411,1580,565
1684,train/bremen/bremen_000163_000019_leftImg8bit.png,1,1512,401,1847,647
1685,train/bremen/bremen_000163_000019_leftImg8bit.png,1,1096,434,1177,501
1686,train/bremen/bremen_000163_000019_leftImg8bit.png,1,1017,426,1118,541
1687,train/bremen/bremen_000163_000019_leftImg8bit.png,1,797,419,1067,615
1688,train/bremen/bremen_000100_000019_leftImg8bit.png,0,1575,383,1632,519
1689,train/bremen/bremen_000100_000019_leftImg8bit.png,0,1568,378,1621,524
1690,train/bremen/bremen_000100_000019_leftImg8bit.png,0,1632,387,1693,559
1691,train/bremen/bremen_000100_000019_leftImg8bit.png,0,1757,364,1827,573
1692,train/bremen/bremen_000100_000019_leftImg8bit.png,0,1834,358,1912,569
1693,train/bremen/bremen_000100_000019_leftImg8bit.png,0,1969,328,2048,719
1694,train/bremen/bremen_000100_000019_leftImg8bit.png,1,1083,421,1141,480
1695,train/bremen/bremen_000100_000019_leftImg8bit.png,1,1049,427,1124,481
1696,train/bremen/bremen_000100_000019_leftImg8bit.png,1,1247,421,1336,496
1697,train/bremen/bremen_000100_000019_leftImg8bit.png,0,796,407,849,501
1698,train/bremen/bremen_000100_000019_leftImg8bit.png,0,444,373,500,540
1699,train/bremen/bremen_000100_000019_leftImg8bit.png,0,149,360,204,456
1700,train/bremen/bremen_000100_000019_leftImg8bit.png,0,258,357,332,571
1701,train/bremen/bremen_000100_000019_leftImg8bit.png,4,361,432,461,582
1702,train/bremen/bremen_000158_000019_leftImg8bit.png,1,1381,438,1511,536
1703,train/bremen/bremen_000112_000019_leftImg8bit.png,1,1109,426,1165,485
1704,train/bremen/bremen_000112_000019_leftImg8bit.png,1,1139,419,1235,517
1705,train/bremen/bremen_000112_000019_leftImg8bit.png,1,920,426,975,493
1706,train/bremen/bremen_000112_000019_leftImg8bit.png,1,858,419,937,540
1707,train/bremen/bremen_000112_000019_leftImg8bit.png,1,1171,421,1245,544
1708,train/bremen/bremen_000112_000019_leftImg8bit.png,1,1194,417,1399,573
1709,train/bremen/bremen_000112_000019_leftImg8bit.png,1,731,403,898,562
1710,train/bremen/bremen_000112_000019_leftImg8bit.png,1,703,412,839,597
1711,train/bremen/bremen_000112_000019_leftImg8bit.png,1,504,385,756,646
1712,train/bremen/bremen_000112_000019_leftImg8bit.png,1,186,394,698,756
1713,train/bremen/bremen_000112_000019_leftImg8bit.png,1,0,358,354,1006
1714,train/bremen/bremen_000112_000019_leftImg8bit.png,1,1542,154,2048,1023
1715,train/bremen/bremen_000223_000019_leftImg8bit.png,4,388,460,468,598
1716,train/bremen/bremen_000223_000019_leftImg8bit.png,1,1249,426,1329,529
1717,train/bremen/bremen_000223_000019_leftImg8bit.png,1,1260,433,1331,541
1718,train/bremen/bremen_000223_000019_leftImg8bit.png,1,1282,389,1492,568
1719,train/bremen/bremen_000223_000019_leftImg8bit.png,1,1400,395,1729,643
1720,train/bremen/bremen_000223_000019_leftImg8bit.png,1,1628,366,2048,803
1721,train/bremen/bremen_000070_000019_leftImg8bit.png,0,255,399,307,546
1722,train/bremen/bremen_000070_000019_leftImg8bit.png,1,736,420,816,492
1723,train/bremen/bremen_000070_000019_leftImg8bit.png,1,976,429,1061,511
1724,train/bremen/bremen_000070_000019_leftImg8bit.png,1,858,419,1015,542
1725,train/bremen/bremen_000070_000019_leftImg8bit.png,2,1136,269,1439,564
1726,train/bremen/bremen_000070_000019_leftImg8bit.png,1,1265,387,1546,609
1727,train/bremen/bremen_000070_000019_leftImg8bit.png,1,1433,365,1833,685
1728,train/bremen/bremen_000070_000019_leftImg8bit.png,1,1632,312,2048,893
1729,train/bremen/bremen_000171_000019_leftImg8bit.png,0,191,411,243,542
1730,train/bremen/bremen_000171_000019_leftImg8bit.png,1,1574,413,1717,526
1731,train/bremen/bremen_000171_000019_leftImg8bit.png,1,830,429,892,507
1732,train/bremen/bremen_000171_000019_leftImg8bit.png,1,852,408,1048,569
1733,train/bremen/bremen_000206_000019_leftImg8bit.png,4,1368,423,1441,496
1734,train/bremen/bremen_000206_000019_leftImg8bit.png,1,395,411,808,541
1735,train/bremen/bremen_000206_000019_leftImg8bit.png,1,1405,325,1752,633
1736,train/bremen/bremen_000206_000019_leftImg8bit.png,1,1632,310,2048,815
1737,train/bremen/bremen_000199_000019_leftImg8bit.png,1,0,453,107,609
1738,train/bremen/bremen_000199_000019_leftImg8bit.png,4,1668,455,1870,589
1739,train/bremen/bremen_000024_000019_leftImg8bit.png,1,716,446,819,527
1740,train/bremen/bremen_000117_000019_leftImg8bit.png,1,1162,417,1273,512
1741,train/bremen/bremen_000117_000019_leftImg8bit.png,1,1245,425,1427,560
1742,train/bremen/bremen_000117_000019_leftImg8bit.png,1,1527,408,1734,558
1743,train/bremen/bremen_000117_000019_leftImg8bit.png,1,1676,386,2010,589
1744,train/bremen/bremen_000117_000019_leftImg8bit.png,1,913,397,1191,629
1745,train/bremen/bremen_000314_000019_leftImg8bit.png,0,1446,357,1497,468
1746,train/bremen/bremen_000314_000019_leftImg8bit.png,4,1523,389,1577,483
1747,train/bremen/bremen_000314_000019_leftImg8bit.png,4,1592,396,1666,490
1748,train/bremen/bremen_000314_000019_leftImg8bit.png,4,1735,384,1813,518
1749,train/bremen/bremen_000314_000019_leftImg8bit.png,0,1634,339,1730,521
1750,train/bremen/bremen_000314_000019_leftImg8bit.png,0,1834,299,1947,567
1751,train/bremen/bremen_000314_000019_leftImg8bit.png,4,1842,378,2048,566
1752,train/bremen/bremen_000314_000019_leftImg8bit.png,0,285,363,347,539
1753,train/bremen/bremen_000314_000019_leftImg8bit.png,0,440,363,533,540
1754,train/bremen/bremen_000314_000019_leftImg8bit.png,0,349,339,433,541
1755,train/bremen/bremen_000106_000019_leftImg8bit.png,1,543,393,729,477
1756,train/bremen/bremen_000106_000019_leftImg8bit.png,1,1131,385,1265,584
1757,train/bremen/bremen_000106_000019_leftImg8bit.png,1,1202,351,1394,644
1758,train/bremen/bremen_000106_000019_leftImg8bit.png,1,1312,162,2047,840
1759,train/bremen/bremen_000106_000019_leftImg8bit.png,1,410,394,600,576
1760,train/bremen/bremen_000106_000019_leftImg8bit.png,1,0,345,507,695
1761,train/bremen/bremen_000106_000019_leftImg8bit.png,1,833,362,1086,583
1762,train/bremen/bremen_000169_000019_leftImg8bit.png,1,1321,403,1505,571
1763,train/bremen/bremen_000169_000019_leftImg8bit.png,1,1444,367,1842,634
1764,train/bremen/bremen_000169_000019_leftImg8bit.png,1,682,442,739,494
1765,train/bremen/bremen_000169_000019_leftImg8bit.png,1,621,444,704,496
1766,train/bremen/bremen_000169_000019_leftImg8bit.png,2,1124,315,1290,504
1767,train/bremen/bremen_000292_000019_leftImg8bit.png,4,473,442,556,516
1768,train/bremen/bremen_000292_000019_leftImg8bit.png,1,715,416,786,471
1769,train/bremen/bremen_000292_000019_leftImg8bit.png,4,393,459,455,574
1770,train/bremen/bremen_000292_000019_leftImg8bit.png,1,751,423,904,532
1771,train/bremen/bremen_000292_000019_leftImg8bit.png,1,1112,411,1185,467
1772,train/bremen/bremen_000292_000019_leftImg8bit.png,1,992,407,1121,513
1773,train/bremen/bremen_000292_000019_leftImg8bit.png,1,1890,349,2048,524
1774,train/bremen/bremen_000029_000019_leftImg8bit.png,1,1468,416,1635,521
1775,train/bremen/bremen_000029_000019_leftImg8bit.png,4,453,451,557,563
1776,train/bremen/bremen_000029_000019_leftImg8bit.png,4,308,451,418,574
1777,train/bremen/bremen_000029_000019_leftImg8bit.png,4,194,469,350,583
1778,train/bremen/bremen_000029_000019_leftImg8bit.png,0,389,393,459,600
1779,train/bremen/bremen_000029_000019_leftImg8bit.png,0,382,471,456,602
1780,train/bremen/bremen_000029_000019_leftImg8bit.png,4,88,456,238,590
1781,train/bremen/bremen_000029_000019_leftImg8bit.png,4,0,507,78,596
1782,train/bremen/bremen_000029_000019_leftImg8bit.png,1,485,405,1016,628
1783,train/bremen/bremen_000252_000019_leftImg8bit.png,1,843,429,974,523
1784,train/bremen/bremen_000255_000019_leftImg8bit.png,1,831,443,893,508
1785,train/bremen/bremen_000255_000019_leftImg8bit.png,1,746,464,821,517
1786,train/bremen/bremen_000255_000019_leftImg8bit.png,1,201,449,471,588
1787,train/bremen/bremen_000255_000019_leftImg8bit.png,1,1513,355,2048,823
1788,train/bremen/bremen_000017_000019_leftImg8bit.png,1,1161,429,1381,522
1789,train/bremen/bremen_000017_000019_leftImg8bit.png,0,1375,407,1430,530
1790,train/bremen/bremen_000017_000019_leftImg8bit.png,0,1860,367,1923,529
1791,train/bremen/bremen_000041_000019_leftImg8bit.png,1,445,373,720,541
1792,train/bremen/bremen_000041_000019_leftImg8bit.png,4,1210,412,1296,574
1793,train/bremen/bremen_000276_000019_leftImg8bit.png,1,962,418,1024,469
1794,train/bremen/bremen_000276_000019_leftImg8bit.png,1,767,378,942,499
1795,train/bremen/bremen_000276_000019_leftImg8bit.png,1,731,392,908,497
1796,train/bremen/bremen_000276_000019_leftImg8bit.png,1,719,396,894,543
1797,train/bremen/bremen_000276_000019_leftImg8bit.png,1,544,399,798,597
1798,train/bremen/bremen_000276_000019_leftImg8bit.png,1,515,404,687,625
1799,train/bremen/bremen_000276_000019_leftImg8bit.png,1,0,366,627,823
1800,train/bremen/bremen_000276_000019_leftImg8bit.png,1,0,482,137,892
1801,train/bremen/bremen_000276_000019_leftImg8bit.png,1,1218,405,1276,474
1802,train/bremen/bremen_000276_000019_leftImg8bit.png,1,1243,393,1362,483
1803,train/bremen/bremen_000276_000019_leftImg8bit.png,5,1284,391,1342,495
1804,train/bremen/bremen_000276_000019_leftImg8bit.png,1,1337,377,1454,511
1805,train/bremen/bremen_000276_000019_leftImg8bit.png,1,1405,327,1682,561
1806,train/bremen/bremen_000276_000019_leftImg8bit.png,0,1352,345,1441,555
1807,train/bremen/bremen_000276_000019_leftImg8bit.png,1,1680,186,2048,730
1808,train/bremen/bremen_000016_000019_leftImg8bit.png,0,1183,404,1235,511
1809,train/bremen/bremen_000016_000019_leftImg8bit.png,1,1281,405,1358,517
1810,train/bremen/bremen_000016_000019_leftImg8bit.png,1,1318,395,1502,534
1811,train/bremen/bremen_000081_000019_leftImg8bit.png,3,605,330,941,532
1812,train/bremen/bremen_000081_000019_leftImg8bit.png,1,1263,457,1330,514
1813,train/bremen/bremen_000081_000019_leftImg8bit.png,1,0,394,390,675
1814,train/bremen/bremen_000244_000019_leftImg8bit.png,5,1185,421,1244,499
1815,train/bremen/bremen_000244_000019_leftImg8bit.png,1,1214,417,1269,509
1816,train/bremen/bremen_000244_000019_leftImg8bit.png,2,1248,211,1542,545
1817,train/bremen/bremen_000275_000019_leftImg8bit.png,1,756,380,864,500
1818,train/bremen/bremen_000275_000019_leftImg8bit.png,1,630,383,798,520
1819,train/bremen/bremen_000275_000019_leftImg8bit.png,0,250,327,316,457
1820,train/bremen/bremen_000275_000019_leftImg8bit.png,4,199,401,345,655
1821,train/bremen/bremen_000275_000019_leftImg8bit.png,4,0,398,148,606
1822,train/bremen/bremen_000275_000019_leftImg8bit.png,4,0,380,228,741
1823,train/bremen/bremen_000275_000019_leftImg8bit.png,1,1106,426,1161,477
1824,train/bremen/bremen_000275_000019_leftImg8bit.png,1,1136,420,1215,489
1825,train/bremen/bremen_000275_000019_leftImg8bit.png,4,438,394,530,573
1826,train/bremen/bremen_000275_000019_leftImg8bit.png,1,1175,416,1299,513
1827,train/bremen/bremen_000275_000019_leftImg8bit.png,1,1201,427,1271,520
1828,train/bremen/bremen_000275_000019_leftImg8bit.png,1,1215,424,1308,520
1829,train/bremen/bremen_000275_000019_leftImg8bit.png,1,1255,412,1346,533
1830,train/bremen/bremen_000275_000019_leftImg8bit.png,1,1287,394,1490,571
1831,train/bremen/bremen_000275_000019_leftImg8bit.png,1,1336,394,1975,720
1832,train/bremen/bremen_000275_000019_leftImg8bit.png,1,1894,294,2048,801
1833,train/bremen/bremen_000267_000019_leftImg8bit.png,1,140,375,370,441
1834,train/bremen/bremen_000267_000019_leftImg8bit.png,1,360,379,541,452
1835,train/bremen/bremen_000122_000019_leftImg8bit.png,1,387,422,508,486
1836,train/bremen/bremen_000122_000019_leftImg8bit.png,1,746,410,827,474
1837,train/bremen/bremen_000122_000019_leftImg8bit.png,1,618,407,762,511
1838,train/bremen/bremen_000122_000019_leftImg8bit.png,1,1033,403,1157,502
1839,train/bremen/bremen_000122_000019_leftImg8bit.png,1,1890,358,2048,465
1840,train/bremen/bremen_000122_000019_leftImg8bit.png,1,1514,336,1759,521
1841,train/bremen/bremen_000122_000019_leftImg8bit.png,1,1625,359,1924,550
1842,train/bremen/bremen_000122_000019_leftImg8bit.png,1,74,414,446,643
1843,train/bremen/bremen_000298_000019_leftImg8bit.png,1,855,413,939,490
1844,train/bremen/bremen_000298_000019_leftImg8bit.png,1,751,404,868,522
1845,train/bremen/bremen_000298_000019_leftImg8bit.png,1,612,408,782,567
1846,train/bremen/bremen_000298_000019_leftImg8bit.png,1,325,403,672,639
1847,train/bremen/bremen_000298_000019_leftImg8bit.png,1,0,363,375,866
1848,train/bremen/bremen_000298_000019_leftImg8bit.png,1,1110,412,1186,474
1849,train/bremen/bremen_000298_000019_leftImg8bit.png,0,1945,347,2023,500
1850,train/bremen/bremen_000298_000019_leftImg8bit.png,0,1897,346,1950,500
1851,train/bremen/bremen_000291_000019_leftImg8bit.png,1,0,390,242,498
1852,train/bremen/bremen_000291_000019_leftImg8bit.png,1,822,424,927,504
1853,train/bremen/bremen_000086_000019_leftImg8bit.png,1,596,477,686,553
1854,train/bremen/bremen_000086_000019_leftImg8bit.png,1,691,498,790,571
1855,train/bremen/bremen_000086_000019_leftImg8bit.png,1,840,494,992,592
1856,train/bremen/bremen_000086_000019_leftImg8bit.png,1,1065,474,1519,764
1857,train/bremen/bremen_000086_000019_leftImg8bit.png,1,395,494,533,546
1858,train/bremen/bremen_000086_000019_leftImg8bit.png,1,61,491,166,600
1859,train/bremen/bremen_000086_000019_leftImg8bit.png,1,0,481,110,650
1860,train/bremen/bremen_000265_000019_leftImg8bit.png,1,1845,452,1923,542
1861,train/bremen/bremen_000265_000019_leftImg8bit.png,1,1881,445,1941,553
1862,train/bremen/bremen_000265_000019_leftImg8bit.png,1,1902,408,2048,578
1863,train/bremen/bremen_000265_000019_leftImg8bit.png,1,1934,438,2048,608
1864,train/bremen/bremen_000265_000019_leftImg8bit.png,1,1991,439,2048,650
1865,train/bremen/bremen_000265_000019_leftImg8bit.png,1,1389,464,1463,528
1866,train/bremen/bremen_000265_000019_leftImg8bit.png,1,1305,441,1407,538
1867,train/bremen/bremen_000265_000019_leftImg8bit.png,1,1220,454,1350,546
1868,train/bremen/bremen_000104_000019_leftImg8bit.png,4,544,442,595,503
1869,train/bremen/bremen_000104_000019_leftImg8bit.png,1,835,428,941,503
1870,train/bremen/bremen_000104_000019_leftImg8bit.png,1,1320,412,1419,563
1871,train/bremen/bremen_000104_000019_leftImg8bit.png,1,1337,406,1666,620
1872,train/bremen/bremen_000104_000019_leftImg8bit.png,1,1609,355,2048,933
1873,train/bremen/bremen_000301_000019_leftImg8bit.png,1,1141,420,1217,485
1874,train/bremen/bremen_000301_000019_leftImg8bit.png,1,1267,418,1389,546
1875,train/bremen/bremen_000301_000019_leftImg8bit.png,1,1330,411,1515,578
1876,train/bremen/bremen_000301_000019_leftImg8bit.png,1,996,421,1144,538
1877,train/bremen/bremen_000301_000019_leftImg8bit.png,1,1445,381,1805,626
1878,train/bremen/bremen_000301_000019_leftImg8bit.png,1,696,396,877,554
1879,train/bremen/bremen_000286_000019_leftImg8bit.png,1,783,406,856,465
1880,train/bremen/bremen_000286_000019_leftImg8bit.png,1,852,385,996,446
1881,train/bremen/bremen_000286_000019_leftImg8bit.png,1,1822,402,1932,457
1882,train/bremen/bremen_000286_000019_leftImg8bit.png,0,1914,350,1972,498
1883,train/bremen/bremen_000286_000019_leftImg8bit.png,0,1696,344,1777,538
1884,train/bremen/bremen_000286_000019_leftImg8bit.png,1,1205,406,1403,493
1885,train/bremen/bremen_000286_000019_leftImg8bit.png,4,1172,440,1310,528
1886,train/bremen/bremen_000286_000019_leftImg8bit.png,0,1202,377,1295,528
1887,train/bremen/bremen_000286_000019_leftImg8bit.png,1,1027,415,1098,522
1888,train/bremen/bremen_000286_000019_leftImg8bit.png,1,573,404,743,533
1889,train/bremen/bremen_000286_000019_leftImg8bit.png,1,800,401,1093,639
1890,train/bremen/bremen_000042_000019_leftImg8bit.png,4,1039,447,1225,572
1891,train/bremen/bremen_000042_000019_leftImg8bit.png,4,775,436,950,546
1892,train/bremen/bremen_000042_000019_leftImg8bit.png,0,502,390,571,558
1893,train/bremen/bremen_000042_000019_leftImg8bit.png,4,141,422,331,691
1894,train/bremen/bremen_000042_000019_leftImg8bit.png,4,1554,426,1687,613
1895,train/bremen/bremen_000042_000019_leftImg8bit.png,4,1445,472,1569,619
1896,train/bremen/bremen_000042_000019_leftImg8bit.png,4,1454,432,1587,670
1897,train/bremen/bremen_000239_000019_leftImg8bit.png,1,1003,427,1126,499
1898,train/bremen/bremen_000239_000019_leftImg8bit.png,1,1160,414,1264,516
1899,train/bremen/bremen_000239_000019_leftImg8bit.png,1,1485,424,1550,484
1900,train/bremen/bremen_000239_000019_leftImg8bit.png,1,1209,408,1499,607
1901,train/bremen/bremen_000087_000019_leftImg8bit.png,1,1331,392,1524,560
1902,train/bremen/bremen_000087_000019_leftImg8bit.png,0,1797,353,1857,450
1903,train/bremen/bremen_000087_000019_leftImg8bit.png,4,1836,431,2048,816
1904,train/bremen/bremen_000087_000019_leftImg8bit.png,1,1058,385,1270,587
1905,train/bremen/bremen_000087_000019_leftImg8bit.png,1,503,406,872,660
1906,train/bremen/bremen_000087_000019_leftImg8bit.png,1,0,403,225,755
1907,train/bremen/bremen_000006_000019_leftImg8bit.png,0,845,389,897,482
1908,train/bremen/bremen_000006_000019_leftImg8bit.png,1,707,366,800,461
1909,train/bremen/bremen_000006_000019_leftImg8bit.png,4,1863,415,1945,479
1910,train/bremen/bremen_000006_000019_leftImg8bit.png,1,1262,407,1328,501
1911,train/bremen/bremen_000006_000019_leftImg8bit.png,1,1289,388,1467,536
1912,train/bremen/bremen_000006_000019_leftImg8bit.png,1,984,389,1219,582
1913,train/bremen/bremen_000127_000019_leftImg8bit.png,1,974,427,1051,480
1914,train/bremen/bremen_000127_000019_leftImg8bit.png,1,295,420,643,659
1915,train/bremen/bremen_000108_000019_leftImg8bit.png,1,957,420,1021,485
1916,train/bremen/bremen_000108_000019_leftImg8bit.png,1,950,425,1015,490
1917,train/bremen/bremen_000108_000019_leftImg8bit.png,1,827,404,939,513
1918,train/bremen/bremen_000108_000019_leftImg8bit.png,1,822,417,893,519
1919,train/bremen/bremen_000108_000019_leftImg8bit.png,1,668,405,838,544
1920,train/bremen/bremen_000108_000019_leftImg8bit.png,1,1247,411,1307,478
1921,train/bremen/bremen_000108_000019_leftImg8bit.png,1,1274,413,1326,486
1922,train/bremen/bremen_000108_000019_leftImg8bit.png,1,1294,410,1376,488
1923,train/bremen/bremen_000108_000019_leftImg8bit.png,1,1306,411,1394,498
1924,train/bremen/bremen_000108_000019_leftImg8bit.png,4,1507,425,1584,554
1925,train/bremen/bremen_000108_000019_leftImg8bit.png,1,1974,393,2046,458
1926,train/bremen/bremen_000108_000019_leftImg8bit.png,1,1545,357,2032,687
1927,train/bremen/bremen_000108_000019_leftImg8bit.png,1,1841,417,2048,773
1928,train/bremen/bremen_000108_000019_leftImg8bit.png,1,1078,390,1278,554
1929,train/bremen/bremen_000108_000019_leftImg8bit.png,1,544,421,735,597
1930,train/bremen/bremen_000108_000019_leftImg8bit.png,1,121,404,596,673
1931,train/bremen/bremen_000107_000019_leftImg8bit.png,5,398,416,465,477
1932,train/bremen/bremen_000107_000019_leftImg8bit.png,1,662,417,742,470
1933,train/bremen/bremen_000107_000019_leftImg8bit.png,1,575,397,650,464
1934,train/bremen/bremen_000107_000019_leftImg8bit.png,1,887,377,1150,604
1935,train/bremen/bremen_000146_000019_leftImg8bit.png,1,1642,430,1757,490
1936,train/bremen/bremen_000146_000019_leftImg8bit.png,1,1723,432,1813,490
1937,train/bremen/bremen_000146_000019_leftImg8bit.png,1,1412,421,1586,491
1938,train/bremen/bremen_000146_000019_leftImg8bit.png,1,244,332,529,545
1939,train/bremen/bremen_000146_000019_leftImg8bit.png,1,544,321,1060,780
1940,train/bremen/bremen_000126_000019_leftImg8bit.png,1,883,402,954,457
1941,train/bremen/bremen_000126_000019_leftImg8bit.png,1,941,397,1027,458
1942,train/bremen/bremen_000126_000019_leftImg8bit.png,1,708,396,776,524
1943,train/bremen/bremen_000126_000019_leftImg8bit.png,1,640,395,754,565
1944,train/bremen/bremen_000126_000019_leftImg8bit.png,1,448,375,709,620
1945,train/bremen/bremen_000126_000019_leftImg8bit.png,1,0,356,545,784
1946,train/bremen/bremen_000043_000019_leftImg8bit.png,1,1210,422,1268,498
1947,train/bremen/bremen_000043_000019_leftImg8bit.png,1,1056,412,1241,565
1948,train/bremen/bremen_000235_000019_leftImg8bit.png,1,782,427,840,498
1949,train/bremen/bremen_000235_000019_leftImg8bit.png,1,741,427,812,501
1950,train/bremen/bremen_000235_000019_leftImg8bit.png,1,669,432,784,515
1951,train/bremen/bremen_000235_000019_leftImg8bit.png,1,529,433,680,542
1952,train/bremen/bremen_000235_000019_leftImg8bit.png,1,0,432,380,639
1953,train/bremen/bremen_000235_000019_leftImg8bit.png,0,1611,357,1697,551
1954,train/bremen/bremen_000235_000019_leftImg8bit.png,1,979,358,1199,575
1955,train/bremen/bremen_000167_000019_leftImg8bit.png,1,610,411,716,511
1956,train/bremen/bremen_000167_000019_leftImg8bit.png,1,578,430,676,521
1957,train/bremen/bremen_000167_000019_leftImg8bit.png,1,0,367,420,731
1958,train/bremen/bremen_000167_000019_leftImg8bit.png,1,0,420,187,866
1959,train/bremen/bremen_000167_000019_leftImg8bit.png,1,825,428,900,484
1960,train/bremen/bremen_000167_000019_leftImg8bit.png,1,869,434,955,503
1961,train/bremen/bremen_000167_000019_leftImg8bit.png,1,946,418,1086,575
1962,train/bremen/bremen_000167_000019_leftImg8bit.png,1,1017,409,1341,640
1963,train/bremen/bremen_000167_000019_leftImg8bit.png,5,421,439,515,587
1964,train/bremen/bremen_000215_000019_leftImg8bit.png,1,1083,450,1136,505
1965,train/bremen/bremen_000215_000019_leftImg8bit.png,1,1147,435,1286,577
1966,train/bremen/bremen_000215_000019_leftImg8bit.png,1,1159,452,1278,607
1967,train/bremen/bremen_000215_000019_leftImg8bit.png,1,1223,430,1371,648
1968,train/bremen/bremen_000215_000019_leftImg8bit.png,1,1276,410,1717,728
1969,train/bremen/bremen_000215_000019_leftImg8bit.png,1,1927,763,2048,1024
1970,train/bremen/bremen_000215_000019_leftImg8bit.png,1,884,456,943,543
1971,train/bremen/bremen_000215_000019_leftImg8bit.png,1,869,451,935,558
1972,train/bremen/bremen_000215_000019_leftImg8bit.png,1,794,450,914,581
1973,train/bremen/bremen_000215_000019_leftImg8bit.png,1,685,423,850,660
1974,train/bremen/bremen_000215_000019_leftImg8bit.png,1,268,371,773,759
1975,train/bremen/bremen_000215_000019_leftImg8bit.png,1,0,364,463,1024
1976,train/bremen/bremen_000256_000019_leftImg8bit.png,0,1316,368,1373,541
1977,train/bremen/bremen_000256_000019_leftImg8bit.png,0,1364,379,1425,543
1978,train/bremen/bremen_000256_000019_leftImg8bit.png,0,1430,383,1498,539
1979,train/bremen/bremen_000256_000019_leftImg8bit.png,0,1519,370,1571,541
1980,train/bremen/bremen_000256_000019_leftImg8bit.png,0,1626,355,1685,526
1981,train/bremen/bremen_000256_000019_leftImg8bit.png,1,162,379,760,717
1982,train/bremen/bremen_000256_000019_leftImg8bit.png,1,0,429,101,619
1983,train/bremen/bremen_000213_000019_leftImg8bit.png,1,1148,432,1211,515
1984,train/bremen/bremen_000213_000019_leftImg8bit.png,1,1171,419,1265,538
1985,train/bremen/bremen_000213_000019_leftImg8bit.png,1,1216,415,1386,565
1986,train/bremen/bremen_000213_000019_leftImg8bit.png,1,840,403,929,494
1987,train/bremen/bremen_000213_000019_leftImg8bit.png,1,823,413,929,504
1988,train/bremen/bremen_000213_000019_leftImg8bit.png,1,755,407,847,529
1989,train/bremen/bremen_000213_000019_leftImg8bit.png,1,532,395,769,567
1990,train/bremen/bremen_000049_000019_leftImg8bit.png,4,195,426,331,516
1991,train/bremen/bremen_000049_000019_leftImg8bit.png,1,1439,385,1948,562
1992,train/bremen/bremen_000049_000019_leftImg8bit.png,0,1744,296,1921,638
1993,train/bremen/bremen_000178_000019_leftImg8bit.png,1,0,398,81,607
1994,train/bremen/bremen_000178_000019_leftImg8bit.png,5,150,439,274,507
1995,train/bremen/bremen_000178_000019_leftImg8bit.png,1,609,428,701,495
1996,train/bremen/bremen_000178_000019_leftImg8bit.png,1,1119,420,1189,474
1997,train/bremen/bremen_000178_000019_leftImg8bit.png,4,1545,423,1663,518
1998,train/bremen/bremen_000178_000019_leftImg8bit.png,0,1467,357,1520,515
1999,train/bremen/bremen_000178_000019_leftImg8bit.png,1,968,410,1140,548
2000,train/bremen/bremen_000039_000019_leftImg8bit.png,4,242,409,402,511
2001,train/bremen/bremen_000039_000019_leftImg8bit.png,4,840,413,896,468
2002,train/bremen/bremen_000039_000019_leftImg8bit.png,4,793,405,852,465
2003,train/bremen/bremen_000305_000019_leftImg8bit.png,4,1332,438,1385,527
2004,train/bremen/bremen_000305_000019_leftImg8bit.png,1,1637,357,1946,484
2005,train/bremen/bremen_000305_000019_leftImg8bit.png,4,1555,424,1618,530
2006,train/bremen/bremen_000305_000019_leftImg8bit.png,4,1465,414,1544,553
2007,train/bremen/bremen_000305_000019_leftImg8bit.png,4,1592,419,1693,579
2008,train/bremen/bremen_000305_000019_leftImg8bit.png,1,963,369,1211,597
2009,train/bremen/bremen_000166_000019_leftImg8bit.png,1,735,432,822,550
2010,train/bremen/bremen_000166_000019_leftImg8bit.png,1,659,428,779,577
2011,train/bremen/bremen_000166_000019_leftImg8bit.png,1,468,420,714,622
2012,train/bremen/bremen_000166_000019_leftImg8bit.png,1,100,430,568,758
2013,train/bremen/bremen_000166_000019_leftImg8bit.png,1,0,449,167,847
2014,train/bremen/bremen_000166_000019_leftImg8bit.png,1,886,399,966,478
2015,train/bremen/bremen_000166_000019_leftImg8bit.png,1,819,421,921,508
2016,train/bremen/bremen_000166_000019_leftImg8bit.png,1,1049,413,1104,499
2017,train/bremen/bremen_000166_000019_leftImg8bit.png,1,1070,394,1241,543
2018,train/bremen/bremen_000202_000019_leftImg8bit.png,1,1159,415,1245,470
2019,train/bremen/bremen_000202_000019_leftImg8bit.png,1,1183,447,1252,503
2020,train/bremen/bremen_000202_000019_leftImg8bit.png,1,1216,406,1363,484
2021,train/bremen/bremen_000202_000019_leftImg8bit.png,1,1243,399,1471,507
2022,train/bremen/bremen_000202_000019_leftImg8bit.png,1,1274,398,1504,560
2023,train/bremen/bremen_000202_000019_leftImg8bit.png,1,1430,380,1630,567
2024,train/bremen/bremen_000202_000019_leftImg8bit.png,1,1491,347,2026,732
2025,train/bremen/bremen_000202_000019_leftImg8bit.png,1,1766,347,2048,874
2026,train/bremen/bremen_000202_000019_leftImg8bit.png,1,736,425,872,484
2027,train/bremen/bremen_000202_000019_leftImg8bit.png,1,706,427,845,484
2028,train/bremen/bremen_000202_000019_leftImg8bit.png,1,854,422,974,508
2029,train/bremen/bremen_000183_000019_leftImg8bit.png,1,946,419,1101,537
2030,train/bremen/bremen_000183_000019_leftImg8bit.png,1,1194,425,1246,477
2031,train/bremen/bremen_000183_000019_leftImg8bit.png,1,1207,405,1563,635
2032,train/bremen/bremen_000312_000019_leftImg8bit.png,1,1766,391,2048,850
2033,train/bremen/bremen_000312_000019_leftImg8bit.png,1,1289,416,1379,518
2034,train/bremen/bremen_000312_000019_leftImg8bit.png,1,1170,423,1253,506
2035,train/bremen/bremen_000312_000019_leftImg8bit.png,1,880,438,969,491
2036,train/bremen/bremen_000312_000019_leftImg8bit.png,1,1049,355,1182,517
2037,train/bremen/bremen_000312_000019_leftImg8bit.png,1,792,443,864,502
2038,train/bremen/bremen_000312_000019_leftImg8bit.png,1,681,442,805,513
2039,train/bremen/bremen_000312_000019_leftImg8bit.png,1,511,442,647,531
2040,train/bremen/bremen_000312_000019_leftImg8bit.png,1,326,426,531,550
2041,train/bremen/bremen_000312_000019_leftImg8bit.png,1,65,443,351,576
2042,train/bremen/bremen_000095_000019_leftImg8bit.png,1,918,431,972,487
2043,train/bremen/bremen_000095_000019_leftImg8bit.png,1,941,430,994,488
2044,train/bremen/bremen_000095_000019_leftImg8bit.png,1,980,417,1060,496
2045,train/bremen/bremen_000095_000019_leftImg8bit.png,1,1000,416,1112,508
2046,train/bremen/bremen_000095_000019_leftImg8bit.png,1,519,417,646,547
2047,train/bremen/bremen_000095_000019_leftImg8bit.png,1,585,414,811,561
2048,train/bremen/bremen_000095_000019_leftImg8bit.png,4,79,480,142,544
2049,train/bremen/bremen_000095_000019_leftImg8bit.png,0,14,400,81,574
2050,train/bremen/bremen_000095_000019_leftImg8bit.png,0,62,387,157,578
2051,train/bremen/bremen_000313_000019_leftImg8bit.png,0,1335,366,1390,540
2052,train/bremen/bremen_000313_000019_leftImg8bit.png,0,1703,362,1778,556
2053,train/bremen/bremen_000313_000019_leftImg8bit.png,1,660,409,716,465
2054,train/bremen/bremen_000313_000019_leftImg8bit.png,1,700,361,809,488
2055,train/bremen/bremen_000313_000019_leftImg8bit.png,1,436,375,496,444
2056,train/bremen/bremen_000313_000019_leftImg8bit.png,1,145,397,227,478
2057,train/bremen/bremen_000313_000019_leftImg8bit.png,1,101,393,174,489
2058,train/bremen/bremen_000313_000019_leftImg8bit.png,1,76,388,127,501
2059,train/bremen/bremen_000313_000019_leftImg8bit.png,1,406,400,475,458
2060,train/bremen/bremen_000313_000019_leftImg8bit.png,1,337,397,413,472
2061,train/bremen/bremen_000313_000019_leftImg8bit.png,1,266,404,399,496
2062,train/bremen/bremen_000313_000019_leftImg8bit.png,2,0,144,115,614
