0,train/cologne/cologne_000020_000019_leftImg8bit.png,2,49,277,369,470
1,train/cologne/cologne_000020_000019_leftImg8bit.png,1,124,358,244,470
2,train/cologne/cologne_000020_000019_leftImg8bit.png,0,827,367,907,543
3,train/cologne/cologne_000020_000019_leftImg8bit.png,0,701,313,840,572
4,train/cologne/cologne_000020_000019_leftImg8bit.png,0,1742,381,1794,566
5,train/cologne/cologne_000020_000019_leftImg8bit.png,0,1787,352,1840,559
6,train/cologne/cologne_000020_000019_leftImg8bit.png,0,1785,423,1846,558
7,train/cologne/cologne_000020_000019_leftImg8bit.png,0,1833,360,1905,487
8,train/cologne/cologne_000020_000019_leftImg8bit.png,0,1287,361,1349,539
9,train/cologne/cologne_000020_000019_leftImg8bit.png,0,1210,381,1310,549
10,train/cologne/cologne_000020_000019_leftImg8bit.png,0,975,357,1080,571
11,train/cologne/cologne_000020_000019_leftImg8bit.png,0,968,354,1070,581
12,train/cologne/cologne_000020_000019_leftImg8bit.png,0,920,351,997,593
13,train/cologne/cologne_000020_000019_leftImg8bit.png,0,1068,350,1165,563
14,train/cologne/cologne_000020_000019_leftImg8bit.png,0,1132,355,1234,562
15,train/cologne/cologne_000020_000019_leftImg8bit.png,0,1355,372,1442,557
16,train/cologne/cologne_000020_000019_leftImg8bit.png,0,1145,333,1264,569
17,train/cologne/cologne_000020_000019_leftImg8bit.png,0,475,336,599,634
18,train/cologne/cologne_000020_000019_leftImg8bit.png,1,1820,390,2043,608
19,train/cologne/cologne_000020_000019_leftImg8bit.png,0,1686,345,1752,452
20,train/cologne/cologne_000020_000019_leftImg8bit.png,1,1378,352,1773,632
21,train/cologne/cologne_000020_000019_leftImg8bit.png,0,348,341,472,636
22,train/cologne/cologne_000020_000019_leftImg8bit.png,0,1029,342,1143,587
23,train/cologne/cologne_000020_000019_leftImg8bit.png,0,797,350,893,573
24,train/cologne/cologne_000082_000019_leftImg8bit.png,1,870,436,961,506
25,train/cologne/cologne_000082_000019_leftImg8bit.png,1,950,397,1132,558
26,train/cologne/cologne_000082_000019_leftImg8bit.png,4,1413,448,1511,514
27,train/cologne/cologne_000082_000019_leftImg8bit.png,0,1834,383,1892,544
28,train/cologne/cologne_000082_000019_leftImg8bit.png,0,1869,380,1925,544
29,train/cologne/cologne_000082_000019_leftImg8bit.png,0,1816,377,1884,556
30,train/cologne/cologne_000082_000019_leftImg8bit.png,0,1919,379,1992,561
31,train/cologne/cologne_000082_000019_leftImg8bit.png,0,1728,369,1803,570
32,train/cologne/cologne_000082_000019_leftImg8bit.png,0,1637,371,1711,566
33,train/cologne/cologne_000082_000019_leftImg8bit.png,1,119,370,672,724
34,train/cologne/cologne_000082_000019_leftImg8bit.png,4,1233,365,1311,562
35,train/cologne/cologne_000082_000019_leftImg8bit.png,4,123,437,179,512
36,train/cologne/cologne_000141_000019_leftImg8bit.png,1,-2,368,157,603
37,train/cologne/cologne_000141_000019_leftImg8bit.png,1,684,406,757,462
38,train/cologne/cologne_000141_000019_leftImg8bit.png,1,613,418,699,469
39,train/cologne/cologne_000141_000019_leftImg8bit.png,1,829,403,908,459
40,train/cologne/cologne_000141_000019_leftImg8bit.png,1,208,409,411,523
41,train/cologne/cologne_000141_000019_leftImg8bit.png,4,1598,417,1705,503
42,train/cologne/cologne_000000_000019_leftImg8bit.png,1,1090,394,1151,445
43,train/cologne/cologne_000000_000019_leftImg8bit.png,1,851,407,904,459
44,train/cologne/cologne_000000_000019_leftImg8bit.png,1,1124,336,1289,497
45,train/cologne/cologne_000000_000019_leftImg8bit.png,1,0,409,155,551
46,train/cologne/cologne_000000_000019_leftImg8bit.png,1,400,398,605,560
47,train/cologne/cologne_000000_000019_leftImg8bit.png,1,37,351,449,641
48,train/cologne/cologne_000000_000019_leftImg8bit.png,1,565,305,869,602
49,train/cologne/cologne_000093_000019_leftImg8bit.png,1,970,388,1046,475
50,train/cologne/cologne_000093_000019_leftImg8bit.png,1,1137,415,1195,483
51,train/cologne/cologne_000093_000019_leftImg8bit.png,1,935,391,1016,490
52,train/cologne/cologne_000093_000019_leftImg8bit.png,1,892,416,999,516
53,train/cologne/cologne_000093_000019_leftImg8bit.png,1,870,426,962,529
54,train/cologne/cologne_000093_000019_leftImg8bit.png,1,1174,397,1307,526
55,train/cologne/cologne_000093_000019_leftImg8bit.png,1,1205,405,1355,554
56,train/cologne/cologne_000093_000019_leftImg8bit.png,1,1280,396,1508,603
57,train/cologne/cologne_000093_000019_leftImg8bit.png,4,894,447,951,542
58,train/cologne/cologne_000093_000019_leftImg8bit.png,1,735,411,916,563
59,train/cologne/cologne_000093_000019_leftImg8bit.png,1,1337,410,1708,665
60,train/cologne/cologne_000093_000019_leftImg8bit.png,1,488,409,799,641
61,train/cologne/cologne_000093_000019_leftImg8bit.png,1,0,356,562,845
62,train/cologne/cologne_000093_000019_leftImg8bit.png,1,1814,417,2045,929
63,train/cologne/cologne_000085_000019_leftImg8bit.png,1,1246,397,1317,462
64,train/cologne/cologne_000085_000019_leftImg8bit.png,1,1048,412,1124,475
65,train/cologne/cologne_000085_000019_leftImg8bit.png,0,1929,392,1998,533
66,train/cologne/cologne_000085_000019_leftImg8bit.png,0,1984,401,2038,554
67,train/cologne/cologne_000085_000019_leftImg8bit.png,0,1766,339,1878,576
68,train/cologne/cologne_000085_000019_leftImg8bit.png,0,1869,342,1964,576
69,train/cologne/cologne_000085_000019_leftImg8bit.png,1,217,396,541,581
70,train/cologne/cologne_000085_000019_leftImg8bit.png,4,1379,440,1450,528
71,train/cologne/cologne_000085_000019_leftImg8bit.png,4,1393,448,1466,530
72,train/cologne/cologne_000085_000019_leftImg8bit.png,4,1286,421,1363,482
73,train/cologne/cologne_000085_000019_leftImg8bit.png,4,572,429,657,564
74,train/cologne/cologne_000085_000019_leftImg8bit.png,1,1435,366,1686,583
75,train/cologne/cologne_000104_000019_leftImg8bit.png,0,1360,361,1449,545
76,train/cologne/cologne_000104_000019_leftImg8bit.png,0,1497,327,1557,528
77,train/cologne/cologne_000104_000019_leftImg8bit.png,0,1191,380,1257,500
78,train/cologne/cologne_000104_000019_leftImg8bit.png,1,716,367,867,535
79,train/cologne/cologne_000104_000019_leftImg8bit.png,1,492,324,782,582
80,train/cologne/cologne_000104_000019_leftImg8bit.png,1,982,319,1191,389
81,train/cologne/cologne_000104_000019_leftImg8bit.png,1,839,330,1240,695
82,train/cologne/cologne_000104_000019_leftImg8bit.png,1,50,350,648,704
83,train/cologne/cologne_000133_000019_leftImg8bit.png,1,942,423,1037,488
84,train/cologne/cologne_000133_000019_leftImg8bit.png,1,1291,399,1531,519
85,train/cologne/cologne_000133_000019_leftImg8bit.png,1,1297,412,1514,582
86,train/cologne/cologne_000133_000019_leftImg8bit.png,1,0,397,53,469
87,train/cologne/cologne_000133_000019_leftImg8bit.png,3,274,219,886,635
88,train/cologne/cologne_000133_000019_leftImg8bit.png,1,-2,390,200,534
89,train/cologne/cologne_000133_000019_leftImg8bit.png,1,0,370,658,814
90,train/cologne/cologne_000133_000019_leftImg8bit.png,1,1710,338,2045,645
91,train/cologne/cologne_000133_000019_leftImg8bit.png,1,1453,391,1968,731
92,train/cologne/cologne_000133_000019_leftImg8bit.png,1,1012,400,1317,662
93,train/cologne/cologne_000134_000019_leftImg8bit.png,3,962,378,1060,462
94,train/cologne/cologne_000134_000019_leftImg8bit.png,0,976,395,1033,518
95,train/cologne/cologne_000134_000019_leftImg8bit.png,0,952,385,1009,523
96,train/cologne/cologne_000134_000019_leftImg8bit.png,3,1154,340,1361,476
97,train/cologne/cologne_000134_000019_leftImg8bit.png,1,1288,400,1407,485
98,train/cologne/cologne_000134_000019_leftImg8bit.png,0,1578,375,1656,511
99,train/cologne/cologne_000134_000019_leftImg8bit.png,1,675,383,936,603
100,train/cologne/cologne_000134_000019_leftImg8bit.png,0,908,335,1014,637
101,train/cologne/cologne_000134_000019_leftImg8bit.png,0,999,347,1152,646
102,train/cologne/cologne_000134_000019_leftImg8bit.png,4,1175,457,1321,520
103,train/cologne/cologne_000134_000019_leftImg8bit.png,0,1203,268,1335,640
104,train/cologne/cologne_000134_000019_leftImg8bit.png,0,1215,319,1314,654
105,train/cologne/cologne_000134_000019_leftImg8bit.png,0,1331,252,1481,655
106,train/cologne/cologne_000134_000019_leftImg8bit.png,0,1356,290,1567,767
107,train/cologne/cologne_000134_000019_leftImg8bit.png,0,1385,246,1666,802
108,train/cologne/cologne_000134_000019_leftImg8bit.png,0,1634,293,1803,771
109,train/cologne/cologne_000134_000019_leftImg8bit.png,1,40,365,252,541
110,train/cologne/cologne_000134_000019_leftImg8bit.png,1,2,359,733,737
111,train/cologne/cologne_000134_000019_leftImg8bit.png,0,218,177,420,886
112,train/cologne/cologne_000134_000019_leftImg8bit.png,4,1732,455,2046,887
113,train/cologne/cologne_000134_000019_leftImg8bit.png,4,-2,520,227,812
114,train/cologne/cologne_000068_000019_leftImg8bit.png,1,933,383,992,449
115,train/cologne/cologne_000068_000019_leftImg8bit.png,0,1045,444,1098,527
116,train/cologne/cologne_000068_000019_leftImg8bit.png,5,1440,418,1527,494
117,train/cologne/cologne_000068_000019_leftImg8bit.png,0,1621,373,1680,480
118,train/cologne/cologne_000068_000019_leftImg8bit.png,0,1880,404,1936,491
119,train/cologne/cologne_000068_000019_leftImg8bit.png,0,1937,400,1991,493
120,train/cologne/cologne_000068_000019_leftImg8bit.png,0,160,336,248,531
121,train/cologne/cologne_000068_000019_leftImg8bit.png,1,833,399,928,492
122,train/cologne/cologne_000068_000019_leftImg8bit.png,1,607,376,728,488
123,train/cologne/cologne_000068_000019_leftImg8bit.png,1,380,391,620,536
124,train/cologne/cologne_000068_000019_leftImg8bit.png,1,660,381,887,551
125,train/cologne/cologne_000068_000019_leftImg8bit.png,4,1430,425,1502,503
126,train/cologne/cologne_000068_000019_leftImg8bit.png,4,1387,402,1440,503
127,train/cologne/cologne_000068_000019_leftImg8bit.png,4,1357,420,1414,502
128,train/cologne/cologne_000068_000019_leftImg8bit.png,0,1335,371,1392,517
129,train/cologne/cologne_000068_000019_leftImg8bit.png,4,1287,419,1375,526
130,train/cologne/cologne_000060_000019_leftImg8bit.png,1,1021,422,1142,507
131,train/cologne/cologne_000060_000019_leftImg8bit.png,1,1227,420,1433,562
132,train/cologne/cologne_000060_000019_leftImg8bit.png,1,117,361,323,463
133,train/cologne/cologne_000060_000019_leftImg8bit.png,1,1429,168,2046,789
134,train/cologne/cologne_000057_000019_leftImg8bit.png,1,1375,403,1472,488
135,train/cologne/cologne_000057_000019_leftImg8bit.png,1,1613,342,1777,499
136,train/cologne/cologne_000057_000019_leftImg8bit.png,1,1705,400,1828,519
137,train/cologne/cologne_000057_000019_leftImg8bit.png,1,1762,400,1851,524
138,train/cologne/cologne_000057_000019_leftImg8bit.png,4,426,434,517,591
139,train/cologne/cologne_000057_000019_leftImg8bit.png,1,1797,387,2032,548
140,train/cologne/cologne_000064_000019_leftImg8bit.png,1,1141,405,1196,463
141,train/cologne/cologne_000064_000019_leftImg8bit.png,1,1146,416,1204,471
142,train/cologne/cologne_000064_000019_leftImg8bit.png,1,1029,402,1114,480
143,train/cologne/cologne_000064_000019_leftImg8bit.png,1,1234,382,1306,472
144,train/cologne/cologne_000064_000019_leftImg8bit.png,1,1174,412,1272,486
145,train/cologne/cologne_000064_000019_leftImg8bit.png,4,293,404,355,503
146,train/cologne/cologne_000064_000019_leftImg8bit.png,3,1359,38,2043,719
147,train/cologne/cologne_000017_000019_leftImg8bit.png,1,1069,410,1157,497
148,train/cologne/cologne_000017_000019_leftImg8bit.png,1,1025,420,1153,518
149,train/cologne/cologne_000017_000019_leftImg8bit.png,1,1193,425,1312,517
150,train/cologne/cologne_000017_000019_leftImg8bit.png,1,1377,420,1516,524
151,train/cologne/cologne_000017_000019_leftImg8bit.png,1,40,446,219,497
152,train/cologne/cologne_000017_000019_leftImg8bit.png,1,601,378,846,573
153,train/cologne/cologne_000017_000019_leftImg8bit.png,0,1989,371,2042,535
154,train/cologne/cologne_000046_000019_leftImg8bit.png,1,210,391,295,465
155,train/cologne/cologne_000046_000019_leftImg8bit.png,1,1466,422,1588,509
156,train/cologne/cologne_000046_000019_leftImg8bit.png,1,1326,394,1487,539
157,train/cologne/cologne_000046_000019_leftImg8bit.png,0,1151,376,1210,514
158,train/cologne/cologne_000046_000019_leftImg8bit.png,0,274,372,333,489
159,train/cologne/cologne_000046_000019_leftImg8bit.png,1,1180,394,1458,618
160,train/cologne/cologne_000046_000019_leftImg8bit.png,0,903,352,963,555
161,train/cologne/cologne_000046_000019_leftImg8bit.png,0,847,346,931,600
162,train/cologne/cologne_000046_000019_leftImg8bit.png,0,696,332,758,613
163,train/cologne/cologne_000046_000019_leftImg8bit.png,0,797,348,878,611
164,train/cologne/cologne_000046_000019_leftImg8bit.png,0,724,332,821,615
165,train/cologne/cologne_000046_000019_leftImg8bit.png,4,418,426,637,581
166,train/cologne/cologne_000046_000019_leftImg8bit.png,4,898,484,997,584
167,train/cologne/cologne_000046_000019_leftImg8bit.png,0,576,292,657,616
168,train/cologne/cologne_000046_000019_leftImg8bit.png,1,1632,323,2042,767
169,train/cologne/cologne_000001_000019_leftImg8bit.png,1,599,375,689,455
170,train/cologne/cologne_000001_000019_leftImg8bit.png,1,599,375,663,455
171,train/cologne/cologne_000001_000019_leftImg8bit.png,1,517,375,642,475
172,train/cologne/cologne_000001_000019_leftImg8bit.png,1,730,380,802,434
173,train/cologne/cologne_000001_000019_leftImg8bit.png,1,862,316,977,447
174,train/cologne/cologne_000001_000019_leftImg8bit.png,1,892,386,978,459
175,train/cologne/cologne_000001_000019_leftImg8bit.png,1,913,386,1023,482
176,train/cologne/cologne_000001_000019_leftImg8bit.png,1,970,399,1093,506
177,train/cologne/cologne_000001_000019_leftImg8bit.png,1,1036,406,1090,528
178,train/cologne/cologne_000001_000019_leftImg8bit.png,1,1348,390,1481,491
179,train/cologne/cologne_000001_000019_leftImg8bit.png,4,1375,401,1491,498
180,train/cologne/cologne_000001_000019_leftImg8bit.png,5,1664,384,1736,498
181,train/cologne/cologne_000001_000019_leftImg8bit.png,0,46,353,119,519
182,train/cologne/cologne_000001_000019_leftImg8bit.png,1,1037,327,1400,641
183,train/cologne/cologne_000079_000019_leftImg8bit.png,1,1309,406,1379,498
184,train/cologne/cologne_000079_000019_leftImg8bit.png,1,1352,404,1405,510
185,train/cologne/cologne_000079_000019_leftImg8bit.png,1,1358,405,1465,517
186,train/cologne/cologne_000079_000019_leftImg8bit.png,1,1405,405,1526,541
187,train/cologne/cologne_000079_000019_leftImg8bit.png,1,1455,400,1597,571
188,train/cologne/cologne_000079_000019_leftImg8bit.png,1,1499,400,1666,620
189,train/cologne/cologne_000079_000019_leftImg8bit.png,1,1613,266,2044,723
190,train/cologne/cologne_000079_000019_leftImg8bit.png,1,816,403,915,483
191,train/cologne/cologne_000079_000019_leftImg8bit.png,1,723,405,834,501
192,train/cologne/cologne_000079_000019_leftImg8bit.png,0,478,394,529,483
193,train/cologne/cologne_000079_000019_leftImg8bit.png,1,525,371,737,528
194,train/cologne/cologne_000079_000019_leftImg8bit.png,0,227,309,359,611
195,train/cologne/cologne_000079_000019_leftImg8bit.png,0,420,375,484,509
196,train/cologne/cologne_000018_000019_leftImg8bit.png,1,1948,374,2045,427
197,train/cologne/cologne_000018_000019_leftImg8bit.png,1,1877,401,2045,496
198,train/cologne/cologne_000018_000019_leftImg8bit.png,3,1056,316,1767,510
199,train/cologne/cologne_000018_000019_leftImg8bit.png,4,1478,424,1938,577
200,train/cologne/cologne_000018_000019_leftImg8bit.png,0,1480,375,1540,556
201,train/cologne/cologne_000018_000019_leftImg8bit.png,0,1343,348,1413,556
202,train/cologne/cologne_000018_000019_leftImg8bit.png,0,1366,370,1454,551
203,train/cologne/cologne_000018_000019_leftImg8bit.png,0,1177,389,1237,553
204,train/cologne/cologne_000018_000019_leftImg8bit.png,4,1075,468,1246,567
205,train/cologne/cologne_000018_000019_leftImg8bit.png,4,1075,468,1246,567
206,train/cologne/cologne_000018_000019_leftImg8bit.png,0,1113,369,1202,573
207,train/cologne/cologne_000018_000019_leftImg8bit.png,4,805,474,878,583
208,train/cologne/cologne_000018_000019_leftImg8bit.png,0,259,434,322,560
209,train/cologne/cologne_000018_000019_leftImg8bit.png,0,119,427,184,560
210,train/cologne/cologne_000018_000019_leftImg8bit.png,4,365,483,495,581
211,train/cologne/cologne_000018_000019_leftImg8bit.png,0,1536,341,1665,603
212,train/cologne/cologne_000092_000019_leftImg8bit.png,1,859,394,926,451
213,train/cologne/cologne_000092_000019_leftImg8bit.png,1,814,407,887,465
214,train/cologne/cologne_000092_000019_leftImg8bit.png,1,992,390,1062,484
215,train/cologne/cologne_000092_000019_leftImg8bit.png,1,729,403,830,482
216,train/cologne/cologne_000092_000019_leftImg8bit.png,1,1030,369,1169,499
217,train/cologne/cologne_000092_000019_leftImg8bit.png,1,1095,363,1414,501
218,train/cologne/cologne_000092_000019_leftImg8bit.png,1,605,401,758,511
219,train/cologne/cologne_000092_000019_leftImg8bit.png,0,94,317,230,608
220,train/cologne/cologne_000092_000019_leftImg8bit.png,4,316,427,502,558
221,train/cologne/cologne_000092_000019_leftImg8bit.png,4,1524,422,1859,713
222,train/cologne/cologne_000092_000019_leftImg8bit.png,4,1524,422,1859,713
223,train/cologne/cologne_000092_000019_leftImg8bit.png,4,9,419,333,636
224,train/cologne/cologne_000092_000019_leftImg8bit.png,4,1148,387,1341,495
225,train/cologne/cologne_000092_000019_leftImg8bit.png,4,1311,391,1410,510
226,train/cologne/cologne_000092_000019_leftImg8bit.png,4,1193,386,1384,514
227,train/cologne/cologne_000092_000019_leftImg8bit.png,4,1524,422,1859,713
228,train/cologne/cologne_000092_000019_leftImg8bit.png,1,1773,316,2045,820
229,train/cologne/cologne_000092_000019_leftImg8bit.png,5,1448,341,1564,514
230,train/cologne/cologne_000092_000019_leftImg8bit.png,4,463,419,622,547
231,train/cologne/cologne_000092_000019_leftImg8bit.png,4,316,427,502,558
232,train/cologne/cologne_000092_000019_leftImg8bit.png,4,171,421,400,591
233,train/cologne/cologne_000092_000019_leftImg8bit.png,4,0,398,168,679
234,train/cologne/cologne_000094_000019_leftImg8bit.png,1,974,425,1028,478
235,train/cologne/cologne_000094_000019_leftImg8bit.png,1,1162,408,1345,510
236,train/cologne/cologne_000094_000019_leftImg8bit.png,1,927,423,988,503
237,train/cologne/cologne_000094_000019_leftImg8bit.png,1,845,410,954,521
238,train/cologne/cologne_000094_000019_leftImg8bit.png,1,797,411,946,536
239,train/cologne/cologne_000094_000019_leftImg8bit.png,1,1739,390,1956,501
240,train/cologne/cologne_000094_000019_leftImg8bit.png,1,1773,387,2045,574
241,train/cologne/cologne_000094_000019_leftImg8bit.png,1,1357,371,1807,686
242,train/cologne/cologne_000094_000019_leftImg8bit.png,0,320,356,403,489
243,train/cologne/cologne_000094_000019_leftImg8bit.png,1,359,348,792,683
244,train/cologne/cologne_000094_000019_leftImg8bit.png,1,0,195,448,1020
245,train/cologne/cologne_000094_000019_leftImg8bit.png,4,1232,442,1321,510
246,train/cologne/cologne_000094_000019_leftImg8bit.png,4,1195,449,1248,510
247,train/cologne/cologne_000105_000019_leftImg8bit.png,1,303,443,398,499
248,train/cologne/cologne_000105_000019_leftImg8bit.png,1,227,430,317,505
249,train/cologne/cologne_000105_000019_leftImg8bit.png,1,87,441,151,492
250,train/cologne/cologne_000105_000019_leftImg8bit.png,1,98,441,218,507
251,train/cologne/cologne_000105_000019_leftImg8bit.png,1,1198,424,1275,484
252,train/cologne/cologne_000105_000019_leftImg8bit.png,1,1795,389,2045,532
253,train/cologne/cologne_000105_000019_leftImg8bit.png,0,1782,400,1849,543
254,train/cologne/cologne_000105_000019_leftImg8bit.png,0,1728,372,1795,550
255,train/cologne/cologne_000105_000019_leftImg8bit.png,4,1370,436,1433,487
256,train/cologne/cologne_000105_000019_leftImg8bit.png,4,1432,430,1522,505
257,train/cologne/cologne_000132_000019_leftImg8bit.png,1,1169,407,1229,464
258,train/cologne/cologne_000132_000019_leftImg8bit.png,3,882,383,1087,454
259,train/cologne/cologne_000132_000019_leftImg8bit.png,1,965,387,1040,464
260,train/cologne/cologne_000132_000019_leftImg8bit.png,1,1076,400,1139,453
261,train/cologne/cologne_000132_000019_leftImg8bit.png,1,1231,397,1297,487
262,train/cologne/cologne_000132_000019_leftImg8bit.png,1,1252,398,1357,499
263,train/cologne/cologne_000132_000019_leftImg8bit.png,1,1288,399,1462,524
264,train/cologne/cologne_000132_000019_leftImg8bit.png,1,1080,402,1181,483
265,train/cologne/cologne_000132_000019_leftImg8bit.png,1,947,400,1011,485
266,train/cologne/cologne_000132_000019_leftImg8bit.png,3,522,187,840,446
267,train/cologne/cologne_000132_000019_leftImg8bit.png,1,898,395,979,497
268,train/cologne/cologne_000132_000019_leftImg8bit.png,1,805,393,950,516
269,train/cologne/cologne_000132_000019_leftImg8bit.png,1,762,382,847,531
270,train/cologne/cologne_000132_000019_leftImg8bit.png,1,484,362,814,592
271,train/cologne/cologne_000132_000019_leftImg8bit.png,1,-2,344,393,767
272,train/cologne/cologne_000081_000019_leftImg8bit.png,1,724,420,795,499
273,train/cologne/cologne_000081_000019_leftImg8bit.png,1,675,419,769,508
274,train/cologne/cologne_000081_000019_leftImg8bit.png,1,625,422,717,521
275,train/cologne/cologne_000081_000019_leftImg8bit.png,1,518,415,658,536
276,train/cologne/cologne_000081_000019_leftImg8bit.png,1,416,410,563,562
277,train/cologne/cologne_000081_000019_leftImg8bit.png,1,106,407,453,619
278,train/cologne/cologne_000081_000019_leftImg8bit.png,1,0,392,143,633
279,train/cologne/cologne_000081_000019_leftImg8bit.png,1,1334,411,1544,580
280,train/cologne/cologne_000081_000019_leftImg8bit.png,1,1478,364,1917,694
281,train/cologne/cologne_000081_000019_leftImg8bit.png,1,1682,381,2045,928
282,train/cologne/cologne_000081_000019_leftImg8bit.png,1,1000,416,1063,484
283,train/cologne/cologne_000081_000019_leftImg8bit.png,1,1050,409,1157,505
284,train/cologne/cologne_000081_000019_leftImg8bit.png,4,314,433,427,632
285,train/cologne/cologne_000007_000019_leftImg8bit.png,2,980,407,1036,477
286,train/cologne/cologne_000007_000019_leftImg8bit.png,1,936,432,1026,499
287,train/cologne/cologne_000007_000019_leftImg8bit.png,1,1245,416,1339,481
288,train/cologne/cologne_000007_000019_leftImg8bit.png,1,1290,419,1501,528
289,train/cologne/cologne_000007_000019_leftImg8bit.png,1,1435,413,1771,574
290,train/cologne/cologne_000007_000019_leftImg8bit.png,1,310,422,534,475
291,train/cologne/cologne_000007_000019_leftImg8bit.png,1,183,433,513,579
292,train/cologne/cologne_000007_000019_leftImg8bit.png,1,1007,397,1192,561
293,train/cologne/cologne_000007_000019_leftImg8bit.png,4,1433,439,1530,574
294,train/cologne/cologne_000007_000019_leftImg8bit.png,4,1470,443,1705,590
295,train/cologne/cologne_000007_000019_leftImg8bit.png,1,394,422,795,689
296,train/cologne/cologne_000007_000019_leftImg8bit.png,4,1433,439,1530,574
297,train/cologne/cologne_000007_000019_leftImg8bit.png,4,1470,443,1705,590
298,train/cologne/cologne_000007_000019_leftImg8bit.png,4,1558,454,1782,610
299,train/cologne/cologne_000007_000019_leftImg8bit.png,0,1627,355,1740,614
300,train/cologne/cologne_000127_000019_leftImg8bit.png,1,918,424,1027,516
301,train/cologne/cologne_000127_000019_leftImg8bit.png,1,1096,431,1235,545
302,train/cologne/cologne_000127_000019_leftImg8bit.png,1,-2,330,477,1019
303,train/cologne/cologne_000127_000019_leftImg8bit.png,0,1319,416,1371,563
304,train/cologne/cologne_000127_000019_leftImg8bit.png,0,1271,406,1323,565
305,train/cologne/cologne_000127_000019_leftImg8bit.png,4,1581,436,1715,592
306,train/cologne/cologne_000127_000019_leftImg8bit.png,0,1656,343,1752,609
307,train/cologne/cologne_000074_000019_leftImg8bit.png,1,455,410,513,463
308,train/cologne/cologne_000074_000019_leftImg8bit.png,1,371,418,456,489
309,train/cologne/cologne_000074_000019_leftImg8bit.png,1,633,410,731,492
310,train/cologne/cologne_000074_000019_leftImg8bit.png,1,855,408,941,482
311,train/cologne/cologne_000074_000019_leftImg8bit.png,1,889,420,994,490
312,train/cologne/cologne_000074_000019_leftImg8bit.png,1,693,403,855,536
313,train/cologne/cologne_000074_000019_leftImg8bit.png,1,320,419,433,500
314,train/cologne/cologne_000074_000019_leftImg8bit.png,1,1011,412,1131,515
315,train/cologne/cologne_000074_000019_leftImg8bit.png,1,1080,399,1195,528
316,train/cologne/cologne_000074_000019_leftImg8bit.png,1,1158,350,1364,550
317,train/cologne/cologne_000074_000019_leftImg8bit.png,1,1302,328,1688,512
318,train/cologne/cologne_000074_000019_leftImg8bit.png,1,1293,346,1685,663
319,train/cologne/cologne_000074_000019_leftImg8bit.png,1,1492,357,2045,868
320,train/cologne/cologne_000074_000019_leftImg8bit.png,4,0,538,107,621
321,train/cologne/cologne_000110_000019_leftImg8bit.png,1,1033,417,1148,508
322,train/cologne/cologne_000110_000019_leftImg8bit.png,1,1326,405,1584,583
323,train/cologne/cologne_000110_000019_leftImg8bit.png,1,1167,425,1241,492
324,train/cologne/cologne_000059_000019_leftImg8bit.png,1,906,389,982,471
325,train/cologne/cologne_000059_000019_leftImg8bit.png,1,604,395,672,448
326,train/cologne/cologne_000059_000019_leftImg8bit.png,1,861,410,962,484
327,train/cologne/cologne_000059_000019_leftImg8bit.png,1,1132,413,1201,476
328,train/cologne/cologne_000059_000019_leftImg8bit.png,1,991,412,1123,520
329,train/cologne/cologne_000059_000019_leftImg8bit.png,1,681,390,895,548
330,train/cologne/cologne_000059_000019_leftImg8bit.png,1,1747,349,2045,864
331,train/cologne/cologne_000059_000019_leftImg8bit.png,1,0,311,473,983
332,train/cologne/cologne_000086_000019_leftImg8bit.png,0,1909,288,2045,683
333,train/cologne/cologne_000086_000019_leftImg8bit.png,1,1171,397,1268,481
334,train/cologne/cologne_000086_000019_leftImg8bit.png,1,889,409,1006,510
335,train/cologne/cologne_000086_000019_leftImg8bit.png,0,956,376,1038,529
336,train/cologne/cologne_000086_000019_leftImg8bit.png,0,984,394,1038,533
337,train/cologne/cologne_000086_000019_leftImg8bit.png,0,255,412,321,513
338,train/cologne/cologne_000086_000019_leftImg8bit.png,0,42,259,274,782
339,train/cologne/cologne_000086_000019_leftImg8bit.png,0,0,235,251,826
340,train/cologne/cologne_000086_000019_leftImg8bit.png,0,1897,310,2022,680
341,train/cologne/cologne_000086_000019_leftImg8bit.png,4,665,428,727,511
342,train/cologne/cologne_000086_000019_leftImg8bit.png,4,537,416,603,513
343,train/cologne/cologne_000086_000019_leftImg8bit.png,4,1041,435,1362,632
344,train/cologne/cologne_000086_000019_leftImg8bit.png,4,1773,403,2045,668
345,train/cologne/cologne_000086_000019_leftImg8bit.png,4,1849,463,2044,782
346,train/cologne/cologne_000139_000019_leftImg8bit.png,0,48,379,126,501
347,train/cologne/cologne_000139_000019_leftImg8bit.png,1,-2,405,272,881
348,train/cologne/cologne_000139_000019_leftImg8bit.png,4,1989,472,2046,560
349,train/cologne/cologne_000139_000019_leftImg8bit.png,0,1248,368,1331,612
350,train/cologne/cologne_000005_000019_leftImg8bit.png,1,1272,373,1475,563
351,train/cologne/cologne_000005_000019_leftImg8bit.png,0,1384,406,1451,566
352,train/cologne/cologne_000005_000019_leftImg8bit.png,1,669,426,822,577
353,train/cologne/cologne_000005_000019_leftImg8bit.png,0,1056,387,1165,568
354,train/cologne/cologne_000005_000019_leftImg8bit.png,1,400,397,718,657
355,train/cologne/cologne_000005_000019_leftImg8bit.png,1,-1,399,456,817
356,train/cologne/cologne_000005_000019_leftImg8bit.png,1,-2,470,101,935
357,train/cologne/cologne_000005_000019_leftImg8bit.png,1,1800,272,2043,918
358,train/cologne/cologne_000095_000019_leftImg8bit.png,1,670,441,726,503
359,train/cologne/cologne_000095_000019_leftImg8bit.png,1,618,440,695,512
360,train/cologne/cologne_000095_000019_leftImg8bit.png,1,1068,427,1128,480
361,train/cologne/cologne_000095_000019_leftImg8bit.png,1,1123,409,1177,501
362,train/cologne/cologne_000095_000019_leftImg8bit.png,1,556,444,648,532
363,train/cologne/cologne_000095_000019_leftImg8bit.png,1,409,439,585,554
364,train/cologne/cologne_000095_000019_leftImg8bit.png,1,1193,418,1261,509
365,train/cologne/cologne_000095_000019_leftImg8bit.png,1,1201,418,1315,516
366,train/cologne/cologne_000095_000019_leftImg8bit.png,1,1244,420,1372,533
367,train/cologne/cologne_000095_000019_leftImg8bit.png,1,1314,412,1524,561
368,train/cologne/cologne_000095_000019_leftImg8bit.png,4,1512,437,1585,562
369,train/cologne/cologne_000095_000019_leftImg8bit.png,0,1836,349,1924,534
370,train/cologne/cologne_000095_000019_leftImg8bit.png,1,278,446,444,593
371,train/cologne/cologne_000095_000019_leftImg8bit.png,1,95,434,370,639
372,train/cologne/cologne_000095_000019_leftImg8bit.png,1,0,428,175,687
373,train/cologne/cologne_000095_000019_leftImg8bit.png,0,126,368,259,679
374,train/cologne/cologne_000147_000019_leftImg8bit.png,1,285,428,373,490
375,train/cologne/cologne_000147_000019_leftImg8bit.png,1,78,436,162,502
376,train/cologne/cologne_000147_000019_leftImg8bit.png,1,-2,432,121,512
377,train/cologne/cologne_000147_000019_leftImg8bit.png,1,1242,420,1296,483
378,train/cologne/cologne_000147_000019_leftImg8bit.png,1,1349,401,1452,507
379,train/cologne/cologne_000147_000019_leftImg8bit.png,1,1404,398,1558,516
380,train/cologne/cologne_000051_000019_leftImg8bit.png,1,1025,427,1095,488
381,train/cologne/cologne_000051_000019_leftImg8bit.png,1,882,423,942,511
382,train/cologne/cologne_000051_000019_leftImg8bit.png,1,850,422,921,522
383,train/cologne/cologne_000051_000019_leftImg8bit.png,1,800,423,897,538
384,train/cologne/cologne_000051_000019_leftImg8bit.png,1,1167,392,1291,485
385,train/cologne/cologne_000051_000019_leftImg8bit.png,1,1173,404,1307,526
386,train/cologne/cologne_000051_000019_leftImg8bit.png,0,1125,374,1187,551
387,train/cologne/cologne_000051_000019_leftImg8bit.png,1,1175,417,1364,552
388,train/cologne/cologne_000051_000019_leftImg8bit.png,1,644,364,849,566
389,train/cologne/cologne_000051_000019_leftImg8bit.png,1,564,407,805,623
390,train/cologne/cologne_000051_000019_leftImg8bit.png,1,339,402,684,702
391,train/cologne/cologne_000051_000019_leftImg8bit.png,1,-2,383,534,898
392,train/cologne/cologne_000108_000019_leftImg8bit.png,0,53,228,258,741
393,train/cologne/cologne_000108_000019_leftImg8bit.png,0,647,267,778,758
394,train/cologne/cologne_000108_000019_leftImg8bit.png,0,499,227,701,796
395,train/cologne/cologne_000108_000019_leftImg8bit.png,0,272,257,637,805
396,train/cologne/cologne_000108_000019_leftImg8bit.png,0,1231,330,1431,695
397,train/cologne/cologne_000108_000019_leftImg8bit.png,0,931,198,1242,794
398,train/cologne/cologne_000014_000019_leftImg8bit.png,1,854,409,974,478
399,train/cologne/cologne_000014_000019_leftImg8bit.png,1,984,409,1138,521
400,train/cologne/cologne_000014_000019_leftImg8bit.png,1,625,396,859,557
401,train/cologne/cologne_000014_000019_leftImg8bit.png,0,1704,263,1827,604
402,train/cologne/cologne_000014_000019_leftImg8bit.png,1,-2,267,572,777
403,train/cologne/cologne_000044_000019_leftImg8bit.png,1,314,401,396,458
404,train/cologne/cologne_000044_000019_leftImg8bit.png,1,1240,420,1366,513
405,train/cologne/cologne_000044_000019_leftImg8bit.png,1,0,412,51,476
406,train/cologne/cologne_000044_000019_leftImg8bit.png,0,1934,357,2021,586
407,train/cologne/cologne_000044_000019_leftImg8bit.png,4,1640,437,1709,525
408,train/cologne/cologne_000041_000019_leftImg8bit.png,1,1188,398,1287,492
409,train/cologne/cologne_000041_000019_leftImg8bit.png,1,1238,410,1299,497
410,train/cologne/cologne_000041_000019_leftImg8bit.png,1,756,414,829,490
411,train/cologne/cologne_000041_000019_leftImg8bit.png,1,654,418,768,496
412,train/cologne/cologne_000041_000019_leftImg8bit.png,1,383,405,477,496
413,train/cologne/cologne_000041_000019_leftImg8bit.png,1,1277,391,1430,502
414,train/cologne/cologne_000041_000019_leftImg8bit.png,1,192,407,407,511
415,train/cologne/cologne_000041_000019_leftImg8bit.png,1,421,401,627,523
416,train/cologne/cologne_000041_000019_leftImg8bit.png,1,977,412,1096,498
417,train/cologne/cologne_000041_000019_leftImg8bit.png,4,1378,415,1533,525
418,train/cologne/cologne_000125_000019_leftImg8bit.png,1,1570,431,1681,548
419,train/cologne/cologne_000125_000019_leftImg8bit.png,0,47,377,126,575
420,train/cologne/cologne_000125_000019_leftImg8bit.png,0,416,390,477,562
421,train/cologne/cologne_000125_000019_leftImg8bit.png,0,262,364,364,650
422,train/cologne/cologne_000125_000019_leftImg8bit.png,0,125,304,297,668
423,train/cologne/cologne_000125_000019_leftImg8bit.png,0,483,433,561,581
424,train/cologne/cologne_000125_000019_leftImg8bit.png,0,561,438,614,562
425,train/cologne/cologne_000125_000019_leftImg8bit.png,0,643,432,710,577
426,train/cologne/cologne_000125_000019_leftImg8bit.png,0,1024,367,1110,585
427,train/cologne/cologne_000125_000019_leftImg8bit.png,0,1089,362,1167,560
428,train/cologne/cologne_000125_000019_leftImg8bit.png,1,1892,445,1976,521
429,train/cologne/cologne_000125_000019_leftImg8bit.png,1,1619,422,1928,554
430,train/cologne/cologne_000125_000019_leftImg8bit.png,1,1945,446,2047,534
431,train/cologne/cologne_000125_000019_leftImg8bit.png,1,1100,434,1548,635
432,train/cologne/cologne_000125_000019_leftImg8bit.png,0,1640,373,1769,676
433,train/cologne/cologne_000125_000019_leftImg8bit.png,0,1421,346,1610,682
434,train/cologne/cologne_000125_000019_leftImg8bit.png,0,1319,332,1441,731
435,train/cologne/cologne_000004_000019_leftImg8bit.png,1,1196,387,1285,490
436,train/cologne/cologne_000004_000019_leftImg8bit.png,1,927,401,986,483
437,train/cologne/cologne_000004_000019_leftImg8bit.png,1,800,346,940,524
438,train/cologne/cologne_000004_000019_leftImg8bit.png,0,940,372,1022,550
439,train/cologne/cologne_000004_000019_leftImg8bit.png,1,1220,339,1640,542
440,train/cologne/cologne_000004_000019_leftImg8bit.png,1,800,346,908,524
441,train/cologne/cologne_000004_000019_leftImg8bit.png,1,541,342,852,598
442,train/cologne/cologne_000004_000019_leftImg8bit.png,1,1384,402,1629,599
443,train/cologne/cologne_000004_000019_leftImg8bit.png,1,1529,386,1836,671
444,train/cologne/cologne_000004_000019_leftImg8bit.png,1,1666,341,2045,836
445,train/cologne/cologne_000004_000019_leftImg8bit.png,1,0,368,204,630
446,train/cologne/cologne_000037_000019_leftImg8bit.png,1,1301,373,1597,590
447,train/cologne/cologne_000097_000019_leftImg8bit.png,1,660,415,719,494
448,train/cologne/cologne_000097_000019_leftImg8bit.png,1,684,400,859,549
449,train/cologne/cologne_000097_000019_leftImg8bit.png,1,590,434,641,521
450,train/cologne/cologne_000097_000019_leftImg8bit.png,1,420,414,630,528
451,train/cologne/cologne_000097_000019_leftImg8bit.png,1,328,433,559,552
452,train/cologne/cologne_000097_000019_leftImg8bit.png,1,113,436,389,569
453,train/cologne/cologne_000097_000019_leftImg8bit.png,1,1136,408,1191,467
454,train/cologne/cologne_000097_000019_leftImg8bit.png,1,1167,373,1321,490
455,train/cologne/cologne_000097_000019_leftImg8bit.png,1,1226,313,1624,502
456,train/cologne/cologne_000097_000019_leftImg8bit.png,1,1230,396,1414,516
457,train/cologne/cologne_000097_000019_leftImg8bit.png,1,1261,381,1462,538
458,train/cologne/cologne_000097_000019_leftImg8bit.png,1,1397,359,1543,549
459,train/cologne/cologne_000097_000019_leftImg8bit.png,4,1434,409,1534,564
460,train/cologne/cologne_000097_000019_leftImg8bit.png,1,1530,330,1871,483
461,train/cologne/cologne_000097_000019_leftImg8bit.png,1,1497,275,2045,655
462,train/cologne/cologne_000097_000019_leftImg8bit.png,1,32,426,366,604
463,train/cologne/cologne_000032_000019_leftImg8bit.png,4,868,455,952,515
464,train/cologne/cologne_000032_000019_leftImg8bit.png,1,1278,438,1516,514
465,train/cologne/cologne_000032_000019_leftImg8bit.png,1,1690,433,1908,517
466,train/cologne/cologne_000032_000019_leftImg8bit.png,0,1360,400,1414,568
467,train/cologne/cologne_000032_000019_leftImg8bit.png,0,1313,403,1368,571
468,train/cologne/cologne_000032_000019_leftImg8bit.png,0,1232,390,1334,568
469,train/cologne/cologne_000032_000019_leftImg8bit.png,0,525,415,578,565
470,train/cologne/cologne_000032_000019_leftImg8bit.png,4,692,469,817,554
471,train/cologne/cologne_000032_000019_leftImg8bit.png,0,655,422,738,567
472,train/cologne/cologne_000150_000019_leftImg8bit.png,1,306,453,407,511
473,train/cologne/cologne_000150_000019_leftImg8bit.png,1,60,447,137,526
474,train/cologne/cologne_000150_000019_leftImg8bit.png,1,127,427,316,534
475,train/cologne/cologne_000150_000019_leftImg8bit.png,1,-2,415,96,558
476,train/cologne/cologne_000150_000019_leftImg8bit.png,1,1133,444,1215,505
477,train/cologne/cologne_000150_000019_leftImg8bit.png,1,999,427,1113,522
478,train/cologne/cologne_000150_000019_leftImg8bit.png,1,777,423,914,537
479,train/cologne/cologne_000150_000019_leftImg8bit.png,1,520,396,831,623
480,train/cologne/cologne_000150_000019_leftImg8bit.png,1,1574,415,1705,500
481,train/cologne/cologne_000150_000019_leftImg8bit.png,1,1641,419,1837,500
482,train/cologne/cologne_000150_000019_leftImg8bit.png,1,1916,419,2045,516
483,train/cologne/cologne_000150_000019_leftImg8bit.png,1,1338,409,1612,610
484,train/cologne/cologne_000149_000019_leftImg8bit.png,3,831,376,930,458
485,train/cologne/cologne_000149_000019_leftImg8bit.png,1,837,427,944,499
486,train/cologne/cologne_000149_000019_leftImg8bit.png,1,1123,429,1179,483
487,train/cologne/cologne_000149_000019_leftImg8bit.png,1,1154,424,1278,515
488,train/cologne/cologne_000149_000019_leftImg8bit.png,1,950,400,1124,553
489,train/cologne/cologne_000149_000019_leftImg8bit.png,1,552,400,806,581
490,train/cologne/cologne_000149_000019_leftImg8bit.png,1,-2,335,365,917
491,train/cologne/cologne_000149_000019_leftImg8bit.png,1,1752,374,2043,810
492,train/cologne/cologne_000109_000019_leftImg8bit.png,1,588,403,664,464
493,train/cologne/cologne_000109_000019_leftImg8bit.png,1,1545,441,1709,509
494,train/cologne/cologne_000109_000019_leftImg8bit.png,1,1718,373,2044,519
495,train/cologne/cologne_000109_000019_leftImg8bit.png,1,1947,441,2044,528
496,train/cologne/cologne_000109_000019_leftImg8bit.png,1,932,432,1008,505
497,train/cologne/cologne_000109_000019_leftImg8bit.png,1,864,433,979,527
498,train/cologne/cologne_000109_000019_leftImg8bit.png,1,728,416,911,574
499,train/cologne/cologne_000109_000019_leftImg8bit.png,1,1249,435,1303,510
500,train/cologne/cologne_000109_000019_leftImg8bit.png,1,1052,418,1284,607
501,train/cologne/cologne_000109_000019_leftImg8bit.png,1,96,385,747,748
502,train/cologne/cologne_000123_000019_leftImg8bit.png,0,1590,413,1647,559
503,train/cologne/cologne_000123_000019_leftImg8bit.png,0,1797,393,1865,604
504,train/cologne/cologne_000123_000019_leftImg8bit.png,0,1874,364,1944,605
505,train/cologne/cologne_000123_000019_leftImg8bit.png,1,492,426,690,511
506,train/cologne/cologne_000123_000019_leftImg8bit.png,4,841,457,916,514
507,train/cologne/cologne_000006_000019_leftImg8bit.png,1,688,419,804,502
508,train/cologne/cologne_000006_000019_leftImg8bit.png,0,1557,384,1615,487
509,train/cologne/cologne_000006_000019_leftImg8bit.png,4,474,444,581,517
510,train/cologne/cologne_000006_000019_leftImg8bit.png,4,474,444,581,517
511,train/cologne/cologne_000006_000019_leftImg8bit.png,0,482,406,538,515
512,train/cologne/cologne_000006_000019_leftImg8bit.png,0,799,371,877,557
513,train/cologne/cologne_000006_000019_leftImg8bit.png,0,766,368,870,561
514,train/cologne/cologne_000006_000019_leftImg8bit.png,1,965,351,1290,646
515,train/cologne/cologne_000072_000019_leftImg8bit.png,1,1364,393,1438,474
516,train/cologne/cologne_000072_000019_leftImg8bit.png,1,1023,406,1099,473
517,train/cologne/cologne_000072_000019_leftImg8bit.png,1,977,413,1064,482
518,train/cologne/cologne_000072_000019_leftImg8bit.png,1,903,419,1002,505
519,train/cologne/cologne_000072_000019_leftImg8bit.png,1,1396,403,1449,512
520,train/cologne/cologne_000072_000019_leftImg8bit.png,1,1409,386,1544,518
521,train/cologne/cologne_000072_000019_leftImg8bit.png,1,1410,388,1545,577
522,train/cologne/cologne_000072_000019_leftImg8bit.png,0,1751,353,1823,420
523,train/cologne/cologne_000072_000019_leftImg8bit.png,0,1825,323,1909,426
524,train/cologne/cologne_000072_000019_leftImg8bit.png,1,1483,365,1752,622
525,train/cologne/cologne_000072_000019_leftImg8bit.png,1,1527,408,2046,757
526,train/cologne/cologne_000072_000019_leftImg8bit.png,1,852,421,943,520
527,train/cologne/cologne_000072_000019_leftImg8bit.png,1,764,423,897,536
528,train/cologne/cologne_000072_000019_leftImg8bit.png,1,568,421,815,564
529,train/cologne/cologne_000022_000019_leftImg8bit.png,1,523,422,643,529
530,train/cologne/cologne_000022_000019_leftImg8bit.png,1,737,439,825,513
531,train/cologne/cologne_000022_000019_leftImg8bit.png,1,778,432,865,522
532,train/cologne/cologne_000022_000019_leftImg8bit.png,1,888,440,1002,516
533,train/cologne/cologne_000022_000019_leftImg8bit.png,1,1036,399,1099,500
534,train/cologne/cologne_000022_000019_leftImg8bit.png,2,1064,333,1314,517
535,train/cologne/cologne_000022_000019_leftImg8bit.png,2,1187,316,1588,521
536,train/cologne/cologne_000022_000019_leftImg8bit.png,1,1146,370,1274,474
537,train/cologne/cologne_000022_000019_leftImg8bit.png,0,962,423,1021,531
538,train/cologne/cologne_000022_000019_leftImg8bit.png,0,1009,390,1060,544
539,train/cologne/cologne_000022_000019_leftImg8bit.png,0,1139,394,1197,521
540,train/cologne/cologne_000022_000019_leftImg8bit.png,0,1290,405,1361,529
541,train/cologne/cologne_000022_000019_leftImg8bit.png,0,1531,376,1598,556
542,train/cologne/cologne_000022_000019_leftImg8bit.png,0,436,406,498,553
543,train/cologne/cologne_000022_000019_leftImg8bit.png,5,862,475,937,582
544,train/cologne/cologne_000022_000019_leftImg8bit.png,4,1465,395,1586,607
545,train/cologne/cologne_000022_000019_leftImg8bit.png,4,1679,429,1823,617
546,train/cologne/cologne_000015_000019_leftImg8bit.png,1,1139,393,1216,451
547,train/cologne/cologne_000015_000019_leftImg8bit.png,1,1063,399,1158,480
548,train/cologne/cologne_000015_000019_leftImg8bit.png,1,999,409,1155,525
549,train/cologne/cologne_000015_000019_leftImg8bit.png,0,1378,381,1432,508
550,train/cologne/cologne_000015_000019_leftImg8bit.png,0,1406,372,1466,511
551,train/cologne/cologne_000015_000019_leftImg8bit.png,0,1451,375,1520,515
552,train/cologne/cologne_000015_000019_leftImg8bit.png,1,1696,393,2011,541
553,train/cologne/cologne_000015_000019_leftImg8bit.png,0,547,382,607,530
554,train/cologne/cologne_000015_000019_leftImg8bit.png,0,241,364,299,568
555,train/cologne/cologne_000015_000019_leftImg8bit.png,0,281,383,338,571
556,train/cologne/cologne_000015_000019_leftImg8bit.png,0,286,379,355,591
557,train/cologne/cologne_000015_000019_leftImg8bit.png,0,157,378,262,620
558,train/cologne/cologne_000015_000019_leftImg8bit.png,0,92,393,154,592
559,train/cologne/cologne_000015_000019_leftImg8bit.png,1,643,400,904,577
560,train/cologne/cologne_000015_000019_leftImg8bit.png,0,540,443,595,542
561,train/cologne/cologne_000028_000019_leftImg8bit.png,1,755,410,812,504
562,train/cologne/cologne_000028_000019_leftImg8bit.png,1,790,391,898,514
563,train/cologne/cologne_000075_000019_leftImg8bit.png,1,1928,415,2027,511
564,train/cologne/cologne_000075_000019_leftImg8bit.png,1,1930,439,2001,524
565,train/cologne/cologne_000075_000019_leftImg8bit.png,1,1796,433,1961,559
566,train/cologne/cologne_000075_000019_leftImg8bit.png,0,1320,380,1416,593
567,train/cologne/cologne_000075_000019_leftImg8bit.png,0,1368,397,1477,603
568,train/cologne/cologne_000075_000019_leftImg8bit.png,0,1139,387,1249,585
569,train/cologne/cologne_000075_000019_leftImg8bit.png,0,554,435,699,674
570,train/cologne/cologne_000075_000019_leftImg8bit.png,4,1521,463,1579,561
571,train/cologne/cologne_000075_000019_leftImg8bit.png,4,1458,471,1560,590
572,train/cologne/cologne_000075_000019_leftImg8bit.png,4,165,467,343,618
573,train/cologne/cologne_000075_000019_leftImg8bit.png,4,118,471,300,624
574,train/cologne/cologne_000120_000019_leftImg8bit.png,3,933,381,1072,487
575,train/cologne/cologne_000120_000019_leftImg8bit.png,1,482,405,569,488
576,train/cologne/cologne_000120_000019_leftImg8bit.png,1,529,397,665,501
577,train/cologne/cologne_000120_000019_leftImg8bit.png,1,635,400,800,520
578,train/cologne/cologne_000120_000019_leftImg8bit.png,0,5,355,59,471
579,train/cologne/cologne_000120_000019_leftImg8bit.png,0,245,347,303,492
580,train/cologne/cologne_000120_000019_leftImg8bit.png,0,437,356,504,533
581,train/cologne/cologne_000120_000019_leftImg8bit.png,1,1341,431,1487,516
582,train/cologne/cologne_000120_000019_leftImg8bit.png,1,1180,408,1406,585
583,train/cologne/cologne_000120_000019_leftImg8bit.png,0,711,382,780,529
584,train/cologne/cologne_000036_000019_leftImg8bit.png,1,1440,414,1496,465
585,train/cologne/cologne_000036_000019_leftImg8bit.png,1,1643,425,1706,481
586,train/cologne/cologne_000036_000019_leftImg8bit.png,1,1560,416,1663,488
587,train/cologne/cologne_000036_000019_leftImg8bit.png,1,882,411,970,470
588,train/cologne/cologne_000036_000019_leftImg8bit.png,1,754,412,812,475
589,train/cologne/cologne_000036_000019_leftImg8bit.png,1,632,415,706,477
590,train/cologne/cologne_000036_000019_leftImg8bit.png,1,666,416,782,485
591,train/cologne/cologne_000036_000019_leftImg8bit.png,1,785,403,899,484
592,train/cologne/cologne_000036_000019_leftImg8bit.png,1,537,411,637,476
593,train/cologne/cologne_000036_000019_leftImg8bit.png,1,467,412,537,493
594,train/cologne/cologne_000036_000019_leftImg8bit.png,1,1793,429,2021,547
595,train/cologne/cologne_000036_000019_leftImg8bit.png,1,1477,412,1550,474
596,train/cologne/cologne_000119_000019_leftImg8bit.png,1,1377,401,1477,460
597,train/cologne/cologne_000119_000019_leftImg8bit.png,1,1536,404,1725,477
598,train/cologne/cologne_000119_000019_leftImg8bit.png,0,104,284,268,632
599,train/cologne/cologne_000083_000019_leftImg8bit.png,1,1096,395,1154,452
600,train/cologne/cologne_000083_000019_leftImg8bit.png,1,1137,396,1210,468
601,train/cologne/cologne_000083_000019_leftImg8bit.png,1,1150,404,1235,472
602,train/cologne/cologne_000083_000019_leftImg8bit.png,1,994,398,1089,481
603,train/cologne/cologne_000083_000019_leftImg8bit.png,0,377,338,428,514
604,train/cologne/cologne_000083_000019_leftImg8bit.png,4,316,410,384,514
605,train/cologne/cologne_000083_000019_leftImg8bit.png,0,168,327,260,531
606,train/cologne/cologne_000083_000019_leftImg8bit.png,0,-1,339,57,545
607,train/cologne/cologne_000048_000019_leftImg8bit.png,1,1130,409,1210,465
608,train/cologne/cologne_000048_000019_leftImg8bit.png,1,1300,396,1368,468
609,train/cologne/cologne_000048_000019_leftImg8bit.png,1,1321,396,1412,483
610,train/cologne/cologne_000048_000019_leftImg8bit.png,1,1206,396,1325,498
611,train/cologne/cologne_000048_000019_leftImg8bit.png,1,1017,402,1141,511
612,train/cologne/cologne_000048_000019_leftImg8bit.png,1,728,410,815,481
613,train/cologne/cologne_000048_000019_leftImg8bit.png,1,700,416,770,489
614,train/cologne/cologne_000048_000019_leftImg8bit.png,1,654,416,735,500
615,train/cologne/cologne_000048_000019_leftImg8bit.png,1,1351,399,1413,497
616,train/cologne/cologne_000048_000019_leftImg8bit.png,1,1377,383,1478,518
617,train/cologne/cologne_000048_000019_leftImg8bit.png,1,1423,383,1625,542
618,train/cologne/cologne_000048_000019_leftImg8bit.png,1,524,390,669,512
619,train/cologne/cologne_000048_000019_leftImg8bit.png,1,419,413,564,528
620,train/cologne/cologne_000048_000019_leftImg8bit.png,1,409,407,463,538
621,train/cologne/cologne_000048_000019_leftImg8bit.png,1,-2,331,458,692
622,train/cologne/cologne_000048_000019_leftImg8bit.png,1,1674,337,2045,692
623,train/cologne/cologne_000024_000019_leftImg8bit.png,1,783,412,898,533
624,train/cologne/cologne_000024_000019_leftImg8bit.png,1,567,398,838,607
625,train/cologne/cologne_000024_000019_leftImg8bit.png,1,-2,363,627,736
626,train/cologne/cologne_000024_000019_leftImg8bit.png,1,1293,392,1407,496
627,train/cologne/cologne_000024_000019_leftImg8bit.png,1,1301,408,1419,531
628,train/cologne/cologne_000024_000019_leftImg8bit.png,1,1380,330,1704,590
629,train/cologne/cologne_000024_000019_leftImg8bit.png,1,1496,393,1772,638
630,train/cologne/cologne_000024_000019_leftImg8bit.png,1,1598,377,2045,750
631,train/cologne/cologne_000151_000019_leftImg8bit.png,1,1275,390,1400,487
632,train/cologne/cologne_000151_000019_leftImg8bit.png,1,1756,401,1840,457
633,train/cologne/cologne_000151_000019_leftImg8bit.png,1,1674,410,1776,469
634,train/cologne/cologne_000151_000019_leftImg8bit.png,1,1536,418,1636,493
635,train/cologne/cologne_000151_000019_leftImg8bit.png,1,1422,402,1570,525
636,train/cologne/cologne_000151_000019_leftImg8bit.png,1,-2,358,288,578
637,train/cologne/cologne_000151_000019_leftImg8bit.png,1,787,399,939,490
638,train/cologne/cologne_000151_000019_leftImg8bit.png,1,896,395,1114,531
639,train/cologne/cologne_000151_000019_leftImg8bit.png,1,454,372,878,648
640,train/cologne/cologne_000066_000019_leftImg8bit.png,1,1182,387,1264,460
641,train/cologne/cologne_000066_000019_leftImg8bit.png,1,1357,389,1414,447
642,train/cologne/cologne_000066_000019_leftImg8bit.png,1,1379,388,1508,478
643,train/cologne/cologne_000066_000019_leftImg8bit.png,1,897,384,982,461
644,train/cologne/cologne_000066_000019_leftImg8bit.png,1,1226,379,1391,500
645,train/cologne/cologne_000066_000019_leftImg8bit.png,1,967,332,1161,517
646,train/cologne/cologne_000066_000019_leftImg8bit.png,1,1676,294,2044,848
647,train/cologne/cologne_000111_000019_leftImg8bit.png,1,1236,423,1308,476
648,train/cologne/cologne_000111_000019_leftImg8bit.png,1,1172,407,1252,485
649,train/cologne/cologne_000111_000019_leftImg8bit.png,1,785,427,859,478
650,train/cologne/cologne_000111_000019_leftImg8bit.png,2,658,384,767,479
651,train/cologne/cologne_000111_000019_leftImg8bit.png,1,1642,410,1784,473
652,train/cologne/cologne_000111_000019_leftImg8bit.png,1,1685,415,1842,473
653,train/cologne/cologne_000111_000019_leftImg8bit.png,1,1804,402,2044,547
654,train/cologne/cologne_000111_000019_leftImg8bit.png,1,1465,410,1597,525
655,train/cologne/cologne_000111_000019_leftImg8bit.png,1,1270,400,1515,578
656,train/cologne/cologne_000111_000019_leftImg8bit.png,1,968,399,1239,620
657,train/cologne/cologne_000111_000019_leftImg8bit.png,1,1833,410,2043,845
658,train/cologne/cologne_000058_000019_leftImg8bit.png,0,283,376,371,552
659,train/cologne/cologne_000058_000019_leftImg8bit.png,0,215,383,299,553
660,train/cologne/cologne_000058_000019_leftImg8bit.png,0,562,378,640,541
661,train/cologne/cologne_000058_000019_leftImg8bit.png,1,1507,418,1673,514
662,train/cologne/cologne_000058_000019_leftImg8bit.png,1,707,429,1004,545
663,train/cologne/cologne_000058_000019_leftImg8bit.png,4,0,443,112,562
664,train/cologne/cologne_000058_000019_leftImg8bit.png,0,951,310,1093,630
665,train/cologne/cologne_000058_000019_leftImg8bit.png,0,1099,337,1228,627
666,train/cologne/cologne_000058_000019_leftImg8bit.png,0,1212,335,1321,615
667,train/cologne/cologne_000058_000019_leftImg8bit.png,0,1546,354,1632,593
668,train/cologne/cologne_000058_000019_leftImg8bit.png,0,1497,342,1605,600
669,train/cologne/cologne_000090_000019_leftImg8bit.png,1,899,393,1014,446
670,train/cologne/cologne_000090_000019_leftImg8bit.png,1,825,382,899,442
671,train/cologne/cologne_000090_000019_leftImg8bit.png,1,1007,402,1121,467
672,train/cologne/cologne_000090_000019_leftImg8bit.png,1,1066,405,1130,481
673,train/cologne/cologne_000090_000019_leftImg8bit.png,1,843,405,905,497
674,train/cologne/cologne_000090_000019_leftImg8bit.png,1,811,401,891,504
675,train/cologne/cologne_000090_000019_leftImg8bit.png,1,1115,402,1235,501
676,train/cologne/cologne_000090_000019_leftImg8bit.png,1,790,388,856,533
677,train/cologne/cologne_000090_000019_leftImg8bit.png,1,672,358,830,592
678,train/cologne/cologne_000090_000019_leftImg8bit.png,1,1201,391,1339,542
679,train/cologne/cologne_000090_000019_leftImg8bit.png,1,1268,375,1462,604
680,train/cologne/cologne_000090_000019_leftImg8bit.png,1,591,345,761,648
681,train/cologne/cologne_000090_000019_leftImg8bit.png,1,1358,327,1810,674
682,train/cologne/cologne_000090_000019_leftImg8bit.png,1,-2,131,679,781
683,train/cologne/cologne_000090_000019_leftImg8bit.png,1,1637,309,2045,837
684,train/cologne/cologne_000090_000019_leftImg8bit.png,1,0,351,272,975
685,train/cologne/cologne_000090_000019_leftImg8bit.png,4,1240,438,1291,559
686,train/cologne/cologne_000090_000019_leftImg8bit.png,4,1240,438,1291,559
687,train/cologne/cologne_000140_000019_leftImg8bit.png,1,1285,421,1359,511
688,train/cologne/cologne_000140_000019_leftImg8bit.png,1,1311,406,1534,574
689,train/cologne/cologne_000140_000019_leftImg8bit.png,1,917,419,991,472
690,train/cologne/cologne_000140_000019_leftImg8bit.png,1,745,419,836,474
691,train/cologne/cologne_000140_000019_leftImg8bit.png,1,637,407,750,479
692,train/cologne/cologne_000140_000019_leftImg8bit.png,1,954,398,1231,620
693,train/cologne/cologne_000140_000019_leftImg8bit.png,4,1832,419,1918,548
694,train/cologne/cologne_000011_000019_leftImg8bit.png,1,519,412,612,469
695,train/cologne/cologne_000011_000019_leftImg8bit.png,0,1645,359,1719,508
696,train/cologne/cologne_000011_000019_leftImg8bit.png,1,871,371,1172,624
697,train/cologne/cologne_000152_000019_leftImg8bit.png,0,1734,347,1823,545
698,train/cologne/cologne_000152_000019_leftImg8bit.png,3,453,395,585,448
699,train/cologne/cologne_000152_000019_leftImg8bit.png,1,1168,409,1264,499
700,train/cologne/cologne_000152_000019_leftImg8bit.png,1,1004,400,1175,551
701,train/cologne/cologne_000152_000019_leftImg8bit.png,1,921,397,1003,474
702,train/cologne/cologne_000152_000019_leftImg8bit.png,1,730,408,839,483
703,train/cologne/cologne_000152_000019_leftImg8bit.png,1,75,318,449,597
704,train/cologne/cologne_000152_000019_leftImg8bit.png,4,1485,435,1543,554
705,train/cologne/cologne_000098_000019_leftImg8bit.png,0,613,388,679,529
706,train/cologne/cologne_000098_000019_leftImg8bit.png,1,1167,391,1264,519
707,train/cologne/cologne_000098_000019_leftImg8bit.png,1,1188,435,1272,533
708,train/cologne/cologne_000098_000019_leftImg8bit.png,1,1230,423,1341,567
709,train/cologne/cologne_000098_000019_leftImg8bit.png,1,1273,413,1546,598
710,train/cologne/cologne_000098_000019_leftImg8bit.png,1,1478,369,2044,790
711,train/cologne/cologne_000098_000019_leftImg8bit.png,1,1829,478,2045,980
712,train/cologne/cologne_000071_000019_leftImg8bit.png,1,275,440,342,496
713,train/cologne/cologne_000071_000019_leftImg8bit.png,1,351,384,450,511
714,train/cologne/cologne_000071_000019_leftImg8bit.png,1,84,446,156,519
715,train/cologne/cologne_000071_000019_leftImg8bit.png,1,92,447,245,520
716,train/cologne/cologne_000071_000019_leftImg8bit.png,1,1316,414,1387,502
717,train/cologne/cologne_000071_000019_leftImg8bit.png,4,1307,441,1394,563
718,train/cologne/cologne_000071_000019_leftImg8bit.png,4,1262,448,1343,557
719,train/cologne/cologne_000071_000019_leftImg8bit.png,4,1234,440,1316,567
720,train/cologne/cologne_000071_000019_leftImg8bit.png,5,1197,430,1261,553
721,train/cologne/cologne_000071_000019_leftImg8bit.png,1,1516,270,2045,974
722,train/cologne/cologne_000071_000019_leftImg8bit.png,4,1157,448,1227,548
723,train/cologne/cologne_000055_000019_leftImg8bit.png,1,1176,421,1246,475
724,train/cologne/cologne_000055_000019_leftImg8bit.png,1,1218,425,1294,489
725,train/cologne/cologne_000055_000019_leftImg8bit.png,1,794,429,869,497
726,train/cologne/cologne_000055_000019_leftImg8bit.png,1,760,432,845,504
727,train/cologne/cologne_000055_000019_leftImg8bit.png,1,1263,415,1363,519
728,train/cologne/cologne_000055_000019_leftImg8bit.png,1,1303,398,1514,549
729,train/cologne/cologne_000055_000019_leftImg8bit.png,4,1427,416,1514,553
730,train/cologne/cologne_000055_000019_leftImg8bit.png,1,860,423,1076,538
731,train/cologne/cologne_000055_000019_leftImg8bit.png,1,1476,389,1721,587
732,train/cologne/cologne_000055_000019_leftImg8bit.png,5,497,454,572,554
733,train/cologne/cologne_000055_000019_leftImg8bit.png,1,167,392,473,615
734,train/cologne/cologne_000055_000019_leftImg8bit.png,1,1623,362,2045,659
735,train/cologne/cologne_000055_000019_leftImg8bit.png,1,0,411,271,693
736,train/cologne/cologne_000055_000019_leftImg8bit.png,4,765,450,827,506
737,train/cologne/cologne_000055_000019_leftImg8bit.png,4,741,450,796,507
738,train/cologne/cologne_000055_000019_leftImg8bit.png,4,631,446,739,508
739,train/cologne/cologne_000055_000019_leftImg8bit.png,4,639,477,698,583
740,train/cologne/cologne_000076_000019_leftImg8bit.png,1,1200,427,1278,481
741,train/cologne/cologne_000076_000019_leftImg8bit.png,1,1267,411,1440,541
742,train/cologne/cologne_000076_000019_leftImg8bit.png,1,0,374,623,788
743,train/cologne/cologne_000076_000019_leftImg8bit.png,5,634,432,733,547
744,train/cologne/cologne_000148_000019_leftImg8bit.png,0,367,427,422,497
745,train/cologne/cologne_000148_000019_leftImg8bit.png,0,-2,334,51,531
746,train/cologne/cologne_000148_000019_leftImg8bit.png,1,729,417,841,496
747,train/cologne/cologne_000148_000019_leftImg8bit.png,1,893,415,980,491
748,train/cologne/cologne_000148_000019_leftImg8bit.png,1,1383,406,1515,472
749,train/cologne/cologne_000148_000019_leftImg8bit.png,4,1239,419,1345,513
750,train/cologne/cologne_000148_000019_leftImg8bit.png,4,1269,431,1445,520
751,train/cologne/cologne_000148_000019_leftImg8bit.png,1,1602,294,2041,742
752,train/cologne/cologne_000148_000019_leftImg8bit.png,1,1036,415,1125,485
753,train/cologne/cologne_000148_000019_leftImg8bit.png,4,1394,415,1477,564
754,train/cologne/cologne_000002_000019_leftImg8bit.png,1,663,416,736,481
755,train/cologne/cologne_000002_000019_leftImg8bit.png,1,631,426,709,481
756,train/cologne/cologne_000002_000019_leftImg8bit.png,1,463,422,578,518
757,train/cologne/cologne_000002_000019_leftImg8bit.png,1,307,426,466,555
758,train/cologne/cologne_000002_000019_leftImg8bit.png,1,59,406,359,598
759,train/cologne/cologne_000002_000019_leftImg8bit.png,1,1168,374,1293,437
760,train/cologne/cologne_000002_000019_leftImg8bit.png,1,1178,371,1410,539
761,train/cologne/cologne_000002_000019_leftImg8bit.png,1,1356,352,1686,530
762,train/cologne/cologne_000002_000019_leftImg8bit.png,0,1936,289,2016,478
763,train/cologne/cologne_000002_000019_leftImg8bit.png,0,1395,346,1526,614
764,train/cologne/cologne_000002_000019_leftImg8bit.png,1,757,288,1241,748
765,train/cologne/cologne_000112_000019_leftImg8bit.png,1,1523,352,2044,756
766,train/cologne/cologne_000112_000019_leftImg8bit.png,1,1143,416,1239,491
767,train/cologne/cologne_000112_000019_leftImg8bit.png,1,643,408,825,523
768,train/cologne/cologne_000025_000019_leftImg8bit.png,1,1183,402,1288,506
769,train/cologne/cologne_000025_000019_leftImg8bit.png,1,1212,407,1286,531
770,train/cologne/cologne_000025_000019_leftImg8bit.png,1,1244,390,1379,547
771,train/cologne/cologne_000025_000019_leftImg8bit.png,1,1286,389,1405,587
772,train/cologne/cologne_000025_000019_leftImg8bit.png,1,1327,356,1593,641
773,train/cologne/cologne_000025_000019_leftImg8bit.png,1,1462,332,2029,762
774,train/cologne/cologne_000025_000019_leftImg8bit.png,1,1810,339,2045,914
775,train/cologne/cologne_000025_000019_leftImg8bit.png,1,633,430,712,495
776,train/cologne/cologne_000025_000019_leftImg8bit.png,1,587,441,667,500
777,train/cologne/cologne_000025_000019_leftImg8bit.png,1,518,446,617,512
778,train/cologne/cologne_000025_000019_leftImg8bit.png,1,404,434,524,527
779,train/cologne/cologne_000025_000019_leftImg8bit.png,1,344,440,450,535
780,train/cologne/cologne_000025_000019_leftImg8bit.png,1,137,410,367,559
781,train/cologne/cologne_000025_000019_leftImg8bit.png,1,-2,450,198,592
782,train/cologne/cologne_000077_000019_leftImg8bit.png,1,1040,407,1105,461
783,train/cologne/cologne_000077_000019_leftImg8bit.png,1,942,424,998,476
784,train/cologne/cologne_000077_000019_leftImg8bit.png,2,1093,379,1188,475
785,train/cologne/cologne_000077_000019_leftImg8bit.png,1,1114,420,1179,492
786,train/cologne/cologne_000077_000019_leftImg8bit.png,1,590,435,654,493
787,train/cologne/cologne_000077_000019_leftImg8bit.png,1,545,436,623,500
788,train/cologne/cologne_000077_000019_leftImg8bit.png,1,461,433,545,511
789,train/cologne/cologne_000077_000019_leftImg8bit.png,1,1152,401,1288,522
790,train/cologne/cologne_000077_000019_leftImg8bit.png,1,1163,414,1333,554
791,train/cologne/cologne_000077_000019_leftImg8bit.png,1,980,417,1107,522
792,train/cologne/cologne_000077_000019_leftImg8bit.png,0,1685,325,1756,485
793,train/cologne/cologne_000077_000019_leftImg8bit.png,1,1253,402,1386,606
794,train/cologne/cologne_000077_000019_leftImg8bit.png,1,1296,366,1753,711
795,train/cologne/cologne_000077_000019_leftImg8bit.png,1,369,431,495,519
796,train/cologne/cologne_000077_000019_leftImg8bit.png,1,220,436,368,543
797,train/cologne/cologne_000077_000019_leftImg8bit.png,1,108,436,258,555
798,train/cologne/cologne_000077_000019_leftImg8bit.png,1,-2,432,155,581
799,train/cologne/cologne_000077_000019_leftImg8bit.png,1,1702,198,2044,896
800,train/cologne/cologne_000029_000019_leftImg8bit.png,4,566,437,631,497
801,train/cologne/cologne_000029_000019_leftImg8bit.png,0,454,336,552,544
802,train/cologne/cologne_000029_000019_leftImg8bit.png,1,927,428,1027,510
803,train/cologne/cologne_000029_000019_leftImg8bit.png,1,823,405,952,572
804,train/cologne/cologne_000029_000019_leftImg8bit.png,1,596,390,894,610
805,train/cologne/cologne_000029_000019_leftImg8bit.png,1,1193,425,1306,532
806,train/cologne/cologne_000029_000019_leftImg8bit.png,1,1256,407,1384,569
807,train/cologne/cologne_000029_000019_leftImg8bit.png,1,1298,400,1594,615
808,train/cologne/cologne_000029_000019_leftImg8bit.png,1,-2,301,558,1021
809,train/cologne/cologne_000029_000019_leftImg8bit.png,4,1691,441,1807,558
810,train/cologne/cologne_000029_000019_leftImg8bit.png,1,1667,328,2044,994
811,train/cologne/cologne_000137_000019_leftImg8bit.png,1,1041,420,1131,499
812,train/cologne/cologne_000137_000019_leftImg8bit.png,0,1812,361,1891,551
813,train/cologne/cologne_000137_000019_leftImg8bit.png,1,628,370,879,594
814,train/cologne/cologne_000137_000019_leftImg8bit.png,4,1253,478,1306,624
815,train/cologne/cologne_000089_000019_leftImg8bit.png,1,1086,399,1178,484
816,train/cologne/cologne_000089_000019_leftImg8bit.png,1,1119,406,1209,490
817,train/cologne/cologne_000089_000019_leftImg8bit.png,1,1127,410,1246,500
818,train/cologne/cologne_000089_000019_leftImg8bit.png,1,437,405,521,469
819,train/cologne/cologne_000089_000019_leftImg8bit.png,1,648,375,728,468
820,train/cologne/cologne_000089_000019_leftImg8bit.png,0,493,357,544,492
821,train/cologne/cologne_000089_000019_leftImg8bit.png,4,1165,426,1242,500
822,train/cologne/cologne_000089_000019_leftImg8bit.png,1,1202,397,1377,545
823,train/cologne/cologne_000089_000019_leftImg8bit.png,4,1556,409,1615,559
824,train/cologne/cologne_000089_000019_leftImg8bit.png,1,1295,396,1601,604
825,train/cologne/cologne_000089_000019_leftImg8bit.png,0,1603,364,1670,554
826,train/cologne/cologne_000089_000019_leftImg8bit.png,0,1668,352,1746,554
827,train/cologne/cologne_000089_000019_leftImg8bit.png,0,0,353,73,554
828,train/cologne/cologne_000089_000019_leftImg8bit.png,0,29,304,144,551
829,train/cologne/cologne_000089_000019_leftImg8bit.png,4,698,426,756,512
830,train/cologne/cologne_000089_000019_leftImg8bit.png,4,200,395,374,522
831,train/cologne/cologne_000089_000019_leftImg8bit.png,4,1959,594,2044,838
832,train/cologne/cologne_000096_000019_leftImg8bit.png,1,1153,406,1280,465
833,train/cologne/cologne_000096_000019_leftImg8bit.png,1,1162,415,1289,466
834,train/cologne/cologne_000096_000019_leftImg8bit.png,4,604,445,681,501
835,train/cologne/cologne_000096_000019_leftImg8bit.png,4,1282,426,1339,482
836,train/cologne/cologne_000096_000019_leftImg8bit.png,1,51,428,253,598
837,train/cologne/cologne_000096_000019_leftImg8bit.png,1,-2,418,115,502
838,train/cologne/cologne_000096_000019_leftImg8bit.png,1,0,434,147,639
839,train/cologne/cologne_000096_000019_leftImg8bit.png,1,-2,518,65,651
840,train/cologne/cologne_000096_000019_leftImg8bit.png,1,1413,389,1688,610
841,train/cologne/cologne_000096_000019_leftImg8bit.png,1,1612,361,1835,630
842,train/cologne/cologne_000096_000019_leftImg8bit.png,1,1678,351,2044,651
843,train/cologne/cologne_000096_000019_leftImg8bit.png,1,1888,538,2045,813
844,train/cologne/cologne_000096_000019_leftImg8bit.png,4,1049,432,1144,496
845,train/cologne/cologne_000096_000019_leftImg8bit.png,1,282,425,599,536
846,train/cologne/cologne_000067_000019_leftImg8bit.png,1,992,423,1056,487
847,train/cologne/cologne_000067_000019_leftImg8bit.png,1,826,420,904,505
848,train/cologne/cologne_000067_000019_leftImg8bit.png,1,404,461,496,518
849,train/cologne/cologne_000067_000019_leftImg8bit.png,1,174,459,257,525
850,train/cologne/cologne_000067_000019_leftImg8bit.png,1,224,460,377,534
851,train/cologne/cologne_000067_000019_leftImg8bit.png,1,-2,448,184,541
852,train/cologne/cologne_000067_000019_leftImg8bit.png,1,1061,430,1157,510
853,train/cologne/cologne_000067_000019_leftImg8bit.png,1,1164,422,1232,485
854,train/cologne/cologne_000067_000019_leftImg8bit.png,1,1192,415,1255,521
855,train/cologne/cologne_000067_000019_leftImg8bit.png,1,884,433,1012,525
856,train/cologne/cologne_000067_000019_leftImg8bit.png,1,1209,400,1426,574
857,train/cologne/cologne_000067_000019_leftImg8bit.png,1,481,356,868,638
858,train/cologne/cologne_000126_000019_leftImg8bit.png,1,822,397,948,486
859,train/cologne/cologne_000126_000019_leftImg8bit.png,0,892,368,955,504
860,train/cologne/cologne_000126_000019_leftImg8bit.png,1,1011,382,1225,549
861,train/cologne/cologne_000126_000019_leftImg8bit.png,1,223,387,360,510
862,train/cologne/cologne_000126_000019_leftImg8bit.png,1,325,385,543,527
863,train/cologne/cologne_000126_000019_leftImg8bit.png,1,505,381,789,531
864,train/cologne/cologne_000126_000019_leftImg8bit.png,0,733,329,831,564
865,train/cologne/cologne_000126_000019_leftImg8bit.png,0,622,346,708,563
866,train/cologne/cologne_000126_000019_leftImg8bit.png,1,0,322,280,616
867,train/cologne/cologne_000145_000019_leftImg8bit.png,1,778,429,886,495
868,train/cologne/cologne_000145_000019_leftImg8bit.png,1,780,434,872,498
869,train/cologne/cologne_000145_000019_leftImg8bit.png,1,677,430,800,515
870,train/cologne/cologne_000145_000019_leftImg8bit.png,1,625,432,756,525
871,train/cologne/cologne_000145_000019_leftImg8bit.png,1,503,430,690,539
872,train/cologne/cologne_000145_000019_leftImg8bit.png,1,326,427,555,561
873,train/cologne/cologne_000145_000019_leftImg8bit.png,1,192,435,441,587
874,train/cologne/cologne_000145_000019_leftImg8bit.png,1,0,394,289,646
875,train/cologne/cologne_000145_000019_leftImg8bit.png,1,1107,428,1211,517
876,train/cologne/cologne_000145_000019_leftImg8bit.png,1,1433,428,1522,500
877,train/cologne/cologne_000145_000019_leftImg8bit.png,1,1304,431,1394,504
878,train/cologne/cologne_000145_000019_leftImg8bit.png,1,1663,432,1799,536
879,train/cologne/cologne_000145_000019_leftImg8bit.png,1,1449,419,1710,593
880,train/cologne/cologne_000145_000019_leftImg8bit.png,1,1735,434,1954,570
881,train/cologne/cologne_000145_000019_leftImg8bit.png,1,1920,426,2045,623
882,train/cologne/cologne_000143_000019_leftImg8bit.png,1,1548,382,1828,581
883,train/cologne/cologne_000143_000019_leftImg8bit.png,1,1714,379,2045,639
884,train/cologne/cologne_000143_000019_leftImg8bit.png,1,700,360,868,539
885,train/cologne/cologne_000143_000019_leftImg8bit.png,1,306,355,555,558
886,train/cologne/cologne_000143_000019_leftImg8bit.png,1,516,393,800,597
887,train/cologne/cologne_000143_000019_leftImg8bit.png,1,-2,274,408,954
888,train/cologne/cologne_000115_000019_leftImg8bit.png,1,588,427,700,511
889,train/cologne/cologne_000115_000019_leftImg8bit.png,1,210,440,443,570
890,train/cologne/cologne_000115_000019_leftImg8bit.png,1,1414,427,1517,484
891,train/cologne/cologne_000115_000019_leftImg8bit.png,1,1345,426,1424,487
892,train/cologne/cologne_000115_000019_leftImg8bit.png,1,1864,406,1995,600
893,train/cologne/cologne_000115_000019_leftImg8bit.png,1,1433,375,1966,709
894,train/cologne/cologne_000115_000019_leftImg8bit.png,1,1129,427,1191,511
895,train/cologne/cologne_000115_000019_leftImg8bit.png,1,1022,423,1173,536
896,train/cologne/cologne_000115_000019_leftImg8bit.png,4,2,477,60,539
897,train/cologne/cologne_000115_000019_leftImg8bit.png,4,39,472,94,542
898,train/cologne/cologne_000013_000019_leftImg8bit.png,1,956,423,1026,504
899,train/cologne/cologne_000013_000019_leftImg8bit.png,1,978,414,1195,584
900,train/cologne/cologne_000013_000019_leftImg8bit.png,1,796,420,911,508
901,train/cologne/cologne_000013_000019_leftImg8bit.png,1,31,372,204,500
902,train/cologne/cologne_000106_000019_leftImg8bit.png,1,152,437,238,488
903,train/cologne/cologne_000106_000019_leftImg8bit.png,1,-2,433,142,510
904,train/cologne/cologne_000106_000019_leftImg8bit.png,0,8,402,76,518
905,train/cologne/cologne_000106_000019_leftImg8bit.png,1,1090,411,1147,472
906,train/cologne/cologne_000106_000019_leftImg8bit.png,0,792,335,901,689
907,train/cologne/cologne_000039_000019_leftImg8bit.png,1,944,423,1053,474
908,train/cologne/cologne_000039_000019_leftImg8bit.png,1,1101,418,1183,485
909,train/cologne/cologne_000061_000019_leftImg8bit.png,1,955,319,1124,430
910,train/cologne/cologne_000061_000019_leftImg8bit.png,1,1040,388,1163,583
911,train/cologne/cologne_000061_000019_leftImg8bit.png,1,682,378,799,479
912,train/cologne/cologne_000061_000019_leftImg8bit.png,1,318,421,490,560
913,train/cologne/cologne_000061_000019_leftImg8bit.png,1,447,375,746,610
914,train/cologne/cologne_000061_000019_leftImg8bit.png,1,62,433,369,584
915,train/cologne/cologne_000061_000019_leftImg8bit.png,1,686,378,1143,720
916,train/cologne/cologne_000061_000019_leftImg8bit.png,1,-2,405,314,890
917,train/cologne/cologne_000061_000019_leftImg8bit.png,0,1843,271,1963,547
918,train/cologne/cologne_000061_000019_leftImg8bit.png,0,1750,265,1846,560
919,train/cologne/cologne_000102_000019_leftImg8bit.png,1,1629,424,1686,485
920,train/cologne/cologne_000102_000019_leftImg8bit.png,1,1587,427,1677,501
921,train/cologne/cologne_000102_000019_leftImg8bit.png,1,1209,428,1266,482
922,train/cologne/cologne_000102_000019_leftImg8bit.png,1,1238,426,1348,493
923,train/cologne/cologne_000102_000019_leftImg8bit.png,1,1121,420,1226,493
924,train/cologne/cologne_000102_000019_leftImg8bit.png,0,445,387,499,531
925,train/cologne/cologne_000102_000019_leftImg8bit.png,0,1896,381,1982,564
926,train/cologne/cologne_000102_000019_leftImg8bit.png,0,1805,404,1881,568
927,train/cologne/cologne_000102_000019_leftImg8bit.png,1,921,415,1118,532
928,train/cologne/cologne_000034_000019_leftImg8bit.png,1,715,424,812,488
929,train/cologne/cologne_000034_000019_leftImg8bit.png,0,1384,400,1443,521
930,train/cologne/cologne_000034_000019_leftImg8bit.png,5,1436,434,1593,533
931,train/cologne/cologne_000034_000019_leftImg8bit.png,1,-2,434,110,486
932,train/cologne/cologne_000034_000019_leftImg8bit.png,1,265,412,527,512
933,train/cologne/cologne_000063_000019_leftImg8bit.png,2,62,165,484,271
934,train/cologne/cologne_000063_000019_leftImg8bit.png,1,410,409,520,460
935,train/cologne/cologne_000063_000019_leftImg8bit.png,3,1127,195,1758,601
936,train/cologne/cologne_000130_000019_leftImg8bit.png,1,1014,449,1120,524
937,train/cologne/cologne_000130_000019_leftImg8bit.png,1,1194,411,1381,576
938,train/cologne/cologne_000130_000019_leftImg8bit.png,1,1327,414,1621,642
939,train/cologne/cologne_000130_000019_leftImg8bit.png,0,1941,327,2043,456
940,train/cologne/cologne_000130_000019_leftImg8bit.png,0,1989,357,2044,519
941,train/cologne/cologne_000130_000019_leftImg8bit.png,1,1466,410,2045,755
942,train/cologne/cologne_000130_000019_leftImg8bit.png,1,1926,594,2045,959
943,train/cologne/cologne_000130_000019_leftImg8bit.png,1,434,406,802,582
944,train/cologne/cologne_000130_000019_leftImg8bit.png,0,359,385,426,575
945,train/cologne/cologne_000130_000019_leftImg8bit.png,0,307,376,380,580
946,train/cologne/cologne_000130_000019_leftImg8bit.png,0,256,381,352,592
947,train/cologne/cologne_000130_000019_leftImg8bit.png,0,52,317,200,697
948,train/cologne/cologne_000130_000019_leftImg8bit.png,4,872,464,939,518
949,train/cologne/cologne_000035_000019_leftImg8bit.png,1,1027,409,1109,478
950,train/cologne/cologne_000035_000019_leftImg8bit.png,1,1157,416,1218,482
951,train/cologne/cologne_000035_000019_leftImg8bit.png,1,1178,408,1296,497
952,train/cologne/cologne_000035_000019_leftImg8bit.png,1,940,417,1002,468
953,train/cologne/cologne_000035_000019_leftImg8bit.png,1,874,415,968,493
954,train/cologne/cologne_000035_000019_leftImg8bit.png,1,652,381,886,561
955,train/cologne/cologne_000035_000019_leftImg8bit.png,1,1254,430,1747,701
956,train/cologne/cologne_000078_000019_leftImg8bit.png,1,1039,404,1149,496
957,train/cologne/cologne_000078_000019_leftImg8bit.png,4,381,421,448,504
958,train/cologne/cologne_000078_000019_leftImg8bit.png,4,449,432,505,493
959,train/cologne/cologne_000078_000019_leftImg8bit.png,1,651,359,786,490
960,train/cologne/cologne_000078_000019_leftImg8bit.png,4,633,434,795,537
961,train/cologne/cologne_000078_000019_leftImg8bit.png,1,780,370,1057,580
962,train/cologne/cologne_000078_000019_leftImg8bit.png,1,1621,401,1700,465
963,train/cologne/cologne_000078_000019_leftImg8bit.png,1,1686,389,1801,477
964,train/cologne/cologne_000078_000019_leftImg8bit.png,1,1869,395,2044,492
965,train/cologne/cologne_000078_000019_leftImg8bit.png,1,1886,408,2044,508
966,train/cologne/cologne_000078_000019_leftImg8bit.png,1,1242,321,1543,615
967,train/cologne/cologne_000078_000019_leftImg8bit.png,1,-2,392,307,577
968,train/cologne/cologne_000065_000019_leftImg8bit.png,1,639,373,789,502
969,train/cologne/cologne_000065_000019_leftImg8bit.png,1,782,418,900,517
970,train/cologne/cologne_000065_000019_leftImg8bit.png,1,1254,424,1317,489
971,train/cologne/cologne_000065_000019_leftImg8bit.png,1,1274,427,1368,495
972,train/cologne/cologne_000065_000019_leftImg8bit.png,1,1147,420,1257,508
973,train/cologne/cologne_000065_000019_leftImg8bit.png,1,1333,424,1419,507
974,train/cologne/cologne_000065_000019_leftImg8bit.png,1,1372,420,1481,522
975,train/cologne/cologne_000065_000019_leftImg8bit.png,1,1431,419,1568,539
976,train/cologne/cologne_000065_000019_leftImg8bit.png,1,1490,421,1672,561
977,train/cologne/cologne_000065_000019_leftImg8bit.png,1,1563,426,1789,585
978,train/cologne/cologne_000065_000019_leftImg8bit.png,1,1693,420,2010,626
979,train/cologne/cologne_000065_000019_leftImg8bit.png,1,193,393,448,583
980,train/cologne/cologne_000065_000019_leftImg8bit.png,1,427,393,734,617
981,train/cologne/cologne_000065_000019_leftImg8bit.png,1,0,414,221,648
982,train/cologne/cologne_000030_000019_leftImg8bit.png,1,949,453,1025,519
983,train/cologne/cologne_000030_000019_leftImg8bit.png,0,1175,411,1262,528
984,train/cologne/cologne_000030_000019_leftImg8bit.png,4,1318,445,1387,553
985,train/cologne/cologne_000030_000019_leftImg8bit.png,5,1698,410,1841,568
986,train/cologne/cologne_000030_000019_leftImg8bit.png,5,1799,432,1959,568
987,train/cologne/cologne_000030_000019_leftImg8bit.png,4,529,477,673,596
988,train/cologne/cologne_000030_000019_leftImg8bit.png,4,-2,683,79,963
989,train/cologne/cologne_000091_000019_leftImg8bit.png,1,942,420,1013,482
990,train/cologne/cologne_000091_000019_leftImg8bit.png,1,779,428,863,495
991,train/cologne/cologne_000091_000019_leftImg8bit.png,1,845,423,965,518
992,train/cologne/cologne_000091_000019_leftImg8bit.png,1,722,432,802,522
993,train/cologne/cologne_000091_000019_leftImg8bit.png,1,682,431,758,535
994,train/cologne/cologne_000091_000019_leftImg8bit.png,1,1114,417,1170,497
995,train/cologne/cologne_000091_000019_leftImg8bit.png,1,1133,404,1249,510
996,train/cologne/cologne_000091_000019_leftImg8bit.png,1,1161,410,1262,524
997,train/cologne/cologne_000091_000019_leftImg8bit.png,1,1200,401,1316,535
998,train/cologne/cologne_000091_000019_leftImg8bit.png,1,1216,405,1335,554
999,train/cologne/cologne_000091_000019_leftImg8bit.png,1,1260,381,1550,593
1000,train/cologne/cologne_000091_000019_leftImg8bit.png,1,631,429,733,552
1001,train/cologne/cologne_000091_000019_leftImg8bit.png,1,457,398,670,581
1002,train/cologne/cologne_000091_000019_leftImg8bit.png,1,307,418,552,627
1003,train/cologne/cologne_000091_000019_leftImg8bit.png,1,0,395,382,737
1004,train/cologne/cologne_000091_000019_leftImg8bit.png,1,1825,467,2044,946
1005,train/cologne/cologne_000054_000019_leftImg8bit.png,1,987,399,1093,509
1006,train/cologne/cologne_000054_000019_leftImg8bit.png,1,1289,390,1369,479
1007,train/cologne/cologne_000054_000019_leftImg8bit.png,1,466,401,621,494
1008,train/cologne/cologne_000054_000019_leftImg8bit.png,1,315,410,581,553
1009,train/cologne/cologne_000054_000019_leftImg8bit.png,1,1330,347,1582,529
1010,train/cologne/cologne_000054_000019_leftImg8bit.png,4,267,398,473,557
1011,train/cologne/cologne_000054_000019_leftImg8bit.png,4,225,462,340,563
1012,train/cologne/cologne_000054_000019_leftImg8bit.png,5,155,401,289,578
1013,train/cologne/cologne_000054_000019_leftImg8bit.png,0,33,366,94,464
1014,train/cologne/cologne_000054_000019_leftImg8bit.png,5,-2,389,221,586
1015,train/cologne/cologne_000054_000019_leftImg8bit.png,0,1633,334,1706,465
1016,train/cologne/cologne_000054_000019_leftImg8bit.png,0,1696,333,1762,458
1017,train/cologne/cologne_000054_000019_leftImg8bit.png,1,567,388,878,600
1018,train/cologne/cologne_000054_000019_leftImg8bit.png,0,0,351,83,621
1019,train/cologne/cologne_000054_000019_leftImg8bit.png,1,1045,370,1338,590
1020,train/cologne/cologne_000054_000019_leftImg8bit.png,4,1878,371,2000,563
1021,train/cologne/cologne_000054_000019_leftImg8bit.png,4,1757,374,1869,537
1022,train/cologne/cologne_000054_000019_leftImg8bit.png,4,1597,383,1722,543
1023,train/cologne/cologne_000054_000019_leftImg8bit.png,4,1438,381,1635,541
1024,train/cologne/cologne_000054_000019_leftImg8bit.png,4,1662,369,1804,570
1025,train/cologne/cologne_000128_000019_leftImg8bit.png,1,848,430,989,543
1026,train/cologne/cologne_000128_000019_leftImg8bit.png,1,483,439,612,526
1027,train/cologne/cologne_000128_000019_leftImg8bit.png,1,581,422,759,571
1028,train/cologne/cologne_000128_000019_leftImg8bit.png,0,1402,385,1471,600
1029,train/cologne/cologne_000128_000019_leftImg8bit.png,0,1369,383,1455,604
1030,train/cologne/cologne_000128_000019_leftImg8bit.png,0,1486,359,1555,496
1031,train/cologne/cologne_000128_000019_leftImg8bit.png,0,1661,280,1803,715
1032,train/cologne/cologne_000128_000019_leftImg8bit.png,0,1777,430,1884,712
1033,train/cologne/cologne_000128_000019_leftImg8bit.png,0,1579,312,1716,748
1034,train/cologne/cologne_000128_000019_leftImg8bit.png,0,1502,307,1647,759
1035,train/cologne/cologne_000128_000019_leftImg8bit.png,1,41,389,493,684
1036,train/cologne/cologne_000128_000019_leftImg8bit.png,1,0,430,144,801
1037,train/cologne/cologne_000128_000019_leftImg8bit.png,0,527,333,716,692
1038,train/cologne/cologne_000116_000019_leftImg8bit.png,1,243,415,346,479
1039,train/cologne/cologne_000116_000019_leftImg8bit.png,1,1473,363,1575,420
1040,train/cologne/cologne_000116_000019_leftImg8bit.png,1,1336,363,1472,427
1041,train/cologne/cologne_000116_000019_leftImg8bit.png,3,793,313,1170,452
1042,train/cologne/cologne_000116_000019_leftImg8bit.png,1,1368,381,1505,450
1043,train/cologne/cologne_000116_000019_leftImg8bit.png,1,1123,398,1318,523
1044,train/cologne/cologne_000116_000019_leftImg8bit.png,1,145,414,272,496
1045,train/cologne/cologne_000142_000019_leftImg8bit.png,1,561,428,638,519
1046,train/cologne/cologne_000142_000019_leftImg8bit.png,1,457,426,590,531
1047,train/cologne/cologne_000142_000019_leftImg8bit.png,1,336,428,490,545
1048,train/cologne/cologne_000142_000019_leftImg8bit.png,1,187,427,375,571
1049,train/cologne/cologne_000142_000019_leftImg8bit.png,1,0,427,265,610
1050,train/cologne/cologne_000142_000019_leftImg8bit.png,1,1070,414,1160,492
1051,train/cologne/cologne_000142_000019_leftImg8bit.png,1,1420,404,1544,526
1052,train/cologne/cologne_000142_000019_leftImg8bit.png,1,1475,399,1651,548
1053,train/cologne/cologne_000142_000019_leftImg8bit.png,1,1565,380,1853,574
1054,train/cologne/cologne_000142_000019_leftImg8bit.png,1,1728,372,2046,631
1055,train/cologne/cologne_000142_000019_leftImg8bit.png,1,1988,501,2045,686
1056,train/cologne/cologne_000144_000019_leftImg8bit.png,2,1112,388,1176,445
1057,train/cologne/cologne_000144_000019_leftImg8bit.png,1,1217,427,1269,480
1058,train/cologne/cologne_000144_000019_leftImg8bit.png,1,1240,429,1316,489
1059,train/cologne/cologne_000144_000019_leftImg8bit.png,1,1162,416,1220,483
1060,train/cologne/cologne_000144_000019_leftImg8bit.png,1,1124,435,1199,487
1061,train/cologne/cologne_000144_000019_leftImg8bit.png,1,1080,420,1134,488
1062,train/cologne/cologne_000144_000019_leftImg8bit.png,1,1022,418,1094,494
1063,train/cologne/cologne_000144_000019_leftImg8bit.png,1,1030,430,1111,500
1064,train/cologne/cologne_000144_000019_leftImg8bit.png,1,1436,429,1623,546
1065,train/cologne/cologne_000144_000019_leftImg8bit.png,1,1659,423,2014,609
1066,train/cologne/cologne_000144_000019_leftImg8bit.png,1,1914,406,2046,656
1067,train/cologne/cologne_000144_000019_leftImg8bit.png,1,852,427,905,478
1068,train/cologne/cologne_000144_000019_leftImg8bit.png,1,725,414,805,501
1069,train/cologne/cologne_000144_000019_leftImg8bit.png,1,680,422,745,513
1070,train/cologne/cologne_000144_000019_leftImg8bit.png,1,553,397,711,531
1071,train/cologne/cologne_000144_000019_leftImg8bit.png,1,430,411,589,547
1072,train/cologne/cologne_000144_000019_leftImg8bit.png,1,256,416,506,569
1073,train/cologne/cologne_000144_000019_leftImg8bit.png,1,67,441,359,609
1074,train/cologne/cologne_000144_000019_leftImg8bit.png,1,-2,410,118,633
1075,train/cologne/cologne_000124_000019_leftImg8bit.png,1,1018,379,1110,444
1076,train/cologne/cologne_000124_000019_leftImg8bit.png,1,971,385,1060,460
1077,train/cologne/cologne_000124_000019_leftImg8bit.png,1,909,390,1006,476
1078,train/cologne/cologne_000124_000019_leftImg8bit.png,1,793,383,928,493
1079,train/cologne/cologne_000124_000019_leftImg8bit.png,0,570,354,702,552
1080,train/cologne/cologne_000124_000019_leftImg8bit.png,0,680,356,771,548
1081,train/cologne/cologne_000124_000019_leftImg8bit.png,0,571,358,675,570
1082,train/cologne/cologne_000124_000019_leftImg8bit.png,0,486,373,540,440
1083,train/cologne/cologne_000124_000019_leftImg8bit.png,0,511,344,612,577
1084,train/cologne/cologne_000124_000019_leftImg8bit.png,0,1429,356,1523,480
1085,train/cologne/cologne_000124_000019_leftImg8bit.png,0,1662,334,1824,594
1086,train/cologne/cologne_000124_000019_leftImg8bit.png,1,1046,387,1522,708
1087,train/cologne/cologne_000124_000019_leftImg8bit.png,1,0,288,566,715
1088,train/cologne/cologne_000121_000019_leftImg8bit.png,3,505,356,689,500
1089,train/cologne/cologne_000121_000019_leftImg8bit.png,5,1823,437,1908,516
1090,train/cologne/cologne_000121_000019_leftImg8bit.png,1,717,404,1191,572
1091,train/cologne/cologne_000121_000019_leftImg8bit.png,0,1654,361,1732,583
1092,train/cologne/cologne_000121_000019_leftImg8bit.png,0,1866,276,2045,705
1093,train/cologne/cologne_000121_000019_leftImg8bit.png,0,1001,294,1179,710
1094,train/cologne/cologne_000121_000019_leftImg8bit.png,0,1008,291,1183,767
1095,train/cologne/cologne_000121_000019_leftImg8bit.png,0,707,253,1050,825
1096,train/cologne/cologne_000121_000019_leftImg8bit.png,4,1730,444,1835,548
1097,train/cologne/cologne_000073_000019_leftImg8bit.png,1,734,370,855,505
1098,train/cologne/cologne_000073_000019_leftImg8bit.png,1,966,418,1110,482
1099,train/cologne/cologne_000073_000019_leftImg8bit.png,1,581,431,683,518
1100,train/cologne/cologne_000073_000019_leftImg8bit.png,1,557,432,638,529
1101,train/cologne/cologne_000073_000019_leftImg8bit.png,1,417,421,585,551
1102,train/cologne/cologne_000073_000019_leftImg8bit.png,1,1181,422,1278,521
1103,train/cologne/cologne_000073_000019_leftImg8bit.png,1,1243,408,1303,540
1104,train/cologne/cologne_000073_000019_leftImg8bit.png,1,1268,380,1480,563
1105,train/cologne/cologne_000073_000019_leftImg8bit.png,1,1344,410,1596,602
1106,train/cologne/cologne_000073_000019_leftImg8bit.png,1,1516,395,1911,681
1107,train/cologne/cologne_000073_000019_leftImg8bit.png,1,1756,384,2043,796
1108,train/cologne/cologne_000073_000019_leftImg8bit.png,1,285,426,451,604
1109,train/cologne/cologne_000073_000019_leftImg8bit.png,1,-2,351,313,687
1110,train/cologne/cologne_000099_000019_leftImg8bit.png,1,306,351,696,661
1111,train/cologne/cologne_000099_000019_leftImg8bit.png,4,1550,422,1657,612
1112,train/cologne/cologne_000099_000019_leftImg8bit.png,4,1502,426,1622,615
1113,train/cologne/cologne_000099_000019_leftImg8bit.png,4,1438,439,1560,617
1114,train/cologne/cologne_000099_000019_leftImg8bit.png,4,1779,430,2045,725
1115,train/cologne/cologne_000099_000019_leftImg8bit.png,4,1722,414,1976,724
1116,train/cologne/cologne_000099_000019_leftImg8bit.png,4,1745,479,1846,694
1117,train/cologne/cologne_000107_000019_leftImg8bit.png,0,1378,389,1433,471
1118,train/cologne/cologne_000107_000019_leftImg8bit.png,0,1646,357,1704,503
1119,train/cologne/cologne_000107_000019_leftImg8bit.png,1,902,392,1180,505
1120,train/cologne/cologne_000107_000019_leftImg8bit.png,1,0,441,102,523
1121,train/cologne/cologne_000107_000019_leftImg8bit.png,1,71,413,449,553
1122,train/cologne/cologne_000107_000019_leftImg8bit.png,4,0,437,155,570
1123,train/cologne/cologne_000107_000019_leftImg8bit.png,4,450,439,579,518
1124,train/cologne/cologne_000100_000019_leftImg8bit.png,0,1593,400,1646,462
1125,train/cologne/cologne_000100_000019_leftImg8bit.png,1,1548,419,1827,514
1126,train/cologne/cologne_000100_000019_leftImg8bit.png,1,1129,382,1420,515
1127,train/cologne/cologne_000100_000019_leftImg8bit.png,0,689,313,859,668
1128,train/cologne/cologne_000050_000019_leftImg8bit.png,1,972,384,1024,471
1129,train/cologne/cologne_000050_000019_leftImg8bit.png,1,785,380,941,490
1130,train/cologne/cologne_000050_000019_leftImg8bit.png,1,686,401,894,585
1131,train/cologne/cologne_000050_000019_leftImg8bit.png,1,301,372,761,645
1132,train/cologne/cologne_000050_000019_leftImg8bit.png,4,137,483,350,631
1133,train/cologne/cologne_000050_000019_leftImg8bit.png,1,0,469,267,1020
1134,train/cologne/cologne_000050_000019_leftImg8bit.png,4,1636,399,1708,516
1135,train/cologne/cologne_000050_000019_leftImg8bit.png,1,1184,358,1309,492
1136,train/cologne/cologne_000050_000019_leftImg8bit.png,1,1212,385,1310,501
1137,train/cologne/cologne_000050_000019_leftImg8bit.png,1,1234,389,1304,535
1138,train/cologne/cologne_000050_000019_leftImg8bit.png,1,1272,326,1566,566
1139,train/cologne/cologne_000050_000019_leftImg8bit.png,4,1306,420,1396,597
1140,train/cologne/cologne_000050_000019_leftImg8bit.png,4,1367,411,1513,654
1141,train/cologne/cologne_000050_000019_leftImg8bit.png,4,1523,445,1734,728
1142,train/cologne/cologne_000040_000019_leftImg8bit.png,1,948,411,1021,471
1143,train/cologne/cologne_000040_000019_leftImg8bit.png,1,428,434,508,489
1144,train/cologne/cologne_000040_000019_leftImg8bit.png,1,1142,375,1230,475
1145,train/cologne/cologne_000040_000019_leftImg8bit.png,1,1158,404,1256,479
1146,train/cologne/cologne_000088_000019_leftImg8bit.png,1,1158,425,1238,495
1147,train/cologne/cologne_000088_000019_leftImg8bit.png,1,739,426,811,490
1148,train/cologne/cologne_000088_000019_leftImg8bit.png,1,1188,426,1306,511
1149,train/cologne/cologne_000088_000019_leftImg8bit.png,1,1661,422,1802,526
1150,train/cologne/cologne_000088_000019_leftImg8bit.png,1,1927,425,2044,535
1151,train/cologne/cologne_000088_000019_leftImg8bit.png,1,1780,414,2021,554
1152,train/cologne/cologne_000088_000019_leftImg8bit.png,4,1678,444,1774,584
1153,train/cologne/cologne_000088_000019_leftImg8bit.png,1,1391,398,1738,636
1154,train/cologne/cologne_000088_000019_leftImg8bit.png,1,657,421,765,508
1155,train/cologne/cologne_000088_000019_leftImg8bit.png,1,368,388,544,558
1156,train/cologne/cologne_000088_000019_leftImg8bit.png,1,166,399,452,599
1157,train/cologne/cologne_000088_000019_leftImg8bit.png,1,0,400,249,659
1158,train/cologne/cologne_000088_000019_leftImg8bit.png,4,1876,439,2035,558
1159,train/cologne/cologne_000088_000019_leftImg8bit.png,4,1899,447,2035,556
1160,train/cologne/cologne_000088_000019_leftImg8bit.png,4,767,441,824,510
1161,train/cologne/cologne_000088_000019_leftImg8bit.png,4,619,442,683,554
1162,train/cologne/cologne_000088_000019_leftImg8bit.png,4,1342,431,1394,506
1163,train/cologne/cologne_000088_000019_leftImg8bit.png,4,1313,439,1375,506
1164,train/cologne/cologne_000012_000019_leftImg8bit.png,4,1634,443,1905,609
1165,train/cologne/cologne_000012_000019_leftImg8bit.png,1,0,386,559,722
1166,train/cologne/cologne_000012_000019_leftImg8bit.png,4,1224,444,1602,593
1167,train/cologne/cologne_000012_000019_leftImg8bit.png,1,704,426,759,480
1168,train/cologne/cologne_000012_000019_leftImg8bit.png,1,745,417,799,495
1169,train/cologne/cologne_000012_000019_leftImg8bit.png,1,758,415,920,534
1170,train/cologne/cologne_000012_000019_leftImg8bit.png,1,587,420,649,474
1171,train/cologne/cologne_000012_000019_leftImg8bit.png,4,1634,443,1905,609
1172,train/cologne/cologne_000070_000019_leftImg8bit.png,1,1374,430,1440,483
1173,train/cologne/cologne_000070_000019_leftImg8bit.png,1,901,437,970,534
1174,train/cologne/cologne_000070_000019_leftImg8bit.png,1,853,438,937,551
1175,train/cologne/cologne_000070_000019_leftImg8bit.png,1,790,438,899,565
1176,train/cologne/cologne_000070_000019_leftImg8bit.png,1,636,420,818,597
1177,train/cologne/cologne_000070_000019_leftImg8bit.png,1,408,440,705,626
1178,train/cologne/cologne_000070_000019_leftImg8bit.png,4,1634,444,1876,603
1179,train/cologne/cologne_000070_000019_leftImg8bit.png,4,83,447,441,680
1180,train/cologne/cologne_000070_000019_leftImg8bit.png,4,-2,448,204,755
1181,train/cologne/cologne_000049_000019_leftImg8bit.png,1,854,419,927,483
1182,train/cologne/cologne_000049_000019_leftImg8bit.png,1,1288,398,1376,474
1183,train/cologne/cologne_000049_000019_leftImg8bit.png,1,908,393,1048,512
1184,train/cologne/cologne_000049_000019_leftImg8bit.png,1,1324,425,1375,491
1185,train/cologne/cologne_000049_000019_leftImg8bit.png,1,1358,409,1425,506
1186,train/cologne/cologne_000049_000019_leftImg8bit.png,1,1393,408,1606,515
1187,train/cologne/cologne_000049_000019_leftImg8bit.png,1,814,432,867,509
1188,train/cologne/cologne_000049_000019_leftImg8bit.png,1,771,429,842,519
1189,train/cologne/cologne_000049_000019_leftImg8bit.png,1,724,428,805,529
1190,train/cologne/cologne_000049_000019_leftImg8bit.png,1,622,417,755,545
1191,train/cologne/cologne_000049_000019_leftImg8bit.png,1,430,420,669,582
1192,train/cologne/cologne_000049_000019_leftImg8bit.png,4,243,439,308,587
1193,train/cologne/cologne_000049_000019_leftImg8bit.png,4,58,430,194,610
1194,train/cologne/cologne_000049_000019_leftImg8bit.png,4,260,462,441,682
1195,train/cologne/cologne_000049_000019_leftImg8bit.png,4,1980,428,2045,577
1196,train/cologne/cologne_000049_000019_leftImg8bit.png,4,1945,452,2034,601
1197,train/cologne/cologne_000049_000019_leftImg8bit.png,4,1880,431,1972,600
1198,train/cologne/cologne_000049_000019_leftImg8bit.png,4,1823,417,1929,605
1199,train/cologne/cologne_000049_000019_leftImg8bit.png,4,113,429,269,621
1200,train/cologne/cologne_000049_000019_leftImg8bit.png,4,1809,448,1885,585
1201,train/cologne/cologne_000049_000019_leftImg8bit.png,4,1765,413,1872,579
1202,train/cologne/cologne_000129_000019_leftImg8bit.png,1,987,406,1043,462
1203,train/cologne/cologne_000129_000019_leftImg8bit.png,1,784,412,982,496
1204,train/cologne/cologne_000129_000019_leftImg8bit.png,1,679,424,754,523
1205,train/cologne/cologne_000129_000019_leftImg8bit.png,0,1452,341,1511,549
1206,train/cologne/cologne_000129_000019_leftImg8bit.png,0,1471,338,1558,573
1207,train/cologne/cologne_000129_000019_leftImg8bit.png,0,1725,326,1806,569
1208,train/cologne/cologne_000129_000019_leftImg8bit.png,0,1657,337,1740,585
1209,train/cologne/cologne_000129_000019_leftImg8bit.png,1,1001,389,1202,563
1210,train/cologne/cologne_000129_000019_leftImg8bit.png,1,294,433,409,570
1211,train/cologne/cologne_000129_000019_leftImg8bit.png,1,295,392,751,702
1212,train/cologne/cologne_000129_000019_leftImg8bit.png,0,28,335,118,665
1213,train/cologne/cologne_000129_000019_leftImg8bit.png,1,-2,483,76,736
1214,train/cologne/cologne_000122_000019_leftImg8bit.png,1,195,385,346,454
1215,train/cologne/cologne_000122_000019_leftImg8bit.png,1,161,383,245,444
1216,train/cologne/cologne_000122_000019_leftImg8bit.png,1,-2,355,167,500
1217,train/cologne/cologne_000122_000019_leftImg8bit.png,1,1695,435,1823,491
1218,train/cologne/cologne_000122_000019_leftImg8bit.png,1,801,413,987,528
1219,train/cologne/cologne_000122_000019_leftImg8bit.png,1,277,384,668,593
1220,train/cologne/cologne_000042_000019_leftImg8bit.png,1,948,385,1006,447
1221,train/cologne/cologne_000042_000019_leftImg8bit.png,1,826,420,887,471
1222,train/cologne/cologne_000042_000019_leftImg8bit.png,2,689,338,830,498
1223,train/cologne/cologne_000042_000019_leftImg8bit.png,2,552,335,776,539
1224,train/cologne/cologne_000042_000019_leftImg8bit.png,1,175,373,758,739
1225,train/cologne/cologne_000042_000019_leftImg8bit.png,1,1199,412,1519,535
1226,train/cologne/cologne_000042_000019_leftImg8bit.png,0,1366,359,1462,568
1227,train/cologne/cologne_000047_000019_leftImg8bit.png,1,390,363,517,482
1228,train/cologne/cologne_000047_000019_leftImg8bit.png,1,1075,408,1126,471
1229,train/cologne/cologne_000047_000019_leftImg8bit.png,1,1101,397,1192,490
1230,train/cologne/cologne_000047_000019_leftImg8bit.png,1,903,393,1069,524
1231,train/cologne/cologne_000047_000019_leftImg8bit.png,1,1325,410,1456,521
1232,train/cologne/cologne_000047_000019_leftImg8bit.png,1,1401,403,1620,546
1233,train/cologne/cologne_000047_000019_leftImg8bit.png,1,1148,390,1342,552
1234,train/cologne/cologne_000047_000019_leftImg8bit.png,0,1784,384,1840,480
1235,train/cologne/cologne_000047_000019_leftImg8bit.png,1,1518,403,1847,617
1236,train/cologne/cologne_000047_000019_leftImg8bit.png,4,1880,446,1986,570
1237,train/cologne/cologne_000131_000019_leftImg8bit.png,1,1194,366,1277,456
1238,train/cologne/cologne_000131_000019_leftImg8bit.png,1,1251,377,1334,476
1239,train/cologne/cologne_000131_000019_leftImg8bit.png,0,1461,339,1547,564
1240,train/cologne/cologne_000138_000019_leftImg8bit.png,0,1743,342,1808,583
1241,train/cologne/cologne_000138_000019_leftImg8bit.png,0,1883,361,1998,590
1242,train/cologne/cologne_000138_000019_leftImg8bit.png,1,357,417,442,471
1243,train/cologne/cologne_000138_000019_leftImg8bit.png,1,301,418,364,476
1244,train/cologne/cologne_000138_000019_leftImg8bit.png,1,2,409,121,479
1245,train/cologne/cologne_000138_000019_leftImg8bit.png,1,396,380,995,607
1246,train/cologne/cologne_000113_000019_leftImg8bit.png,1,1283,439,1355,527
1247,train/cologne/cologne_000113_000019_leftImg8bit.png,1,1323,417,1450,544
1248,train/cologne/cologne_000113_000019_leftImg8bit.png,1,1649,415,1847,553
1249,train/cologne/cologne_000113_000019_leftImg8bit.png,1,1859,402,2045,497
1250,train/cologne/cologne_000113_000019_leftImg8bit.png,1,1764,415,2044,651
1251,train/cologne/cologne_000113_000019_leftImg8bit.png,1,1388,392,1675,601
1252,train/cologne/cologne_000113_000019_leftImg8bit.png,1,860,350,1341,777
1253,train/cologne/cologne_000118_000019_leftImg8bit.png,1,999,502,1077,560
1254,train/cologne/cologne_000118_000019_leftImg8bit.png,1,552,482,698,566
1255,train/cologne/cologne_000118_000019_leftImg8bit.png,2,662,406,883,581
1256,train/cologne/cologne_000118_000019_leftImg8bit.png,1,354,472,584,588
1257,train/cologne/cologne_000118_000019_leftImg8bit.png,1,190,479,445,602
1258,train/cologne/cologne_000118_000019_leftImg8bit.png,1,63,484,357,613
1259,train/cologne/cologne_000118_000019_leftImg8bit.png,1,-2,476,199,635
1260,train/cologne/cologne_000118_000019_leftImg8bit.png,1,817,464,992,582
1261,train/cologne/cologne_000031_000019_leftImg8bit.png,1,893,384,962,472
1262,train/cologne/cologne_000031_000019_leftImg8bit.png,1,820,365,934,480
1263,train/cologne/cologne_000031_000019_leftImg8bit.png,1,834,415,893,501
1264,train/cologne/cologne_000031_000019_leftImg8bit.png,1,747,410,857,475
1265,train/cologne/cologne_000031_000019_leftImg8bit.png,1,1242,359,1402,522
1266,train/cologne/cologne_000031_000019_leftImg8bit.png,1,507,413,707,582
1267,train/cologne/cologne_000031_000019_leftImg8bit.png,1,160,391,553,697
1268,train/cologne/cologne_000031_000019_leftImg8bit.png,1,0,359,253,805
1269,train/cologne/cologne_000026_000019_leftImg8bit.png,1,943,392,1005,451
1270,train/cologne/cologne_000026_000019_leftImg8bit.png,0,1411,362,1498,515
1271,train/cologne/cologne_000026_000019_leftImg8bit.png,1,679,359,1005,605
1272,train/cologne/cologne_000026_000019_leftImg8bit.png,1,1077,389,1172,465
1273,train/cologne/cologne_000026_000019_leftImg8bit.png,1,1077,382,1387,586
1274,train/cologne/cologne_000026_000019_leftImg8bit.png,4,316,463,431,563
1275,train/cologne/cologne_000023_000019_leftImg8bit.png,1,606,409,659,462
1276,train/cologne/cologne_000023_000019_leftImg8bit.png,1,1256,427,1485,489
1277,train/cologne/cologne_000023_000019_leftImg8bit.png,1,1845,427,2045,498
1278,train/cologne/cologne_000023_000019_leftImg8bit.png,1,1569,425,1746,486
1279,train/cologne/cologne_000023_000019_leftImg8bit.png,0,849,391,920,524
1280,train/cologne/cologne_000023_000019_leftImg8bit.png,0,814,382,881,523
1281,train/cologne/cologne_000023_000019_leftImg8bit.png,0,670,395,737,523
1282,train/cologne/cologne_000023_000019_leftImg8bit.png,0,708,373,784,530
1283,train/cologne/cologne_000023_000019_leftImg8bit.png,0,1611,386,1681,571
1284,train/cologne/cologne_000023_000019_leftImg8bit.png,0,1548,378,1631,576
1285,train/cologne/cologne_000023_000019_leftImg8bit.png,0,417,364,475,531
1286,train/cologne/cologne_000023_000019_leftImg8bit.png,1,11,357,227,454
1287,train/cologne/cologne_000023_000019_leftImg8bit.png,1,7,400,296,556
1288,train/cologne/cologne_000023_000019_leftImg8bit.png,0,1857,386,1908,517
1289,train/cologne/cologne_000023_000019_leftImg8bit.png,0,1888,393,1982,588
1290,train/cologne/cologne_000087_000019_leftImg8bit.png,1,784,425,852,480
1291,train/cologne/cologne_000087_000019_leftImg8bit.png,1,679,406,776,486
1292,train/cologne/cologne_000087_000019_leftImg8bit.png,1,1372,276,1900,688
1293,train/cologne/cologne_000087_000019_leftImg8bit.png,4,0,465,125,706
1294,train/cologne/cologne_000019_000019_leftImg8bit.png,0,1429,389,1483,441
1295,train/cologne/cologne_000019_000019_leftImg8bit.png,5,980,427,1065,520
1296,train/cologne/cologne_000019_000019_leftImg8bit.png,5,1149,425,1208,524
1297,train/cologne/cologne_000019_000019_leftImg8bit.png,4,231,426,331,505
1298,train/cologne/cologne_000019_000019_leftImg8bit.png,5,1170,422,1358,562
1299,train/cologne/cologne_000019_000019_leftImg8bit.png,1,263,413,487,533
1300,train/cologne/cologne_000019_000019_leftImg8bit.png,1,728,408,989,550
1301,train/cologne/cologne_000019_000019_leftImg8bit.png,1,391,397,776,569
1302,train/cologne/cologne_000019_000019_leftImg8bit.png,1,-2,414,187,517
1303,train/cologne/cologne_000019_000019_leftImg8bit.png,1,1566,371,1923,623
1304,train/cologne/cologne_000019_000019_leftImg8bit.png,5,1728,364,2045,823
1305,train/cologne/cologne_000019_000019_leftImg8bit.png,5,1354,433,1416,530
1306,train/cologne/cologne_000019_000019_leftImg8bit.png,5,1496,412,1580,533
1307,train/cologne/cologne_000045_000019_leftImg8bit.png,1,717,422,788,483
1308,train/cologne/cologne_000045_000019_leftImg8bit.png,1,476,433,544,507
1309,train/cologne/cologne_000045_000019_leftImg8bit.png,1,319,442,382,494
1310,train/cologne/cologne_000045_000019_leftImg8bit.png,1,1334,338,1835,714
1311,train/cologne/cologne_000045_000019_leftImg8bit.png,1,1722,330,2045,1023
1312,train/cologne/cologne_000045_000019_leftImg8bit.png,1,507,420,647,508
1313,train/cologne/cologne_000045_000019_leftImg8bit.png,1,655,437,730,492
1314,train/cologne/cologne_000008_000019_leftImg8bit.png,1,944,390,1075,497
1315,train/cologne/cologne_000008_000019_leftImg8bit.png,1,501,415,702,507
1316,train/cologne/cologne_000008_000019_leftImg8bit.png,1,459,435,573,524
1317,train/cologne/cologne_000008_000019_leftImg8bit.png,1,263,417,505,528
1318,train/cologne/cologne_000008_000019_leftImg8bit.png,0,79,392,130,486
1319,train/cologne/cologne_000008_000019_leftImg8bit.png,1,27,425,466,568
1320,train/cologne/cologne_000008_000019_leftImg8bit.png,1,1302,376,1477,462
1321,train/cologne/cologne_000008_000019_leftImg8bit.png,1,1342,385,1504,506
1322,train/cologne/cologne_000008_000019_leftImg8bit.png,1,1413,379,1615,523
1323,train/cologne/cologne_000008_000019_leftImg8bit.png,1,1460,381,1867,534
1324,train/cologne/cologne_000008_000019_leftImg8bit.png,1,665,364,882,564
1325,train/cologne/cologne_000008_000019_leftImg8bit.png,0,754,343,814,579
1326,train/cologne/cologne_000008_000019_leftImg8bit.png,0,1065,337,1158,603
1327,train/cologne/cologne_000008_000019_leftImg8bit.png,0,1130,334,1278,612
1328,train/cologne/cologne_000008_000019_leftImg8bit.png,4,1103,433,1444,657
1329,train/cologne/cologne_000103_000019_leftImg8bit.png,1,626,415,686,478
1330,train/cologne/cologne_000103_000019_leftImg8bit.png,1,356,424,465,489
1331,train/cologne/cologne_000103_000019_leftImg8bit.png,1,253,428,387,507
1332,train/cologne/cologne_000103_000019_leftImg8bit.png,1,39,412,238,527
1333,train/cologne/cologne_000103_000019_leftImg8bit.png,1,-2,418,65,536
1334,train/cologne/cologne_000103_000019_leftImg8bit.png,1,874,407,984,530
1335,train/cologne/cologne_000103_000019_leftImg8bit.png,1,1163,434,1252,525
1336,train/cologne/cologne_000103_000019_leftImg8bit.png,1,1404,426,1595,578
1337,train/cologne/cologne_000103_000019_leftImg8bit.png,4,1986,476,2045,605
1338,train/cologne/cologne_000103_000019_leftImg8bit.png,1,1548,325,2017,620
1339,train/cologne/cologne_000103_000019_leftImg8bit.png,1,1062,420,1191,553
1340,train/cologne/cologne_000103_000019_leftImg8bit.png,1,888,417,1124,596
1341,train/cologne/cologne_000103_000019_leftImg8bit.png,4,1320,493,1384,577
1342,train/cologne/cologne_000103_000019_leftImg8bit.png,4,1602,463,1746,654
1343,train/cologne/cologne_000117_000019_leftImg8bit.png,1,592,464,662,515
1344,train/cologne/cologne_000117_000019_leftImg8bit.png,1,462,460,548,519
1345,train/cologne/cologne_000117_000019_leftImg8bit.png,1,355,457,483,523
1346,train/cologne/cologne_000117_000019_leftImg8bit.png,1,171,454,339,532
1347,train/cologne/cologne_000117_000019_leftImg8bit.png,1,-2,419,176,549
1348,train/cologne/cologne_000117_000019_leftImg8bit.png,1,686,419,831,522
1349,train/cologne/cologne_000117_000019_leftImg8bit.png,1,1161,421,1315,535
1350,train/cologne/cologne_000117_000019_leftImg8bit.png,5,555,465,612,523
1351,train/cologne/cologne_000080_000019_leftImg8bit.png,1,1128,418,1213,488
1352,train/cologne/cologne_000080_000019_leftImg8bit.png,1,1229,419,1295,537
1353,train/cologne/cologne_000080_000019_leftImg8bit.png,1,1254,396,1469,571
1354,train/cologne/cologne_000080_000019_leftImg8bit.png,2,618,368,737,498
1355,train/cologne/cologne_000080_000019_leftImg8bit.png,1,569,421,666,520
1356,train/cologne/cologne_000080_000019_leftImg8bit.png,1,675,416,858,550
1357,train/cologne/cologne_000080_000019_leftImg8bit.png,1,485,416,601,532
1358,train/cologne/cologne_000080_000019_leftImg8bit.png,1,332,408,522,555
1359,train/cologne/cologne_000080_000019_leftImg8bit.png,1,116,417,388,597
1360,train/cologne/cologne_000080_000019_leftImg8bit.png,1,1466,403,1969,741
1361,train/cologne/cologne_000080_000019_leftImg8bit.png,1,1752,399,2043,910
1362,train/cologne/cologne_000080_000019_leftImg8bit.png,1,0,393,156,651
1363,train/cologne/cologne_000027_000019_leftImg8bit.png,1,1206,409,1402,539
1364,train/cologne/cologne_000027_000019_leftImg8bit.png,1,1357,417,1563,562
1365,train/cologne/cologne_000027_000019_leftImg8bit.png,1,1489,414,1807,599
1366,train/cologne/cologne_000027_000019_leftImg8bit.png,1,1698,406,2045,667
1367,train/cologne/cologne_000027_000019_leftImg8bit.png,1,546,412,785,592
1368,train/cologne/cologne_000003_000019_leftImg8bit.png,1,1070,388,1179,485
1369,train/cologne/cologne_000003_000019_leftImg8bit.png,1,424,351,568,434
1370,train/cologne/cologne_000003_000019_leftImg8bit.png,1,539,374,656,487
1371,train/cologne/cologne_000003_000019_leftImg8bit.png,1,493,386,634,501
1372,train/cologne/cologne_000003_000019_leftImg8bit.png,0,1010,377,1061,507
1373,train/cologne/cologne_000003_000019_leftImg8bit.png,1,1326,393,1550,546
1374,train/cologne/cologne_000003_000019_leftImg8bit.png,1,1524,332,2047,751
1375,train/cologne/cologne_000003_000019_leftImg8bit.png,1,139,372,458,552
1376,train/cologne/cologne_000101_000019_leftImg8bit.png,0,66,351,133,465
1377,train/cologne/cologne_000101_000019_leftImg8bit.png,0,136,351,215,463
1378,train/cologne/cologne_000101_000019_leftImg8bit.png,0,184,314,247,467
1379,train/cologne/cologne_000135_000019_leftImg8bit.png,3,919,388,1027,462
1380,train/cologne/cologne_000135_000019_leftImg8bit.png,1,898,414,993,508
1381,train/cologne/cologne_000135_000019_leftImg8bit.png,1,999,405,1098,480
1382,train/cologne/cologne_000135_000019_leftImg8bit.png,0,1000,388,1051,513
1383,train/cologne/cologne_000135_000019_leftImg8bit.png,0,1046,385,1098,516
1384,train/cologne/cologne_000135_000019_leftImg8bit.png,0,1063,372,1122,517
1385,train/cologne/cologne_000135_000019_leftImg8bit.png,3,1223,340,1360,453
1386,train/cologne/cologne_000135_000019_leftImg8bit.png,1,1286,401,1410,486
1387,train/cologne/cologne_000135_000019_leftImg8bit.png,0,1895,351,1983,529
1388,train/cologne/cologne_000135_000019_leftImg8bit.png,0,1638,207,1931,891
1389,train/cologne/cologne_000135_000019_leftImg8bit.png,0,1395,276,1613,798
1390,train/cologne/cologne_000135_000019_leftImg8bit.png,0,1020,258,1368,866
1391,train/cologne/cologne_000135_000019_leftImg8bit.png,1,848,389,934,541
1392,train/cologne/cologne_000135_000019_leftImg8bit.png,1,728,384,930,605
1393,train/cologne/cologne_000135_000019_leftImg8bit.png,0,780,338,902,636
1394,train/cologne/cologne_000135_000019_leftImg8bit.png,0,232,341,304,402
1395,train/cologne/cologne_000135_000019_leftImg8bit.png,1,-2,370,284,599
1396,train/cologne/cologne_000135_000019_leftImg8bit.png,1,29,359,693,741
1397,train/cologne/cologne_000135_000019_leftImg8bit.png,0,587,270,893,841
1398,train/cologne/cologne_000135_000019_leftImg8bit.png,0,282,289,464,820
1399,train/cologne/cologne_000135_000019_leftImg8bit.png,0,-2,129,275,953
1400,train/cologne/cologne_000062_000019_leftImg8bit.png,1,34,431,119,508
1401,train/cologne/cologne_000062_000019_leftImg8bit.png,1,1318,402,1409,473
1402,train/cologne/cologne_000062_000019_leftImg8bit.png,1,1031,363,1127,419
1403,train/cologne/cologne_000062_000019_leftImg8bit.png,1,1422,397,1554,487
1404,train/cologne/cologne_000062_000019_leftImg8bit.png,1,1494,396,1668,520
1405,train/cologne/cologne_000062_000019_leftImg8bit.png,1,1606,385,1883,540
1406,train/cologne/cologne_000062_000019_leftImg8bit.png,4,1791,430,1965,573
1407,train/cologne/cologne_000062_000019_leftImg8bit.png,1,988,397,1232,588
1408,train/cologne/cologne_000062_000019_leftImg8bit.png,1,1951,385,2044,608
1409,train/cologne/cologne_000010_000019_leftImg8bit.png,1,1255,410,1358,469
1410,train/cologne/cologne_000010_000019_leftImg8bit.png,1,1669,340,1873,478
1411,train/cologne/cologne_000010_000019_leftImg8bit.png,1,1325,394,1632,531
1412,train/cologne/cologne_000010_000019_leftImg8bit.png,1,852,407,955,503
1413,train/cologne/cologne_000010_000019_leftImg8bit.png,1,646,408,799,500
1414,train/cologne/cologne_000010_000019_leftImg8bit.png,1,657,417,728,507
1415,train/cologne/cologne_000010_000019_leftImg8bit.png,1,507,409,685,507
1416,train/cologne/cologne_000010_000019_leftImg8bit.png,1,500,419,624,536
1417,train/cologne/cologne_000010_000019_leftImg8bit.png,1,323,414,539,550
1418,train/cologne/cologne_000010_000019_leftImg8bit.png,1,8,416,421,580
1419,train/cologne/cologne_000053_000019_leftImg8bit.png,1,969,431,1022,497
1420,train/cologne/cologne_000053_000019_leftImg8bit.png,1,891,428,999,521
1421,train/cologne/cologne_000053_000019_leftImg8bit.png,1,1063,409,1171,479
1422,train/cologne/cologne_000053_000019_leftImg8bit.png,1,673,424,805,523
1423,train/cologne/cologne_000053_000019_leftImg8bit.png,1,742,436,929,573
1424,train/cologne/cologne_000053_000019_leftImg8bit.png,1,1303,399,1423,518
1425,train/cologne/cologne_000053_000019_leftImg8bit.png,1,1361,406,1478,460
1426,train/cologne/cologne_000053_000019_leftImg8bit.png,1,1394,406,1560,538
1427,train/cologne/cologne_000053_000019_leftImg8bit.png,0,1337,406,1388,579
1428,train/cologne/cologne_000053_000019_leftImg8bit.png,0,1372,411,1437,579
1429,train/cologne/cologne_000053_000019_leftImg8bit.png,1,989,422,1187,570
1430,train/cologne/cologne_000053_000019_leftImg8bit.png,1,175,403,458,623
1431,train/cologne/cologne_000053_000019_leftImg8bit.png,1,1460,408,1689,595
1432,train/cologne/cologne_000053_000019_leftImg8bit.png,0,1931,353,1997,450
1433,train/cologne/cologne_000053_000019_leftImg8bit.png,1,1580,375,2004,648
1434,train/cologne/cologne_000053_000019_leftImg8bit.png,1,1849,391,2045,709
1435,train/cologne/cologne_000053_000019_leftImg8bit.png,1,-2,426,205,703
1436,train/cologne/cologne_000053_000019_leftImg8bit.png,4,0,488,249,788
1437,train/cologne/cologne_000056_000019_leftImg8bit.png,0,339,370,409,535
1438,train/cologne/cologne_000056_000019_leftImg8bit.png,0,412,375,487,527
1439,train/cologne/cologne_000056_000019_leftImg8bit.png,0,193,376,256,510
1440,train/cologne/cologne_000056_000019_leftImg8bit.png,0,226,369,324,541
1441,train/cologne/cologne_000056_000019_leftImg8bit.png,1,815,366,1144,531
1442,train/cologne/cologne_000056_000019_leftImg8bit.png,0,629,383,699,506
1443,train/cologne/cologne_000056_000019_leftImg8bit.png,0,1736,306,1818,482
1444,train/cologne/cologne_000056_000019_leftImg8bit.png,0,1884,298,1956,479
1445,train/cologne/cologne_000056_000019_leftImg8bit.png,0,1961,253,2044,515
1446,train/cologne/cologne_000056_000019_leftImg8bit.png,0,11,405,82,524
1447,train/cologne/cologne_000056_000019_leftImg8bit.png,0,75,370,150,534
1448,train/cologne/cologne_000056_000019_leftImg8bit.png,0,652,284,943,796
1449,train/cologne/cologne_000056_000019_leftImg8bit.png,4,1814,420,1937,629
1450,train/cologne/cologne_000056_000019_leftImg8bit.png,4,1633,429,1714,621
1451,train/cologne/cologne_000056_000019_leftImg8bit.png,4,1451,439,1686,706
1452,train/cologne/cologne_000069_000019_leftImg8bit.png,1,1292,400,1357,454
1453,train/cologne/cologne_000069_000019_leftImg8bit.png,1,988,404,1074,514
1454,train/cologne/cologne_000069_000019_leftImg8bit.png,1,958,400,1050,536
1455,train/cologne/cologne_000069_000019_leftImg8bit.png,1,1181,397,1339,501
1456,train/cologne/cologne_000069_000019_leftImg8bit.png,1,1399,413,1470,526
1457,train/cologne/cologne_000069_000019_leftImg8bit.png,1,1452,364,1753,552
1458,train/cologne/cologne_000069_000019_leftImg8bit.png,1,1527,406,1722,576
1459,train/cologne/cologne_000069_000019_leftImg8bit.png,0,1263,388,1321,533
1460,train/cologne/cologne_000069_000019_leftImg8bit.png,0,1521,322,1614,583
1461,train/cologne/cologne_000069_000019_leftImg8bit.png,1,1675,347,2046,656
1462,train/cologne/cologne_000069_000019_leftImg8bit.png,1,850,387,1007,560
1463,train/cologne/cologne_000069_000019_leftImg8bit.png,1,657,367,922,611
1464,train/cologne/cologne_000069_000019_leftImg8bit.png,1,504,364,794,651
1465,train/cologne/cologne_000069_000019_leftImg8bit.png,1,-2,321,734,948
1466,train/cologne/cologne_000069_000019_leftImg8bit.png,1,1953,394,2045,693
1467,train/cologne/cologne_000033_000019_leftImg8bit.png,0,1153,391,1228,528
1468,train/cologne/cologne_000033_000019_leftImg8bit.png,1,1317,423,1642,533
1469,train/cologne/cologne_000033_000019_leftImg8bit.png,1,653,358,1138,560
1470,train/cologne/cologne_000033_000019_leftImg8bit.png,1,326,381,805,600
1471,train/cologne/cologne_000033_000019_leftImg8bit.png,1,1927,474,2047,555
1472,train/cologne/cologne_000033_000019_leftImg8bit.png,1,-2,409,98,553
1473,train/cologne/cologne_000033_000019_leftImg8bit.png,0,768,302,996,723
1474,train/cologne/cologne_000033_000019_leftImg8bit.png,0,1577,314,1743,776
1475,train/cologne/cologne_000033_000019_leftImg8bit.png,0,1464,309,1736,816
1476,train/cologne/cologne_000146_000019_leftImg8bit.png,1,271,438,339,514
1477,train/cologne/cologne_000146_000019_leftImg8bit.png,1,-2,438,88,527
1478,train/cologne/cologne_000146_000019_leftImg8bit.png,1,70,426,311,544
1479,train/cologne/cologne_000146_000019_leftImg8bit.png,1,1369,421,1439,477
1480,train/cologne/cologne_000146_000019_leftImg8bit.png,1,1392,423,1464,479
1481,train/cologne/cologne_000146_000019_leftImg8bit.png,1,1439,424,1547,488
1482,train/cologne/cologne_000043_000019_leftImg8bit.png,1,1047,424,1116,476
1483,train/cologne/cologne_000043_000019_leftImg8bit.png,1,1084,428,1145,483
1484,train/cologne/cologne_000043_000019_leftImg8bit.png,1,1120,426,1187,487
1485,train/cologne/cologne_000043_000019_leftImg8bit.png,1,1166,413,1249,493
1486,train/cologne/cologne_000043_000019_leftImg8bit.png,1,1190,412,1249,495
1487,train/cologne/cologne_000043_000019_leftImg8bit.png,1,1200,412,1307,504
1488,train/cologne/cologne_000043_000019_leftImg8bit.png,1,1231,423,1369,517
1489,train/cologne/cologne_000043_000019_leftImg8bit.png,1,-2,401,63,469
1490,train/cologne/cologne_000043_000019_leftImg8bit.png,4,66,415,187,513
1491,train/cologne/cologne_000043_000019_leftImg8bit.png,1,808,394,874,460
1492,train/cologne/cologne_000043_000019_leftImg8bit.png,1,755,392,852,481
1493,train/cologne/cologne_000043_000019_leftImg8bit.png,1,735,407,807,493
1494,train/cologne/cologne_000043_000019_leftImg8bit.png,1,539,395,775,497
1495,train/cologne/cologne_000043_000019_leftImg8bit.png,0,789,377,871,544
1496,train/cologne/cologne_000043_000019_leftImg8bit.png,4,1368,440,1425,536
1497,train/cologne/cologne_000021_000019_leftImg8bit.png,5,1126,411,1364,546
1498,train/cologne/cologne_000021_000019_leftImg8bit.png,5,1398,371,1839,784
1499,train/cologne/cologne_000021_000019_leftImg8bit.png,1,107,426,327,544
1500,train/cologne/cologne_000021_000019_leftImg8bit.png,4,417,440,471,526
1501,train/cologne/cologne_000021_000019_leftImg8bit.png,4,632,448,730,548
1502,train/cologne/cologne_000136_000019_leftImg8bit.png,3,1097,368,1152,465
1503,train/cologne/cologne_000136_000019_leftImg8bit.png,3,1136,340,1200,482
1504,train/cologne/cologne_000136_000019_leftImg8bit.png,3,1179,297,1379,502
1505,train/cologne/cologne_000136_000019_leftImg8bit.png,1,1349,336,1579,573
1506,train/cologne/cologne_000136_000019_leftImg8bit.png,0,1430,375,1484,589
1507,train/cologne/cologne_000136_000019_leftImg8bit.png,0,1452,354,1529,610
1508,train/cologne/cologne_000136_000019_leftImg8bit.png,0,1332,346,1444,598
1509,train/cologne/cologne_000136_000019_leftImg8bit.png,3,1499,0,2045,737
1510,train/cologne/cologne_000136_000019_leftImg8bit.png,1,704,424,762,484
1511,train/cologne/cologne_000136_000019_leftImg8bit.png,1,641,425,735,486
1512,train/cologne/cologne_000136_000019_leftImg8bit.png,1,641,430,718,490
1513,train/cologne/cologne_000136_000019_leftImg8bit.png,1,633,438,692,499
1514,train/cologne/cologne_000136_000019_leftImg8bit.png,1,368,364,646,516
1515,train/cologne/cologne_000136_000019_leftImg8bit.png,1,322,413,547,527
1516,train/cologne/cologne_000136_000019_leftImg8bit.png,1,335,437,491,536
1517,train/cologne/cologne_000136_000019_leftImg8bit.png,1,247,439,453,548
1518,train/cologne/cologne_000136_000019_leftImg8bit.png,1,241,437,353,563
1519,train/cologne/cologne_000136_000019_leftImg8bit.png,1,-2,409,273,585
1520,train/cologne/cologne_000009_000019_leftImg8bit.png,1,1227,403,1290,455
1521,train/cologne/cologne_000009_000019_leftImg8bit.png,1,1000,408,1088,477
1522,train/cologne/cologne_000009_000019_leftImg8bit.png,4,474,435,542,523
1523,train/cologne/cologne_000009_000019_leftImg8bit.png,0,1045,341,1170,625
1524,train/cologne/cologne_000009_000019_leftImg8bit.png,0,42,389,106,530
1525,train/cologne/cologne_000009_000019_leftImg8bit.png,1,1294,405,1379,483
1526,train/cologne/cologne_000009_000019_leftImg8bit.png,1,1353,379,1548,522
1527,train/cologne/cologne_000009_000019_leftImg8bit.png,1,1417,382,1842,544
1528,train/cologne/cologne_000009_000019_leftImg8bit.png,1,819,412,879,496
1529,train/cologne/cologne_000009_000019_leftImg8bit.png,1,686,407,846,507
1530,train/cologne/cologne_000009_000019_leftImg8bit.png,0,564,334,746,631
1531,train/cologne/cologne_000009_000019_leftImg8bit.png,0,1861,343,1923,465
1532,train/cologne/cologne_000009_000019_leftImg8bit.png,4,1860,409,1969,543
1533,train/cologne/cologne_000009_000019_leftImg8bit.png,4,474,435,542,523
1534,train/cologne/cologne_000016_000019_leftImg8bit.png,1,1057,429,1132,483
1535,train/cologne/cologne_000016_000019_leftImg8bit.png,1,960,406,1052,485
1536,train/cologne/cologne_000016_000019_leftImg8bit.png,1,956,415,1050,495
1537,train/cologne/cologne_000016_000019_leftImg8bit.png,1,725,391,825,450
1538,train/cologne/cologne_000016_000019_leftImg8bit.png,1,516,412,570,463
1539,train/cologne/cologne_000016_000019_leftImg8bit.png,1,388,410,471,465
1540,train/cologne/cologne_000016_000019_leftImg8bit.png,1,427,413,561,467
1541,train/cologne/cologne_000016_000019_leftImg8bit.png,1,24,365,143,417
1542,train/cologne/cologne_000016_000019_leftImg8bit.png,1,111,396,258,474
1543,train/cologne/cologne_000016_000019_leftImg8bit.png,1,252,407,404,470
1544,train/cologne/cologne_000016_000019_leftImg8bit.png,1,615,406,822,497
1545,train/cologne/cologne_000016_000019_leftImg8bit.png,1,31,392,123,477
1546,train/cologne/cologne_000016_000019_leftImg8bit.png,1,19,397,95,485
1547,train/cologne/cologne_000016_000019_leftImg8bit.png,1,843,412,1000,529
1548,train/cologne/cologne_000153_000019_leftImg8bit.png,1,305,398,607,565
1549,train/cologne/cologne_000153_000019_leftImg8bit.png,1,786,393,920,514
1550,train/cologne/cologne_000153_000019_leftImg8bit.png,1,680,404,901,561
1551,train/cologne/cologne_000153_000019_leftImg8bit.png,1,1020,426,1095,493
1552,train/cologne/cologne_000153_000019_leftImg8bit.png,1,1262,423,1469,499
1553,train/cologne/cologne_000153_000019_leftImg8bit.png,1,1363,431,1487,509
1554,train/cologne/cologne_000153_000019_leftImg8bit.png,1,1440,402,1821,601
1555,train/cologne/cologne_000153_000019_leftImg8bit.png,1,1547,420,1825,606
1556,train/cologne/cologne_000153_000019_leftImg8bit.png,1,1626,413,2045,740
1557,train/cologne/cologne_000052_000019_leftImg8bit.png,1,892,410,985,493
1558,train/cologne/cologne_000052_000019_leftImg8bit.png,0,849,388,901,505
1559,train/cologne/cologne_000052_000019_leftImg8bit.png,0,975,398,1027,504
1560,train/cologne/cologne_000052_000019_leftImg8bit.png,0,1137,390,1198,515
1561,train/cologne/cologne_000052_000019_leftImg8bit.png,0,1070,397,1130,516
1562,train/cologne/cologne_000052_000019_leftImg8bit.png,1,1286,407,1586,529
1563,train/cologne/cologne_000052_000019_leftImg8bit.png,0,694,390,795,595
1564,train/cologne/cologne_000052_000019_leftImg8bit.png,0,692,396,805,600
1565,train/cologne/cologne_000052_000019_leftImg8bit.png,0,928,383,1029,583
1566,train/cologne/cologne_000052_000019_leftImg8bit.png,0,1278,371,1409,582
1567,train/cologne/cologne_000052_000019_leftImg8bit.png,0,1281,368,1412,583
1568,train/cologne/cologne_000052_000019_leftImg8bit.png,0,1494,312,1584,590
1569,train/cologne/cologne_000052_000019_leftImg8bit.png,1,64,396,587,729
1570,train/cologne/cologne_000052_000019_leftImg8bit.png,0,933,386,1019,596
1571,train/cologne/cologne_000114_000019_leftImg8bit.png,1,704,419,766,471
1572,train/cologne/cologne_000114_000019_leftImg8bit.png,1,475,414,647,525
1573,train/cologne/cologne_000114_000019_leftImg8bit.png,1,1218,411,1294,489
1574,train/cologne/cologne_000114_000019_leftImg8bit.png,1,1550,410,1608,473
1575,train/cologne/cologne_000114_000019_leftImg8bit.png,1,1576,399,1714,506
1576,train/cologne/cologne_000114_000019_leftImg8bit.png,1,1681,404,1799,501
1577,train/cologne/cologne_000114_000019_leftImg8bit.png,1,1481,412,1582,517
1578,train/cologne/cologne_000114_000019_leftImg8bit.png,1,1242,415,1375,520
1579,train/cologne/cologne_000114_000019_leftImg8bit.png,1,1322,409,1539,565
1580,train/cologne/cologne_000114_000019_leftImg8bit.png,1,990,393,1196,572
1581,train/cologne/cologne_000114_000019_leftImg8bit.png,1,1611,373,2044,813
1582,train/cologne/cologne_000114_000019_leftImg8bit.png,4,72,455,128,532
1583,train/cologne/cologne_000084_000019_leftImg8bit.png,1,1267,410,1355,516
1584,train/cologne/cologne_000084_000019_leftImg8bit.png,1,1277,425,1362,543
1585,train/cologne/cologne_000084_000019_leftImg8bit.png,1,1280,428,1359,545
1586,train/cologne/cologne_000084_000019_leftImg8bit.png,1,1305,421,1407,566
1587,train/cologne/cologne_000084_000019_leftImg8bit.png,1,1352,419,1466,594
1588,train/cologne/cologne_000084_000019_leftImg8bit.png,1,899,430,957,487
1589,train/cologne/cologne_000084_000019_leftImg8bit.png,1,812,417,894,491
1590,train/cologne/cologne_000084_000019_leftImg8bit.png,1,795,424,871,501
1591,train/cologne/cologne_000084_000019_leftImg8bit.png,1,761,421,825,506
1592,train/cologne/cologne_000084_000019_leftImg8bit.png,1,622,392,776,518
1593,train/cologne/cologne_000084_000019_leftImg8bit.png,1,533,417,693,534
1594,train/cologne/cologne_000084_000019_leftImg8bit.png,1,450,428,593,550
1595,train/cologne/cologne_000084_000019_leftImg8bit.png,1,258,405,487,580
1596,train/cologne/cologne_000084_000019_leftImg8bit.png,1,-2,406,312,628
1597,train/cologne/cologne_000084_000019_leftImg8bit.png,1,1390,401,1607,641
1598,train/cologne/cologne_000084_000019_leftImg8bit.png,1,1484,337,2043,773
1599,train/cologne/cologne_000038_000019_leftImg8bit.png,1,-2,400,195,578
1600,train/cologne/cologne_000038_000019_leftImg8bit.png,0,59,398,144,586
1601,train/cologne/cologne_000038_000019_leftImg8bit.png,1,1471,367,2007,734
