0,train/dusseldorf/dusseldorf_000046_000019_leftImg8bit.png,1,351,440,461,505
1,train/dusseldorf/dusseldorf_000046_000019_leftImg8bit.png,1,411,423,539,507
2,train/dusseldorf/dusseldorf_000046_000019_leftImg8bit.png,1,147,428,395,544
3,train/dusseldorf/dusseldorf_000046_000019_leftImg8bit.png,1,1076,411,1167,479
4,train/dusseldorf/dusseldorf_000046_000019_leftImg8bit.png,1,845,401,1017,533
5,train/dusseldorf/dusseldorf_000180_000019_leftImg8bit.png,1,725,390,940,517
6,train/dusseldorf/dusseldorf_000180_000019_leftImg8bit.png,1,1338,395,1445,501
7,train/dusseldorf/dusseldorf_000180_000019_leftImg8bit.png,4,1067,418,1156,496
8,train/dusseldorf/dusseldorf_000180_000019_leftImg8bit.png,4,1107,422,1188,496
9,train/dusseldorf/dusseldorf_000180_000019_leftImg8bit.png,1,1341,364,1717,514
10,train/dusseldorf/dusseldorf_000180_000019_leftImg8bit.png,1,1947,391,2048,466
11,train/dusseldorf/dusseldorf_000180_000019_leftImg8bit.png,1,1630,378,2017,544
12,train/dusseldorf/dusseldorf_000111_000019_leftImg8bit.png,0,1179,377,1258,547
13,train/dusseldorf/dusseldorf_000111_000019_leftImg8bit.png,0,1100,361,1153,543
14,train/dusseldorf/dusseldorf_000111_000019_leftImg8bit.png,0,1057,366,1148,550
15,train/dusseldorf/dusseldorf_000111_000019_leftImg8bit.png,1,835,418,923,499
16,train/dusseldorf/dusseldorf_000111_000019_leftImg8bit.png,1,837,422,920,513
17,train/dusseldorf/dusseldorf_000111_000019_leftImg8bit.png,1,738,425,905,528
18,train/dusseldorf/dusseldorf_000111_000019_leftImg8bit.png,1,505,399,778,622
19,train/dusseldorf/dusseldorf_000111_000019_leftImg8bit.png,1,0,271,637,829
20,train/dusseldorf/dusseldorf_000111_000019_leftImg8bit.png,1,0,638,160,1024
21,train/dusseldorf/dusseldorf_000151_000019_leftImg8bit.png,1,345,429,597,577
22,train/dusseldorf/dusseldorf_000151_000019_leftImg8bit.png,1,854,423,957,513
23,train/dusseldorf/dusseldorf_000151_000019_leftImg8bit.png,1,683,400,870,565
24,train/dusseldorf/dusseldorf_000151_000019_leftImg8bit.png,1,960,426,1127,554
25,train/dusseldorf/dusseldorf_000151_000019_leftImg8bit.png,1,1187,421,1301,526
26,train/dusseldorf/dusseldorf_000151_000019_leftImg8bit.png,1,1224,422,1458,581
27,train/dusseldorf/dusseldorf_000151_000019_leftImg8bit.png,4,1833,461,1971,669
28,train/dusseldorf/dusseldorf_000132_000019_leftImg8bit.png,1,131,416,317,518
29,train/dusseldorf/dusseldorf_000132_000019_leftImg8bit.png,1,1125,423,1210,485
30,train/dusseldorf/dusseldorf_000132_000019_leftImg8bit.png,1,1284,413,1525,584
31,train/dusseldorf/dusseldorf_000158_000019_leftImg8bit.png,0,99,350,171,439
32,train/dusseldorf/dusseldorf_000158_000019_leftImg8bit.png,0,490,364,575,445
33,train/dusseldorf/dusseldorf_000158_000019_leftImg8bit.png,1,1436,394,1506,491
34,train/dusseldorf/dusseldorf_000158_000019_leftImg8bit.png,1,1315,397,1441,500
35,train/dusseldorf/dusseldorf_000158_000019_leftImg8bit.png,1,1465,388,1594,515
36,train/dusseldorf/dusseldorf_000158_000019_leftImg8bit.png,1,1548,391,1727,549
37,train/dusseldorf/dusseldorf_000158_000019_leftImg8bit.png,1,1642,378,1897,592
38,train/dusseldorf/dusseldorf_000158_000019_leftImg8bit.png,1,1803,342,2048,691
39,train/dusseldorf/dusseldorf_000158_000019_leftImg8bit.png,1,800,401,990,553
40,train/dusseldorf/dusseldorf_000048_000019_leftImg8bit.png,1,271,393,477,520
41,train/dusseldorf/dusseldorf_000048_000019_leftImg8bit.png,1,0,368,248,551
42,train/dusseldorf/dusseldorf_000048_000019_leftImg8bit.png,1,1029,432,1100,484
43,train/dusseldorf/dusseldorf_000035_000019_leftImg8bit.png,0,1278,379,1330,487
44,train/dusseldorf/dusseldorf_000035_000019_leftImg8bit.png,4,1451,389,1821,666
45,train/dusseldorf/dusseldorf_000035_000019_leftImg8bit.png,1,1005,429,1092,493
46,train/dusseldorf/dusseldorf_000035_000019_leftImg8bit.png,1,793,430,873,486
47,train/dusseldorf/dusseldorf_000035_000019_leftImg8bit.png,1,685,433,770,489
48,train/dusseldorf/dusseldorf_000035_000019_leftImg8bit.png,4,271,448,349,526
49,train/dusseldorf/dusseldorf_000035_000019_leftImg8bit.png,1,1936,557,2047,1023
50,train/dusseldorf/dusseldorf_000122_000019_leftImg8bit.png,0,1935,326,2041,560
51,train/dusseldorf/dusseldorf_000122_000019_leftImg8bit.png,1,1889,521,2048,824
52,train/dusseldorf/dusseldorf_000164_000019_leftImg8bit.png,0,199,402,264,499
53,train/dusseldorf/dusseldorf_000164_000019_leftImg8bit.png,0,440,385,512,545
54,train/dusseldorf/dusseldorf_000164_000019_leftImg8bit.png,1,569,437,911,535
55,train/dusseldorf/dusseldorf_000164_000019_leftImg8bit.png,4,547,461,653,561
56,train/dusseldorf/dusseldorf_000164_000019_leftImg8bit.png,1,984,446,1058,497
57,train/dusseldorf/dusseldorf_000164_000019_leftImg8bit.png,4,1637,429,1726,565
58,train/dusseldorf/dusseldorf_000164_000019_leftImg8bit.png,4,1162,469,1230,588
59,train/dusseldorf/dusseldorf_000077_000019_leftImg8bit.png,1,1212,374,1318,447
60,train/dusseldorf/dusseldorf_000077_000019_leftImg8bit.png,1,1200,408,1266,505
61,train/dusseldorf/dusseldorf_000077_000019_leftImg8bit.png,1,1236,390,1366,520
62,train/dusseldorf/dusseldorf_000077_000019_leftImg8bit.png,1,695,426,751,478
63,train/dusseldorf/dusseldorf_000077_000019_leftImg8bit.png,1,641,427,709,484
64,train/dusseldorf/dusseldorf_000077_000019_leftImg8bit.png,1,596,429,669,490
65,train/dusseldorf/dusseldorf_000077_000019_leftImg8bit.png,1,535,431,621,500
66,train/dusseldorf/dusseldorf_000077_000019_leftImg8bit.png,1,471,428,554,510
67,train/dusseldorf/dusseldorf_000077_000019_leftImg8bit.png,1,353,426,501,521
68,train/dusseldorf/dusseldorf_000077_000019_leftImg8bit.png,0,737,414,788,514
69,train/dusseldorf/dusseldorf_000077_000019_leftImg8bit.png,1,1271,396,1495,557
70,train/dusseldorf/dusseldorf_000077_000019_leftImg8bit.png,1,1453,350,1993,703
71,train/dusseldorf/dusseldorf_000141_000019_leftImg8bit.png,1,830,410,923,494
72,train/dusseldorf/dusseldorf_000141_000019_leftImg8bit.png,4,864,425,967,496
73,train/dusseldorf/dusseldorf_000141_000019_leftImg8bit.png,4,930,420,1032,502
74,train/dusseldorf/dusseldorf_000141_000019_leftImg8bit.png,4,966,411,1073,503
75,train/dusseldorf/dusseldorf_000141_000019_leftImg8bit.png,1,310,423,425,509
76,train/dusseldorf/dusseldorf_000141_000019_leftImg8bit.png,1,163,403,354,529
77,train/dusseldorf/dusseldorf_000141_000019_leftImg8bit.png,1,10,423,258,566
78,train/dusseldorf/dusseldorf_000141_000019_leftImg8bit.png,1,1807,367,2048,496
79,train/dusseldorf/dusseldorf_000126_000019_leftImg8bit.png,1,1137,420,1202,479
80,train/dusseldorf/dusseldorf_000126_000019_leftImg8bit.png,1,1147,419,1261,486
81,train/dusseldorf/dusseldorf_000126_000019_leftImg8bit.png,1,1230,402,1394,502
82,train/dusseldorf/dusseldorf_000126_000019_leftImg8bit.png,1,1276,406,1448,490
83,train/dusseldorf/dusseldorf_000126_000019_leftImg8bit.png,1,1266,420,1439,528
84,train/dusseldorf/dusseldorf_000126_000019_leftImg8bit.png,1,1289,434,1440,553
85,train/dusseldorf/dusseldorf_000126_000019_leftImg8bit.png,1,1395,394,1574,537
86,train/dusseldorf/dusseldorf_000126_000019_leftImg8bit.png,1,1388,380,1665,583
87,train/dusseldorf/dusseldorf_000126_000019_leftImg8bit.png,1,1468,390,1660,604
88,train/dusseldorf/dusseldorf_000126_000019_leftImg8bit.png,1,1557,354,2048,652
89,train/dusseldorf/dusseldorf_000126_000019_leftImg8bit.png,1,1727,416,2048,704
90,train/dusseldorf/dusseldorf_000126_000019_leftImg8bit.png,1,1831,415,2048,756
91,train/dusseldorf/dusseldorf_000126_000019_leftImg8bit.png,1,798,419,865,474
92,train/dusseldorf/dusseldorf_000126_000019_leftImg8bit.png,1,444,387,581,489
93,train/dusseldorf/dusseldorf_000126_000019_leftImg8bit.png,1,461,406,537,491
94,train/dusseldorf/dusseldorf_000126_000019_leftImg8bit.png,0,412,375,470,513
95,train/dusseldorf/dusseldorf_000126_000019_leftImg8bit.png,1,0,402,364,510
96,train/dusseldorf/dusseldorf_000060_000019_leftImg8bit.png,0,0,400,52,525
97,train/dusseldorf/dusseldorf_000060_000019_leftImg8bit.png,0,187,413,238,527
98,train/dusseldorf/dusseldorf_000060_000019_leftImg8bit.png,1,801,436,876,487
99,train/dusseldorf/dusseldorf_000060_000019_leftImg8bit.png,1,769,439,852,494
100,train/dusseldorf/dusseldorf_000060_000019_leftImg8bit.png,1,687,443,827,494
101,train/dusseldorf/dusseldorf_000060_000019_leftImg8bit.png,1,1065,429,1183,499
102,train/dusseldorf/dusseldorf_000060_000019_leftImg8bit.png,1,1118,428,1241,492
103,train/dusseldorf/dusseldorf_000145_000019_leftImg8bit.png,1,1611,413,1688,489
104,train/dusseldorf/dusseldorf_000145_000019_leftImg8bit.png,1,1434,418,1620,540
105,train/dusseldorf/dusseldorf_000145_000019_leftImg8bit.png,1,1626,404,1993,607
106,train/dusseldorf/dusseldorf_000145_000019_leftImg8bit.png,1,1249,408,1423,561
107,train/dusseldorf/dusseldorf_000145_000019_leftImg8bit.png,4,561,439,624,493
108,train/dusseldorf/dusseldorf_000145_000019_leftImg8bit.png,1,364,427,511,532
109,train/dusseldorf/dusseldorf_000145_000019_leftImg8bit.png,1,950,421,1097,532
110,train/dusseldorf/dusseldorf_000004_000019_leftImg8bit.png,1,990,411,1144,532
111,train/dusseldorf/dusseldorf_000004_000019_leftImg8bit.png,1,1243,392,1321,553
112,train/dusseldorf/dusseldorf_000004_000019_leftImg8bit.png,1,1268,335,1583,591
113,train/dusseldorf/dusseldorf_000004_000019_leftImg8bit.png,1,1577,278,2048,954
114,train/dusseldorf/dusseldorf_000004_000019_leftImg8bit.png,1,180,415,433,598
115,train/dusseldorf/dusseldorf_000004_000019_leftImg8bit.png,1,0,353,267,663
116,train/dusseldorf/dusseldorf_000198_000019_leftImg8bit.png,1,9,393,323,499
117,train/dusseldorf/dusseldorf_000198_000019_leftImg8bit.png,1,356,340,711,490
118,train/dusseldorf/dusseldorf_000198_000019_leftImg8bit.png,1,719,394,926,484
119,train/dusseldorf/dusseldorf_000198_000019_leftImg8bit.png,1,934,386,1150,479
120,train/dusseldorf/dusseldorf_000198_000019_leftImg8bit.png,1,1336,398,1473,467
121,train/dusseldorf/dusseldorf_000198_000019_leftImg8bit.png,1,1148,394,1351,471
122,train/dusseldorf/dusseldorf_000198_000019_leftImg8bit.png,1,1546,402,1691,464
123,train/dusseldorf/dusseldorf_000198_000019_leftImg8bit.png,4,1680,418,1781,574
124,train/dusseldorf/dusseldorf_000093_000019_leftImg8bit.png,0,1471,379,1522,462
125,train/dusseldorf/dusseldorf_000093_000019_leftImg8bit.png,4,1541,431,1601,501
126,train/dusseldorf/dusseldorf_000093_000019_leftImg8bit.png,0,1797,368,1883,562
127,train/dusseldorf/dusseldorf_000093_000019_leftImg8bit.png,1,1310,411,1528,561
128,train/dusseldorf/dusseldorf_000031_000019_leftImg8bit.png,1,0,390,148,520
129,train/dusseldorf/dusseldorf_000031_000019_leftImg8bit.png,1,233,422,419,503
130,train/dusseldorf/dusseldorf_000031_000019_leftImg8bit.png,1,1390,406,1505,509
131,train/dusseldorf/dusseldorf_000031_000019_leftImg8bit.png,1,1434,404,1597,529
132,train/dusseldorf/dusseldorf_000031_000019_leftImg8bit.png,1,1516,390,1688,558
133,train/dusseldorf/dusseldorf_000031_000019_leftImg8bit.png,1,1627,381,1954,572
134,train/dusseldorf/dusseldorf_000031_000019_leftImg8bit.png,1,1808,462,1930,593
135,train/dusseldorf/dusseldorf_000031_000019_leftImg8bit.png,1,1113,412,1225,499
136,train/dusseldorf/dusseldorf_000097_000019_leftImg8bit.png,1,743,408,893,473
137,train/dusseldorf/dusseldorf_000013_000019_leftImg8bit.png,1,640,455,728,513
138,train/dusseldorf/dusseldorf_000013_000019_leftImg8bit.png,0,233,422,290,566
139,train/dusseldorf/dusseldorf_000013_000019_leftImg8bit.png,1,1153,428,1235,485
140,train/dusseldorf/dusseldorf_000013_000019_leftImg8bit.png,1,1166,443,1248,523
141,train/dusseldorf/dusseldorf_000013_000019_leftImg8bit.png,1,1196,441,1266,532
142,train/dusseldorf/dusseldorf_000013_000019_leftImg8bit.png,1,1214,438,1304,552
143,train/dusseldorf/dusseldorf_000013_000019_leftImg8bit.png,1,1251,431,1455,580
144,train/dusseldorf/dusseldorf_000013_000019_leftImg8bit.png,4,1512,425,1646,555
145,train/dusseldorf/dusseldorf_000013_000019_leftImg8bit.png,4,1488,453,1622,626
146,train/dusseldorf/dusseldorf_000013_000019_leftImg8bit.png,1,917,445,1026,528
147,train/dusseldorf/dusseldorf_000175_000019_leftImg8bit.png,1,1051,397,1295,616
148,train/dusseldorf/dusseldorf_000175_000019_leftImg8bit.png,1,1320,441,1432,531
149,train/dusseldorf/dusseldorf_000175_000019_leftImg8bit.png,4,1958,529,2048,657
150,train/dusseldorf/dusseldorf_000207_000019_leftImg8bit.png,1,0,462,238,589
151,train/dusseldorf/dusseldorf_000207_000019_leftImg8bit.png,1,491,394,716,512
152,train/dusseldorf/dusseldorf_000207_000019_leftImg8bit.png,4,608,452,665,512
153,train/dusseldorf/dusseldorf_000207_000019_leftImg8bit.png,1,493,451,643,527
154,train/dusseldorf/dusseldorf_000207_000019_leftImg8bit.png,1,324,450,550,536
155,train/dusseldorf/dusseldorf_000207_000019_leftImg8bit.png,1,857,429,936,501
156,train/dusseldorf/dusseldorf_000207_000019_leftImg8bit.png,1,1356,416,1482,547
157,train/dusseldorf/dusseldorf_000207_000019_leftImg8bit.png,1,1441,407,1528,534
158,train/dusseldorf/dusseldorf_000207_000019_leftImg8bit.png,4,1398,464,1536,574
159,train/dusseldorf/dusseldorf_000207_000019_leftImg8bit.png,1,1490,317,2048,607
160,train/dusseldorf/dusseldorf_000207_000019_leftImg8bit.png,1,1650,378,2047,599
161,train/dusseldorf/dusseldorf_000207_000019_leftImg8bit.png,1,942,419,1169,597
162,train/dusseldorf/dusseldorf_000054_000019_leftImg8bit.png,1,1126,391,1209,444
163,train/dusseldorf/dusseldorf_000054_000019_leftImg8bit.png,1,1016,419,1095,481
164,train/dusseldorf/dusseldorf_000054_000019_leftImg8bit.png,1,1153,402,1249,498
165,train/dusseldorf/dusseldorf_000054_000019_leftImg8bit.png,1,1170,410,1253,508
166,train/dusseldorf/dusseldorf_000054_000019_leftImg8bit.png,1,1213,400,1330,536
167,train/dusseldorf/dusseldorf_000054_000019_leftImg8bit.png,1,1266,395,1400,566
168,train/dusseldorf/dusseldorf_000054_000019_leftImg8bit.png,1,1292,389,1577,609
169,train/dusseldorf/dusseldorf_000054_000019_leftImg8bit.png,1,1517,319,2000,763
170,train/dusseldorf/dusseldorf_000054_000019_leftImg8bit.png,1,1699,336,2048,905
171,train/dusseldorf/dusseldorf_000081_000019_leftImg8bit.png,1,674,418,736,475
172,train/dusseldorf/dusseldorf_000081_000019_leftImg8bit.png,1,624,420,692,484
173,train/dusseldorf/dusseldorf_000081_000019_leftImg8bit.png,1,571,426,647,498
174,train/dusseldorf/dusseldorf_000081_000019_leftImg8bit.png,1,1161,415,1237,478
175,train/dusseldorf/dusseldorf_000081_000019_leftImg8bit.png,1,1189,416,1256,482
176,train/dusseldorf/dusseldorf_000081_000019_leftImg8bit.png,1,1350,343,1793,671
177,train/dusseldorf/dusseldorf_000009_000019_leftImg8bit.png,1,706,426,768,477
178,train/dusseldorf/dusseldorf_000009_000019_leftImg8bit.png,1,626,446,678,497
179,train/dusseldorf/dusseldorf_000009_000019_leftImg8bit.png,1,597,448,672,505
180,train/dusseldorf/dusseldorf_000009_000019_leftImg8bit.png,1,470,387,634,517
181,train/dusseldorf/dusseldorf_000009_000019_leftImg8bit.png,1,423,443,531,529
182,train/dusseldorf/dusseldorf_000009_000019_leftImg8bit.png,1,381,442,457,533
183,train/dusseldorf/dusseldorf_000009_000019_leftImg8bit.png,1,172,408,418,578
184,train/dusseldorf/dusseldorf_000009_000019_leftImg8bit.png,1,0,449,130,598
185,train/dusseldorf/dusseldorf_000009_000019_leftImg8bit.png,1,1068,430,1151,482
186,train/dusseldorf/dusseldorf_000009_000019_leftImg8bit.png,1,1136,422,1194,478
187,train/dusseldorf/dusseldorf_000009_000019_leftImg8bit.png,1,1160,424,1250,505
188,train/dusseldorf/dusseldorf_000009_000019_leftImg8bit.png,1,1204,415,1305,522
189,train/dusseldorf/dusseldorf_000009_000019_leftImg8bit.png,1,1252,408,1490,584
190,train/dusseldorf/dusseldorf_000009_000019_leftImg8bit.png,1,1677,340,2048,924
191,train/dusseldorf/dusseldorf_000148_000019_leftImg8bit.png,1,851,371,1448,590
192,train/dusseldorf/dusseldorf_000084_000019_leftImg8bit.png,1,1264,424,1364,500
193,train/dusseldorf/dusseldorf_000084_000019_leftImg8bit.png,1,529,426,617,492
194,train/dusseldorf/dusseldorf_000084_000019_leftImg8bit.png,0,512,371,564,549
195,train/dusseldorf/dusseldorf_000084_000019_leftImg8bit.png,1,776,394,1001,536
196,train/dusseldorf/dusseldorf_000084_000019_leftImg8bit.png,1,1365,385,1494,514
197,train/dusseldorf/dusseldorf_000084_000019_leftImg8bit.png,1,1017,400,1284,618
198,train/dusseldorf/dusseldorf_000084_000019_leftImg8bit.png,1,1375,400,1611,581
199,train/dusseldorf/dusseldorf_000017_000019_leftImg8bit.png,1,1169,414,1235,466
200,train/dusseldorf/dusseldorf_000017_000019_leftImg8bit.png,1,1338,422,1412,521
201,train/dusseldorf/dusseldorf_000017_000019_leftImg8bit.png,1,1353,420,1418,526
202,train/dusseldorf/dusseldorf_000017_000019_leftImg8bit.png,1,1373,408,1560,564
203,train/dusseldorf/dusseldorf_000017_000019_leftImg8bit.png,1,1843,452,2048,941
204,train/dusseldorf/dusseldorf_000017_000019_leftImg8bit.png,1,685,433,865,569
205,train/dusseldorf/dusseldorf_000017_000019_leftImg8bit.png,1,426,407,769,611
206,train/dusseldorf/dusseldorf_000017_000019_leftImg8bit.png,1,948,410,1171,574
207,train/dusseldorf/dusseldorf_000017_000019_leftImg8bit.png,1,0,413,247,659
208,train/dusseldorf/dusseldorf_000056_000019_leftImg8bit.png,1,682,440,819,499
209,train/dusseldorf/dusseldorf_000056_000019_leftImg8bit.png,1,1847,382,1997,437
210,train/dusseldorf/dusseldorf_000056_000019_leftImg8bit.png,1,1066,428,1133,486
211,train/dusseldorf/dusseldorf_000056_000019_leftImg8bit.png,1,1121,421,1203,500
212,train/dusseldorf/dusseldorf_000056_000019_leftImg8bit.png,1,986,427,1085,501
213,train/dusseldorf/dusseldorf_000056_000019_leftImg8bit.png,1,1319,404,1435,508
214,train/dusseldorf/dusseldorf_000056_000019_leftImg8bit.png,1,1168,420,1348,548
215,train/dusseldorf/dusseldorf_000056_000019_leftImg8bit.png,1,1595,277,2048,620
216,train/dusseldorf/dusseldorf_000056_000019_leftImg8bit.png,2,1595,277,2048,620
217,train/dusseldorf/dusseldorf_000056_000019_leftImg8bit.png,1,1346,366,1822,685
218,train/dusseldorf/dusseldorf_000173_000019_leftImg8bit.png,1,297,451,375,525
219,train/dusseldorf/dusseldorf_000173_000019_leftImg8bit.png,1,296,462,394,529
220,train/dusseldorf/dusseldorf_000173_000019_leftImg8bit.png,1,475,445,574,516
221,train/dusseldorf/dusseldorf_000173_000019_leftImg8bit.png,1,988,432,1073,508
222,train/dusseldorf/dusseldorf_000173_000019_leftImg8bit.png,1,1031,428,1156,515
223,train/dusseldorf/dusseldorf_000173_000019_leftImg8bit.png,1,1096,422,1214,520
224,train/dusseldorf/dusseldorf_000173_000019_leftImg8bit.png,2,725,350,911,506
225,train/dusseldorf/dusseldorf_000173_000019_leftImg8bit.png,1,1176,419,1353,537
226,train/dusseldorf/dusseldorf_000173_000019_leftImg8bit.png,1,1343,374,1635,633
227,train/dusseldorf/dusseldorf_000173_000019_leftImg8bit.png,1,1427,365,1970,763
228,train/dusseldorf/dusseldorf_000173_000019_leftImg8bit.png,1,1715,335,2048,935
229,train/dusseldorf/dusseldorf_000161_000019_leftImg8bit.png,1,871,421,960,499
230,train/dusseldorf/dusseldorf_000161_000019_leftImg8bit.png,1,777,425,899,532
231,train/dusseldorf/dusseldorf_000161_000019_leftImg8bit.png,4,544,450,597,529
232,train/dusseldorf/dusseldorf_000161_000019_leftImg8bit.png,1,322,420,583,637
233,train/dusseldorf/dusseldorf_000161_000019_leftImg8bit.png,1,33,403,388,709
234,train/dusseldorf/dusseldorf_000161_000019_leftImg8bit.png,1,0,402,149,780
235,train/dusseldorf/dusseldorf_000161_000019_leftImg8bit.png,1,623,422,794,561
236,train/dusseldorf/dusseldorf_000161_000019_leftImg8bit.png,1,1220,436,1292,517
237,train/dusseldorf/dusseldorf_000161_000019_leftImg8bit.png,1,1254,435,1324,542
238,train/dusseldorf/dusseldorf_000161_000019_leftImg8bit.png,1,1285,384,1480,561
239,train/dusseldorf/dusseldorf_000161_000019_leftImg8bit.png,1,1394,422,1680,622
240,train/dusseldorf/dusseldorf_000161_000019_leftImg8bit.png,1,1584,382,2048,795
241,train/dusseldorf/dusseldorf_000161_000019_leftImg8bit.png,1,1980,571,2048,943
242,train/dusseldorf/dusseldorf_000011_000019_leftImg8bit.png,1,293,409,771,707
243,train/dusseldorf/dusseldorf_000011_000019_leftImg8bit.png,1,903,411,1203,649
244,train/dusseldorf/dusseldorf_000011_000019_leftImg8bit.png,1,1400,270,2048,816
245,train/dusseldorf/dusseldorf_000195_000019_leftImg8bit.png,1,1076,393,1181,481
246,train/dusseldorf/dusseldorf_000195_000019_leftImg8bit.png,1,1278,401,1400,514
247,train/dusseldorf/dusseldorf_000195_000019_leftImg8bit.png,1,1314,398,1473,534
248,train/dusseldorf/dusseldorf_000195_000019_leftImg8bit.png,1,1394,401,1601,567
249,train/dusseldorf/dusseldorf_000195_000019_leftImg8bit.png,1,1528,383,1830,613
250,train/dusseldorf/dusseldorf_000195_000019_leftImg8bit.png,1,1716,376,2048,705
251,train/dusseldorf/dusseldorf_000195_000019_leftImg8bit.png,4,0,447,117,654
252,train/dusseldorf/dusseldorf_000195_000019_leftImg8bit.png,5,511,426,617,527
253,train/dusseldorf/dusseldorf_000204_000019_leftImg8bit.png,1,1538,435,1801,552
254,train/dusseldorf/dusseldorf_000204_000019_leftImg8bit.png,4,1513,465,1579,551
255,train/dusseldorf/dusseldorf_000204_000019_leftImg8bit.png,1,1918,478,2048,595
256,train/dusseldorf/dusseldorf_000204_000019_leftImg8bit.png,1,987,449,1074,517
257,train/dusseldorf/dusseldorf_000204_000019_leftImg8bit.png,1,428,463,595,524
258,train/dusseldorf/dusseldorf_000204_000019_leftImg8bit.png,1,554,426,844,628
259,train/dusseldorf/dusseldorf_000204_000019_leftImg8bit.png,1,0,567,171,1008
260,train/dusseldorf/dusseldorf_000204_000019_leftImg8bit.png,4,1134,475,1239,533
261,train/dusseldorf/dusseldorf_000155_000019_leftImg8bit.png,4,1518,440,1599,564
262,train/dusseldorf/dusseldorf_000155_000019_leftImg8bit.png,0,1514,352,1604,549
263,train/dusseldorf/dusseldorf_000188_000019_leftImg8bit.png,1,1262,414,1380,484
264,train/dusseldorf/dusseldorf_000188_000019_leftImg8bit.png,1,1312,420,1403,496
265,train/dusseldorf/dusseldorf_000188_000019_leftImg8bit.png,1,1348,417,1416,504
266,train/dusseldorf/dusseldorf_000188_000019_leftImg8bit.png,1,1376,413,1457,528
267,train/dusseldorf/dusseldorf_000188_000019_leftImg8bit.png,1,1403,406,1529,545
268,train/dusseldorf/dusseldorf_000188_000019_leftImg8bit.png,1,1462,293,1839,609
269,train/dusseldorf/dusseldorf_000188_000019_leftImg8bit.png,1,1619,330,2048,730
270,train/dusseldorf/dusseldorf_000188_000019_leftImg8bit.png,1,1961,511,2048,798
271,train/dusseldorf/dusseldorf_000188_000019_leftImg8bit.png,1,932,423,1010,505
272,train/dusseldorf/dusseldorf_000188_000019_leftImg8bit.png,1,877,424,966,518
273,train/dusseldorf/dusseldorf_000188_000019_leftImg8bit.png,1,814,420,910,535
274,train/dusseldorf/dusseldorf_000188_000019_leftImg8bit.png,1,670,382,844,559
275,train/dusseldorf/dusseldorf_000188_000019_leftImg8bit.png,1,519,414,732,613
276,train/dusseldorf/dusseldorf_000188_000019_leftImg8bit.png,1,60,394,594,709
277,train/dusseldorf/dusseldorf_000061_000019_leftImg8bit.png,1,732,438,937,536
278,train/dusseldorf/dusseldorf_000061_000019_leftImg8bit.png,1,739,461,870,550
279,train/dusseldorf/dusseldorf_000061_000019_leftImg8bit.png,1,763,467,823,564
280,train/dusseldorf/dusseldorf_000061_000019_leftImg8bit.png,1,735,463,802,574
281,train/dusseldorf/dusseldorf_000061_000019_leftImg8bit.png,1,577,446,772,580
282,train/dusseldorf/dusseldorf_000061_000019_leftImg8bit.png,1,473,452,717,598
283,train/dusseldorf/dusseldorf_000061_000019_leftImg8bit.png,1,204,460,614,624
284,train/dusseldorf/dusseldorf_000061_000019_leftImg8bit.png,1,1211,446,1290,539
285,train/dusseldorf/dusseldorf_000061_000019_leftImg8bit.png,1,1243,445,1324,553
286,train/dusseldorf/dusseldorf_000061_000019_leftImg8bit.png,1,1335,443,1386,521
287,train/dusseldorf/dusseldorf_000061_000019_leftImg8bit.png,1,1373,416,1612,591
288,train/dusseldorf/dusseldorf_000061_000019_leftImg8bit.png,1,1540,401,1702,615
289,train/dusseldorf/dusseldorf_000061_000019_leftImg8bit.png,1,1585,367,2048,684
290,train/dusseldorf/dusseldorf_000061_000019_leftImg8bit.png,1,1799,373,2047,864
291,train/dusseldorf/dusseldorf_000187_000019_leftImg8bit.png,1,509,357,648,497
292,train/dusseldorf/dusseldorf_000187_000019_leftImg8bit.png,1,569,402,717,529
293,train/dusseldorf/dusseldorf_000187_000019_leftImg8bit.png,1,430,414,548,537
294,train/dusseldorf/dusseldorf_000187_000019_leftImg8bit.png,1,363,407,482,552
295,train/dusseldorf/dusseldorf_000187_000019_leftImg8bit.png,1,122,362,393,596
296,train/dusseldorf/dusseldorf_000187_000019_leftImg8bit.png,1,0,386,211,646
297,train/dusseldorf/dusseldorf_000187_000019_leftImg8bit.png,1,1077,396,1342,506
298,train/dusseldorf/dusseldorf_000187_000019_leftImg8bit.png,1,1137,427,1287,512
299,train/dusseldorf/dusseldorf_000187_000019_leftImg8bit.png,1,1184,423,1356,519
300,train/dusseldorf/dusseldorf_000187_000019_leftImg8bit.png,1,1204,403,1439,548
301,train/dusseldorf/dusseldorf_000187_000019_leftImg8bit.png,1,1283,389,1647,539
302,train/dusseldorf/dusseldorf_000187_000019_leftImg8bit.png,1,1295,419,1607,551
303,train/dusseldorf/dusseldorf_000187_000019_leftImg8bit.png,1,1325,430,1590,591
304,train/dusseldorf/dusseldorf_000187_000019_leftImg8bit.png,1,1489,495,1580,595
305,train/dusseldorf/dusseldorf_000187_000019_leftImg8bit.png,1,1525,398,1951,654
306,train/dusseldorf/dusseldorf_000187_000019_leftImg8bit.png,1,1723,496,2041,714
307,train/dusseldorf/dusseldorf_000187_000019_leftImg8bit.png,1,1858,314,2048,723
308,train/dusseldorf/dusseldorf_000085_000019_leftImg8bit.png,1,562,337,628,420
309,train/dusseldorf/dusseldorf_000085_000019_leftImg8bit.png,5,1504,332,1713,545
310,train/dusseldorf/dusseldorf_000085_000019_leftImg8bit.png,1,1015,378,1122,461
311,train/dusseldorf/dusseldorf_000085_000019_leftImg8bit.png,1,857,358,1011,492
312,train/dusseldorf/dusseldorf_000027_000019_leftImg8bit.png,1,993,416,1045,467
313,train/dusseldorf/dusseldorf_000027_000019_leftImg8bit.png,1,1057,420,1125,474
314,train/dusseldorf/dusseldorf_000027_000019_leftImg8bit.png,1,1087,421,1160,480
315,train/dusseldorf/dusseldorf_000027_000019_leftImg8bit.png,1,1142,416,1247,486
316,train/dusseldorf/dusseldorf_000075_000019_leftImg8bit.png,1,1010,451,1085,506
317,train/dusseldorf/dusseldorf_000075_000019_leftImg8bit.png,1,0,471,206,598
318,train/dusseldorf/dusseldorf_000075_000019_leftImg8bit.png,1,435,438,626,572
319,train/dusseldorf/dusseldorf_000075_000019_leftImg8bit.png,1,137,439,457,646
320,train/dusseldorf/dusseldorf_000075_000019_leftImg8bit.png,1,1131,434,1192,517
321,train/dusseldorf/dusseldorf_000075_000019_leftImg8bit.png,1,1165,406,1294,541
322,train/dusseldorf/dusseldorf_000075_000019_leftImg8bit.png,1,1193,424,1316,556
323,train/dusseldorf/dusseldorf_000075_000019_leftImg8bit.png,1,1221,423,1407,574
324,train/dusseldorf/dusseldorf_000055_000019_leftImg8bit.png,1,853,426,946,494
325,train/dusseldorf/dusseldorf_000055_000019_leftImg8bit.png,1,1144,389,1209,469
326,train/dusseldorf/dusseldorf_000055_000019_leftImg8bit.png,1,934,402,1188,610
327,train/dusseldorf/dusseldorf_000055_000019_leftImg8bit.png,1,1572,102,2048,1013
328,train/dusseldorf/dusseldorf_000166_000019_leftImg8bit.png,1,236,374,291,450
329,train/dusseldorf/dusseldorf_000166_000019_leftImg8bit.png,1,842,406,946,466
330,train/dusseldorf/dusseldorf_000166_000019_leftImg8bit.png,1,716,392,888,462
331,train/dusseldorf/dusseldorf_000166_000019_leftImg8bit.png,1,725,400,829,477
332,train/dusseldorf/dusseldorf_000166_000019_leftImg8bit.png,1,642,394,792,489
333,train/dusseldorf/dusseldorf_000166_000019_leftImg8bit.png,1,620,398,730,517
334,train/dusseldorf/dusseldorf_000166_000019_leftImg8bit.png,1,387,388,715,523
335,train/dusseldorf/dusseldorf_000166_000019_leftImg8bit.png,5,336,405,545,556
336,train/dusseldorf/dusseldorf_000157_000019_leftImg8bit.png,1,0,367,614,801
337,train/dusseldorf/dusseldorf_000157_000019_leftImg8bit.png,1,961,429,1061,507
338,train/dusseldorf/dusseldorf_000067_000019_leftImg8bit.png,4,237,467,291,550
339,train/dusseldorf/dusseldorf_000067_000019_leftImg8bit.png,4,328,448,395,547
340,train/dusseldorf/dusseldorf_000067_000019_leftImg8bit.png,1,706,443,786,527
341,train/dusseldorf/dusseldorf_000067_000019_leftImg8bit.png,1,606,442,739,536
342,train/dusseldorf/dusseldorf_000067_000019_leftImg8bit.png,1,401,457,635,544
343,train/dusseldorf/dusseldorf_000067_000019_leftImg8bit.png,1,1097,443,1149,507
344,train/dusseldorf/dusseldorf_000067_000019_leftImg8bit.png,1,1123,433,1178,527
345,train/dusseldorf/dusseldorf_000067_000019_leftImg8bit.png,1,1145,422,1295,537
346,train/dusseldorf/dusseldorf_000067_000019_leftImg8bit.png,0,1820,378,1883,499
347,train/dusseldorf/dusseldorf_000067_000019_leftImg8bit.png,1,936,427,1089,555
348,train/dusseldorf/dusseldorf_000189_000019_leftImg8bit.png,1,875,418,949,475
349,train/dusseldorf/dusseldorf_000189_000019_leftImg8bit.png,1,858,426,912,493
350,train/dusseldorf/dusseldorf_000189_000019_leftImg8bit.png,1,781,412,899,499
351,train/dusseldorf/dusseldorf_000189_000019_leftImg8bit.png,1,767,421,853,503
352,train/dusseldorf/dusseldorf_000189_000019_leftImg8bit.png,1,616,401,808,514
353,train/dusseldorf/dusseldorf_000189_000019_leftImg8bit.png,1,631,418,785,522
354,train/dusseldorf/dusseldorf_000189_000019_leftImg8bit.png,1,635,422,740,569
355,train/dusseldorf/dusseldorf_000189_000019_leftImg8bit.png,1,264,382,680,597
356,train/dusseldorf/dusseldorf_000189_000019_leftImg8bit.png,1,16,395,450,695
357,train/dusseldorf/dusseldorf_000189_000019_leftImg8bit.png,1,1207,426,1298,516
358,train/dusseldorf/dusseldorf_000189_000019_leftImg8bit.png,1,1228,428,1341,529
359,train/dusseldorf/dusseldorf_000189_000019_leftImg8bit.png,1,1300,417,1522,567
360,train/dusseldorf/dusseldorf_000189_000019_leftImg8bit.png,1,1356,369,1946,618
361,train/dusseldorf/dusseldorf_000189_000019_leftImg8bit.png,1,1632,394,2048,768
362,train/dusseldorf/dusseldorf_000217_000019_leftImg8bit.png,1,1125,411,1186,474
363,train/dusseldorf/dusseldorf_000217_000019_leftImg8bit.png,1,948,409,1112,539
364,train/dusseldorf/dusseldorf_000217_000019_leftImg8bit.png,1,1158,419,1262,492
365,train/dusseldorf/dusseldorf_000217_000019_leftImg8bit.png,1,1467,378,2048,800
366,train/dusseldorf/dusseldorf_000033_000019_leftImg8bit.png,1,835,422,916,484
367,train/dusseldorf/dusseldorf_000033_000019_leftImg8bit.png,1,824,441,882,497
368,train/dusseldorf/dusseldorf_000033_000019_leftImg8bit.png,1,879,433,985,499
369,train/dusseldorf/dusseldorf_000033_000019_leftImg8bit.png,1,1169,423,1238,505
370,train/dusseldorf/dusseldorf_000033_000019_leftImg8bit.png,1,1178,425,1247,514
371,train/dusseldorf/dusseldorf_000033_000019_leftImg8bit.png,1,1212,410,1322,543
372,train/dusseldorf/dusseldorf_000033_000019_leftImg8bit.png,1,1248,420,1320,563
373,train/dusseldorf/dusseldorf_000033_000019_leftImg8bit.png,1,1277,353,1580,610
374,train/dusseldorf/dusseldorf_000033_000019_leftImg8bit.png,1,1421,379,1885,711
375,train/dusseldorf/dusseldorf_000033_000019_leftImg8bit.png,1,1709,341,2048,912
376,train/dusseldorf/dusseldorf_000033_000019_leftImg8bit.png,1,0,417,206,673
377,train/dusseldorf/dusseldorf_000190_000019_leftImg8bit.png,0,1113,404,1175,591
378,train/dusseldorf/dusseldorf_000190_000019_leftImg8bit.png,1,68,465,218,566
379,train/dusseldorf/dusseldorf_000190_000019_leftImg8bit.png,1,30,477,137,566
380,train/dusseldorf/dusseldorf_000190_000019_leftImg8bit.png,1,372,464,497,588
381,train/dusseldorf/dusseldorf_000190_000019_leftImg8bit.png,1,171,449,443,617
382,train/dusseldorf/dusseldorf_000190_000019_leftImg8bit.png,0,658,476,736,558
383,train/dusseldorf/dusseldorf_000190_000019_leftImg8bit.png,0,1198,431,1260,573
384,train/dusseldorf/dusseldorf_000190_000019_leftImg8bit.png,4,1266,484,1318,572
385,train/dusseldorf/dusseldorf_000190_000019_leftImg8bit.png,5,1299,456,1395,610
386,train/dusseldorf/dusseldorf_000190_000019_leftImg8bit.png,0,1635,460,1700,568
387,train/dusseldorf/dusseldorf_000190_000019_leftImg8bit.png,5,1482,436,1591,609
388,train/dusseldorf/dusseldorf_000190_000019_leftImg8bit.png,0,1688,389,1796,597
389,train/dusseldorf/dusseldorf_000190_000019_leftImg8bit.png,0,1663,374,1789,600
390,train/dusseldorf/dusseldorf_000190_000019_leftImg8bit.png,0,1853,374,1950,596
391,train/dusseldorf/dusseldorf_000116_000019_leftImg8bit.png,4,751,462,804,538
392,train/dusseldorf/dusseldorf_000116_000019_leftImg8bit.png,4,436,458,522,599
393,train/dusseldorf/dusseldorf_000116_000019_leftImg8bit.png,4,339,450,455,623
394,train/dusseldorf/dusseldorf_000116_000019_leftImg8bit.png,4,0,436,55,726
395,train/dusseldorf/dusseldorf_000116_000019_leftImg8bit.png,4,73,454,289,698
396,train/dusseldorf/dusseldorf_000116_000019_leftImg8bit.png,1,1424,333,1618,396
397,train/dusseldorf/dusseldorf_000116_000019_leftImg8bit.png,1,1824,220,2048,452
398,train/dusseldorf/dusseldorf_000116_000019_leftImg8bit.png,1,1220,433,1388,522
399,train/dusseldorf/dusseldorf_000116_000019_leftImg8bit.png,1,1237,416,1444,532
400,train/dusseldorf/dusseldorf_000116_000019_leftImg8bit.png,1,1222,408,1535,555
401,train/dusseldorf/dusseldorf_000116_000019_leftImg8bit.png,1,1228,432,1484,580
402,train/dusseldorf/dusseldorf_000116_000019_leftImg8bit.png,1,1315,429,1508,593
403,train/dusseldorf/dusseldorf_000116_000019_leftImg8bit.png,1,1411,417,1546,577
404,train/dusseldorf/dusseldorf_000116_000019_leftImg8bit.png,1,1462,398,1675,585
405,train/dusseldorf/dusseldorf_000088_000019_leftImg8bit.png,0,1682,356,1741,436
406,train/dusseldorf/dusseldorf_000088_000019_leftImg8bit.png,1,1367,407,2048,643
407,train/dusseldorf/dusseldorf_000021_000019_leftImg8bit.png,1,0,434,163,508
408,train/dusseldorf/dusseldorf_000021_000019_leftImg8bit.png,1,221,434,319,503
409,train/dusseldorf/dusseldorf_000021_000019_leftImg8bit.png,1,323,421,434,494
410,train/dusseldorf/dusseldorf_000018_000019_leftImg8bit.png,1,594,416,698,476
411,train/dusseldorf/dusseldorf_000018_000019_leftImg8bit.png,1,574,427,657,492
412,train/dusseldorf/dusseldorf_000018_000019_leftImg8bit.png,1,569,431,643,500
413,train/dusseldorf/dusseldorf_000018_000019_leftImg8bit.png,1,542,433,627,502
414,train/dusseldorf/dusseldorf_000018_000019_leftImg8bit.png,1,487,429,592,519
415,train/dusseldorf/dusseldorf_000018_000019_leftImg8bit.png,1,186,385,511,543
416,train/dusseldorf/dusseldorf_000018_000019_leftImg8bit.png,1,0,423,436,659
417,train/dusseldorf/dusseldorf_000018_000019_leftImg8bit.png,1,717,420,785,475
418,train/dusseldorf/dusseldorf_000018_000019_leftImg8bit.png,1,1003,395,1101,479
419,train/dusseldorf/dusseldorf_000018_000019_leftImg8bit.png,4,1024,435,1111,486
420,train/dusseldorf/dusseldorf_000018_000019_leftImg8bit.png,4,1097,431,1157,486
421,train/dusseldorf/dusseldorf_000018_000019_leftImg8bit.png,4,1670,422,1855,534
422,train/dusseldorf/dusseldorf_000018_000019_leftImg8bit.png,1,910,417,1035,513
423,train/dusseldorf/dusseldorf_000150_000019_leftImg8bit.png,1,0,431,197,617
424,train/dusseldorf/dusseldorf_000150_000019_leftImg8bit.png,1,640,435,717,503
425,train/dusseldorf/dusseldorf_000150_000019_leftImg8bit.png,1,614,440,681,509
426,train/dusseldorf/dusseldorf_000150_000019_leftImg8bit.png,1,533,438,642,520
427,train/dusseldorf/dusseldorf_000150_000019_leftImg8bit.png,1,425,436,568,532
428,train/dusseldorf/dusseldorf_000150_000019_leftImg8bit.png,1,290,436,480,547
429,train/dusseldorf/dusseldorf_000150_000019_leftImg8bit.png,1,807,439,875,491
430,train/dusseldorf/dusseldorf_000150_000019_leftImg8bit.png,1,877,433,936,495
431,train/dusseldorf/dusseldorf_000150_000019_leftImg8bit.png,1,971,427,1091,516
432,train/dusseldorf/dusseldorf_000150_000019_leftImg8bit.png,1,1218,430,1269,491
433,train/dusseldorf/dusseldorf_000150_000019_leftImg8bit.png,1,1246,425,1322,498
434,train/dusseldorf/dusseldorf_000150_000019_leftImg8bit.png,1,1266,426,1355,504
435,train/dusseldorf/dusseldorf_000150_000019_leftImg8bit.png,1,1318,427,1408,522
436,train/dusseldorf/dusseldorf_000150_000019_leftImg8bit.png,1,1373,419,1508,536
437,train/dusseldorf/dusseldorf_000150_000019_leftImg8bit.png,1,1431,421,1623,550
438,train/dusseldorf/dusseldorf_000071_000019_leftImg8bit.png,4,0,448,93,540
439,train/dusseldorf/dusseldorf_000071_000019_leftImg8bit.png,1,1164,426,1432,521
440,train/dusseldorf/dusseldorf_000071_000019_leftImg8bit.png,1,1853,417,2048,581
441,train/dusseldorf/dusseldorf_000071_000019_leftImg8bit.png,5,1560,487,1727,583
442,train/dusseldorf/dusseldorf_000071_000019_leftImg8bit.png,0,1350,315,1508,694
443,train/dusseldorf/dusseldorf_000071_000019_leftImg8bit.png,0,1576,277,1713,738
444,train/dusseldorf/dusseldorf_000071_000019_leftImg8bit.png,0,1651,244,1910,387
445,train/dusseldorf/dusseldorf_000071_000019_leftImg8bit.png,0,1734,289,1878,767
446,train/dusseldorf/dusseldorf_000071_000019_leftImg8bit.png,0,1651,244,1910,767
447,train/dusseldorf/dusseldorf_000073_000019_leftImg8bit.png,1,729,440,783,499
448,train/dusseldorf/dusseldorf_000073_000019_leftImg8bit.png,1,657,437,753,502
449,train/dusseldorf/dusseldorf_000073_000019_leftImg8bit.png,1,800,415,989,543
450,train/dusseldorf/dusseldorf_000073_000019_leftImg8bit.png,1,1006,399,1264,616
451,train/dusseldorf/dusseldorf_000073_000019_leftImg8bit.png,1,1405,379,1744,660
452,train/dusseldorf/dusseldorf_000073_000019_leftImg8bit.png,1,1585,327,2048,895
453,train/dusseldorf/dusseldorf_000182_000019_leftImg8bit.png,1,866,398,984,503
454,train/dusseldorf/dusseldorf_000182_000019_leftImg8bit.png,1,885,426,960,513
455,train/dusseldorf/dusseldorf_000182_000019_leftImg8bit.png,1,841,424,931,526
456,train/dusseldorf/dusseldorf_000182_000019_leftImg8bit.png,1,788,421,896,542
457,train/dusseldorf/dusseldorf_000182_000019_leftImg8bit.png,1,606,411,841,578
458,train/dusseldorf/dusseldorf_000182_000019_leftImg8bit.png,1,180,410,640,650
459,train/dusseldorf/dusseldorf_000182_000019_leftImg8bit.png,1,0,351,524,803
460,train/dusseldorf/dusseldorf_000182_000019_leftImg8bit.png,1,1191,404,1269,474
461,train/dusseldorf/dusseldorf_000182_000019_leftImg8bit.png,1,1212,419,1277,483
462,train/dusseldorf/dusseldorf_000182_000019_leftImg8bit.png,1,1225,418,1285,485
463,train/dusseldorf/dusseldorf_000182_000019_leftImg8bit.png,1,1274,410,1386,513
464,train/dusseldorf/dusseldorf_000182_000019_leftImg8bit.png,1,1288,413,1371,529
465,train/dusseldorf/dusseldorf_000182_000019_leftImg8bit.png,1,1313,413,1462,552
466,train/dusseldorf/dusseldorf_000182_000019_leftImg8bit.png,1,1387,410,1521,591
467,train/dusseldorf/dusseldorf_000182_000019_leftImg8bit.png,1,1441,399,1709,646
468,train/dusseldorf/dusseldorf_000182_000019_leftImg8bit.png,1,1569,367,2048,797
469,train/dusseldorf/dusseldorf_000182_000019_leftImg8bit.png,1,1975,584,2048,972
470,train/dusseldorf/dusseldorf_000182_000019_leftImg8bit.png,1,1056,391,1114,469
471,train/dusseldorf/dusseldorf_000182_000019_leftImg8bit.png,1,1084,415,1170,492
472,train/dusseldorf/dusseldorf_000202_000019_leftImg8bit.png,1,1181,385,1258,457
473,train/dusseldorf/dusseldorf_000202_000019_leftImg8bit.png,1,615,408,671,463
474,train/dusseldorf/dusseldorf_000202_000019_leftImg8bit.png,1,531,399,643,471
475,train/dusseldorf/dusseldorf_000202_000019_leftImg8bit.png,1,678,385,924,556
476,train/dusseldorf/dusseldorf_000202_000019_leftImg8bit.png,1,423,399,520,473
477,train/dusseldorf/dusseldorf_000202_000019_leftImg8bit.png,1,0,315,585,928
478,train/dusseldorf/dusseldorf_000212_000019_leftImg8bit.png,1,0,286,150,580
479,train/dusseldorf/dusseldorf_000212_000019_leftImg8bit.png,1,66,398,440,621
480,train/dusseldorf/dusseldorf_000212_000019_leftImg8bit.png,1,976,417,1069,476
481,train/dusseldorf/dusseldorf_000212_000019_leftImg8bit.png,1,1066,402,1153,472
482,train/dusseldorf/dusseldorf_000212_000019_leftImg8bit.png,1,1105,414,1169,473
483,train/dusseldorf/dusseldorf_000212_000019_leftImg8bit.png,1,724,408,874,515
484,train/dusseldorf/dusseldorf_000212_000019_leftImg8bit.png,1,1114,403,1186,533
485,train/dusseldorf/dusseldorf_000212_000019_leftImg8bit.png,1,1154,358,1477,548
486,train/dusseldorf/dusseldorf_000212_000019_leftImg8bit.png,1,1210,382,1510,560
487,train/dusseldorf/dusseldorf_000212_000019_leftImg8bit.png,1,1270,389,1469,581
488,train/dusseldorf/dusseldorf_000212_000019_leftImg8bit.png,1,1403,353,1883,633
489,train/dusseldorf/dusseldorf_000212_000019_leftImg8bit.png,1,1526,359,2048,708
490,train/dusseldorf/dusseldorf_000001_000019_leftImg8bit.png,4,575,450,668,503
491,train/dusseldorf/dusseldorf_000001_000019_leftImg8bit.png,1,389,430,514,524
492,train/dusseldorf/dusseldorf_000001_000019_leftImg8bit.png,1,268,422,442,525
493,train/dusseldorf/dusseldorf_000001_000019_leftImg8bit.png,4,325,442,394,545
494,train/dusseldorf/dusseldorf_000001_000019_leftImg8bit.png,1,36,404,356,558
495,train/dusseldorf/dusseldorf_000001_000019_leftImg8bit.png,4,48,488,115,579
496,train/dusseldorf/dusseldorf_000001_000019_leftImg8bit.png,1,730,416,907,558
497,train/dusseldorf/dusseldorf_000001_000019_leftImg8bit.png,1,1126,282,1210,442
498,train/dusseldorf/dusseldorf_000001_000019_leftImg8bit.png,1,1278,397,1449,486
499,train/dusseldorf/dusseldorf_000001_000019_leftImg8bit.png,1,1303,412,1457,488
500,train/dusseldorf/dusseldorf_000001_000019_leftImg8bit.png,4,1325,424,1387,485
501,train/dusseldorf/dusseldorf_000001_000019_leftImg8bit.png,1,1363,409,1467,500
502,train/dusseldorf/dusseldorf_000001_000019_leftImg8bit.png,1,1678,392,1752,463
503,train/dusseldorf/dusseldorf_000001_000019_leftImg8bit.png,1,1694,321,2048,586
504,train/dusseldorf/dusseldorf_000001_000019_leftImg8bit.png,1,1819,387,2048,605
505,train/dusseldorf/dusseldorf_000001_000019_leftImg8bit.png,1,1893,385,2048,643
506,train/dusseldorf/dusseldorf_000001_000019_leftImg8bit.png,1,1384,377,1751,671
507,train/dusseldorf/dusseldorf_000170_000019_leftImg8bit.png,1,806,423,872,487
508,train/dusseldorf/dusseldorf_000170_000019_leftImg8bit.png,1,796,436,863,489
509,train/dusseldorf/dusseldorf_000170_000019_leftImg8bit.png,1,748,434,805,504
510,train/dusseldorf/dusseldorf_000170_000019_leftImg8bit.png,1,719,434,791,518
511,train/dusseldorf/dusseldorf_000170_000019_leftImg8bit.png,1,627,429,740,526
512,train/dusseldorf/dusseldorf_000170_000019_leftImg8bit.png,1,491,435,653,558
513,train/dusseldorf/dusseldorf_000170_000019_leftImg8bit.png,1,311,437,601,594
514,train/dusseldorf/dusseldorf_000170_000019_leftImg8bit.png,1,1127,408,1181,486
515,train/dusseldorf/dusseldorf_000170_000019_leftImg8bit.png,1,1180,414,1268,505
516,train/dusseldorf/dusseldorf_000170_000019_leftImg8bit.png,1,1223,413,1331,490
517,train/dusseldorf/dusseldorf_000170_000019_leftImg8bit.png,1,1247,413,1350,540
518,train/dusseldorf/dusseldorf_000170_000019_leftImg8bit.png,1,1396,397,1541,590
519,train/dusseldorf/dusseldorf_000170_000019_leftImg8bit.png,1,1424,383,1665,619
520,train/dusseldorf/dusseldorf_000170_000019_leftImg8bit.png,1,1515,363,1916,609
521,train/dusseldorf/dusseldorf_000170_000019_leftImg8bit.png,1,1678,307,2048,800
522,train/dusseldorf/dusseldorf_000214_000019_leftImg8bit.png,1,880,391,988,463
523,train/dusseldorf/dusseldorf_000214_000019_leftImg8bit.png,1,708,365,840,492
524,train/dusseldorf/dusseldorf_000214_000019_leftImg8bit.png,1,694,410,802,508
525,train/dusseldorf/dusseldorf_000214_000019_leftImg8bit.png,1,641,413,756,522
526,train/dusseldorf/dusseldorf_000214_000019_leftImg8bit.png,1,369,335,660,567
527,train/dusseldorf/dusseldorf_000214_000019_leftImg8bit.png,1,119,369,478,613
528,train/dusseldorf/dusseldorf_000214_000019_leftImg8bit.png,1,0,297,241,650
529,train/dusseldorf/dusseldorf_000214_000019_leftImg8bit.png,1,811,409,962,521
530,train/dusseldorf/dusseldorf_000214_000019_leftImg8bit.png,1,1318,410,1399,486
531,train/dusseldorf/dusseldorf_000214_000019_leftImg8bit.png,1,1353,411,1426,492
532,train/dusseldorf/dusseldorf_000214_000019_leftImg8bit.png,1,1383,405,1520,504
533,train/dusseldorf/dusseldorf_000214_000019_leftImg8bit.png,4,1491,429,1542,518
534,train/dusseldorf/dusseldorf_000214_000019_leftImg8bit.png,1,1510,396,1716,554
535,train/dusseldorf/dusseldorf_000214_000019_leftImg8bit.png,1,1623,381,1993,599
536,train/dusseldorf/dusseldorf_000214_000019_leftImg8bit.png,1,1055,406,1215,526
537,train/dusseldorf/dusseldorf_000219_000019_leftImg8bit.png,1,523,459,617,522
538,train/dusseldorf/dusseldorf_000219_000019_leftImg8bit.png,1,1147,450,1211,501
539,train/dusseldorf/dusseldorf_000219_000019_leftImg8bit.png,1,992,439,1133,547
540,train/dusseldorf/dusseldorf_000219_000019_leftImg8bit.png,1,1248,414,1434,565
541,train/dusseldorf/dusseldorf_000219_000019_leftImg8bit.png,1,1458,412,2026,733
542,train/dusseldorf/dusseldorf_000219_000019_leftImg8bit.png,1,595,434,771,560
543,train/dusseldorf/dusseldorf_000219_000019_leftImg8bit.png,1,155,401,524,653
544,train/dusseldorf/dusseldorf_000219_000019_leftImg8bit.png,1,0,443,148,718
545,train/dusseldorf/dusseldorf_000123_000019_leftImg8bit.png,1,990,428,1086,499
546,train/dusseldorf/dusseldorf_000123_000019_leftImg8bit.png,1,996,434,1093,508
547,train/dusseldorf/dusseldorf_000123_000019_leftImg8bit.png,0,278,411,340,531
548,train/dusseldorf/dusseldorf_000123_000019_leftImg8bit.png,1,0,350,135,691
549,train/dusseldorf/dusseldorf_000143_000019_leftImg8bit.png,1,1190,462,1262,526
550,train/dusseldorf/dusseldorf_000143_000019_leftImg8bit.png,1,1214,463,1317,539
551,train/dusseldorf/dusseldorf_000143_000019_leftImg8bit.png,5,1592,442,1687,602
552,train/dusseldorf/dusseldorf_000143_000019_leftImg8bit.png,1,1084,460,1170,541
553,train/dusseldorf/dusseldorf_000143_000019_leftImg8bit.png,1,753,467,807,519
554,train/dusseldorf/dusseldorf_000143_000019_leftImg8bit.png,1,699,472,763,526
555,train/dusseldorf/dusseldorf_000143_000019_leftImg8bit.png,1,643,467,714,533
556,train/dusseldorf/dusseldorf_000143_000019_leftImg8bit.png,1,574,471,682,539
557,train/dusseldorf/dusseldorf_000143_000019_leftImg8bit.png,1,850,424,1109,652
558,train/dusseldorf/dusseldorf_000143_000019_leftImg8bit.png,4,393,481,477,561
559,train/dusseldorf/dusseldorf_000143_000019_leftImg8bit.png,1,220,472,412,574
560,train/dusseldorf/dusseldorf_000143_000019_leftImg8bit.png,4,128,492,267,571
561,train/dusseldorf/dusseldorf_000143_000019_leftImg8bit.png,4,48,475,178,580
562,train/dusseldorf/dusseldorf_000039_000019_leftImg8bit.png,3,1149,385,1227,461
563,train/dusseldorf/dusseldorf_000039_000019_leftImg8bit.png,1,307,418,409,494
564,train/dusseldorf/dusseldorf_000178_000019_leftImg8bit.png,1,1506,410,1733,498
565,train/dusseldorf/dusseldorf_000178_000019_leftImg8bit.png,0,1177,373,1230,491
566,train/dusseldorf/dusseldorf_000178_000019_leftImg8bit.png,0,1231,377,1286,492
567,train/dusseldorf/dusseldorf_000178_000019_leftImg8bit.png,1,918,381,989,446
568,train/dusseldorf/dusseldorf_000178_000019_leftImg8bit.png,1,743,366,949,531
569,train/dusseldorf/dusseldorf_000178_000019_leftImg8bit.png,1,361,373,437,425
570,train/dusseldorf/dusseldorf_000178_000019_leftImg8bit.png,1,310,375,389,431
571,train/dusseldorf/dusseldorf_000178_000019_leftImg8bit.png,1,291,383,363,436
572,train/dusseldorf/dusseldorf_000178_000019_leftImg8bit.png,1,256,378,336,440
573,train/dusseldorf/dusseldorf_000178_000019_leftImg8bit.png,1,267,382,319,442
574,train/dusseldorf/dusseldorf_000178_000019_leftImg8bit.png,1,232,384,299,447
575,train/dusseldorf/dusseldorf_000178_000019_leftImg8bit.png,1,121,362,265,448
576,train/dusseldorf/dusseldorf_000178_000019_leftImg8bit.png,1,42,372,221,449
577,train/dusseldorf/dusseldorf_000178_000019_leftImg8bit.png,2,522,340,583,414
578,train/dusseldorf/dusseldorf_000003_000019_leftImg8bit.png,1,427,409,493,464
579,train/dusseldorf/dusseldorf_000003_000019_leftImg8bit.png,1,527,416,626,480
580,train/dusseldorf/dusseldorf_000003_000019_leftImg8bit.png,1,598,398,783,547
581,train/dusseldorf/dusseldorf_000003_000019_leftImg8bit.png,1,933,417,1148,579
582,train/dusseldorf/dusseldorf_000124_000019_leftImg8bit.png,1,1142,425,1202,479
583,train/dusseldorf/dusseldorf_000124_000019_leftImg8bit.png,1,1175,420,1266,501
584,train/dusseldorf/dusseldorf_000124_000019_leftImg8bit.png,1,1197,428,1315,515
585,train/dusseldorf/dusseldorf_000124_000019_leftImg8bit.png,1,1287,419,1430,574
586,train/dusseldorf/dusseldorf_000124_000019_leftImg8bit.png,1,1353,408,1651,613
587,train/dusseldorf/dusseldorf_000058_000019_leftImg8bit.png,1,1148,398,1264,462
588,train/dusseldorf/dusseldorf_000058_000019_leftImg8bit.png,1,1167,404,1292,464
589,train/dusseldorf/dusseldorf_000058_000019_leftImg8bit.png,1,1005,407,1132,509
590,train/dusseldorf/dusseldorf_000058_000019_leftImg8bit.png,1,892,402,953,459
591,train/dusseldorf/dusseldorf_000058_000019_leftImg8bit.png,1,847,403,935,458
592,train/dusseldorf/dusseldorf_000058_000019_leftImg8bit.png,1,859,412,916,471
593,train/dusseldorf/dusseldorf_000058_000019_leftImg8bit.png,1,696,391,881,493
594,train/dusseldorf/dusseldorf_000058_000019_leftImg8bit.png,1,757,417,846,497
595,train/dusseldorf/dusseldorf_000058_000019_leftImg8bit.png,1,675,404,794,500
596,train/dusseldorf/dusseldorf_000058_000019_leftImg8bit.png,1,676,404,773,519
597,train/dusseldorf/dusseldorf_000058_000019_leftImg8bit.png,1,566,397,751,547
598,train/dusseldorf/dusseldorf_000058_000019_leftImg8bit.png,1,562,397,635,558
599,train/dusseldorf/dusseldorf_000058_000019_leftImg8bit.png,1,359,381,629,581
600,train/dusseldorf/dusseldorf_000058_000019_leftImg8bit.png,1,198,370,466,615
601,train/dusseldorf/dusseldorf_000058_000019_leftImg8bit.png,1,0,358,329,656
602,train/dusseldorf/dusseldorf_000058_000019_leftImg8bit.png,1,1256,398,1388,494
603,train/dusseldorf/dusseldorf_000058_000019_leftImg8bit.png,1,1271,410,1366,525
604,train/dusseldorf/dusseldorf_000058_000019_leftImg8bit.png,1,1319,406,1398,539
605,train/dusseldorf/dusseldorf_000058_000019_leftImg8bit.png,1,1350,363,1603,548
606,train/dusseldorf/dusseldorf_000058_000019_leftImg8bit.png,1,1409,367,1732,595
607,train/dusseldorf/dusseldorf_000058_000019_leftImg8bit.png,1,1684,346,2048,624
608,train/dusseldorf/dusseldorf_000058_000019_leftImg8bit.png,1,1788,359,2048,686
609,train/dusseldorf/dusseldorf_000142_000019_leftImg8bit.png,1,716,429,783,481
610,train/dusseldorf/dusseldorf_000142_000019_leftImg8bit.png,1,543,433,638,496
611,train/dusseldorf/dusseldorf_000142_000019_leftImg8bit.png,1,297,422,472,519
612,train/dusseldorf/dusseldorf_000142_000019_leftImg8bit.png,1,125,436,305,536
613,train/dusseldorf/dusseldorf_000076_000019_leftImg8bit.png,1,0,437,116,530
614,train/dusseldorf/dusseldorf_000076_000019_leftImg8bit.png,1,98,417,380,533
615,train/dusseldorf/dusseldorf_000076_000019_leftImg8bit.png,1,536,398,812,505
616,train/dusseldorf/dusseldorf_000076_000019_leftImg8bit.png,1,876,404,1083,485
617,train/dusseldorf/dusseldorf_000076_000019_leftImg8bit.png,1,1098,398,1276,471
618,train/dusseldorf/dusseldorf_000076_000019_leftImg8bit.png,1,1435,389,1563,449
619,train/dusseldorf/dusseldorf_000076_000019_leftImg8bit.png,0,1651,300,1704,499
620,train/dusseldorf/dusseldorf_000176_000019_leftImg8bit.png,1,0,370,301,660
621,train/dusseldorf/dusseldorf_000176_000019_leftImg8bit.png,1,893,413,950,469
622,train/dusseldorf/dusseldorf_000176_000019_leftImg8bit.png,1,798,407,923,502
623,train/dusseldorf/dusseldorf_000176_000019_leftImg8bit.png,1,988,407,1076,480
624,train/dusseldorf/dusseldorf_000176_000019_leftImg8bit.png,0,1423,352,1477,502
625,train/dusseldorf/dusseldorf_000176_000019_leftImg8bit.png,0,1361,347,1414,507
626,train/dusseldorf/dusseldorf_000026_000019_leftImg8bit.png,1,1440,418,1622,504
627,train/dusseldorf/dusseldorf_000026_000019_leftImg8bit.png,0,1598,374,1655,541
628,train/dusseldorf/dusseldorf_000044_000019_leftImg8bit.png,1,1233,450,1294,503
629,train/dusseldorf/dusseldorf_000044_000019_leftImg8bit.png,1,1312,431,1390,558
630,train/dusseldorf/dusseldorf_000044_000019_leftImg8bit.png,1,1329,422,1484,605
631,train/dusseldorf/dusseldorf_000044_000019_leftImg8bit.png,1,1417,324,1800,661
632,train/dusseldorf/dusseldorf_000152_000019_leftImg8bit.png,1,725,426,786,477
633,train/dusseldorf/dusseldorf_000152_000019_leftImg8bit.png,1,765,425,843,481
634,train/dusseldorf/dusseldorf_000152_000019_leftImg8bit.png,1,829,426,914,488
635,train/dusseldorf/dusseldorf_000152_000019_leftImg8bit.png,1,875,426,985,493
636,train/dusseldorf/dusseldorf_000152_000019_leftImg8bit.png,5,987,434,1047,530
637,train/dusseldorf/dusseldorf_000152_000019_leftImg8bit.png,1,1346,387,1838,709
638,train/dusseldorf/dusseldorf_000152_000019_leftImg8bit.png,1,233,406,293,466
639,train/dusseldorf/dusseldorf_000012_000019_leftImg8bit.png,1,860,410,954,479
640,train/dusseldorf/dusseldorf_000012_000019_leftImg8bit.png,1,832,425,892,485
641,train/dusseldorf/dusseldorf_000012_000019_leftImg8bit.png,1,768,426,860,490
642,train/dusseldorf/dusseldorf_000012_000019_leftImg8bit.png,1,1352,378,1425,478
643,train/dusseldorf/dusseldorf_000012_000019_leftImg8bit.png,1,1390,366,1525,505
644,train/dusseldorf/dusseldorf_000012_000019_leftImg8bit.png,1,1692,372,2048,580
645,train/dusseldorf/dusseldorf_000012_000019_leftImg8bit.png,1,1006,410,1146,516
646,train/dusseldorf/dusseldorf_000041_000019_leftImg8bit.png,0,1251,391,1322,541
647,train/dusseldorf/dusseldorf_000041_000019_leftImg8bit.png,5,1514,442,1694,531
648,train/dusseldorf/dusseldorf_000041_000019_leftImg8bit.png,0,1746,394,1823,476
649,train/dusseldorf/dusseldorf_000041_000019_leftImg8bit.png,0,1864,382,1944,486
650,train/dusseldorf/dusseldorf_000041_000019_leftImg8bit.png,2,957,398,1024,476
651,train/dusseldorf/dusseldorf_000125_000019_leftImg8bit.png,1,373,490,454,547
652,train/dusseldorf/dusseldorf_000125_000019_leftImg8bit.png,1,0,489,144,709
653,train/dusseldorf/dusseldorf_000125_000019_leftImg8bit.png,1,1488,458,1689,540
654,train/dusseldorf/dusseldorf_000125_000019_leftImg8bit.png,1,1723,457,1932,530
655,train/dusseldorf/dusseldorf_000125_000019_leftImg8bit.png,0,1686,397,1765,630
656,train/dusseldorf/dusseldorf_000167_000019_leftImg8bit.png,1,389,407,618,494
657,train/dusseldorf/dusseldorf_000167_000019_leftImg8bit.png,1,1041,435,1182,495
658,train/dusseldorf/dusseldorf_000167_000019_leftImg8bit.png,1,923,437,1070,494
659,train/dusseldorf/dusseldorf_000167_000019_leftImg8bit.png,1,779,435,941,496
660,train/dusseldorf/dusseldorf_000167_000019_leftImg8bit.png,1,0,385,514,663
661,train/dusseldorf/dusseldorf_000167_000019_leftImg8bit.png,1,1326,418,1658,584
662,train/dusseldorf/dusseldorf_000167_000019_leftImg8bit.png,1,1516,413,1670,525
663,train/dusseldorf/dusseldorf_000167_000019_leftImg8bit.png,1,1607,400,2048,652
664,train/dusseldorf/dusseldorf_000167_000019_leftImg8bit.png,1,1739,459,2048,678
665,train/dusseldorf/dusseldorf_000115_000019_leftImg8bit.png,3,1432,344,1543,427
666,train/dusseldorf/dusseldorf_000115_000019_leftImg8bit.png,4,1842,408,1958,509
667,train/dusseldorf/dusseldorf_000115_000019_leftImg8bit.png,4,1726,414,1825,525
668,train/dusseldorf/dusseldorf_000115_000019_leftImg8bit.png,1,704,408,830,469
669,train/dusseldorf/dusseldorf_000115_000019_leftImg8bit.png,1,555,410,712,479
670,train/dusseldorf/dusseldorf_000087_000019_leftImg8bit.png,1,1200,434,1271,500
671,train/dusseldorf/dusseldorf_000087_000019_leftImg8bit.png,1,902,415,962,483
672,train/dusseldorf/dusseldorf_000087_000019_leftImg8bit.png,1,864,430,940,490
673,train/dusseldorf/dusseldorf_000087_000019_leftImg8bit.png,1,804,426,856,523
674,train/dusseldorf/dusseldorf_000087_000019_leftImg8bit.png,1,679,397,837,538
675,train/dusseldorf/dusseldorf_000087_000019_leftImg8bit.png,1,577,419,780,556
676,train/dusseldorf/dusseldorf_000087_000019_leftImg8bit.png,1,1117,429,1212,507
677,train/dusseldorf/dusseldorf_000087_000019_leftImg8bit.png,1,1245,411,1381,527
678,train/dusseldorf/dusseldorf_000087_000019_leftImg8bit.png,1,1338,421,1474,558
679,train/dusseldorf/dusseldorf_000087_000019_leftImg8bit.png,1,1423,416,1663,607
680,train/dusseldorf/dusseldorf_000087_000019_leftImg8bit.png,1,1545,409,2015,692
681,train/dusseldorf/dusseldorf_000087_000019_leftImg8bit.png,1,1924,549,2048,816
682,train/dusseldorf/dusseldorf_000087_000019_leftImg8bit.png,4,349,440,491,635
683,train/dusseldorf/dusseldorf_000168_000019_leftImg8bit.png,1,458,433,579,508
684,train/dusseldorf/dusseldorf_000168_000019_leftImg8bit.png,1,472,443,590,506
685,train/dusseldorf/dusseldorf_000168_000019_leftImg8bit.png,1,388,442,514,526
686,train/dusseldorf/dusseldorf_000168_000019_leftImg8bit.png,1,375,446,449,534
687,train/dusseldorf/dusseldorf_000168_000019_leftImg8bit.png,1,216,417,397,542
688,train/dusseldorf/dusseldorf_000168_000019_leftImg8bit.png,1,279,443,364,553
689,train/dusseldorf/dusseldorf_000168_000019_leftImg8bit.png,1,19,423,324,553
690,train/dusseldorf/dusseldorf_000168_000019_leftImg8bit.png,1,0,451,71,598
691,train/dusseldorf/dusseldorf_000168_000019_leftImg8bit.png,1,1241,356,1566,524
692,train/dusseldorf/dusseldorf_000168_000019_leftImg8bit.png,1,1305,418,1445,526
693,train/dusseldorf/dusseldorf_000168_000019_leftImg8bit.png,1,1367,413,1480,531
694,train/dusseldorf/dusseldorf_000168_000019_leftImg8bit.png,1,1384,420,1486,531
695,train/dusseldorf/dusseldorf_000168_000019_leftImg8bit.png,1,1496,405,1668,558
696,train/dusseldorf/dusseldorf_000168_000019_leftImg8bit.png,1,1516,406,1720,582
697,train/dusseldorf/dusseldorf_000168_000019_leftImg8bit.png,1,1643,390,1886,603
698,train/dusseldorf/dusseldorf_000168_000019_leftImg8bit.png,1,1720,382,2048,653
699,train/dusseldorf/dusseldorf_000049_000019_leftImg8bit.png,1,1279,398,1503,610
700,train/dusseldorf/dusseldorf_000049_000019_leftImg8bit.png,1,1410,318,1980,719
701,train/dusseldorf/dusseldorf_000049_000019_leftImg8bit.png,1,1681,327,2048,870
702,train/dusseldorf/dusseldorf_000049_000019_leftImg8bit.png,1,0,403,63,496
703,train/dusseldorf/dusseldorf_000049_000019_leftImg8bit.png,1,271,394,442,491
704,train/dusseldorf/dusseldorf_000049_000019_leftImg8bit.png,1,20,385,286,521
705,train/dusseldorf/dusseldorf_000118_000019_leftImg8bit.png,1,1008,428,1116,493
706,train/dusseldorf/dusseldorf_000118_000019_leftImg8bit.png,1,1096,422,1225,500
707,train/dusseldorf/dusseldorf_000118_000019_leftImg8bit.png,1,1232,402,1356,510
708,train/dusseldorf/dusseldorf_000118_000019_leftImg8bit.png,1,803,431,911,495
709,train/dusseldorf/dusseldorf_000118_000019_leftImg8bit.png,0,1396,392,1484,535
710,train/dusseldorf/dusseldorf_000118_000019_leftImg8bit.png,1,1609,336,2048,807
711,train/dusseldorf/dusseldorf_000185_000019_leftImg8bit.png,1,0,465,92,579
712,train/dusseldorf/dusseldorf_000185_000019_leftImg8bit.png,1,129,464,371,569
713,train/dusseldorf/dusseldorf_000185_000019_leftImg8bit.png,4,762,462,850,523
714,train/dusseldorf/dusseldorf_000185_000019_leftImg8bit.png,1,1320,397,1622,538
715,train/dusseldorf/dusseldorf_000185_000019_leftImg8bit.png,0,1183,268,1410,699
716,train/dusseldorf/dusseldorf_000185_000019_leftImg8bit.png,1,1536,336,2031,663
717,train/dusseldorf/dusseldorf_000014_000019_leftImg8bit.png,1,1134,436,1197,487
718,train/dusseldorf/dusseldorf_000014_000019_leftImg8bit.png,1,1075,436,1148,491
719,train/dusseldorf/dusseldorf_000014_000019_leftImg8bit.png,1,1029,429,1094,497
720,train/dusseldorf/dusseldorf_000014_000019_leftImg8bit.png,1,867,431,962,502
721,train/dusseldorf/dusseldorf_000014_000019_leftImg8bit.png,1,911,423,1059,517
722,train/dusseldorf/dusseldorf_000014_000019_leftImg8bit.png,1,746,429,865,484
723,train/dusseldorf/dusseldorf_000014_000019_leftImg8bit.png,1,673,436,867,538
724,train/dusseldorf/dusseldorf_000014_000019_leftImg8bit.png,1,260,422,655,560
725,train/dusseldorf/dusseldorf_000014_000019_leftImg8bit.png,1,1526,429,1583,489
726,train/dusseldorf/dusseldorf_000014_000019_leftImg8bit.png,1,1575,425,1702,515
727,train/dusseldorf/dusseldorf_000014_000019_leftImg8bit.png,4,1656,439,1738,521
728,train/dusseldorf/dusseldorf_000014_000019_leftImg8bit.png,4,1588,444,1646,540
729,train/dusseldorf/dusseldorf_000014_000019_leftImg8bit.png,1,1814,418,2048,588
730,train/dusseldorf/dusseldorf_000014_000019_leftImg8bit.png,1,1320,431,1415,496
731,train/dusseldorf/dusseldorf_000014_000019_leftImg8bit.png,1,1422,421,1568,537
732,train/dusseldorf/dusseldorf_000203_000019_leftImg8bit.png,1,883,397,951,455
733,train/dusseldorf/dusseldorf_000203_000019_leftImg8bit.png,1,912,410,1040,502
734,train/dusseldorf/dusseldorf_000203_000019_leftImg8bit.png,1,1028,403,1216,544
735,train/dusseldorf/dusseldorf_000203_000019_leftImg8bit.png,3,1206,350,1403,424
736,train/dusseldorf/dusseldorf_000203_000019_leftImg8bit.png,1,1318,410,1501,542
737,train/dusseldorf/dusseldorf_000203_000019_leftImg8bit.png,1,160,418,239,471
738,train/dusseldorf/dusseldorf_000203_000019_leftImg8bit.png,1,0,426,123,584
739,train/dusseldorf/dusseldorf_000203_000019_leftImg8bit.png,1,185,416,345,494
740,train/dusseldorf/dusseldorf_000129_000019_leftImg8bit.png,1,1114,426,1256,509
741,train/dusseldorf/dusseldorf_000129_000019_leftImg8bit.png,1,1372,410,1551,473
742,train/dusseldorf/dusseldorf_000070_000019_leftImg8bit.png,1,898,424,955,484
743,train/dusseldorf/dusseldorf_000070_000019_leftImg8bit.png,1,887,433,946,487
744,train/dusseldorf/dusseldorf_000070_000019_leftImg8bit.png,1,816,406,887,510
745,train/dusseldorf/dusseldorf_000070_000019_leftImg8bit.png,1,702,400,835,528
746,train/dusseldorf/dusseldorf_000070_000019_leftImg8bit.png,1,540,413,739,566
747,train/dusseldorf/dusseldorf_000070_000019_leftImg8bit.png,1,405,415,619,611
748,train/dusseldorf/dusseldorf_000070_000019_leftImg8bit.png,1,48,409,458,674
749,train/dusseldorf/dusseldorf_000070_000019_leftImg8bit.png,1,0,369,71,775
750,train/dusseldorf/dusseldorf_000070_000019_leftImg8bit.png,0,939,380,1056,555
751,train/dusseldorf/dusseldorf_000070_000019_leftImg8bit.png,0,960,369,1071,554
752,train/dusseldorf/dusseldorf_000113_000019_leftImg8bit.png,1,133,460,217,517
753,train/dusseldorf/dusseldorf_000113_000019_leftImg8bit.png,1,187,446,310,513
754,train/dusseldorf/dusseldorf_000113_000019_leftImg8bit.png,1,268,449,381,505
755,train/dusseldorf/dusseldorf_000113_000019_leftImg8bit.png,1,342,451,459,516
756,train/dusseldorf/dusseldorf_000113_000019_leftImg8bit.png,1,417,449,532,516
757,train/dusseldorf/dusseldorf_000113_000019_leftImg8bit.png,1,494,446,605,515
758,train/dusseldorf/dusseldorf_000113_000019_leftImg8bit.png,1,581,441,687,513
759,train/dusseldorf/dusseldorf_000113_000019_leftImg8bit.png,1,658,440,782,516
760,train/dusseldorf/dusseldorf_000113_000019_leftImg8bit.png,1,746,436,883,511
761,train/dusseldorf/dusseldorf_000113_000019_leftImg8bit.png,1,984,422,1103,502
762,train/dusseldorf/dusseldorf_000113_000019_leftImg8bit.png,1,1813,394,2048,545
763,train/dusseldorf/dusseldorf_000113_000019_leftImg8bit.png,0,1667,382,1725,560
764,train/dusseldorf/dusseldorf_000113_000019_leftImg8bit.png,0,1622,371,1716,560
765,train/dusseldorf/dusseldorf_000113_000019_leftImg8bit.png,1,837,429,1086,532
766,train/dusseldorf/dusseldorf_000094_000019_leftImg8bit.png,1,1240,378,1903,736
767,train/dusseldorf/dusseldorf_000083_000019_leftImg8bit.png,1,462,446,569,505
768,train/dusseldorf/dusseldorf_000083_000019_leftImg8bit.png,1,1134,420,1222,498
769,train/dusseldorf/dusseldorf_000083_000019_leftImg8bit.png,1,998,370,1121,465
770,train/dusseldorf/dusseldorf_000083_000019_leftImg8bit.png,1,1185,415,1336,531
771,train/dusseldorf/dusseldorf_000083_000019_leftImg8bit.png,0,1994,408,2047,524
772,train/dusseldorf/dusseldorf_000083_000019_leftImg8bit.png,0,1929,404,1988,526
773,train/dusseldorf/dusseldorf_000083_000019_leftImg8bit.png,1,938,417,1141,584
774,train/dusseldorf/dusseldorf_000043_000019_leftImg8bit.png,1,909,416,1040,507
775,train/dusseldorf/dusseldorf_000043_000019_leftImg8bit.png,1,1002,403,1179,531
776,train/dusseldorf/dusseldorf_000043_000019_leftImg8bit.png,1,1125,387,1366,554
777,train/dusseldorf/dusseldorf_000043_000019_leftImg8bit.png,1,1233,393,1414,621
778,train/dusseldorf/dusseldorf_000043_000019_leftImg8bit.png,1,1335,301,1935,725
779,train/dusseldorf/dusseldorf_000043_000019_leftImg8bit.png,1,1816,495,2048,934
780,train/dusseldorf/dusseldorf_000043_000019_leftImg8bit.png,1,738,422,896,546
781,train/dusseldorf/dusseldorf_000066_000019_leftImg8bit.png,1,724,398,798,469
782,train/dusseldorf/dusseldorf_000066_000019_leftImg8bit.png,1,1047,370,1176,496
783,train/dusseldorf/dusseldorf_000066_000019_leftImg8bit.png,1,1074,397,1226,510
784,train/dusseldorf/dusseldorf_000066_000019_leftImg8bit.png,1,595,393,745,477
785,train/dusseldorf/dusseldorf_000066_000019_leftImg8bit.png,1,598,410,690,494
786,train/dusseldorf/dusseldorf_000066_000019_leftImg8bit.png,1,453,405,641,508
787,train/dusseldorf/dusseldorf_000066_000019_leftImg8bit.png,1,483,422,639,516
788,train/dusseldorf/dusseldorf_000066_000019_leftImg8bit.png,1,403,417,578,531
789,train/dusseldorf/dusseldorf_000066_000019_leftImg8bit.png,1,369,414,461,539
790,train/dusseldorf/dusseldorf_000066_000019_leftImg8bit.png,1,377,431,444,553
791,train/dusseldorf/dusseldorf_000066_000019_leftImg8bit.png,1,91,389,423,567
792,train/dusseldorf/dusseldorf_000066_000019_leftImg8bit.png,1,25,406,316,581
793,train/dusseldorf/dusseldorf_000066_000019_leftImg8bit.png,1,0,416,250,613
794,train/dusseldorf/dusseldorf_000066_000019_leftImg8bit.png,1,0,447,143,649
795,train/dusseldorf/dusseldorf_000066_000019_leftImg8bit.png,1,829,394,971,511
796,train/dusseldorf/dusseldorf_000066_000019_leftImg8bit.png,0,1514,316,1601,405
797,train/dusseldorf/dusseldorf_000066_000019_leftImg8bit.png,0,1467,313,1547,397
798,train/dusseldorf/dusseldorf_000072_000019_leftImg8bit.png,1,1460,415,1555,499
799,train/dusseldorf/dusseldorf_000072_000019_leftImg8bit.png,1,1494,413,1629,516
800,train/dusseldorf/dusseldorf_000072_000019_leftImg8bit.png,1,1630,392,1793,571
801,train/dusseldorf/dusseldorf_000072_000019_leftImg8bit.png,1,1702,367,2047,607
802,train/dusseldorf/dusseldorf_000072_000019_leftImg8bit.png,4,642,431,710,507
803,train/dusseldorf/dusseldorf_000072_000019_leftImg8bit.png,4,370,452,511,540
804,train/dusseldorf/dusseldorf_000072_000019_leftImg8bit.png,4,174,455,304,571
805,train/dusseldorf/dusseldorf_000090_000019_leftImg8bit.png,1,1169,415,1343,470
806,train/dusseldorf/dusseldorf_000090_000019_leftImg8bit.png,1,1361,364,1626,458
807,train/dusseldorf/dusseldorf_000090_000019_leftImg8bit.png,1,1949,376,2048,430
808,train/dusseldorf/dusseldorf_000090_000019_leftImg8bit.png,0,1464,265,1607,780
809,train/dusseldorf/dusseldorf_000090_000019_leftImg8bit.png,0,1581,226,1820,834
810,train/dusseldorf/dusseldorf_000051_000019_leftImg8bit.png,0,1952,386,2007,524
811,train/dusseldorf/dusseldorf_000209_000019_leftImg8bit.png,0,502,408,585,499
812,train/dusseldorf/dusseldorf_000209_000019_leftImg8bit.png,1,562,413,757,527
813,train/dusseldorf/dusseldorf_000209_000019_leftImg8bit.png,3,1171,394,1374,461
814,train/dusseldorf/dusseldorf_000209_000019_leftImg8bit.png,1,1020,417,1308,645
815,train/dusseldorf/dusseldorf_000209_000019_leftImg8bit.png,1,1496,416,1608,505
816,train/dusseldorf/dusseldorf_000209_000019_leftImg8bit.png,1,1532,411,2048,756
817,train/dusseldorf/dusseldorf_000200_000019_leftImg8bit.png,1,258,432,350,494
818,train/dusseldorf/dusseldorf_000200_000019_leftImg8bit.png,1,180,436,276,500
819,train/dusseldorf/dusseldorf_000200_000019_leftImg8bit.png,1,10,423,196,508
820,train/dusseldorf/dusseldorf_000200_000019_leftImg8bit.png,1,1198,405,1330,513
821,train/dusseldorf/dusseldorf_000016_000019_leftImg8bit.png,4,916,419,986,482
822,train/dusseldorf/dusseldorf_000016_000019_leftImg8bit.png,1,1203,410,1489,553
823,train/dusseldorf/dusseldorf_000016_000019_leftImg8bit.png,1,1391,424,1701,568
824,train/dusseldorf/dusseldorf_000016_000019_leftImg8bit.png,1,7,392,171,496
825,train/dusseldorf/dusseldorf_000016_000019_leftImg8bit.png,1,90,388,357,487
826,train/dusseldorf/dusseldorf_000016_000019_leftImg8bit.png,1,307,391,607,512
827,train/dusseldorf/dusseldorf_000016_000019_leftImg8bit.png,4,469,411,617,505
828,train/dusseldorf/dusseldorf_000016_000019_leftImg8bit.png,1,579,394,1018,566
829,train/dusseldorf/dusseldorf_000016_000019_leftImg8bit.png,4,433,438,515,557
830,train/dusseldorf/dusseldorf_000016_000019_leftImg8bit.png,4,61,411,284,553
831,train/dusseldorf/dusseldorf_000121_000019_leftImg8bit.png,1,1138,453,1215,512
832,train/dusseldorf/dusseldorf_000121_000019_leftImg8bit.png,1,1166,460,1252,514
833,train/dusseldorf/dusseldorf_000121_000019_leftImg8bit.png,4,1529,464,1603,538
834,train/dusseldorf/dusseldorf_000121_000019_leftImg8bit.png,4,1603,463,1695,541
835,train/dusseldorf/dusseldorf_000006_000019_leftImg8bit.png,1,552,347,814,589
836,train/dusseldorf/dusseldorf_000006_000019_leftImg8bit.png,1,486,393,735,644
837,train/dusseldorf/dusseldorf_000006_000019_leftImg8bit.png,1,0,0,568,1024
838,train/dusseldorf/dusseldorf_000006_000019_leftImg8bit.png,1,1118,419,1281,518
839,train/dusseldorf/dusseldorf_000006_000019_leftImg8bit.png,1,1192,412,1432,522
840,train/dusseldorf/dusseldorf_000006_000019_leftImg8bit.png,1,1177,422,1581,561
841,train/dusseldorf/dusseldorf_000006_000019_leftImg8bit.png,5,1322,436,1526,592
842,train/dusseldorf/dusseldorf_000006_000019_leftImg8bit.png,1,1466,405,2048,707
843,train/dusseldorf/dusseldorf_000006_000019_leftImg8bit.png,1,1897,509,2048,864
844,train/dusseldorf/dusseldorf_000074_000019_leftImg8bit.png,1,1038,394,1192,470
845,train/dusseldorf/dusseldorf_000074_000019_leftImg8bit.png,1,1058,411,1192,478
846,train/dusseldorf/dusseldorf_000074_000019_leftImg8bit.png,1,1073,419,1166,483
847,train/dusseldorf/dusseldorf_000074_000019_leftImg8bit.png,1,1101,422,1153,483
848,train/dusseldorf/dusseldorf_000074_000019_leftImg8bit.png,1,1115,418,1174,483
849,train/dusseldorf/dusseldorf_000074_000019_leftImg8bit.png,1,1123,416,1216,501
850,train/dusseldorf/dusseldorf_000074_000019_leftImg8bit.png,1,1177,409,1313,460
851,train/dusseldorf/dusseldorf_000074_000019_leftImg8bit.png,1,1157,411,1317,514
852,train/dusseldorf/dusseldorf_000074_000019_leftImg8bit.png,1,1331,413,1433,504
853,train/dusseldorf/dusseldorf_000074_000019_leftImg8bit.png,4,1250,442,1317,503
854,train/dusseldorf/dusseldorf_000074_000019_leftImg8bit.png,4,1335,422,1485,537
855,train/dusseldorf/dusseldorf_000074_000019_leftImg8bit.png,1,782,421,857,479
856,train/dusseldorf/dusseldorf_000074_000019_leftImg8bit.png,1,500,420,598,501
857,train/dusseldorf/dusseldorf_000074_000019_leftImg8bit.png,1,270,398,528,518
858,train/dusseldorf/dusseldorf_000074_000019_leftImg8bit.png,4,262,436,328,515
859,train/dusseldorf/dusseldorf_000074_000019_leftImg8bit.png,0,22,328,98,530
860,train/dusseldorf/dusseldorf_000074_000019_leftImg8bit.png,1,577,417,707,515
861,train/dusseldorf/dusseldorf_000133_000019_leftImg8bit.png,1,86,445,161,500
862,train/dusseldorf/dusseldorf_000133_000019_leftImg8bit.png,1,796,417,1002,590
863,train/dusseldorf/dusseldorf_000133_000019_leftImg8bit.png,1,1633,414,2048,954
864,train/dusseldorf/dusseldorf_000086_000019_leftImg8bit.png,1,513,429,618,533
865,train/dusseldorf/dusseldorf_000086_000019_leftImg8bit.png,1,0,357,558,729
866,train/dusseldorf/dusseldorf_000086_000019_leftImg8bit.png,1,976,437,1037,518
867,train/dusseldorf/dusseldorf_000086_000019_leftImg8bit.png,1,1010,434,1062,527
868,train/dusseldorf/dusseldorf_000086_000019_leftImg8bit.png,1,1039,408,1136,536
869,train/dusseldorf/dusseldorf_000092_000019_leftImg8bit.png,1,1495,428,1604,497
870,train/dusseldorf/dusseldorf_000092_000019_leftImg8bit.png,1,1322,439,1472,491
871,train/dusseldorf/dusseldorf_000092_000019_leftImg8bit.png,1,1483,432,1682,579
872,train/dusseldorf/dusseldorf_000092_000019_leftImg8bit.png,1,1598,417,1923,628
873,train/dusseldorf/dusseldorf_000092_000019_leftImg8bit.png,1,1813,382,2048,701
874,train/dusseldorf/dusseldorf_000103_000019_leftImg8bit.png,4,1587,452,1693,527
875,train/dusseldorf/dusseldorf_000156_000019_leftImg8bit.png,1,266,407,454,528
876,train/dusseldorf/dusseldorf_000156_000019_leftImg8bit.png,1,21,418,241,551
877,train/dusseldorf/dusseldorf_000156_000019_leftImg8bit.png,1,0,422,55,573
878,train/dusseldorf/dusseldorf_000156_000019_leftImg8bit.png,1,365,364,809,655
879,train/dusseldorf/dusseldorf_000156_000019_leftImg8bit.png,1,1142,432,1222,497
880,train/dusseldorf/dusseldorf_000191_000019_leftImg8bit.png,1,668,424,784,513
881,train/dusseldorf/dusseldorf_000191_000019_leftImg8bit.png,1,653,449,719,521
882,train/dusseldorf/dusseldorf_000191_000019_leftImg8bit.png,1,573,448,682,530
883,train/dusseldorf/dusseldorf_000191_000019_leftImg8bit.png,1,454,448,614,544
884,train/dusseldorf/dusseldorf_000191_000019_leftImg8bit.png,1,229,441,465,573
885,train/dusseldorf/dusseldorf_000191_000019_leftImg8bit.png,1,1266,417,1395,507
886,train/dusseldorf/dusseldorf_000191_000019_leftImg8bit.png,1,1296,366,1730,545
887,train/dusseldorf/dusseldorf_000191_000019_leftImg8bit.png,1,1414,433,1536,533
888,train/dusseldorf/dusseldorf_000191_000019_leftImg8bit.png,4,1394,469,1510,578
889,train/dusseldorf/dusseldorf_000191_000019_leftImg8bit.png,1,1477,414,1752,574
890,train/dusseldorf/dusseldorf_000191_000019_leftImg8bit.png,1,1568,439,1680,595
891,train/dusseldorf/dusseldorf_000191_000019_leftImg8bit.png,1,1629,418,1780,619
892,train/dusseldorf/dusseldorf_000191_000019_leftImg8bit.png,1,1717,394,1989,665
893,train/dusseldorf/dusseldorf_000191_000019_leftImg8bit.png,1,1855,387,2048,737
894,train/dusseldorf/dusseldorf_000138_000019_leftImg8bit.png,1,1150,384,1278,511
895,train/dusseldorf/dusseldorf_000138_000019_leftImg8bit.png,1,1172,412,1294,523
896,train/dusseldorf/dusseldorf_000138_000019_leftImg8bit.png,1,1249,398,1436,566
897,train/dusseldorf/dusseldorf_000138_000019_leftImg8bit.png,1,1358,374,1692,622
898,train/dusseldorf/dusseldorf_000138_000019_leftImg8bit.png,1,795,416,915,515
899,train/dusseldorf/dusseldorf_000138_000019_leftImg8bit.png,1,670,411,788,490
900,train/dusseldorf/dusseldorf_000096_000019_leftImg8bit.png,1,949,411,1024,477
901,train/dusseldorf/dusseldorf_000186_000019_leftImg8bit.png,1,315,435,467,533
902,train/dusseldorf/dusseldorf_000186_000019_leftImg8bit.png,1,373,433,683,639
903,train/dusseldorf/dusseldorf_000186_000019_leftImg8bit.png,5,0,459,132,587
904,train/dusseldorf/dusseldorf_000186_000019_leftImg8bit.png,1,912,407,973,493
905,train/dusseldorf/dusseldorf_000186_000019_leftImg8bit.png,1,945,432,1080,500
906,train/dusseldorf/dusseldorf_000186_000019_leftImg8bit.png,1,972,436,1070,523
907,train/dusseldorf/dusseldorf_000186_000019_leftImg8bit.png,1,1016,370,1396,520
908,train/dusseldorf/dusseldorf_000186_000019_leftImg8bit.png,1,1022,437,1202,549
909,train/dusseldorf/dusseldorf_000186_000019_leftImg8bit.png,1,1150,417,1310,488
910,train/dusseldorf/dusseldorf_000186_000019_leftImg8bit.png,1,1090,432,1309,583
911,train/dusseldorf/dusseldorf_000186_000019_leftImg8bit.png,1,1177,477,1301,600
912,train/dusseldorf/dusseldorf_000186_000019_leftImg8bit.png,1,1239,411,1511,614
913,train/dusseldorf/dusseldorf_000186_000019_leftImg8bit.png,1,1317,437,1503,648
914,train/dusseldorf/dusseldorf_000186_000019_leftImg8bit.png,1,1437,387,1836,722
915,train/dusseldorf/dusseldorf_000186_000019_leftImg8bit.png,1,1688,347,2048,818
916,train/dusseldorf/dusseldorf_000062_000019_leftImg8bit.png,1,1147,423,1399,536
917,train/dusseldorf/dusseldorf_000062_000019_leftImg8bit.png,1,1058,438,1145,503
918,train/dusseldorf/dusseldorf_000162_000019_leftImg8bit.png,1,773,405,877,503
919,train/dusseldorf/dusseldorf_000162_000019_leftImg8bit.png,1,754,406,869,521
920,train/dusseldorf/dusseldorf_000162_000019_leftImg8bit.png,1,538,394,819,532
921,train/dusseldorf/dusseldorf_000162_000019_leftImg8bit.png,0,144,352,216,480
922,train/dusseldorf/dusseldorf_000162_000019_leftImg8bit.png,5,7,392,363,624
923,train/dusseldorf/dusseldorf_000162_000019_leftImg8bit.png,4,466,446,523,551
924,train/dusseldorf/dusseldorf_000162_000019_leftImg8bit.png,4,590,428,658,553
925,train/dusseldorf/dusseldorf_000162_000019_leftImg8bit.png,4,600,423,709,555
926,train/dusseldorf/dusseldorf_000162_000019_leftImg8bit.png,1,1210,314,1631,492
927,train/dusseldorf/dusseldorf_000162_000019_leftImg8bit.png,4,1646,415,1841,551
928,train/dusseldorf/dusseldorf_000032_000019_leftImg8bit.png,0,1571,328,1668,603
929,train/dusseldorf/dusseldorf_000032_000019_leftImg8bit.png,1,772,420,826,522
930,train/dusseldorf/dusseldorf_000032_000019_leftImg8bit.png,1,606,392,796,541
931,train/dusseldorf/dusseldorf_000032_000019_leftImg8bit.png,1,345,417,624,594
932,train/dusseldorf/dusseldorf_000140_000019_leftImg8bit.png,1,755,371,897,469
933,train/dusseldorf/dusseldorf_000140_000019_leftImg8bit.png,1,654,430,766,529
934,train/dusseldorf/dusseldorf_000140_000019_leftImg8bit.png,1,506,434,711,561
935,train/dusseldorf/dusseldorf_000140_000019_leftImg8bit.png,1,298,431,549,602
936,train/dusseldorf/dusseldorf_000140_000019_leftImg8bit.png,1,46,409,365,642
937,train/dusseldorf/dusseldorf_000140_000019_leftImg8bit.png,1,0,425,174,672
938,train/dusseldorf/dusseldorf_000140_000019_leftImg8bit.png,1,735,420,942,566
939,train/dusseldorf/dusseldorf_000140_000019_leftImg8bit.png,0,1858,319,1919,381
940,train/dusseldorf/dusseldorf_000140_000019_leftImg8bit.png,1,1370,402,1656,638
941,train/dusseldorf/dusseldorf_000140_000019_leftImg8bit.png,1,1541,363,2048,826
942,train/dusseldorf/dusseldorf_000008_000019_leftImg8bit.png,1,709,406,860,547
943,train/dusseldorf/dusseldorf_000008_000019_leftImg8bit.png,4,729,447,817,558
944,train/dusseldorf/dusseldorf_000008_000019_leftImg8bit.png,1,484,397,790,638
945,train/dusseldorf/dusseldorf_000008_000019_leftImg8bit.png,1,206,408,635,740
946,train/dusseldorf/dusseldorf_000008_000019_leftImg8bit.png,1,0,357,449,982
947,train/dusseldorf/dusseldorf_000008_000019_leftImg8bit.png,4,944,438,1022,512
948,train/dusseldorf/dusseldorf_000008_000019_leftImg8bit.png,1,1129,431,1182,482
949,train/dusseldorf/dusseldorf_000008_000019_leftImg8bit.png,1,1148,431,1238,491
950,train/dusseldorf/dusseldorf_000008_000019_leftImg8bit.png,1,1377,408,1452,507
951,train/dusseldorf/dusseldorf_000008_000019_leftImg8bit.png,1,1367,399,1539,632
952,train/dusseldorf/dusseldorf_000008_000019_leftImg8bit.png,1,1443,385,1858,691
953,train/dusseldorf/dusseldorf_000030_000019_leftImg8bit.png,1,619,466,680,519
954,train/dusseldorf/dusseldorf_000030_000019_leftImg8bit.png,1,580,472,659,524
955,train/dusseldorf/dusseldorf_000030_000019_leftImg8bit.png,4,474,483,579,537
956,train/dusseldorf/dusseldorf_000030_000019_leftImg8bit.png,1,0,460,215,698
957,train/dusseldorf/dusseldorf_000030_000019_leftImg8bit.png,1,1175,468,1263,531
958,train/dusseldorf/dusseldorf_000030_000019_leftImg8bit.png,1,1446,469,1571,529
959,train/dusseldorf/dusseldorf_000128_000019_leftImg8bit.png,1,1175,428,1261,484
960,train/dusseldorf/dusseldorf_000128_000019_leftImg8bit.png,1,1204,397,1333,501
961,train/dusseldorf/dusseldorf_000128_000019_leftImg8bit.png,1,1302,398,1804,568
962,train/dusseldorf/dusseldorf_000128_000019_leftImg8bit.png,1,1574,366,2048,687
963,train/dusseldorf/dusseldorf_000128_000019_leftImg8bit.png,2,810,369,918,494
964,train/dusseldorf/dusseldorf_000128_000019_leftImg8bit.png,1,0,387,368,676
965,train/dusseldorf/dusseldorf_000177_000019_leftImg8bit.png,1,362,429,487,542
966,train/dusseldorf/dusseldorf_000177_000019_leftImg8bit.png,1,616,454,680,511
967,train/dusseldorf/dusseldorf_000177_000019_leftImg8bit.png,1,548,455,648,516
968,train/dusseldorf/dusseldorf_000177_000019_leftImg8bit.png,1,91,447,299,559
969,train/dusseldorf/dusseldorf_000177_000019_leftImg8bit.png,1,1476,330,2048,749
970,train/dusseldorf/dusseldorf_000197_000019_leftImg8bit.png,1,684,411,753,506
971,train/dusseldorf/dusseldorf_000197_000019_leftImg8bit.png,1,576,400,718,518
972,train/dusseldorf/dusseldorf_000197_000019_leftImg8bit.png,1,445,401,612,556
973,train/dusseldorf/dusseldorf_000197_000019_leftImg8bit.png,1,458,469,529,550
974,train/dusseldorf/dusseldorf_000197_000019_leftImg8bit.png,1,243,359,487,614
975,train/dusseldorf/dusseldorf_000197_000019_leftImg8bit.png,1,0,355,345,704
976,train/dusseldorf/dusseldorf_000197_000019_leftImg8bit.png,3,808,391,891,452
977,train/dusseldorf/dusseldorf_000197_000019_leftImg8bit.png,1,1082,426,1146,480
978,train/dusseldorf/dusseldorf_000197_000019_leftImg8bit.png,1,1123,421,1246,513
979,train/dusseldorf/dusseldorf_000197_000019_leftImg8bit.png,1,1298,404,1497,590
980,train/dusseldorf/dusseldorf_000197_000019_leftImg8bit.png,1,1390,394,1806,649
981,train/dusseldorf/dusseldorf_000197_000019_leftImg8bit.png,4,1569,444,1898,664
982,train/dusseldorf/dusseldorf_000197_000019_leftImg8bit.png,4,1890,441,1996,530
983,train/dusseldorf/dusseldorf_000197_000019_leftImg8bit.png,1,1827,411,2048,784
984,train/dusseldorf/dusseldorf_000136_000019_leftImg8bit.png,1,763,420,843,485
985,train/dusseldorf/dusseldorf_000002_000019_leftImg8bit.png,1,1335,403,1480,561
986,train/dusseldorf/dusseldorf_000002_000019_leftImg8bit.png,1,502,431,655,506
987,train/dusseldorf/dusseldorf_000002_000019_leftImg8bit.png,0,375,425,426,495
988,train/dusseldorf/dusseldorf_000002_000019_leftImg8bit.png,1,367,441,624,521
989,train/dusseldorf/dusseldorf_000002_000019_leftImg8bit.png,4,360,464,466,530
990,train/dusseldorf/dusseldorf_000002_000019_leftImg8bit.png,4,505,475,577,530
991,train/dusseldorf/dusseldorf_000002_000019_leftImg8bit.png,4,556,458,610,530
992,train/dusseldorf/dusseldorf_000002_000019_leftImg8bit.png,1,851,438,917,497
993,train/dusseldorf/dusseldorf_000002_000019_leftImg8bit.png,1,586,431,750,547
994,train/dusseldorf/dusseldorf_000002_000019_leftImg8bit.png,1,950,348,1454,816
995,train/dusseldorf/dusseldorf_000078_000019_leftImg8bit.png,0,1487,356,1556,536
996,train/dusseldorf/dusseldorf_000078_000019_leftImg8bit.png,0,1660,345,1722,479
997,train/dusseldorf/dusseldorf_000078_000019_leftImg8bit.png,0,1600,353,1664,483
998,train/dusseldorf/dusseldorf_000078_000019_leftImg8bit.png,0,1958,250,2048,736
999,train/dusseldorf/dusseldorf_000078_000019_leftImg8bit.png,4,466,428,614,526
1000,train/dusseldorf/dusseldorf_000078_000019_leftImg8bit.png,0,726,365,809,563
1001,train/dusseldorf/dusseldorf_000078_000019_leftImg8bit.png,0,722,352,798,569
1002,train/dusseldorf/dusseldorf_000171_000019_leftImg8bit.png,1,764,400,947,488
1003,train/dusseldorf/dusseldorf_000171_000019_leftImg8bit.png,1,729,413,897,508
1004,train/dusseldorf/dusseldorf_000171_000019_leftImg8bit.png,1,484,395,769,525
1005,train/dusseldorf/dusseldorf_000171_000019_leftImg8bit.png,1,354,410,763,576
1006,train/dusseldorf/dusseldorf_000171_000019_leftImg8bit.png,1,402,421,673,577
1007,train/dusseldorf/dusseldorf_000171_000019_leftImg8bit.png,1,229,406,634,624
1008,train/dusseldorf/dusseldorf_000171_000019_leftImg8bit.png,1,0,390,549,657
1009,train/dusseldorf/dusseldorf_000171_000019_leftImg8bit.png,1,0,401,403,771
1010,train/dusseldorf/dusseldorf_000171_000019_leftImg8bit.png,1,1129,404,1225,458
1011,train/dusseldorf/dusseldorf_000171_000019_leftImg8bit.png,1,1154,394,1385,454
1012,train/dusseldorf/dusseldorf_000171_000019_leftImg8bit.png,1,1143,418,1300,486
1013,train/dusseldorf/dusseldorf_000171_000019_leftImg8bit.png,1,1209,416,1348,490
1014,train/dusseldorf/dusseldorf_000171_000019_leftImg8bit.png,1,1245,446,1310,498
1015,train/dusseldorf/dusseldorf_000171_000019_leftImg8bit.png,1,1271,415,1423,483
1016,train/dusseldorf/dusseldorf_000171_000019_leftImg8bit.png,1,1308,389,1607,521
1017,train/dusseldorf/dusseldorf_000171_000019_leftImg8bit.png,1,1374,403,1568,485
1018,train/dusseldorf/dusseldorf_000171_000019_leftImg8bit.png,1,1337,384,1694,554
1019,train/dusseldorf/dusseldorf_000171_000019_leftImg8bit.png,1,1564,374,1850,607
1020,train/dusseldorf/dusseldorf_000171_000019_leftImg8bit.png,1,1606,465,1862,651
1021,train/dusseldorf/dusseldorf_000171_000019_leftImg8bit.png,1,1769,326,2048,647
1022,train/dusseldorf/dusseldorf_000171_000019_leftImg8bit.png,1,1809,430,2048,698
1023,train/dusseldorf/dusseldorf_000080_000019_leftImg8bit.png,1,895,419,965,477
1024,train/dusseldorf/dusseldorf_000080_000019_leftImg8bit.png,1,1078,424,1140,505
1025,train/dusseldorf/dusseldorf_000080_000019_leftImg8bit.png,1,1101,418,1208,519
1026,train/dusseldorf/dusseldorf_000080_000019_leftImg8bit.png,5,1166,434,1305,548
1027,train/dusseldorf/dusseldorf_000080_000019_leftImg8bit.png,1,565,407,633,467
1028,train/dusseldorf/dusseldorf_000208_000019_leftImg8bit.png,1,1483,418,1587,503
1029,train/dusseldorf/dusseldorf_000208_000019_leftImg8bit.png,1,1521,418,1686,588
1030,train/dusseldorf/dusseldorf_000208_000019_leftImg8bit.png,1,1591,411,1875,656
1031,train/dusseldorf/dusseldorf_000208_000019_leftImg8bit.png,1,1744,371,2048,819
1032,train/dusseldorf/dusseldorf_000208_000019_leftImg8bit.png,1,999,420,1197,574
1033,train/dusseldorf/dusseldorf_000208_000019_leftImg8bit.png,1,418,428,553,522
1034,train/dusseldorf/dusseldorf_000208_000019_leftImg8bit.png,1,276,437,444,555
1035,train/dusseldorf/dusseldorf_000208_000019_leftImg8bit.png,1,23,436,312,595
1036,train/dusseldorf/dusseldorf_000208_000019_leftImg8bit.png,1,0,437,83,615
1037,train/dusseldorf/dusseldorf_000192_000019_leftImg8bit.png,4,1334,440,1392,522
1038,train/dusseldorf/dusseldorf_000192_000019_leftImg8bit.png,4,1365,451,1434,526
1039,train/dusseldorf/dusseldorf_000192_000019_leftImg8bit.png,1,1403,411,1581,554
1040,train/dusseldorf/dusseldorf_000192_000019_leftImg8bit.png,1,1495,406,1818,600
1041,train/dusseldorf/dusseldorf_000192_000019_leftImg8bit.png,4,1728,431,1872,645
1042,train/dusseldorf/dusseldorf_000192_000019_leftImg8bit.png,1,1944,483,2048,726
1043,train/dusseldorf/dusseldorf_000192_000019_leftImg8bit.png,1,0,413,251,601
1044,train/dusseldorf/dusseldorf_000192_000019_leftImg8bit.png,1,0,444,66,624
1045,train/dusseldorf/dusseldorf_000192_000019_leftImg8bit.png,1,603,438,710,528
1046,train/dusseldorf/dusseldorf_000192_000019_leftImg8bit.png,1,540,439,669,543
1047,train/dusseldorf/dusseldorf_000192_000019_leftImg8bit.png,1,350,433,572,557
1048,train/dusseldorf/dusseldorf_000192_000019_leftImg8bit.png,1,1068,424,1167,504
1049,train/dusseldorf/dusseldorf_000038_000019_leftImg8bit.png,1,478,414,555,490
1050,train/dusseldorf/dusseldorf_000038_000019_leftImg8bit.png,1,264,434,317,508
1051,train/dusseldorf/dusseldorf_000038_000019_leftImg8bit.png,1,325,395,452,516
1052,train/dusseldorf/dusseldorf_000038_000019_leftImg8bit.png,1,70,441,228,518
1053,train/dusseldorf/dusseldorf_000038_000019_leftImg8bit.png,1,22,443,185,519
1054,train/dusseldorf/dusseldorf_000038_000019_leftImg8bit.png,1,0,444,137,527
1055,train/dusseldorf/dusseldorf_000038_000019_leftImg8bit.png,1,0,469,74,533
1056,train/dusseldorf/dusseldorf_000153_000019_leftImg8bit.png,0,28,395,90,539
1057,train/dusseldorf/dusseldorf_000153_000019_leftImg8bit.png,0,164,386,215,518
1058,train/dusseldorf/dusseldorf_000153_000019_leftImg8bit.png,4,168,461,264,555
1059,train/dusseldorf/dusseldorf_000153_000019_leftImg8bit.png,1,546,427,636,487
1060,train/dusseldorf/dusseldorf_000153_000019_leftImg8bit.png,1,387,401,557,526
1061,train/dusseldorf/dusseldorf_000153_000019_leftImg8bit.png,1,544,427,699,532
1062,train/dusseldorf/dusseldorf_000153_000019_leftImg8bit.png,1,1273,426,1349,508
1063,train/dusseldorf/dusseldorf_000153_000019_leftImg8bit.png,1,1296,417,1431,523
1064,train/dusseldorf/dusseldorf_000153_000019_leftImg8bit.png,1,1360,420,1548,539
1065,train/dusseldorf/dusseldorf_000153_000019_leftImg8bit.png,1,1462,403,1703,567
1066,train/dusseldorf/dusseldorf_000153_000019_leftImg8bit.png,1,1620,399,1972,617
1067,train/dusseldorf/dusseldorf_000205_000019_leftImg8bit.png,1,258,418,495,484
1068,train/dusseldorf/dusseldorf_000205_000019_leftImg8bit.png,1,399,461,481,514
1069,train/dusseldorf/dusseldorf_000205_000019_leftImg8bit.png,1,273,432,428,510
1070,train/dusseldorf/dusseldorf_000205_000019_leftImg8bit.png,1,155,430,340,520
1071,train/dusseldorf/dusseldorf_000205_000019_leftImg8bit.png,1,90,432,311,542
1072,train/dusseldorf/dusseldorf_000205_000019_leftImg8bit.png,1,0,431,214,536
1073,train/dusseldorf/dusseldorf_000205_000019_leftImg8bit.png,1,0,450,57,573
1074,train/dusseldorf/dusseldorf_000205_000019_leftImg8bit.png,1,809,418,933,511
1075,train/dusseldorf/dusseldorf_000205_000019_leftImg8bit.png,1,457,393,801,623
1076,train/dusseldorf/dusseldorf_000205_000019_leftImg8bit.png,1,1135,416,1190,493
1077,train/dusseldorf/dusseldorf_000205_000019_leftImg8bit.png,1,1158,412,1260,498
1078,train/dusseldorf/dusseldorf_000205_000019_leftImg8bit.png,1,1169,415,1268,513
1079,train/dusseldorf/dusseldorf_000205_000019_leftImg8bit.png,1,1226,411,1388,541
1080,train/dusseldorf/dusseldorf_000205_000019_leftImg8bit.png,1,1264,404,1440,575
1081,train/dusseldorf/dusseldorf_000205_000019_leftImg8bit.png,1,1365,386,1641,632
1082,train/dusseldorf/dusseldorf_000205_000019_leftImg8bit.png,1,1476,360,2031,749
1083,train/dusseldorf/dusseldorf_000205_000019_leftImg8bit.png,1,1794,341,2048,852
1084,train/dusseldorf/dusseldorf_000134_000019_leftImg8bit.png,1,1938,394,2048,447
1085,train/dusseldorf/dusseldorf_000134_000019_leftImg8bit.png,1,1605,367,1978,561
1086,train/dusseldorf/dusseldorf_000134_000019_leftImg8bit.png,1,1149,284,1651,658
1087,train/dusseldorf/dusseldorf_000117_000019_leftImg8bit.png,4,1349,436,1453,603
1088,train/dusseldorf/dusseldorf_000117_000019_leftImg8bit.png,1,1037,418,1277,612
1089,train/dusseldorf/dusseldorf_000117_000019_leftImg8bit.png,1,327,419,721,627
1090,train/dusseldorf/dusseldorf_000117_000019_leftImg8bit.png,1,0,414,505,655
1091,train/dusseldorf/dusseldorf_000040_000019_leftImg8bit.png,4,1584,411,1725,502
1092,train/dusseldorf/dusseldorf_000040_000019_leftImg8bit.png,0,837,380,896,509
1093,train/dusseldorf/dusseldorf_000040_000019_leftImg8bit.png,4,63,468,122,558
1094,train/dusseldorf/dusseldorf_000040_000019_leftImg8bit.png,0,752,368,845,548
1095,train/dusseldorf/dusseldorf_000040_000019_leftImg8bit.png,0,723,365,805,558
1096,train/dusseldorf/dusseldorf_000040_000019_leftImg8bit.png,1,1053,396,1161,455
1097,train/dusseldorf/dusseldorf_000040_000019_leftImg8bit.png,1,72,393,519,682
1098,train/dusseldorf/dusseldorf_000100_000019_leftImg8bit.png,1,1353,417,1419,474
1099,train/dusseldorf/dusseldorf_000100_000019_leftImg8bit.png,1,1245,422,1348,495
1100,train/dusseldorf/dusseldorf_000100_000019_leftImg8bit.png,1,1180,426,1260,518
1101,train/dusseldorf/dusseldorf_000100_000019_leftImg8bit.png,1,1095,421,1218,533
1102,train/dusseldorf/dusseldorf_000100_000019_leftImg8bit.png,1,853,390,1161,639
1103,train/dusseldorf/dusseldorf_000100_000019_leftImg8bit.png,1,201,366,779,676
1104,train/dusseldorf/dusseldorf_000064_000019_leftImg8bit.png,0,1785,382,1838,480
1105,train/dusseldorf/dusseldorf_000064_000019_leftImg8bit.png,0,1875,376,1930,477
1106,train/dusseldorf/dusseldorf_000064_000019_leftImg8bit.png,1,789,399,951,482
1107,train/dusseldorf/dusseldorf_000064_000019_leftImg8bit.png,1,715,416,864,500
1108,train/dusseldorf/dusseldorf_000064_000019_leftImg8bit.png,1,311,374,730,557
1109,train/dusseldorf/dusseldorf_000064_000019_leftImg8bit.png,1,1292,408,1495,545
1110,train/dusseldorf/dusseldorf_000069_000019_leftImg8bit.png,1,764,418,841,491
1111,train/dusseldorf/dusseldorf_000069_000019_leftImg8bit.png,1,743,426,822,500
1112,train/dusseldorf/dusseldorf_000069_000019_leftImg8bit.png,1,641,419,772,515
1113,train/dusseldorf/dusseldorf_000069_000019_leftImg8bit.png,4,576,429,691,514
1114,train/dusseldorf/dusseldorf_000069_000019_leftImg8bit.png,1,219,406,573,596
1115,train/dusseldorf/dusseldorf_000154_000019_leftImg8bit.png,1,1307,411,1372,464
1116,train/dusseldorf/dusseldorf_000193_000019_leftImg8bit.png,1,190,423,394,542
1117,train/dusseldorf/dusseldorf_000193_000019_leftImg8bit.png,1,1115,382,1335,553
1118,train/dusseldorf/dusseldorf_000215_000019_leftImg8bit.png,1,0,459,117,550
1119,train/dusseldorf/dusseldorf_000215_000019_leftImg8bit.png,1,115,460,309,539
1120,train/dusseldorf/dusseldorf_000215_000019_leftImg8bit.png,1,438,448,565,526
1121,train/dusseldorf/dusseldorf_000215_000019_leftImg8bit.png,1,918,460,1062,557
1122,train/dusseldorf/dusseldorf_000215_000019_leftImg8bit.png,1,1232,462,1318,528
1123,train/dusseldorf/dusseldorf_000215_000019_leftImg8bit.png,1,1322,468,1425,544
1124,train/dusseldorf/dusseldorf_000215_000019_leftImg8bit.png,1,1626,464,2021,609
1125,train/dusseldorf/dusseldorf_000215_000019_leftImg8bit.png,1,1091,454,1254,578
1126,train/dusseldorf/dusseldorf_000045_000019_leftImg8bit.png,1,1366,412,1454,467
1127,train/dusseldorf/dusseldorf_000045_000019_leftImg8bit.png,1,1446,417,1518,473
1128,train/dusseldorf/dusseldorf_000045_000019_leftImg8bit.png,0,1922,366,1994,493
1129,train/dusseldorf/dusseldorf_000045_000019_leftImg8bit.png,0,1787,355,1839,481
1130,train/dusseldorf/dusseldorf_000045_000019_leftImg8bit.png,0,1840,375,1894,494
1131,train/dusseldorf/dusseldorf_000045_000019_leftImg8bit.png,0,1792,350,1849,492
1132,train/dusseldorf/dusseldorf_000045_000019_leftImg8bit.png,0,315,391,378,547
1133,train/dusseldorf/dusseldorf_000045_000019_leftImg8bit.png,1,409,366,773,636
1134,train/dusseldorf/dusseldorf_000045_000019_leftImg8bit.png,1,774,365,1482,913
1135,train/dusseldorf/dusseldorf_000000_000019_leftImg8bit.png,1,1208,425,1338,490
1136,train/dusseldorf/dusseldorf_000000_000019_leftImg8bit.png,1,1232,418,1435,500
1137,train/dusseldorf/dusseldorf_000000_000019_leftImg8bit.png,1,1745,430,1849,485
1138,train/dusseldorf/dusseldorf_000210_000019_leftImg8bit.png,1,1099,430,1158,487
1139,train/dusseldorf/dusseldorf_000210_000019_leftImg8bit.png,1,1161,411,1363,575
1140,train/dusseldorf/dusseldorf_000210_000019_leftImg8bit.png,1,1256,426,1575,635
1141,train/dusseldorf/dusseldorf_000210_000019_leftImg8bit.png,1,1416,408,1860,715
1142,train/dusseldorf/dusseldorf_000210_000019_leftImg8bit.png,1,1712,393,2048,763
1143,train/dusseldorf/dusseldorf_000210_000019_leftImg8bit.png,1,804,423,958,541
1144,train/dusseldorf/dusseldorf_000139_000019_leftImg8bit.png,1,99,453,273,512
1145,train/dusseldorf/dusseldorf_000139_000019_leftImg8bit.png,0,821,390,886,449
1146,train/dusseldorf/dusseldorf_000028_000019_leftImg8bit.png,1,528,424,605,502
1147,train/dusseldorf/dusseldorf_000028_000019_leftImg8bit.png,1,404,408,544,511
1148,train/dusseldorf/dusseldorf_000028_000019_leftImg8bit.png,1,211,403,427,528
1149,train/dusseldorf/dusseldorf_000028_000019_leftImg8bit.png,4,23,443,156,555
1150,train/dusseldorf/dusseldorf_000028_000019_leftImg8bit.png,1,985,412,1153,467
1151,train/dusseldorf/dusseldorf_000028_000019_leftImg8bit.png,1,887,405,993,480
1152,train/dusseldorf/dusseldorf_000028_000019_leftImg8bit.png,1,666,367,812,495
1153,train/dusseldorf/dusseldorf_000028_000019_leftImg8bit.png,1,1159,413,1255,489
1154,train/dusseldorf/dusseldorf_000028_000019_leftImg8bit.png,1,1312,414,1377,488
1155,train/dusseldorf/dusseldorf_000028_000019_leftImg8bit.png,1,1603,409,1689,477
1156,train/dusseldorf/dusseldorf_000028_000019_leftImg8bit.png,1,1464,388,1603,492
1157,train/dusseldorf/dusseldorf_000028_000019_leftImg8bit.png,1,1330,399,1455,498
1158,train/dusseldorf/dusseldorf_000028_000019_leftImg8bit.png,1,1673,411,1836,504
1159,train/dusseldorf/dusseldorf_000028_000019_leftImg8bit.png,1,1516,410,1668,506
1160,train/dusseldorf/dusseldorf_000028_000019_leftImg8bit.png,1,1783,417,1973,519
1161,train/dusseldorf/dusseldorf_000028_000019_leftImg8bit.png,1,1918,403,2048,544
1162,train/dusseldorf/dusseldorf_000206_000019_leftImg8bit.png,1,647,404,698,455
1163,train/dusseldorf/dusseldorf_000206_000019_leftImg8bit.png,1,610,410,677,471
1164,train/dusseldorf/dusseldorf_000206_000019_leftImg8bit.png,1,555,408,641,473
1165,train/dusseldorf/dusseldorf_000206_000019_leftImg8bit.png,1,346,402,589,484
1166,train/dusseldorf/dusseldorf_000206_000019_leftImg8bit.png,1,0,339,457,845
1167,train/dusseldorf/dusseldorf_000206_000019_leftImg8bit.png,3,1009,331,1170,428
1168,train/dusseldorf/dusseldorf_000206_000019_leftImg8bit.png,1,1225,391,1441,465
1169,train/dusseldorf/dusseldorf_000206_000019_leftImg8bit.png,4,1319,407,1394,458
1170,train/dusseldorf/dusseldorf_000206_000019_leftImg8bit.png,1,1555,302,2048,1014
1171,train/dusseldorf/dusseldorf_000206_000019_leftImg8bit.png,1,538,353,1273,925
1172,train/dusseldorf/dusseldorf_000144_000019_leftImg8bit.png,1,930,410,998,476
1173,train/dusseldorf/dusseldorf_000144_000019_leftImg8bit.png,1,1239,401,1327,477
1174,train/dusseldorf/dusseldorf_000144_000019_leftImg8bit.png,1,1320,386,1481,574
1175,train/dusseldorf/dusseldorf_000144_000019_leftImg8bit.png,1,1386,372,1754,643
1176,train/dusseldorf/dusseldorf_000144_000019_leftImg8bit.png,1,958,401,1185,576
1177,train/dusseldorf/dusseldorf_000104_000019_leftImg8bit.png,4,630,452,682,572
1178,train/dusseldorf/dusseldorf_000104_000019_leftImg8bit.png,1,1126,358,1225,422
1179,train/dusseldorf/dusseldorf_000104_000019_leftImg8bit.png,1,1106,395,1183,503
1180,train/dusseldorf/dusseldorf_000104_000019_leftImg8bit.png,1,1118,388,1240,525
1181,train/dusseldorf/dusseldorf_000104_000019_leftImg8bit.png,1,1154,387,1365,552
1182,train/dusseldorf/dusseldorf_000104_000019_leftImg8bit.png,5,1340,381,1421,499
1183,train/dusseldorf/dusseldorf_000104_000019_leftImg8bit.png,1,1335,324,1923,698
1184,train/dusseldorf/dusseldorf_000005_000019_leftImg8bit.png,4,379,461,458,548
1185,train/dusseldorf/dusseldorf_000005_000019_leftImg8bit.png,1,783,422,866,489
1186,train/dusseldorf/dusseldorf_000005_000019_leftImg8bit.png,1,549,404,726,531
1187,train/dusseldorf/dusseldorf_000005_000019_leftImg8bit.png,1,435,430,626,561
1188,train/dusseldorf/dusseldorf_000005_000019_leftImg8bit.png,1,0,370,351,652
1189,train/dusseldorf/dusseldorf_000005_000019_leftImg8bit.png,1,999,418,1113,504
1190,train/dusseldorf/dusseldorf_000005_000019_leftImg8bit.png,1,1127,396,1212,480
1191,train/dusseldorf/dusseldorf_000005_000019_leftImg8bit.png,1,1144,417,1212,486
1192,train/dusseldorf/dusseldorf_000005_000019_leftImg8bit.png,1,1168,408,1275,499
1193,train/dusseldorf/dusseldorf_000005_000019_leftImg8bit.png,1,1193,411,1311,507
1194,train/dusseldorf/dusseldorf_000005_000019_leftImg8bit.png,1,1277,327,1640,615
1195,train/dusseldorf/dusseldorf_000005_000019_leftImg8bit.png,4,1586,422,1903,649
1196,train/dusseldorf/dusseldorf_000005_000019_leftImg8bit.png,5,1699,402,2048,728
1197,train/dusseldorf/dusseldorf_000163_000019_leftImg8bit.png,1,695,410,793,486
1198,train/dusseldorf/dusseldorf_000163_000019_leftImg8bit.png,1,591,409,748,512
1199,train/dusseldorf/dusseldorf_000163_000019_leftImg8bit.png,1,619,429,689,514
1200,train/dusseldorf/dusseldorf_000163_000019_leftImg8bit.png,1,492,410,658,512
1201,train/dusseldorf/dusseldorf_000163_000019_leftImg8bit.png,1,561,431,625,508
1202,train/dusseldorf/dusseldorf_000163_000019_leftImg8bit.png,1,471,419,617,548
1203,train/dusseldorf/dusseldorf_000163_000019_leftImg8bit.png,1,403,457,526,559
1204,train/dusseldorf/dusseldorf_000163_000019_leftImg8bit.png,1,284,412,522,541
1205,train/dusseldorf/dusseldorf_000163_000019_leftImg8bit.png,1,285,419,466,595
1206,train/dusseldorf/dusseldorf_000163_000019_leftImg8bit.png,1,0,416,392,594
1207,train/dusseldorf/dusseldorf_000163_000019_leftImg8bit.png,1,1016,420,1099,486
1208,train/dusseldorf/dusseldorf_000163_000019_leftImg8bit.png,1,1079,408,1169,500
1209,train/dusseldorf/dusseldorf_000163_000019_leftImg8bit.png,1,1098,409,1203,491
1210,train/dusseldorf/dusseldorf_000163_000019_leftImg8bit.png,1,1108,415,1188,489
1211,train/dusseldorf/dusseldorf_000163_000019_leftImg8bit.png,1,1134,414,1191,505
1212,train/dusseldorf/dusseldorf_000163_000019_leftImg8bit.png,1,1144,396,1353,532
1213,train/dusseldorf/dusseldorf_000163_000019_leftImg8bit.png,1,1204,401,1371,536
1214,train/dusseldorf/dusseldorf_000163_000019_leftImg8bit.png,1,1238,404,1374,539
1215,train/dusseldorf/dusseldorf_000163_000019_leftImg8bit.png,0,1279,416,1356,587
1216,train/dusseldorf/dusseldorf_000163_000019_leftImg8bit.png,1,1273,325,1384,556
1217,train/dusseldorf/dusseldorf_000163_000019_leftImg8bit.png,1,1338,335,1808,660
1218,train/dusseldorf/dusseldorf_000163_000019_leftImg8bit.png,1,1732,331,2048,715
1219,train/dusseldorf/dusseldorf_000163_000019_leftImg8bit.png,1,1963,416,2048,753
1220,train/dusseldorf/dusseldorf_000047_000019_leftImg8bit.png,1,256,409,371,464
1221,train/dusseldorf/dusseldorf_000047_000019_leftImg8bit.png,1,12,404,112,462
1222,train/dusseldorf/dusseldorf_000047_000019_leftImg8bit.png,1,54,407,281,509
1223,train/dusseldorf/dusseldorf_000047_000019_leftImg8bit.png,1,717,408,784,467
1224,train/dusseldorf/dusseldorf_000047_000019_leftImg8bit.png,1,368,402,544,514
1225,train/dusseldorf/dusseldorf_000047_000019_leftImg8bit.png,1,589,399,742,504
1226,train/dusseldorf/dusseldorf_000047_000019_leftImg8bit.png,1,758,379,948,528
1227,train/dusseldorf/dusseldorf_000029_000019_leftImg8bit.png,1,145,434,229,488
1228,train/dusseldorf/dusseldorf_000029_000019_leftImg8bit.png,1,58,437,219,535
1229,train/dusseldorf/dusseldorf_000029_000019_leftImg8bit.png,1,0,387,105,545
1230,train/dusseldorf/dusseldorf_000029_000019_leftImg8bit.png,1,1615,390,1773,547
1231,train/dusseldorf/dusseldorf_000029_000019_leftImg8bit.png,1,1753,427,2030,588
1232,train/dusseldorf/dusseldorf_000029_000019_leftImg8bit.png,1,1929,439,2048,614
1233,train/dusseldorf/dusseldorf_000029_000019_leftImg8bit.png,1,1139,435,1235,514
1234,train/dusseldorf/dusseldorf_000029_000019_leftImg8bit.png,1,1070,430,1160,525
1235,train/dusseldorf/dusseldorf_000029_000019_leftImg8bit.png,1,881,386,1133,608
1236,train/dusseldorf/dusseldorf_000029_000019_leftImg8bit.png,1,1333,409,1667,655
1237,train/dusseldorf/dusseldorf_000131_000019_leftImg8bit.png,1,844,408,978,515
1238,train/dusseldorf/dusseldorf_000131_000019_leftImg8bit.png,1,660,407,893,574
1239,train/dusseldorf/dusseldorf_000131_000019_leftImg8bit.png,1,1005,419,1161,543
1240,train/dusseldorf/dusseldorf_000131_000019_leftImg8bit.png,4,1470,439,1591,533
1241,train/dusseldorf/dusseldorf_000131_000019_leftImg8bit.png,1,1216,412,1359,528
1242,train/dusseldorf/dusseldorf_000131_000019_leftImg8bit.png,1,1563,329,2048,907
1243,train/dusseldorf/dusseldorf_000196_000019_leftImg8bit.png,1,1333,434,1509,544
1244,train/dusseldorf/dusseldorf_000196_000019_leftImg8bit.png,4,1592,482,1824,711
1245,train/dusseldorf/dusseldorf_000196_000019_leftImg8bit.png,1,638,458,697,518
1246,train/dusseldorf/dusseldorf_000196_000019_leftImg8bit.png,1,576,460,638,542
1247,train/dusseldorf/dusseldorf_000196_000019_leftImg8bit.png,1,530,455,597,552
1248,train/dusseldorf/dusseldorf_000196_000019_leftImg8bit.png,1,414,452,571,563
1249,train/dusseldorf/dusseldorf_000196_000019_leftImg8bit.png,1,251,448,435,603
1250,train/dusseldorf/dusseldorf_000196_000019_leftImg8bit.png,1,0,449,298,643
1251,train/dusseldorf/dusseldorf_000196_000019_leftImg8bit.png,1,861,445,931,512
1252,train/dusseldorf/dusseldorf_000196_000019_leftImg8bit.png,1,869,462,933,517
1253,train/dusseldorf/dusseldorf_000196_000019_leftImg8bit.png,1,1027,429,1172,548
1254,train/dusseldorf/dusseldorf_000114_000019_leftImg8bit.png,1,1583,412,1764,591
1255,train/dusseldorf/dusseldorf_000114_000019_leftImg8bit.png,1,1685,385,2048,594
1256,train/dusseldorf/dusseldorf_000114_000019_leftImg8bit.png,1,1879,422,2048,613
1257,train/dusseldorf/dusseldorf_000216_000019_leftImg8bit.png,1,866,412,933,464
1258,train/dusseldorf/dusseldorf_000216_000019_leftImg8bit.png,1,886,431,975,501
1259,train/dusseldorf/dusseldorf_000216_000019_leftImg8bit.png,1,782,443,863,500
1260,train/dusseldorf/dusseldorf_000216_000019_leftImg8bit.png,1,707,447,791,509
1261,train/dusseldorf/dusseldorf_000216_000019_leftImg8bit.png,1,624,447,743,520
1262,train/dusseldorf/dusseldorf_000216_000019_leftImg8bit.png,1,464,447,615,540
1263,train/dusseldorf/dusseldorf_000216_000019_leftImg8bit.png,1,0,447,82,609
1264,train/dusseldorf/dusseldorf_000216_000019_leftImg8bit.png,1,254,449,476,571
1265,train/dusseldorf/dusseldorf_000216_000019_leftImg8bit.png,1,1004,412,1212,580
1266,train/dusseldorf/dusseldorf_000216_000019_leftImg8bit.png,1,1261,428,1316,481
1267,train/dusseldorf/dusseldorf_000216_000019_leftImg8bit.png,1,1275,434,1349,495
1268,train/dusseldorf/dusseldorf_000216_000019_leftImg8bit.png,1,1436,430,1517,505
1269,train/dusseldorf/dusseldorf_000216_000019_leftImg8bit.png,1,1312,425,1466,540
1270,train/dusseldorf/dusseldorf_000216_000019_leftImg8bit.png,1,1495,427,1599,518
1271,train/dusseldorf/dusseldorf_000216_000019_leftImg8bit.png,1,1561,421,1695,533
1272,train/dusseldorf/dusseldorf_000216_000019_leftImg8bit.png,1,1926,419,2048,616
1273,train/dusseldorf/dusseldorf_000010_000019_leftImg8bit.png,1,709,441,791,501
1274,train/dusseldorf/dusseldorf_000010_000019_leftImg8bit.png,1,845,437,916,494
1275,train/dusseldorf/dusseldorf_000010_000019_leftImg8bit.png,1,657,436,755,507
1276,train/dusseldorf/dusseldorf_000010_000019_leftImg8bit.png,1,746,416,863,507
1277,train/dusseldorf/dusseldorf_000010_000019_leftImg8bit.png,1,905,427,1002,502
1278,train/dusseldorf/dusseldorf_000010_000019_leftImg8bit.png,1,0,435,316,617
1279,train/dusseldorf/dusseldorf_000010_000019_leftImg8bit.png,1,1128,426,1190,492
1280,train/dusseldorf/dusseldorf_000010_000019_leftImg8bit.png,1,1210,372,1302,512
1281,train/dusseldorf/dusseldorf_000010_000019_leftImg8bit.png,4,1340,431,1573,591
1282,train/dusseldorf/dusseldorf_000010_000019_leftImg8bit.png,0,1470,288,1576,640
1283,train/dusseldorf/dusseldorf_000010_000019_leftImg8bit.png,0,1698,283,1840,649
1284,train/dusseldorf/dusseldorf_000010_000019_leftImg8bit.png,0,1750,285,1875,690
1285,train/dusseldorf/dusseldorf_000065_000019_leftImg8bit.png,1,0,521,106,676
1286,train/dusseldorf/dusseldorf_000065_000019_leftImg8bit.png,1,824,410,941,466
1287,train/dusseldorf/dusseldorf_000065_000019_leftImg8bit.png,1,882,429,1004,528
1288,train/dusseldorf/dusseldorf_000065_000019_leftImg8bit.png,1,1783,523,2048,906
1289,train/dusseldorf/dusseldorf_000020_000019_leftImg8bit.png,1,602,409,785,517
1290,train/dusseldorf/dusseldorf_000020_000019_leftImg8bit.png,1,594,421,784,554
1291,train/dusseldorf/dusseldorf_000020_000019_leftImg8bit.png,1,550,422,693,571
1292,train/dusseldorf/dusseldorf_000020_000019_leftImg8bit.png,1,104,414,653,621
1293,train/dusseldorf/dusseldorf_000020_000019_leftImg8bit.png,4,94,467,347,646
1294,train/dusseldorf/dusseldorf_000020_000019_leftImg8bit.png,1,904,387,1071,533
1295,train/dusseldorf/dusseldorf_000020_000019_leftImg8bit.png,4,1631,399,1706,491
1296,train/dusseldorf/dusseldorf_000020_000019_leftImg8bit.png,5,1488,407,1553,488
1297,train/dusseldorf/dusseldorf_000149_000019_leftImg8bit.png,1,1279,412,1387,477
1298,train/dusseldorf/dusseldorf_000149_000019_leftImg8bit.png,1,1415,418,1493,512
1299,train/dusseldorf/dusseldorf_000149_000019_leftImg8bit.png,1,1460,405,1555,528
1300,train/dusseldorf/dusseldorf_000149_000019_leftImg8bit.png,1,1495,399,1706,554
1301,train/dusseldorf/dusseldorf_000149_000019_leftImg8bit.png,1,1613,403,1951,599
1302,train/dusseldorf/dusseldorf_000149_000019_leftImg8bit.png,1,1031,414,1192,535
1303,train/dusseldorf/dusseldorf_000149_000019_leftImg8bit.png,1,0,450,58,713
1304,train/dusseldorf/dusseldorf_000149_000019_leftImg8bit.png,1,619,394,768,514
1305,train/dusseldorf/dusseldorf_000149_000019_leftImg8bit.png,1,423,425,651,570
1306,train/dusseldorf/dusseldorf_000179_000019_leftImg8bit.png,1,631,424,752,525
1307,train/dusseldorf/dusseldorf_000179_000019_leftImg8bit.png,2,179,180,649,576
1308,train/dusseldorf/dusseldorf_000179_000019_leftImg8bit.png,1,991,421,1113,531
1309,train/dusseldorf/dusseldorf_000179_000019_leftImg8bit.png,1,1133,389,1247,515
1310,train/dusseldorf/dusseldorf_000179_000019_leftImg8bit.png,1,1261,417,1367,513
1311,train/dusseldorf/dusseldorf_000179_000019_leftImg8bit.png,1,1297,433,1402,524
1312,train/dusseldorf/dusseldorf_000179_000019_leftImg8bit.png,1,1357,433,1492,534
1313,train/dusseldorf/dusseldorf_000179_000019_leftImg8bit.png,4,1447,461,1539,562
1314,train/dusseldorf/dusseldorf_000179_000019_leftImg8bit.png,1,1509,404,1758,594
1315,train/dusseldorf/dusseldorf_000179_000019_leftImg8bit.png,1,1645,416,1976,640
1316,train/dusseldorf/dusseldorf_000179_000019_leftImg8bit.png,1,1887,351,2048,677
1317,train/dusseldorf/dusseldorf_000089_000019_leftImg8bit.png,1,1358,374,1695,660
1318,train/dusseldorf/dusseldorf_000089_000019_leftImg8bit.png,1,1647,347,2048,991
1319,train/dusseldorf/dusseldorf_000019_000019_leftImg8bit.png,1,980,400,1036,456
1320,train/dusseldorf/dusseldorf_000019_000019_leftImg8bit.png,1,1029,430,1084,499
1321,train/dusseldorf/dusseldorf_000019_000019_leftImg8bit.png,1,1047,422,1152,500
1322,train/dusseldorf/dusseldorf_000019_000019_leftImg8bit.png,4,1167,433,1232,519
1323,train/dusseldorf/dusseldorf_000019_000019_leftImg8bit.png,4,1202,426,1283,519
1324,train/dusseldorf/dusseldorf_000019_000019_leftImg8bit.png,1,942,430,1016,495
1325,train/dusseldorf/dusseldorf_000019_000019_leftImg8bit.png,1,1228,404,1405,547
1326,train/dusseldorf/dusseldorf_000019_000019_leftImg8bit.png,1,1380,383,1771,616
1327,train/dusseldorf/dusseldorf_000019_000019_leftImg8bit.png,1,1935,489,2048,757
1328,train/dusseldorf/dusseldorf_000019_000019_leftImg8bit.png,1,377,427,452,554
1329,train/dusseldorf/dusseldorf_000019_000019_leftImg8bit.png,1,434,391,718,570
1330,train/dusseldorf/dusseldorf_000019_000019_leftImg8bit.png,1,36,367,408,589
1331,train/dusseldorf/dusseldorf_000019_000019_leftImg8bit.png,1,8,408,278,619
1332,train/dusseldorf/dusseldorf_000019_000019_leftImg8bit.png,1,0,411,195,652
1333,train/dusseldorf/dusseldorf_000036_000019_leftImg8bit.png,5,1417,486,1501,550
1334,train/dusseldorf/dusseldorf_000036_000019_leftImg8bit.png,0,1842,411,1928,539
1335,train/dusseldorf/dusseldorf_000036_000019_leftImg8bit.png,4,1899,452,2026,546
1336,train/dusseldorf/dusseldorf_000213_000019_leftImg8bit.png,1,873,433,1002,527
1337,train/dusseldorf/dusseldorf_000213_000019_leftImg8bit.png,1,1252,424,1340,507
1338,train/dusseldorf/dusseldorf_000213_000019_leftImg8bit.png,1,1273,432,1353,525
1339,train/dusseldorf/dusseldorf_000213_000019_leftImg8bit.png,1,1313,430,1440,535
1340,train/dusseldorf/dusseldorf_000213_000019_leftImg8bit.png,1,1392,428,1578,564
1341,train/dusseldorf/dusseldorf_000213_000019_leftImg8bit.png,1,1512,413,1818,600
1342,train/dusseldorf/dusseldorf_000213_000019_leftImg8bit.png,1,1755,401,2048,704
1343,train/dusseldorf/dusseldorf_000213_000019_leftImg8bit.png,1,1040,429,1204,555
1344,train/dusseldorf/dusseldorf_000037_000019_leftImg8bit.png,5,1418,494,1502,554
1345,train/dusseldorf/dusseldorf_000037_000019_leftImg8bit.png,1,42,499,301,588
1346,train/dusseldorf/dusseldorf_000037_000019_leftImg8bit.png,0,1804,411,1881,547
1347,train/dusseldorf/dusseldorf_000037_000019_leftImg8bit.png,0,1765,429,1821,549
1348,train/dusseldorf/dusseldorf_000037_000019_leftImg8bit.png,0,1194,338,1463,726
1349,train/dusseldorf/dusseldorf_000037_000019_leftImg8bit.png,0,1014,436,1221,727
1350,train/dusseldorf/dusseldorf_000037_000019_leftImg8bit.png,0,963,309,1184,754
1351,train/dusseldorf/dusseldorf_000112_000019_leftImg8bit.png,1,832,430,906,499
1352,train/dusseldorf/dusseldorf_000112_000019_leftImg8bit.png,1,741,420,856,527
1353,train/dusseldorf/dusseldorf_000112_000019_leftImg8bit.png,1,639,425,807,543
1354,train/dusseldorf/dusseldorf_000112_000019_leftImg8bit.png,4,633,436,721,548
1355,train/dusseldorf/dusseldorf_000112_000019_leftImg8bit.png,1,517,419,687,591
1356,train/dusseldorf/dusseldorf_000112_000019_leftImg8bit.png,1,190,385,618,665
1357,train/dusseldorf/dusseldorf_000112_000019_leftImg8bit.png,1,1183,422,1248,515
1358,train/dusseldorf/dusseldorf_000112_000019_leftImg8bit.png,1,1212,411,1294,523
1359,train/dusseldorf/dusseldorf_000112_000019_leftImg8bit.png,1,1235,409,1343,539
1360,train/dusseldorf/dusseldorf_000112_000019_leftImg8bit.png,1,1289,394,1436,584
1361,train/dusseldorf/dusseldorf_000112_000019_leftImg8bit.png,1,1356,376,1634,635
1362,train/dusseldorf/dusseldorf_000112_000019_leftImg8bit.png,1,1485,353,2048,733
1363,train/dusseldorf/dusseldorf_000034_000019_leftImg8bit.png,1,660,422,718,477
1364,train/dusseldorf/dusseldorf_000034_000019_leftImg8bit.png,1,623,424,679,483
1365,train/dusseldorf/dusseldorf_000034_000019_leftImg8bit.png,1,537,416,639,489
1366,train/dusseldorf/dusseldorf_000034_000019_leftImg8bit.png,1,494,426,586,498
1367,train/dusseldorf/dusseldorf_000034_000019_leftImg8bit.png,1,399,425,516,510
1368,train/dusseldorf/dusseldorf_000034_000019_leftImg8bit.png,1,296,430,450,520
1369,train/dusseldorf/dusseldorf_000034_000019_leftImg8bit.png,1,1170,401,1238,505
1370,train/dusseldorf/dusseldorf_000034_000019_leftImg8bit.png,1,1211,382,1349,518
1371,train/dusseldorf/dusseldorf_000034_000019_leftImg8bit.png,1,1245,390,1479,558
1372,train/dusseldorf/dusseldorf_000034_000019_leftImg8bit.png,1,1439,284,2048,736
1373,train/dusseldorf/dusseldorf_000082_000019_leftImg8bit.png,1,1577,408,1733,541
1374,train/dusseldorf/dusseldorf_000082_000019_leftImg8bit.png,1,1641,390,2028,597
1375,train/dusseldorf/dusseldorf_000082_000019_leftImg8bit.png,0,730,353,794,433
1376,train/dusseldorf/dusseldorf_000082_000019_leftImg8bit.png,0,842,366,902,446
1377,train/dusseldorf/dusseldorf_000082_000019_leftImg8bit.png,0,120,223,296,450
1378,train/dusseldorf/dusseldorf_000082_000019_leftImg8bit.png,0,749,303,832,440
1379,train/dusseldorf/dusseldorf_000082_000019_leftImg8bit.png,1,1030,317,1214,461
1380,train/dusseldorf/dusseldorf_000082_000019_leftImg8bit.png,1,991,393,1225,578
1381,train/dusseldorf/dusseldorf_000082_000019_leftImg8bit.png,1,1263,351,1470,536
1382,train/dusseldorf/dusseldorf_000082_000019_leftImg8bit.png,1,1304,365,1618,600
1383,train/dusseldorf/dusseldorf_000109_000019_leftImg8bit.png,1,985,410,1052,472
1384,train/dusseldorf/dusseldorf_000109_000019_leftImg8bit.png,1,1357,343,1633,573
1385,train/dusseldorf/dusseldorf_000109_000019_leftImg8bit.png,1,1772,369,2048,799
1386,train/dusseldorf/dusseldorf_000109_000019_leftImg8bit.png,1,591,396,808,591
1387,train/dusseldorf/dusseldorf_000109_000019_leftImg8bit.png,1,330,406,693,644
1388,train/dusseldorf/dusseldorf_000109_000019_leftImg8bit.png,4,299,480,477,646
1389,train/dusseldorf/dusseldorf_000109_000019_leftImg8bit.png,1,0,311,333,898
1390,train/dusseldorf/dusseldorf_000042_000019_leftImg8bit.png,1,203,450,286,504
1391,train/dusseldorf/dusseldorf_000042_000019_leftImg8bit.png,1,124,451,223,512
1392,train/dusseldorf/dusseldorf_000042_000019_leftImg8bit.png,1,9,443,145,515
1393,train/dusseldorf/dusseldorf_000042_000019_leftImg8bit.png,3,1153,323,1251,517
1394,train/dusseldorf/dusseldorf_000042_000019_leftImg8bit.png,3,1220,145,1778,595
1395,train/dusseldorf/dusseldorf_000042_000019_leftImg8bit.png,1,1054,417,1109,468
1396,train/dusseldorf/dusseldorf_000042_000019_leftImg8bit.png,1,982,414,1101,518
1397,train/dusseldorf/dusseldorf_000079_000019_leftImg8bit.png,0,1586,352,1638,410
1398,train/dusseldorf/dusseldorf_000079_000019_leftImg8bit.png,1,1278,419,1337,532
1399,train/dusseldorf/dusseldorf_000079_000019_leftImg8bit.png,3,221,226,775,577
1400,train/dusseldorf/dusseldorf_000079_000019_leftImg8bit.png,1,1305,385,1504,563
1401,train/dusseldorf/dusseldorf_000079_000019_leftImg8bit.png,1,1369,420,1491,600
1402,train/dusseldorf/dusseldorf_000079_000019_leftImg8bit.png,1,1410,396,1651,665
1403,train/dusseldorf/dusseldorf_000079_000019_leftImg8bit.png,1,1532,301,2048,832
1404,train/dusseldorf/dusseldorf_000107_000019_leftImg8bit.png,3,1213,446,1274,512
1405,train/dusseldorf/dusseldorf_000068_000019_leftImg8bit.png,0,523,395,577,541
1406,train/dusseldorf/dusseldorf_000068_000019_leftImg8bit.png,0,719,401,770,540
1407,train/dusseldorf/dusseldorf_000068_000019_leftImg8bit.png,0,1833,209,2047,661
1408,train/dusseldorf/dusseldorf_000068_000019_leftImg8bit.png,0,1780,274,1958,679
1409,train/dusseldorf/dusseldorf_000068_000019_leftImg8bit.png,0,635,392,722,537
1410,train/dusseldorf/dusseldorf_000015_000019_leftImg8bit.png,1,872,446,944,503
1411,train/dusseldorf/dusseldorf_000015_000019_leftImg8bit.png,1,651,439,858,498
1412,train/dusseldorf/dusseldorf_000015_000019_leftImg8bit.png,1,670,443,857,516
1413,train/dusseldorf/dusseldorf_000015_000019_leftImg8bit.png,0,1543,366,1600,536
1414,train/dusseldorf/dusseldorf_000015_000019_leftImg8bit.png,0,1440,344,1510,541
1415,train/dusseldorf/dusseldorf_000015_000019_leftImg8bit.png,1,1610,266,2048,970
1416,train/dusseldorf/dusseldorf_000184_000019_leftImg8bit.png,1,1060,418,1215,470
1417,train/dusseldorf/dusseldorf_000184_000019_leftImg8bit.png,1,1212,418,1324,469
1418,train/dusseldorf/dusseldorf_000184_000019_leftImg8bit.png,1,1300,429,1360,498
1419,train/dusseldorf/dusseldorf_000184_000019_leftImg8bit.png,1,1323,426,1388,507
1420,train/dusseldorf/dusseldorf_000184_000019_leftImg8bit.png,1,1358,418,1442,522
1421,train/dusseldorf/dusseldorf_000184_000019_leftImg8bit.png,1,1389,410,1486,532
1422,train/dusseldorf/dusseldorf_000184_000019_leftImg8bit.png,1,1397,412,1535,561
1423,train/dusseldorf/dusseldorf_000184_000019_leftImg8bit.png,1,1451,399,1682,594
1424,train/dusseldorf/dusseldorf_000184_000019_leftImg8bit.png,1,1566,396,1935,673
1425,train/dusseldorf/dusseldorf_000184_000019_leftImg8bit.png,1,1734,371,2048,825
1426,train/dusseldorf/dusseldorf_000184_000019_leftImg8bit.png,1,1014,422,1078,492
1427,train/dusseldorf/dusseldorf_000184_000019_leftImg8bit.png,1,900,387,1033,502
1428,train/dusseldorf/dusseldorf_000184_000019_leftImg8bit.png,1,931,420,1011,525
1429,train/dusseldorf/dusseldorf_000184_000019_leftImg8bit.png,1,897,384,965,548
1430,train/dusseldorf/dusseldorf_000184_000019_leftImg8bit.png,1,633,342,937,579
1431,train/dusseldorf/dusseldorf_000184_000019_leftImg8bit.png,1,549,407,779,627
1432,train/dusseldorf/dusseldorf_000184_000019_leftImg8bit.png,1,139,382,698,747
1433,train/dusseldorf/dusseldorf_000184_000019_leftImg8bit.png,1,0,311,307,826
1434,train/dusseldorf/dusseldorf_000091_000019_leftImg8bit.png,1,54,394,356,484
1435,train/dusseldorf/dusseldorf_000091_000019_leftImg8bit.png,1,1497,404,1732,549
1436,train/dusseldorf/dusseldorf_000169_000019_leftImg8bit.png,1,1023,423,1117,486
1437,train/dusseldorf/dusseldorf_000169_000019_leftImg8bit.png,1,922,417,1088,490
1438,train/dusseldorf/dusseldorf_000169_000019_leftImg8bit.png,1,919,426,1042,493
1439,train/dusseldorf/dusseldorf_000169_000019_leftImg8bit.png,1,819,429,954,509
1440,train/dusseldorf/dusseldorf_000169_000019_leftImg8bit.png,1,743,439,854,511
1441,train/dusseldorf/dusseldorf_000169_000019_leftImg8bit.png,1,730,439,824,520
1442,train/dusseldorf/dusseldorf_000169_000019_leftImg8bit.png,1,601,430,767,515
1443,train/dusseldorf/dusseldorf_000169_000019_leftImg8bit.png,1,460,435,619,556
1444,train/dusseldorf/dusseldorf_000169_000019_leftImg8bit.png,1,246,446,491,578
1445,train/dusseldorf/dusseldorf_000169_000019_leftImg8bit.png,1,1251,426,1346,510
1446,train/dusseldorf/dusseldorf_000169_000019_leftImg8bit.png,1,1328,371,1686,535
1447,train/dusseldorf/dusseldorf_000169_000019_leftImg8bit.png,1,1542,380,1881,628
1448,train/dusseldorf/dusseldorf_000169_000019_leftImg8bit.png,1,1661,373,2048,716
1449,train/dusseldorf/dusseldorf_000169_000019_leftImg8bit.png,1,1978,436,2048,707
1450,train/dusseldorf/dusseldorf_000172_000019_leftImg8bit.png,1,1313,412,1501,605
1451,train/dusseldorf/dusseldorf_000172_000019_leftImg8bit.png,1,1406,383,1847,683
1452,train/dusseldorf/dusseldorf_000172_000019_leftImg8bit.png,1,1132,409,1275,472
1453,train/dusseldorf/dusseldorf_000172_000019_leftImg8bit.png,1,496,407,731,497
1454,train/dusseldorf/dusseldorf_000172_000019_leftImg8bit.png,1,0,409,350,698
1455,train/dusseldorf/dusseldorf_000172_000019_leftImg8bit.png,1,0,452,188,744
1456,train/dusseldorf/dusseldorf_000120_000019_leftImg8bit.png,1,467,449,575,510
1457,train/dusseldorf/dusseldorf_000120_000019_leftImg8bit.png,1,224,440,458,513
1458,train/dusseldorf/dusseldorf_000120_000019_leftImg8bit.png,1,0,437,209,515
1459,train/dusseldorf/dusseldorf_000120_000019_leftImg8bit.png,4,1921,488,1983,572
1460,train/dusseldorf/dusseldorf_000120_000019_leftImg8bit.png,4,1972,499,2024,583
1461,train/dusseldorf/dusseldorf_000120_000019_leftImg8bit.png,4,1162,450,1252,519
1462,train/dusseldorf/dusseldorf_000120_000019_leftImg8bit.png,5,1181,459,1254,517
1463,train/dusseldorf/dusseldorf_000120_000019_leftImg8bit.png,1,859,441,1168,606
1464,train/dusseldorf/dusseldorf_000052_000019_leftImg8bit.png,1,0,430,77,491
1465,train/dusseldorf/dusseldorf_000052_000019_leftImg8bit.png,1,1300,390,1356,528
1466,train/dusseldorf/dusseldorf_000052_000019_leftImg8bit.png,1,1303,385,1437,555
1467,train/dusseldorf/dusseldorf_000052_000019_leftImg8bit.png,1,1327,381,1523,595
1468,train/dusseldorf/dusseldorf_000052_000019_leftImg8bit.png,1,1415,362,1890,679
1469,train/dusseldorf/dusseldorf_000052_000019_leftImg8bit.png,1,1211,399,1268,455
1470,train/dusseldorf/dusseldorf_000052_000019_leftImg8bit.png,1,1167,394,1238,460
1471,train/dusseldorf/dusseldorf_000052_000019_leftImg8bit.png,1,1113,393,1207,467
1472,train/dusseldorf/dusseldorf_000174_000019_leftImg8bit.png,1,778,430,836,488
1473,train/dusseldorf/dusseldorf_000174_000019_leftImg8bit.png,1,739,436,794,494
1474,train/dusseldorf/dusseldorf_000174_000019_leftImg8bit.png,1,610,439,664,504
1475,train/dusseldorf/dusseldorf_000174_000019_leftImg8bit.png,1,503,430,613,529
1476,train/dusseldorf/dusseldorf_000174_000019_leftImg8bit.png,1,404,437,551,544
1477,train/dusseldorf/dusseldorf_000174_000019_leftImg8bit.png,1,270,456,453,561
1478,train/dusseldorf/dusseldorf_000174_000019_leftImg8bit.png,1,0,418,326,642
1479,train/dusseldorf/dusseldorf_000174_000019_leftImg8bit.png,1,636,426,759,522
1480,train/dusseldorf/dusseldorf_000174_000019_leftImg8bit.png,1,810,436,886,493
1481,train/dusseldorf/dusseldorf_000137_000019_leftImg8bit.png,1,1236,424,1335,510
1482,train/dusseldorf/dusseldorf_000137_000019_leftImg8bit.png,1,1128,442,1250,530
1483,train/dusseldorf/dusseldorf_000137_000019_leftImg8bit.png,1,1324,438,1404,550
1484,train/dusseldorf/dusseldorf_000137_000019_leftImg8bit.png,1,1348,444,1421,559
1485,train/dusseldorf/dusseldorf_000137_000019_leftImg8bit.png,1,1369,444,1464,601
1486,train/dusseldorf/dusseldorf_000137_000019_leftImg8bit.png,0,1849,387,1946,561
1487,train/dusseldorf/dusseldorf_000137_000019_leftImg8bit.png,1,1007,431,1072,499
1488,train/dusseldorf/dusseldorf_000137_000019_leftImg8bit.png,1,947,440,1003,499
1489,train/dusseldorf/dusseldorf_000137_000019_leftImg8bit.png,1,970,446,1060,508
1490,train/dusseldorf/dusseldorf_000137_000019_leftImg8bit.png,1,752,436,849,520
1491,train/dusseldorf/dusseldorf_000137_000019_leftImg8bit.png,1,818,423,984,553
1492,train/dusseldorf/dusseldorf_000137_000019_leftImg8bit.png,1,665,436,781,538
1493,train/dusseldorf/dusseldorf_000137_000019_leftImg8bit.png,1,508,405,719,563
1494,train/dusseldorf/dusseldorf_000137_000019_leftImg8bit.png,1,345,423,601,594
1495,train/dusseldorf/dusseldorf_000137_000019_leftImg8bit.png,1,0,414,457,657
1496,train/dusseldorf/dusseldorf_000057_000019_leftImg8bit.png,1,854,420,912,473
1497,train/dusseldorf/dusseldorf_000057_000019_leftImg8bit.png,1,773,412,874,479
1498,train/dusseldorf/dusseldorf_000057_000019_leftImg8bit.png,1,756,415,837,485
1499,train/dusseldorf/dusseldorf_000057_000019_leftImg8bit.png,1,588,413,785,490
1500,train/dusseldorf/dusseldorf_000057_000019_leftImg8bit.png,0,1030,411,1103,522
1501,train/dusseldorf/dusseldorf_000057_000019_leftImg8bit.png,0,1114,396,1165,536
1502,train/dusseldorf/dusseldorf_000057_000019_leftImg8bit.png,0,1355,409,1434,532
1503,train/dusseldorf/dusseldorf_000057_000019_leftImg8bit.png,0,1790,392,1864,544
1504,train/dusseldorf/dusseldorf_000025_000019_leftImg8bit.png,1,1291,422,1496,508
1505,train/dusseldorf/dusseldorf_000025_000019_leftImg8bit.png,1,1437,416,1692,520
1506,train/dusseldorf/dusseldorf_000025_000019_leftImg8bit.png,1,957,409,1182,586
1507,train/dusseldorf/dusseldorf_000025_000019_leftImg8bit.png,1,402,363,779,641
1508,train/dusseldorf/dusseldorf_000159_000019_leftImg8bit.png,1,356,446,446,505
1509,train/dusseldorf/dusseldorf_000159_000019_leftImg8bit.png,1,339,457,396,510
1510,train/dusseldorf/dusseldorf_000159_000019_leftImg8bit.png,1,149,460,275,525
1511,train/dusseldorf/dusseldorf_000159_000019_leftImg8bit.png,1,230,458,377,532
1512,train/dusseldorf/dusseldorf_000159_000019_leftImg8bit.png,1,1096,419,1187,498
1513,train/dusseldorf/dusseldorf_000053_000019_leftImg8bit.png,1,1006,439,1084,500
1514,train/dusseldorf/dusseldorf_000059_000019_leftImg8bit.png,1,1147,407,1286,504
1515,train/dusseldorf/dusseldorf_000059_000019_leftImg8bit.png,4,1466,434,1580,577
1516,train/dusseldorf/dusseldorf_000059_000019_leftImg8bit.png,1,837,417,889,476
1517,train/dusseldorf/dusseldorf_000059_000019_leftImg8bit.png,1,725,406,863,486
1518,train/dusseldorf/dusseldorf_000059_000019_leftImg8bit.png,1,742,417,854,491
1519,train/dusseldorf/dusseldorf_000059_000019_leftImg8bit.png,1,760,420,827,501
1520,train/dusseldorf/dusseldorf_000059_000019_leftImg8bit.png,1,680,409,787,505
1521,train/dusseldorf/dusseldorf_000059_000019_leftImg8bit.png,1,682,411,733,521
1522,train/dusseldorf/dusseldorf_000059_000019_leftImg8bit.png,1,583,399,713,531
1523,train/dusseldorf/dusseldorf_000059_000019_leftImg8bit.png,1,528,397,707,548
1524,train/dusseldorf/dusseldorf_000059_000019_leftImg8bit.png,1,515,404,692,565
1525,train/dusseldorf/dusseldorf_000059_000019_leftImg8bit.png,1,312,388,588,588
1526,train/dusseldorf/dusseldorf_000059_000019_leftImg8bit.png,1,141,383,432,619
1527,train/dusseldorf/dusseldorf_000059_000019_leftImg8bit.png,1,0,373,266,655
1528,train/dusseldorf/dusseldorf_000059_000019_leftImg8bit.png,1,0,376,213,731
1529,train/dusseldorf/dusseldorf_000059_000019_leftImg8bit.png,1,921,390,1167,595
1530,train/dusseldorf/dusseldorf_000059_000019_leftImg8bit.png,1,1670,329,2048,814
1531,train/dusseldorf/dusseldorf_000165_000019_leftImg8bit.png,1,769,426,837,480
1532,train/dusseldorf/dusseldorf_000165_000019_leftImg8bit.png,1,199,422,404,568
1533,train/dusseldorf/dusseldorf_000165_000019_leftImg8bit.png,1,0,372,223,645
1534,train/dusseldorf/dusseldorf_000165_000019_leftImg8bit.png,1,0,509,100,676
1535,train/dusseldorf/dusseldorf_000165_000019_leftImg8bit.png,1,589,385,802,559
1536,train/dusseldorf/dusseldorf_000165_000019_leftImg8bit.png,1,1042,278,1583,561
1537,train/dusseldorf/dusseldorf_000165_000019_leftImg8bit.png,1,1212,373,1487,511
1538,train/dusseldorf/dusseldorf_000165_000019_leftImg8bit.png,1,1235,395,1483,612
1539,train/dusseldorf/dusseldorf_000165_000019_leftImg8bit.png,1,1398,349,1870,577
1540,train/dusseldorf/dusseldorf_000165_000019_leftImg8bit.png,1,1733,305,2048,877
1541,train/dusseldorf/dusseldorf_000165_000019_leftImg8bit.png,4,996,484,1075,660
1542,train/dusseldorf/dusseldorf_000194_000019_leftImg8bit.png,1,492,420,576,479
1543,train/dusseldorf/dusseldorf_000194_000019_leftImg8bit.png,1,534,420,649,482
1544,train/dusseldorf/dusseldorf_000194_000019_leftImg8bit.png,1,636,409,768,486
1545,train/dusseldorf/dusseldorf_000194_000019_leftImg8bit.png,1,763,413,845,490
1546,train/dusseldorf/dusseldorf_000194_000019_leftImg8bit.png,1,977,400,1029,464
1547,train/dusseldorf/dusseldorf_000194_000019_leftImg8bit.png,1,987,408,1216,506
1548,train/dusseldorf/dusseldorf_000194_000019_leftImg8bit.png,1,798,382,1002,524
1549,train/dusseldorf/dusseldorf_000194_000019_leftImg8bit.png,1,1144,399,1423,511
1550,train/dusseldorf/dusseldorf_000194_000019_leftImg8bit.png,1,1405,356,1618,525
1551,train/dusseldorf/dusseldorf_000194_000019_leftImg8bit.png,1,164,411,517,590
1552,train/dusseldorf/dusseldorf_000135_000019_leftImg8bit.png,1,1111,415,1195,467
1553,train/dusseldorf/dusseldorf_000135_000019_leftImg8bit.png,1,1138,420,1213,473
1554,train/dusseldorf/dusseldorf_000135_000019_leftImg8bit.png,1,1161,410,1232,476
1555,train/dusseldorf/dusseldorf_000135_000019_leftImg8bit.png,1,1185,414,1238,478
1556,train/dusseldorf/dusseldorf_000135_000019_leftImg8bit.png,1,1202,384,1408,487
1557,train/dusseldorf/dusseldorf_000135_000019_leftImg8bit.png,1,1214,384,1545,530
1558,train/dusseldorf/dusseldorf_000135_000019_leftImg8bit.png,1,1337,388,1631,518
1559,train/dusseldorf/dusseldorf_000135_000019_leftImg8bit.png,0,1832,296,1884,354
1560,train/dusseldorf/dusseldorf_000135_000019_leftImg8bit.png,1,575,453,640,511
1561,train/dusseldorf/dusseldorf_000135_000019_leftImg8bit.png,1,497,450,601,506
1562,train/dusseldorf/dusseldorf_000135_000019_leftImg8bit.png,1,448,455,547,522
1563,train/dusseldorf/dusseldorf_000135_000019_leftImg8bit.png,1,340,450,500,525
1564,train/dusseldorf/dusseldorf_000135_000019_leftImg8bit.png,1,186,448,427,549
1565,train/dusseldorf/dusseldorf_000135_000019_leftImg8bit.png,5,0,477,65,539
1566,train/dusseldorf/dusseldorf_000135_000019_leftImg8bit.png,1,873,424,958,496
1567,train/dusseldorf/dusseldorf_000135_000019_leftImg8bit.png,1,1454,335,1949,622
1568,train/dusseldorf/dusseldorf_000135_000019_leftImg8bit.png,1,1564,320,2048,671
1569,train/dusseldorf/dusseldorf_000135_000019_leftImg8bit.png,1,0,505,114,610
1570,train/dusseldorf/dusseldorf_000199_000019_leftImg8bit.png,1,616,410,692,465
1571,train/dusseldorf/dusseldorf_000211_000019_leftImg8bit.png,1,0,361,215,680
1572,train/dusseldorf/dusseldorf_000211_000019_leftImg8bit.png,1,664,378,753,530
1573,train/dusseldorf/dusseldorf_000211_000019_leftImg8bit.png,0,740,393,810,534
1574,train/dusseldorf/dusseldorf_000211_000019_leftImg8bit.png,1,471,392,710,559
1575,train/dusseldorf/dusseldorf_000211_000019_leftImg8bit.png,1,224,372,608,568
1576,train/dusseldorf/dusseldorf_000211_000019_leftImg8bit.png,0,401,341,512,460
1577,train/dusseldorf/dusseldorf_000211_000019_leftImg8bit.png,1,169,378,527,651
1578,train/dusseldorf/dusseldorf_000211_000019_leftImg8bit.png,0,12,255,237,834
1579,train/dusseldorf/dusseldorf_000211_000019_leftImg8bit.png,0,1225,355,1327,642
1580,train/dusseldorf/dusseldorf_000211_000019_leftImg8bit.png,0,1116,372,1217,645
1581,train/dusseldorf/dusseldorf_000211_000019_leftImg8bit.png,4,1413,448,1568,566
1582,train/dusseldorf/dusseldorf_000183_000019_leftImg8bit.png,1,1215,408,1313,503
1583,train/dusseldorf/dusseldorf_000183_000019_leftImg8bit.png,5,1248,415,1307,507
1584,train/dusseldorf/dusseldorf_000183_000019_leftImg8bit.png,1,1278,398,1403,528
1585,train/dusseldorf/dusseldorf_000183_000019_leftImg8bit.png,1,1306,398,1502,548
1586,train/dusseldorf/dusseldorf_000183_000019_leftImg8bit.png,1,1417,389,1649,617
1587,train/dusseldorf/dusseldorf_000183_000019_leftImg8bit.png,1,1545,362,2048,720
1588,train/dusseldorf/dusseldorf_000183_000019_leftImg8bit.png,1,1023,404,1094,468
1589,train/dusseldorf/dusseldorf_000183_000019_leftImg8bit.png,1,842,408,914,499
1590,train/dusseldorf/dusseldorf_000183_000019_leftImg8bit.png,1,902,410,1011,508
1591,train/dusseldorf/dusseldorf_000183_000019_leftImg8bit.png,1,785,401,869,519
1592,train/dusseldorf/dusseldorf_000183_000019_leftImg8bit.png,1,751,386,834,539
1593,train/dusseldorf/dusseldorf_000183_000019_leftImg8bit.png,1,515,335,797,579
1594,train/dusseldorf/dusseldorf_000183_000019_leftImg8bit.png,1,399,387,733,633
1595,train/dusseldorf/dusseldorf_000183_000019_leftImg8bit.png,1,42,352,537,721
1596,train/dusseldorf/dusseldorf_000146_000019_leftImg8bit.png,1,1240,457,1322,509
1597,train/dusseldorf/dusseldorf_000146_000019_leftImg8bit.png,4,1980,444,2033,521
1598,train/dusseldorf/dusseldorf_000146_000019_leftImg8bit.png,1,577,450,750,563
1599,train/dusseldorf/dusseldorf_000146_000019_leftImg8bit.png,5,192,451,256,536
1600,train/dusseldorf/dusseldorf_000146_000019_leftImg8bit.png,1,0,437,232,673
1601,train/dusseldorf/dusseldorf_000147_000019_leftImg8bit.png,1,1297,431,1375,496
1602,train/dusseldorf/dusseldorf_000147_000019_leftImg8bit.png,1,1406,431,1552,534
1603,train/dusseldorf/dusseldorf_000147_000019_leftImg8bit.png,1,1506,422,1704,577
1604,train/dusseldorf/dusseldorf_000147_000019_leftImg8bit.png,1,1631,402,2004,636
1605,train/dusseldorf/dusseldorf_000147_000019_leftImg8bit.png,1,1197,436,1309,518
1606,train/dusseldorf/dusseldorf_000147_000019_leftImg8bit.png,1,358,405,477,461
1607,train/dusseldorf/dusseldorf_000147_000019_leftImg8bit.png,1,0,376,112,480
1608,train/dusseldorf/dusseldorf_000110_000019_leftImg8bit.png,1,1153,411,1207,464
1609,train/dusseldorf/dusseldorf_000110_000019_leftImg8bit.png,1,1183,411,1239,473
1610,train/dusseldorf/dusseldorf_000110_000019_leftImg8bit.png,1,1194,412,1252,480
1611,train/dusseldorf/dusseldorf_000110_000019_leftImg8bit.png,1,1214,412,1269,487
1612,train/dusseldorf/dusseldorf_000110_000019_leftImg8bit.png,1,1238,382,1379,519
1613,train/dusseldorf/dusseldorf_000110_000019_leftImg8bit.png,1,1291,394,1384,532
1614,train/dusseldorf/dusseldorf_000110_000019_leftImg8bit.png,1,1338,377,1488,551
1615,train/dusseldorf/dusseldorf_000110_000019_leftImg8bit.png,1,1368,380,1611,575
1616,train/dusseldorf/dusseldorf_000110_000019_leftImg8bit.png,1,930,425,1005,477
1617,train/dusseldorf/dusseldorf_000110_000019_leftImg8bit.png,1,734,428,858,540
1618,train/dusseldorf/dusseldorf_000110_000019_leftImg8bit.png,4,722,447,777,536
1619,train/dusseldorf/dusseldorf_000110_000019_leftImg8bit.png,1,518,411,758,570
1620,train/dusseldorf/dusseldorf_000110_000019_leftImg8bit.png,1,0,394,479,686
1621,train/dusseldorf/dusseldorf_000110_000019_leftImg8bit.png,1,1532,336,2048,726
1622,train/dusseldorf/dusseldorf_000201_000019_leftImg8bit.png,1,1258,438,1329,520
1623,train/dusseldorf/dusseldorf_000201_000019_leftImg8bit.png,1,1292,439,1360,529
1624,train/dusseldorf/dusseldorf_000201_000019_leftImg8bit.png,1,1326,439,1438,544
1625,train/dusseldorf/dusseldorf_000201_000019_leftImg8bit.png,1,1389,440,1550,568
1626,train/dusseldorf/dusseldorf_000201_000019_leftImg8bit.png,1,1476,425,1769,627
1627,train/dusseldorf/dusseldorf_000201_000019_leftImg8bit.png,1,1645,412,2048,709
1628,train/dusseldorf/dusseldorf_000201_000019_leftImg8bit.png,1,373,419,551,529
1629,train/dusseldorf/dusseldorf_000201_000019_leftImg8bit.png,1,150,423,373,552
1630,train/dusseldorf/dusseldorf_000201_000019_leftImg8bit.png,1,1004,435,1154,550
1631,train/dusseldorf/dusseldorf_000130_000019_leftImg8bit.png,2,148,425,257,509
1632,train/dusseldorf/dusseldorf_000130_000019_leftImg8bit.png,1,282,465,391,518
1633,train/dusseldorf/dusseldorf_000130_000019_leftImg8bit.png,1,151,469,300,539
1634,train/dusseldorf/dusseldorf_000130_000019_leftImg8bit.png,1,0,477,111,553
1635,train/dusseldorf/dusseldorf_000130_000019_leftImg8bit.png,1,1095,444,1156,497
1636,train/dusseldorf/dusseldorf_000130_000019_leftImg8bit.png,1,997,448,1084,512
1637,train/dusseldorf/dusseldorf_000181_000019_leftImg8bit.png,1,0,411,386,605
1638,train/dusseldorf/dusseldorf_000181_000019_leftImg8bit.png,1,0,426,157,629
1639,train/dusseldorf/dusseldorf_000181_000019_leftImg8bit.png,1,0,554,117,716
1640,train/dusseldorf/dusseldorf_000181_000019_leftImg8bit.png,1,561,402,869,530
1641,train/dusseldorf/dusseldorf_000181_000019_leftImg8bit.png,4,531,451,611,600
1642,train/dusseldorf/dusseldorf_000181_000019_leftImg8bit.png,1,1100,401,1174,469
1643,train/dusseldorf/dusseldorf_000181_000019_leftImg8bit.png,1,1136,407,1219,491
1644,train/dusseldorf/dusseldorf_000181_000019_leftImg8bit.png,1,1180,404,1246,516
1645,train/dusseldorf/dusseldorf_000181_000019_leftImg8bit.png,1,1203,369,1387,539
1646,train/dusseldorf/dusseldorf_000181_000019_leftImg8bit.png,1,1294,376,1430,570
1647,train/dusseldorf/dusseldorf_000181_000019_leftImg8bit.png,1,1361,315,1729,623
1648,train/dusseldorf/dusseldorf_000181_000019_leftImg8bit.png,1,1501,349,2048,756
1649,train/dusseldorf/dusseldorf_000181_000019_leftImg8bit.png,1,1922,481,2048,911
1650,train/dusseldorf/dusseldorf_000127_000019_leftImg8bit.png,1,442,421,656,555
1651,train/dusseldorf/dusseldorf_000127_000019_leftImg8bit.png,1,0,90,179,712
1652,train/dusseldorf/dusseldorf_000127_000019_leftImg8bit.png,1,818,405,892,487
1653,train/dusseldorf/dusseldorf_000127_000019_leftImg8bit.png,1,740,435,837,498
1654,train/dusseldorf/dusseldorf_000127_000019_leftImg8bit.png,1,1130,433,1237,492
1655,train/dusseldorf/dusseldorf_000127_000019_leftImg8bit.png,1,1189,419,1265,508
1656,train/dusseldorf/dusseldorf_000127_000019_leftImg8bit.png,1,1228,393,1455,514
1657,train/dusseldorf/dusseldorf_000127_000019_leftImg8bit.png,1,1366,398,1585,528
1658,train/dusseldorf/dusseldorf_000127_000019_leftImg8bit.png,1,1378,393,1745,577
1659,train/dusseldorf/dusseldorf_000127_000019_leftImg8bit.png,1,1474,319,2048,641
1660,train/dusseldorf/dusseldorf_000160_000019_leftImg8bit.png,1,432,436,530,513
1661,train/dusseldorf/dusseldorf_000160_000019_leftImg8bit.png,1,345,436,456,525
1662,train/dusseldorf/dusseldorf_000160_000019_leftImg8bit.png,1,249,437,375,537
1663,train/dusseldorf/dusseldorf_000160_000019_leftImg8bit.png,1,112,435,279,551
1664,train/dusseldorf/dusseldorf_000160_000019_leftImg8bit.png,1,0,435,145,573
1665,train/dusseldorf/dusseldorf_000160_000019_leftImg8bit.png,1,1693,320,2048,867
1666,train/dusseldorf/dusseldorf_000160_000019_leftImg8bit.png,1,1140,432,1191,484
1667,train/dusseldorf/dusseldorf_000160_000019_leftImg8bit.png,1,1168,427,1230,509
1668,train/dusseldorf/dusseldorf_000160_000019_leftImg8bit.png,1,1208,392,1392,552
1669,train/dusseldorf/dusseldorf_000160_000019_leftImg8bit.png,1,1273,401,1435,572
1670,train/dusseldorf/dusseldorf_000105_000019_leftImg8bit.png,1,720,439,810,512
1671,train/dusseldorf/dusseldorf_000105_000019_leftImg8bit.png,1,890,429,1028,533
1672,train/dusseldorf/dusseldorf_000105_000019_leftImg8bit.png,1,367,432,584,588
1673,train/dusseldorf/dusseldorf_000105_000019_leftImg8bit.png,5,311,448,424,616
1674,train/dusseldorf/dusseldorf_000105_000019_leftImg8bit.png,1,0,437,355,711
1675,train/dusseldorf/dusseldorf_000007_000019_leftImg8bit.png,1,1097,379,1173,494
1676,train/dusseldorf/dusseldorf_000007_000019_leftImg8bit.png,1,1024,393,1135,505
1677,train/dusseldorf/dusseldorf_000007_000019_leftImg8bit.png,1,1000,413,1098,517
1678,train/dusseldorf/dusseldorf_000007_000019_leftImg8bit.png,1,929,413,1086,542
1679,train/dusseldorf/dusseldorf_000007_000019_leftImg8bit.png,1,0,352,668,897
1680,train/dusseldorf/dusseldorf_000007_000019_leftImg8bit.png,1,1342,422,1417,504
1681,train/dusseldorf/dusseldorf_000007_000019_leftImg8bit.png,1,1365,428,1425,508
1682,train/dusseldorf/dusseldorf_000007_000019_leftImg8bit.png,1,1372,425,1442,519
1683,train/dusseldorf/dusseldorf_000007_000019_leftImg8bit.png,1,1393,422,1470,528
1684,train/dusseldorf/dusseldorf_000007_000019_leftImg8bit.png,1,1413,427,1489,532
1685,train/dusseldorf/dusseldorf_000007_000019_leftImg8bit.png,1,1424,399,1587,599
1686,train/dusseldorf/dusseldorf_000007_000019_leftImg8bit.png,1,1488,365,1951,698
1687,train/dusseldorf/dusseldorf_000007_000019_leftImg8bit.png,1,1871,447,2048,819
1688,train/dusseldorf/dusseldorf_000024_000019_leftImg8bit.png,1,505,459,604,518
1689,train/dusseldorf/dusseldorf_000024_000019_leftImg8bit.png,1,404,457,490,515
1690,train/dusseldorf/dusseldorf_000024_000019_leftImg8bit.png,1,1030,436,1086,519
1691,train/dusseldorf/dusseldorf_000024_000019_leftImg8bit.png,1,1287,394,1537,540
1692,train/dusseldorf/dusseldorf_000024_000019_leftImg8bit.png,1,1030,414,1316,647
1693,train/dusseldorf/dusseldorf_000024_000019_leftImg8bit.png,1,721,430,958,576
1694,train/dusseldorf/dusseldorf_000024_000019_leftImg8bit.png,1,0,372,548,868
1695,train/dusseldorf/dusseldorf_000119_000019_leftImg8bit.png,1,886,414,950,481
1696,train/dusseldorf/dusseldorf_000119_000019_leftImg8bit.png,1,755,421,814,517
1697,train/dusseldorf/dusseldorf_000119_000019_leftImg8bit.png,1,854,427,979,528
1698,train/dusseldorf/dusseldorf_000119_000019_leftImg8bit.png,1,556,358,795,549
1699,train/dusseldorf/dusseldorf_000119_000019_leftImg8bit.png,1,0,297,381,780
1700,train/dusseldorf/dusseldorf_000063_000019_leftImg8bit.png,1,1178,427,1239,489
1701,train/dusseldorf/dusseldorf_000063_000019_leftImg8bit.png,1,1187,432,1247,493
1702,train/dusseldorf/dusseldorf_000063_000019_leftImg8bit.png,1,1230,429,1342,515
1703,train/dusseldorf/dusseldorf_000063_000019_leftImg8bit.png,1,1310,405,1463,543
1704,train/dusseldorf/dusseldorf_000063_000019_leftImg8bit.png,1,832,418,947,496
1705,train/dusseldorf/dusseldorf_000063_000019_leftImg8bit.png,1,863,436,915,509
1706,train/dusseldorf/dusseldorf_000063_000019_leftImg8bit.png,1,808,432,893,521
1707,train/dusseldorf/dusseldorf_000063_000019_leftImg8bit.png,1,795,459,867,530
1708,train/dusseldorf/dusseldorf_000063_000019_leftImg8bit.png,1,556,397,834,561
1709,train/dusseldorf/dusseldorf_000063_000019_leftImg8bit.png,1,570,429,738,577
1710,train/dusseldorf/dusseldorf_000063_000019_leftImg8bit.png,1,206,388,634,643
1711,train/dusseldorf/dusseldorf_000063_000019_leftImg8bit.png,1,208,437,379,668
1712,train/dusseldorf/dusseldorf_000063_000019_leftImg8bit.png,1,0,412,322,719
1713,train/dusseldorf/dusseldorf_000063_000019_leftImg8bit.png,1,0,411,149,792
1714,train/dusseldorf/dusseldorf_000063_000019_leftImg8bit.png,1,1371,425,1529,576
1715,train/dusseldorf/dusseldorf_000063_000019_leftImg8bit.png,1,1470,383,1785,632
1716,train/dusseldorf/dusseldorf_000063_000019_leftImg8bit.png,1,1653,382,2048,747
1717,train/dusseldorf/dusseldorf_000099_000019_leftImg8bit.png,1,1178,372,1278,458
1718,train/dusseldorf/dusseldorf_000099_000019_leftImg8bit.png,1,1228,381,1338,495
1719,train/dusseldorf/dusseldorf_000099_000019_leftImg8bit.png,1,1272,383,1420,508
1720,train/dusseldorf/dusseldorf_000099_000019_leftImg8bit.png,1,1370,358,1686,573
1721,train/dusseldorf/dusseldorf_000220_000019_leftImg8bit.png,1,1285,405,1378,473
1722,train/dusseldorf/dusseldorf_000220_000019_leftImg8bit.png,1,1094,412,1248,531
1723,train/dusseldorf/dusseldorf_000218_000019_leftImg8bit.png,1,650,437,716,496
1724,train/dusseldorf/dusseldorf_000218_000019_leftImg8bit.png,1,599,436,669,506
1725,train/dusseldorf/dusseldorf_000218_000019_leftImg8bit.png,1,537,427,631,514
1726,train/dusseldorf/dusseldorf_000218_000019_leftImg8bit.png,1,467,436,562,522
1727,train/dusseldorf/dusseldorf_000218_000019_leftImg8bit.png,5,274,432,332,513
1728,train/dusseldorf/dusseldorf_000218_000019_leftImg8bit.png,1,322,436,493,538
1729,train/dusseldorf/dusseldorf_000218_000019_leftImg8bit.png,1,967,415,1148,555
1730,train/dusseldorf/dusseldorf_000218_000019_leftImg8bit.png,1,1190,428,1278,490
1731,train/dusseldorf/dusseldorf_000218_000019_leftImg8bit.png,1,1258,397,1440,540
1732,train/dusseldorf/dusseldorf_000218_000019_leftImg8bit.png,1,1384,415,1701,614
