0,val/frankfurt/frankfurt_000000_005543_leftImg8bit.png,1,818,356,907,424
1,val/frankfurt/frankfurt_000000_005543_leftImg8bit.png,1,754,356,863,420
2,val/frankfurt/frankfurt_000000_005543_leftImg8bit.png,1,504,356,785,449
3,val/frankfurt/frankfurt_000000_005543_leftImg8bit.png,1,1024,375,1151,476
4,val/frankfurt/frankfurt_000000_005543_leftImg8bit.png,1,111,293,491,512
5,val/frankfurt/frankfurt_000000_005543_leftImg8bit.png,1,0,301,282,531
6,val/frankfurt/frankfurt_000001_005410_leftImg8bit.png,4,1342,404,1491,519
7,val/frankfurt/frankfurt_000001_005410_leftImg8bit.png,1,908,388,1014,443
8,val/frankfurt/frankfurt_000001_005410_leftImg8bit.png,1,420,379,520,517
9,val/frankfurt/frankfurt_000001_005410_leftImg8bit.png,4,804,397,862,460
10,val/frankfurt/frankfurt_000001_005410_leftImg8bit.png,0,1119,296,1196,569
11,val/frankfurt/frankfurt_000001_005410_leftImg8bit.png,0,1139,279,1282,600
12,val/frankfurt/frankfurt_000001_005410_leftImg8bit.png,0,1269,281,1399,606
13,val/frankfurt/frankfurt_000001_005410_leftImg8bit.png,1,1677,378,1730,452
14,val/frankfurt/frankfurt_000001_005410_leftImg8bit.png,0,1563,281,1685,547
15,val/frankfurt/frankfurt_000001_005410_leftImg8bit.png,1,1848,384,1921,475
16,val/frankfurt/frankfurt_000001_005410_leftImg8bit.png,4,1883,408,1951,516
17,val/frankfurt/frankfurt_000001_005410_leftImg8bit.png,0,1993,346,2048,475
18,val/frankfurt/frankfurt_000001_005410_leftImg8bit.png,4,1904,403,2048,633
19,val/frankfurt/frankfurt_000001_005410_leftImg8bit.png,1,444,353,777,610
20,val/frankfurt/frankfurt_000001_007407_leftImg8bit.png,1,1014,333,1469,561
21,val/frankfurt/frankfurt_000001_007407_leftImg8bit.png,4,404,495,553,586
22,val/frankfurt/frankfurt_000001_007407_leftImg8bit.png,0,1114,372,1193,562
23,val/frankfurt/frankfurt_000001_007407_leftImg8bit.png,0,1266,376,1323,548
24,val/frankfurt/frankfurt_000001_007407_leftImg8bit.png,1,1600,403,1686,480
25,val/frankfurt/frankfurt_000000_020321_leftImg8bit.png,1,551,378,631,441
26,val/frankfurt/frankfurt_000000_020321_leftImg8bit.png,1,550,395,610,451
27,val/frankfurt/frankfurt_000000_020321_leftImg8bit.png,1,479,392,574,461
28,val/frankfurt/frankfurt_000000_020321_leftImg8bit.png,1,390,385,495,469
29,val/frankfurt/frankfurt_000000_020321_leftImg8bit.png,1,1493,348,1664,449
30,val/frankfurt/frankfurt_000000_020321_leftImg8bit.png,0,1516,274,1608,568
31,val/frankfurt/frankfurt_000000_020321_leftImg8bit.png,0,1626,374,1689,558
32,val/frankfurt/frankfurt_000000_020321_leftImg8bit.png,0,1675,296,1778,557
33,val/frankfurt/frankfurt_000000_020321_leftImg8bit.png,1,972,364,1033,430
34,val/frankfurt/frankfurt_000000_020321_leftImg8bit.png,1,985,369,1063,440
35,val/frankfurt/frankfurt_000000_020321_leftImg8bit.png,1,1026,382,1138,455
36,val/frankfurt/frankfurt_000000_020321_leftImg8bit.png,0,1214,335,1274,461
37,val/frankfurt/frankfurt_000001_017842_leftImg8bit.png,1,1134,365,1219,458
38,val/frankfurt/frankfurt_000001_017842_leftImg8bit.png,1,1155,364,1290,470
39,val/frankfurt/frankfurt_000001_017842_leftImg8bit.png,4,1255,406,1327,508
40,val/frankfurt/frankfurt_000001_017842_leftImg8bit.png,4,1437,400,1508,508
41,val/frankfurt/frankfurt_000001_017842_leftImg8bit.png,4,1289,386,1476,517
42,val/frankfurt/frankfurt_000001_017842_leftImg8bit.png,0,1612,318,1691,480
43,val/frankfurt/frankfurt_000001_017842_leftImg8bit.png,0,1838,297,1890,453
44,val/frankfurt/frankfurt_000001_017842_leftImg8bit.png,1,929,393,1039,476
45,val/frankfurt/frankfurt_000001_017842_leftImg8bit.png,3,797,363,883,450
46,val/frankfurt/frankfurt_000001_017842_leftImg8bit.png,1,658,406,720,466
47,val/frankfurt/frankfurt_000001_017842_leftImg8bit.png,1,632,413,690,470
48,val/frankfurt/frankfurt_000001_017842_leftImg8bit.png,1,606,416,666,474
49,val/frankfurt/frankfurt_000001_017842_leftImg8bit.png,1,581,415,634,481
50,val/frankfurt/frankfurt_000001_017842_leftImg8bit.png,1,473,393,602,492
51,val/frankfurt/frankfurt_000001_037705_leftImg8bit.png,1,320,411,406,473
52,val/frankfurt/frankfurt_000001_037705_leftImg8bit.png,1,272,422,366,481
53,val/frankfurt/frankfurt_000001_037705_leftImg8bit.png,1,172,423,279,493
54,val/frankfurt/frankfurt_000001_037705_leftImg8bit.png,1,11,428,129,500
55,val/frankfurt/frankfurt_000001_037705_leftImg8bit.png,0,86,278,271,753
56,val/frankfurt/frankfurt_000001_037705_leftImg8bit.png,0,658,321,751,680
57,val/frankfurt/frankfurt_000001_037705_leftImg8bit.png,0,694,318,897,578
58,val/frankfurt/frankfurt_000001_037705_leftImg8bit.png,0,1430,337,1526,580
59,val/frankfurt/frankfurt_000001_037705_leftImg8bit.png,0,1232,313,1363,624
60,val/frankfurt/frankfurt_000001_037705_leftImg8bit.png,0,1601,313,1719,571
61,val/frankfurt/frankfurt_000001_037705_leftImg8bit.png,0,1712,332,1814,484
62,val/frankfurt/frankfurt_000001_037705_leftImg8bit.png,1,1643,313,2047,889
63,val/frankfurt/frankfurt_000001_049698_leftImg8bit.png,1,1768,409,1832,490
64,val/frankfurt/frankfurt_000001_049698_leftImg8bit.png,0,1904,575,1994,716
65,val/frankfurt/frankfurt_000001_049698_leftImg8bit.png,0,1990,282,2047,531
66,val/frankfurt/frankfurt_000001_049698_leftImg8bit.png,1,1272,376,1355,430
67,val/frankfurt/frankfurt_000001_049698_leftImg8bit.png,1,1184,361,1291,479
68,val/frankfurt/frankfurt_000001_049698_leftImg8bit.png,1,731,357,1015,511
69,val/frankfurt/frankfurt_000001_049698_leftImg8bit.png,1,1417,381,1522,464
70,val/frankfurt/frankfurt_000001_049698_leftImg8bit.png,0,1801,236,1950,690
71,val/frankfurt/frankfurt_000001_049698_leftImg8bit.png,0,1806,204,2033,772
72,val/frankfurt/frankfurt_000001_049698_leftImg8bit.png,0,1754,182,2047,813
73,val/frankfurt/frankfurt_000001_049698_leftImg8bit.png,0,1439,137,1691,853
74,val/frankfurt/frankfurt_000001_049698_leftImg8bit.png,0,1064,227,1278,635
75,val/frankfurt/frankfurt_000001_049698_leftImg8bit.png,0,1125,285,1231,649
76,val/frankfurt/frankfurt_000001_049698_leftImg8bit.png,0,909,180,1139,777
77,val/frankfurt/frankfurt_000001_054415_leftImg8bit.png,2,1422,348,1522,411
78,val/frankfurt/frankfurt_000001_054415_leftImg8bit.png,1,1413,387,1534,463
79,val/frankfurt/frankfurt_000001_054415_leftImg8bit.png,0,1484,367,1538,488
80,val/frankfurt/frankfurt_000001_054415_leftImg8bit.png,0,1547,363,1601,491
81,val/frankfurt/frankfurt_000001_054415_leftImg8bit.png,1,1577,360,1917,572
82,val/frankfurt/frankfurt_000001_054415_leftImg8bit.png,1,1803,346,2047,698
83,val/frankfurt/frankfurt_000001_054415_leftImg8bit.png,1,1307,373,1361,447
84,val/frankfurt/frankfurt_000001_054415_leftImg8bit.png,0,1326,360,1384,488
85,val/frankfurt/frankfurt_000001_054415_leftImg8bit.png,0,529,403,589,480
86,val/frankfurt/frankfurt_000001_054415_leftImg8bit.png,0,503,322,567,477
87,val/frankfurt/frankfurt_000001_054415_leftImg8bit.png,0,539,333,591,487
88,val/frankfurt/frankfurt_000001_054415_leftImg8bit.png,0,96,300,193,521
89,val/frankfurt/frankfurt_000001_054415_leftImg8bit.png,0,205,322,286,485
90,val/frankfurt/frankfurt_000001_054415_leftImg8bit.png,0,142,318,229,528
91,val/frankfurt/frankfurt_000001_054415_leftImg8bit.png,1,1003,352,1359,623
92,val/frankfurt/frankfurt_000001_080391_leftImg8bit.png,1,1380,371,1447,424
93,val/frankfurt/frankfurt_000001_080391_leftImg8bit.png,1,1204,369,1276,425
94,val/frankfurt/frankfurt_000001_080391_leftImg8bit.png,1,1191,368,1255,422
95,val/frankfurt/frankfurt_000001_080391_leftImg8bit.png,1,1014,350,1229,456
96,val/frankfurt/frankfurt_000001_080391_leftImg8bit.png,1,1070,369,1188,462
97,val/frankfurt/frankfurt_000001_080391_leftImg8bit.png,1,1087,379,1166,468
98,val/frankfurt/frankfurt_000001_080391_leftImg8bit.png,1,855,363,1134,478
99,val/frankfurt/frankfurt_000001_080391_leftImg8bit.png,1,146,349,693,615
100,val/frankfurt/frankfurt_000001_080391_leftImg8bit.png,1,1596,376,1660,430
101,val/frankfurt/frankfurt_000001_080391_leftImg8bit.png,1,1526,364,1637,450
102,val/frankfurt/frankfurt_000000_008206_leftImg8bit.png,1,677,347,918,445
103,val/frankfurt/frankfurt_000000_008206_leftImg8bit.png,1,0,345,198,436
104,val/frankfurt/frankfurt_000000_008206_leftImg8bit.png,4,49,373,132,476
105,val/frankfurt/frankfurt_000000_008206_leftImg8bit.png,0,1067,339,1133,477
106,val/frankfurt/frankfurt_000000_008206_leftImg8bit.png,1,1716,393,1859,470
107,val/frankfurt/frankfurt_000000_008206_leftImg8bit.png,1,1610,389,1838,471
108,val/frankfurt/frankfurt_000000_008206_leftImg8bit.png,4,1973,425,2048,498
109,val/frankfurt/frankfurt_000000_008206_leftImg8bit.png,0,1986,382,2040,496
110,val/frankfurt/frankfurt_000000_008206_leftImg8bit.png,1,1412,384,1693,473
111,val/frankfurt/frankfurt_000001_060135_leftImg8bit.png,3,57,343,532,503
112,val/frankfurt/frankfurt_000001_060135_leftImg8bit.png,3,0,340,100,507
113,val/frankfurt/frankfurt_000001_060135_leftImg8bit.png,3,757,352,992,488
114,val/frankfurt/frankfurt_000001_060135_leftImg8bit.png,1,1327,407,1389,464
115,val/frankfurt/frankfurt_000001_010600_leftImg8bit.png,1,879,388,936,455
116,val/frankfurt/frankfurt_000001_010600_leftImg8bit.png,1,721,381,840,487
117,val/frankfurt/frankfurt_000001_010600_leftImg8bit.png,1,312,218,755,611
118,val/frankfurt/frankfurt_000001_010600_leftImg8bit.png,1,0,359,504,723
119,val/frankfurt/frankfurt_000001_010600_leftImg8bit.png,1,0,524,57,829
120,val/frankfurt/frankfurt_000001_010600_leftImg8bit.png,1,1208,385,1300,465
121,val/frankfurt/frankfurt_000001_010600_leftImg8bit.png,1,1223,393,1334,473
122,val/frankfurt/frankfurt_000001_010600_leftImg8bit.png,0,1502,359,1558,474
123,val/frankfurt/frankfurt_000001_010600_leftImg8bit.png,0,1596,356,1648,471
124,val/frankfurt/frankfurt_000001_010600_leftImg8bit.png,0,1776,373,1855,457
125,val/frankfurt/frankfurt_000001_070099_leftImg8bit.png,1,461,375,574,461
126,val/frankfurt/frankfurt_000001_070099_leftImg8bit.png,1,327,381,465,478
127,val/frankfurt/frankfurt_000001_070099_leftImg8bit.png,1,178,386,390,488
128,val/frankfurt/frankfurt_000001_070099_leftImg8bit.png,0,651,354,736,495
129,val/frankfurt/frankfurt_000001_070099_leftImg8bit.png,0,658,344,731,499
130,val/frankfurt/frankfurt_000001_070099_leftImg8bit.png,1,1258,370,1349,443
131,val/frankfurt/frankfurt_000001_070099_leftImg8bit.png,1,1301,303,1537,543
132,val/frankfurt/frankfurt_000001_070099_leftImg8bit.png,1,1746,369,1898,492
133,val/frankfurt/frankfurt_000001_070099_leftImg8bit.png,1,1423,325,1833,611
134,val/frankfurt/frankfurt_000001_070099_leftImg8bit.png,0,1829,319,1885,464
135,val/frankfurt/frankfurt_000001_070099_leftImg8bit.png,1,1141,382,1200,435
136,val/frankfurt/frankfurt_000001_070099_leftImg8bit.png,1,1014,357,1194,485
137,val/frankfurt/frankfurt_000001_070099_leftImg8bit.png,1,869,324,1197,626
138,val/frankfurt/frankfurt_000001_070099_leftImg8bit.png,0,1857,341,1929,432
139,val/frankfurt/frankfurt_000001_070099_leftImg8bit.png,1,1705,322,2047,807
140,val/frankfurt/frankfurt_000001_049770_leftImg8bit.png,1,1489,374,1620,426
141,val/frankfurt/frankfurt_000001_049770_leftImg8bit.png,1,1475,350,1874,488
142,val/frankfurt/frankfurt_000001_049770_leftImg8bit.png,1,1188,377,1251,449
143,val/frankfurt/frankfurt_000001_049770_leftImg8bit.png,1,1202,359,1370,468
144,val/frankfurt/frankfurt_000001_049770_leftImg8bit.png,0,123,248,268,607
145,val/frankfurt/frankfurt_000001_049770_leftImg8bit.png,0,0,314,199,618
146,val/frankfurt/frankfurt_000001_049770_leftImg8bit.png,0,197,249,350,661
147,val/frankfurt/frankfurt_000001_049770_leftImg8bit.png,0,432,249,544,656
148,val/frankfurt/frankfurt_000001_049770_leftImg8bit.png,0,583,325,833,697
149,val/frankfurt/frankfurt_000001_049770_leftImg8bit.png,0,624,231,777,724
150,val/frankfurt/frankfurt_000001_049770_leftImg8bit.png,0,801,200,1107,766
151,val/frankfurt/frankfurt_000001_049770_leftImg8bit.png,0,921,245,1251,804
152,val/frankfurt/frankfurt_000001_049770_leftImg8bit.png,0,1361,270,1507,657
153,val/frankfurt/frankfurt_000001_049770_leftImg8bit.png,0,1495,422,1610,646
154,val/frankfurt/frankfurt_000001_002759_leftImg8bit.png,0,96,365,150,498
155,val/frankfurt/frankfurt_000001_002759_leftImg8bit.png,0,672,314,748,551
156,val/frankfurt/frankfurt_000001_002759_leftImg8bit.png,1,1181,349,1374,516
157,val/frankfurt/frankfurt_000001_002759_leftImg8bit.png,4,1600,410,1661,468
158,val/frankfurt/frankfurt_000001_002759_leftImg8bit.png,1,1801,324,2048,474
159,val/frankfurt/frankfurt_000000_013942_leftImg8bit.png,1,395,436,543,500
160,val/frankfurt/frankfurt_000000_013942_leftImg8bit.png,4,1770,434,1936,625
161,val/frankfurt/frankfurt_000000_013942_leftImg8bit.png,1,1059,423,1276,510
162,val/frankfurt/frankfurt_000000_013942_leftImg8bit.png,1,872,416,1081,573
163,val/frankfurt/frankfurt_000000_020880_leftImg8bit.png,1,519,408,610,488
164,val/frankfurt/frankfurt_000000_020880_leftImg8bit.png,1,490,422,568,500
165,val/frankfurt/frankfurt_000000_020880_leftImg8bit.png,1,691,397,847,513
166,val/frankfurt/frankfurt_000000_020880_leftImg8bit.png,1,352,404,513,514
167,val/frankfurt/frankfurt_000000_020880_leftImg8bit.png,1,279,435,430,540
168,val/frankfurt/frankfurt_000000_020880_leftImg8bit.png,1,17,424,316,575
169,val/frankfurt/frankfurt_000000_020880_leftImg8bit.png,5,933,420,1006,497
170,val/frankfurt/frankfurt_000000_020880_leftImg8bit.png,0,1757,291,1889,667
171,val/frankfurt/frankfurt_000000_020880_leftImg8bit.png,1,1081,374,1191,484
172,val/frankfurt/frankfurt_000000_020880_leftImg8bit.png,1,1101,378,1223,493
173,val/frankfurt/frankfurt_000000_020880_leftImg8bit.png,1,1109,384,1277,516
174,val/frankfurt/frankfurt_000000_020880_leftImg8bit.png,1,1223,398,1554,586
175,val/frankfurt/frankfurt_000001_015328_leftImg8bit.png,1,838,415,910,485
176,val/frankfurt/frankfurt_000001_015328_leftImg8bit.png,1,810,419,869,493
177,val/frankfurt/frankfurt_000001_015328_leftImg8bit.png,1,770,417,855,502
178,val/frankfurt/frankfurt_000001_015328_leftImg8bit.png,1,734,415,813,509
179,val/frankfurt/frankfurt_000001_015328_leftImg8bit.png,1,636,404,770,526
180,val/frankfurt/frankfurt_000001_015328_leftImg8bit.png,1,573,409,722,547
181,val/frankfurt/frankfurt_000001_015328_leftImg8bit.png,1,407,404,650,576
182,val/frankfurt/frankfurt_000001_015328_leftImg8bit.png,1,166,381,499,629
183,val/frankfurt/frankfurt_000001_015328_leftImg8bit.png,1,0,383,265,703
184,val/frankfurt/frankfurt_000001_015328_leftImg8bit.png,4,734,444,803,557
185,val/frankfurt/frankfurt_000001_015328_leftImg8bit.png,1,1149,419,1204,491
186,val/frankfurt/frankfurt_000001_015328_leftImg8bit.png,1,1161,427,1215,495
187,val/frankfurt/frankfurt_000001_015328_leftImg8bit.png,1,1183,426,1241,507
188,val/frankfurt/frankfurt_000001_015328_leftImg8bit.png,1,1191,426,1276,512
189,val/frankfurt/frankfurt_000001_015328_leftImg8bit.png,1,1226,423,1290,523
190,val/frankfurt/frankfurt_000001_015328_leftImg8bit.png,1,1222,422,1332,540
191,val/frankfurt/frankfurt_000001_015328_leftImg8bit.png,1,1281,370,1532,576
192,val/frankfurt/frankfurt_000001_015328_leftImg8bit.png,1,1374,392,1680,641
193,val/frankfurt/frankfurt_000001_015328_leftImg8bit.png,1,1521,378,2047,732
194,val/frankfurt/frankfurt_000001_021406_leftImg8bit.png,1,134,425,205,486
195,val/frankfurt/frankfurt_000001_021406_leftImg8bit.png,1,134,431,195,486
196,val/frankfurt/frankfurt_000001_021406_leftImg8bit.png,1,102,430,170,507
197,val/frankfurt/frankfurt_000001_021406_leftImg8bit.png,1,102,430,166,508
198,val/frankfurt/frankfurt_000001_021406_leftImg8bit.png,1,0,423,141,516
199,val/frankfurt/frankfurt_000001_021406_leftImg8bit.png,1,33,432,95,550
200,val/frankfurt/frankfurt_000001_021406_leftImg8bit.png,1,0,427,77,559
201,val/frankfurt/frankfurt_000001_021406_leftImg8bit.png,0,1269,318,1405,656
202,val/frankfurt/frankfurt_000001_021406_leftImg8bit.png,0,1095,321,1238,669
203,val/frankfurt/frankfurt_000001_077092_leftImg8bit.png,1,764,373,869,449
204,val/frankfurt/frankfurt_000001_077092_leftImg8bit.png,1,771,389,836,451
205,val/frankfurt/frankfurt_000001_077092_leftImg8bit.png,1,641,369,807,461
206,val/frankfurt/frankfurt_000001_077092_leftImg8bit.png,1,663,386,760,465
207,val/frankfurt/frankfurt_000001_077092_leftImg8bit.png,1,592,382,714,472
208,val/frankfurt/frankfurt_000001_077092_leftImg8bit.png,1,303,344,638,490
209,val/frankfurt/frankfurt_000001_077092_leftImg8bit.png,1,389,383,586,503
210,val/frankfurt/frankfurt_000001_077092_leftImg8bit.png,1,194,366,509,505
211,val/frankfurt/frankfurt_000001_077092_leftImg8bit.png,1,157,385,427,540
212,val/frankfurt/frankfurt_000001_077092_leftImg8bit.png,1,0,368,340,554
213,val/frankfurt/frankfurt_000001_077092_leftImg8bit.png,1,0,389,225,599
214,val/frankfurt/frankfurt_000001_077092_leftImg8bit.png,1,0,389,66,586
215,val/frankfurt/frankfurt_000001_077092_leftImg8bit.png,1,1205,388,1263,443
216,val/frankfurt/frankfurt_000001_077092_leftImg8bit.png,1,1210,393,1269,449
217,val/frankfurt/frankfurt_000001_077092_leftImg8bit.png,1,1227,391,1307,464
218,val/frankfurt/frankfurt_000001_077092_leftImg8bit.png,1,1258,381,1377,485
219,val/frankfurt/frankfurt_000001_077092_leftImg8bit.png,1,1318,374,1470,498
220,val/frankfurt/frankfurt_000001_077092_leftImg8bit.png,0,1476,339,1550,526
221,val/frankfurt/frankfurt_000001_077092_leftImg8bit.png,1,1557,374,1820,509
222,val/frankfurt/frankfurt_000001_077092_leftImg8bit.png,0,1544,411,1626,522
223,val/frankfurt/frankfurt_000001_077092_leftImg8bit.png,0,1620,334,1708,522
224,val/frankfurt/frankfurt_000001_077092_leftImg8bit.png,1,1617,362,2047,714
225,val/frankfurt/frankfurt_000001_032942_leftImg8bit.png,1,1166,349,1334,487
226,val/frankfurt/frankfurt_000001_032942_leftImg8bit.png,1,936,387,1022,444
227,val/frankfurt/frankfurt_000001_032942_leftImg8bit.png,1,831,393,899,446
228,val/frankfurt/frankfurt_000001_032942_leftImg8bit.png,1,759,401,836,458
229,val/frankfurt/frankfurt_000001_032942_leftImg8bit.png,1,708,392,795,466
230,val/frankfurt/frankfurt_000001_032942_leftImg8bit.png,1,642,398,749,476
231,val/frankfurt/frankfurt_000001_032942_leftImg8bit.png,1,566,395,708,490
232,val/frankfurt/frankfurt_000001_032942_leftImg8bit.png,2,0,205,574,521
233,val/frankfurt/frankfurt_000001_032942_leftImg8bit.png,1,1553,371,1730,476
234,val/frankfurt/frankfurt_000001_032942_leftImg8bit.png,1,1267,234,1544,553
235,val/frankfurt/frankfurt_000001_032942_leftImg8bit.png,1,954,335,1255,574
236,val/frankfurt/frankfurt_000001_032942_leftImg8bit.png,1,1773,300,2047,431
237,val/frankfurt/frankfurt_000001_032942_leftImg8bit.png,1,1612,370,2047,678
238,val/frankfurt/frankfurt_000001_032942_leftImg8bit.png,4,403,420,483,497
239,val/frankfurt/frankfurt_000001_043564_leftImg8bit.png,1,961,390,1025,444
240,val/frankfurt/frankfurt_000001_043564_leftImg8bit.png,1,926,397,991,450
241,val/frankfurt/frankfurt_000001_043564_leftImg8bit.png,1,867,391,958,461
242,val/frankfurt/frankfurt_000001_043564_leftImg8bit.png,1,716,355,873,480
243,val/frankfurt/frankfurt_000001_043564_leftImg8bit.png,1,369,389,639,531
244,val/frankfurt/frankfurt_000001_052120_leftImg8bit.png,1,1359,299,1700,523
245,val/frankfurt/frankfurt_000001_052120_leftImg8bit.png,1,858,387,958,461
246,val/frankfurt/frankfurt_000001_052120_leftImg8bit.png,1,1087,386,1169,438
247,val/frankfurt/frankfurt_000001_052120_leftImg8bit.png,1,1226,378,1329,460
248,val/frankfurt/frankfurt_000001_052120_leftImg8bit.png,1,1264,373,1368,471
249,val/frankfurt/frankfurt_000001_052120_leftImg8bit.png,1,1320,365,1397,495
250,val/frankfurt/frankfurt_000001_052120_leftImg8bit.png,1,1580,319,2031,623
251,val/frankfurt/frankfurt_000001_052120_leftImg8bit.png,1,1880,292,2047,681
252,val/frankfurt/frankfurt_000001_052120_leftImg8bit.png,4,484,422,585,499
253,val/frankfurt/frankfurt_000001_038844_leftImg8bit.png,1,1094,378,1243,465
254,val/frankfurt/frankfurt_000001_038844_leftImg8bit.png,1,971,376,1172,522
255,val/frankfurt/frankfurt_000001_038844_leftImg8bit.png,4,1589,378,1650,486
256,val/frankfurt/frankfurt_000001_038844_leftImg8bit.png,0,1710,305,1814,521
257,val/frankfurt/frankfurt_000001_038844_leftImg8bit.png,0,557,279,621,373
258,val/frankfurt/frankfurt_000001_038844_leftImg8bit.png,0,519,285,573,475
259,val/frankfurt/frankfurt_000001_038844_leftImg8bit.png,0,488,290,545,423
260,val/frankfurt/frankfurt_000001_038844_leftImg8bit.png,0,545,309,626,557
261,val/frankfurt/frankfurt_000001_038844_leftImg8bit.png,0,753,328,819,538
262,val/frankfurt/frankfurt_000001_038844_leftImg8bit.png,0,661,322,763,499
263,val/frankfurt/frankfurt_000001_038844_leftImg8bit.png,0,650,331,711,488
264,val/frankfurt/frankfurt_000001_038844_leftImg8bit.png,0,598,272,692,572
265,val/frankfurt/frankfurt_000001_038844_leftImg8bit.png,4,491,398,776,571
266,val/frankfurt/frankfurt_000001_029236_leftImg8bit.png,1,1119,392,1207,477
267,val/frankfurt/frankfurt_000001_029236_leftImg8bit.png,1,1138,390,1283,493
268,val/frankfurt/frankfurt_000001_029236_leftImg8bit.png,1,1186,399,1291,502
269,val/frankfurt/frankfurt_000001_029236_leftImg8bit.png,1,1197,405,1270,498
270,val/frankfurt/frankfurt_000001_029236_leftImg8bit.png,1,1204,409,1272,516
271,val/frankfurt/frankfurt_000001_029236_leftImg8bit.png,1,1223,392,1406,559
272,val/frankfurt/frankfurt_000001_029236_leftImg8bit.png,1,1296,367,1613,550
273,val/frankfurt/frankfurt_000001_029236_leftImg8bit.png,1,1315,388,1660,623
274,val/frankfurt/frankfurt_000001_029236_leftImg8bit.png,1,1484,301,2047,704
275,val/frankfurt/frankfurt_000001_029236_leftImg8bit.png,1,1781,426,2047,881
276,val/frankfurt/frankfurt_000001_029236_leftImg8bit.png,0,653,332,729,617
277,val/frankfurt/frankfurt_000001_029236_leftImg8bit.png,1,52,186,575,602
278,val/frankfurt/frankfurt_000001_041074_leftImg8bit.png,0,1660,301,1728,414
279,val/frankfurt/frankfurt_000001_041074_leftImg8bit.png,0,1367,327,1423,475
280,val/frankfurt/frankfurt_000001_031416_leftImg8bit.png,1,1150,326,1245,393
281,val/frankfurt/frankfurt_000001_031416_leftImg8bit.png,1,1176,363,1259,431
282,val/frankfurt/frankfurt_000001_031416_leftImg8bit.png,1,1144,367,1258,455
283,val/frankfurt/frankfurt_000001_031416_leftImg8bit.png,1,928,390,996,442
284,val/frankfurt/frankfurt_000001_031416_leftImg8bit.png,1,706,378,839,485
285,val/frankfurt/frankfurt_000001_031416_leftImg8bit.png,1,779,365,972,509
286,val/frankfurt/frankfurt_000001_031416_leftImg8bit.png,1,566,379,747,506
287,val/frankfurt/frankfurt_000001_031416_leftImg8bit.png,1,277,376,612,550
288,val/frankfurt/frankfurt_000001_031416_leftImg8bit.png,0,441,341,529,566
289,val/frankfurt/frankfurt_000001_031416_leftImg8bit.png,4,158,397,243,510
290,val/frankfurt/frankfurt_000001_031416_leftImg8bit.png,4,131,400,228,548
291,val/frankfurt/frankfurt_000001_031416_leftImg8bit.png,1,1256,344,1419,405
292,val/frankfurt/frankfurt_000001_031416_leftImg8bit.png,1,1642,302,1843,548
293,val/frankfurt/frankfurt_000001_031416_leftImg8bit.png,0,1655,305,1784,566
294,val/frankfurt/frankfurt_000001_031416_leftImg8bit.png,1,1253,155,1704,593
295,val/frankfurt/frankfurt_000001_031416_leftImg8bit.png,1,1756,216,2047,665
296,val/frankfurt/frankfurt_000001_024927_leftImg8bit.png,1,0,369,254,645
297,val/frankfurt/frankfurt_000001_024927_leftImg8bit.png,1,717,394,780,478
298,val/frankfurt/frankfurt_000001_024927_leftImg8bit.png,1,557,341,697,411
299,val/frankfurt/frankfurt_000001_024927_leftImg8bit.png,1,644,393,762,487
300,val/frankfurt/frankfurt_000001_024927_leftImg8bit.png,1,498,396,557,451
301,val/frankfurt/frankfurt_000001_024927_leftImg8bit.png,1,518,394,698,504
302,val/frankfurt/frankfurt_000001_024927_leftImg8bit.png,1,265,382,552,546
303,val/frankfurt/frankfurt_000001_024927_leftImg8bit.png,1,886,382,977,464
304,val/frankfurt/frankfurt_000001_024927_leftImg8bit.png,1,866,389,957,476
305,val/frankfurt/frankfurt_000001_024927_leftImg8bit.png,1,770,389,928,496
306,val/frankfurt/frankfurt_000001_024927_leftImg8bit.png,1,1013,334,1136,467
307,val/frankfurt/frankfurt_000001_024927_leftImg8bit.png,1,1019,386,1077,481
308,val/frankfurt/frankfurt_000001_024927_leftImg8bit.png,1,1032,393,1159,501
309,val/frankfurt/frankfurt_000001_024927_leftImg8bit.png,5,1494,388,1545,467
310,val/frankfurt/frankfurt_000001_067178_leftImg8bit.png,1,929,394,1008,450
311,val/frankfurt/frankfurt_000001_067178_leftImg8bit.png,0,965,366,1026,509
312,val/frankfurt/frankfurt_000001_067178_leftImg8bit.png,1,856,394,913,447
313,val/frankfurt/frankfurt_000001_067178_leftImg8bit.png,1,783,387,863,456
314,val/frankfurt/frankfurt_000001_067178_leftImg8bit.png,1,742,397,825,466
315,val/frankfurt/frankfurt_000001_067178_leftImg8bit.png,1,703,390,778,477
316,val/frankfurt/frankfurt_000001_067178_leftImg8bit.png,1,575,374,723,492
317,val/frankfurt/frankfurt_000001_067178_leftImg8bit.png,1,443,387,602,520
318,val/frankfurt/frankfurt_000001_067178_leftImg8bit.png,1,371,375,504,540
319,val/frankfurt/frankfurt_000001_067178_leftImg8bit.png,1,0,303,415,600
320,val/frankfurt/frankfurt_000001_067178_leftImg8bit.png,3,1022,290,1153,461
321,val/frankfurt/frankfurt_000001_067178_leftImg8bit.png,1,1220,391,1285,474
322,val/frankfurt/frankfurt_000001_067178_leftImg8bit.png,1,1247,371,1378,486
323,val/frankfurt/frankfurt_000001_067178_leftImg8bit.png,1,1269,385,1435,503
324,val/frankfurt/frankfurt_000001_067178_leftImg8bit.png,1,1369,392,1577,569
325,val/frankfurt/frankfurt_000001_067178_leftImg8bit.png,1,1510,319,1995,655
326,val/frankfurt/frankfurt_000001_067178_leftImg8bit.png,1,1766,331,2047,831
327,val/frankfurt/frankfurt_000001_044227_leftImg8bit.png,1,818,411,888,470
328,val/frankfurt/frankfurt_000001_044227_leftImg8bit.png,1,848,393,1039,539
329,val/frankfurt/frankfurt_000001_044227_leftImg8bit.png,1,629,407,772,504
330,val/frankfurt/frankfurt_000001_044227_leftImg8bit.png,1,198,402,537,588
331,val/frankfurt/frankfurt_000001_066438_leftImg8bit.png,4,464,415,576,511
332,val/frankfurt/frankfurt_000001_066438_leftImg8bit.png,0,1663,337,1759,552
333,val/frankfurt/frankfurt_000001_066438_leftImg8bit.png,1,136,386,422,510
334,val/frankfurt/frankfurt_000001_066438_leftImg8bit.png,4,44,458,183,542
335,val/frankfurt/frankfurt_000001_066438_leftImg8bit.png,1,0,356,106,664
336,val/frankfurt/frankfurt_000001_066438_leftImg8bit.png,0,531,436,626,553
337,val/frankfurt/frankfurt_000001_066438_leftImg8bit.png,0,1038,346,1141,571
338,val/frankfurt/frankfurt_000001_066438_leftImg8bit.png,4,984,452,1133,578
339,val/frankfurt/frankfurt_000001_057954_leftImg8bit.png,0,1078,356,1130,539
340,val/frankfurt/frankfurt_000001_057954_leftImg8bit.png,0,1119,352,1171,533
341,val/frankfurt/frankfurt_000001_057954_leftImg8bit.png,0,1122,357,1212,539
342,val/frankfurt/frankfurt_000001_057954_leftImg8bit.png,0,1289,373,1364,536
343,val/frankfurt/frankfurt_000001_057954_leftImg8bit.png,0,1173,370,1255,542
344,val/frankfurt/frankfurt_000001_057954_leftImg8bit.png,0,1195,344,1253,553
345,val/frankfurt/frankfurt_000001_057954_leftImg8bit.png,0,1239,360,1310,564
346,val/frankfurt/frankfurt_000001_057954_leftImg8bit.png,0,1384,370,1444,550
347,val/frankfurt/frankfurt_000001_057954_leftImg8bit.png,0,992,367,1054,526
348,val/frankfurt/frankfurt_000001_057954_leftImg8bit.png,0,991,371,1062,544
349,val/frankfurt/frankfurt_000001_057954_leftImg8bit.png,0,883,371,947,540
350,val/frankfurt/frankfurt_000001_057954_leftImg8bit.png,0,904,363,1010,574
351,val/frankfurt/frankfurt_000001_057954_leftImg8bit.png,0,607,340,680,531
352,val/frankfurt/frankfurt_000001_057954_leftImg8bit.png,0,605,338,675,548
353,val/frankfurt/frankfurt_000001_057954_leftImg8bit.png,0,717,352,800,555
354,val/frankfurt/frankfurt_000001_057954_leftImg8bit.png,0,703,406,760,564
355,val/frankfurt/frankfurt_000001_057954_leftImg8bit.png,0,781,363,847,563
356,val/frankfurt/frankfurt_000001_057954_leftImg8bit.png,0,512,351,586,558
357,val/frankfurt/frankfurt_000001_057954_leftImg8bit.png,0,408,337,468,555
358,val/frankfurt/frankfurt_000001_057954_leftImg8bit.png,0,430,346,488,555
359,val/frankfurt/frankfurt_000001_057954_leftImg8bit.png,0,452,338,556,559
360,val/frankfurt/frankfurt_000001_057954_leftImg8bit.png,0,526,363,644,582
361,val/frankfurt/frankfurt_000001_057954_leftImg8bit.png,0,344,363,419,540
362,val/frankfurt/frankfurt_000001_057954_leftImg8bit.png,0,259,338,316,567
363,val/frankfurt/frankfurt_000001_057954_leftImg8bit.png,0,207,360,272,526
364,val/frankfurt/frankfurt_000001_057954_leftImg8bit.png,0,308,357,386,555
365,val/frankfurt/frankfurt_000001_057954_leftImg8bit.png,0,231,354,337,591
366,val/frankfurt/frankfurt_000001_057954_leftImg8bit.png,0,275,349,371,586
367,val/frankfurt/frankfurt_000001_057954_leftImg8bit.png,0,43,392,101,528
368,val/frankfurt/frankfurt_000001_057954_leftImg8bit.png,0,0,321,73,561
369,val/frankfurt/frankfurt_000001_057954_leftImg8bit.png,0,22,344,111,556
370,val/frankfurt/frankfurt_000001_057954_leftImg8bit.png,0,0,335,92,563
371,val/frankfurt/frankfurt_000001_057954_leftImg8bit.png,0,93,346,210,569
372,val/frankfurt/frankfurt_000001_057954_leftImg8bit.png,0,169,333,242,563
373,val/frankfurt/frankfurt_000001_057954_leftImg8bit.png,0,234,388,337,591
374,val/frankfurt/frankfurt_000001_017101_leftImg8bit.png,0,509,356,666,442
375,val/frankfurt/frankfurt_000001_017101_leftImg8bit.png,1,974,356,1027,412
376,val/frankfurt/frankfurt_000001_017101_leftImg8bit.png,1,937,391,1000,442
377,val/frankfurt/frankfurt_000001_017101_leftImg8bit.png,1,1254,361,1464,520
378,val/frankfurt/frankfurt_000001_060906_leftImg8bit.png,0,119,371,221,580
379,val/frankfurt/frankfurt_000001_060906_leftImg8bit.png,1,615,391,715,456
380,val/frankfurt/frankfurt_000001_060906_leftImg8bit.png,2,686,328,791,439
381,val/frankfurt/frankfurt_000001_060906_leftImg8bit.png,1,737,388,849,459
382,val/frankfurt/frankfurt_000001_060906_leftImg8bit.png,1,1502,356,1791,470
383,val/frankfurt/frankfurt_000001_060906_leftImg8bit.png,1,1587,385,1829,483
384,val/frankfurt/frankfurt_000001_060906_leftImg8bit.png,1,769,386,1070,502
385,val/frankfurt/frankfurt_000001_060906_leftImg8bit.png,4,623,415,819,538
386,val/frankfurt/frankfurt_000001_060906_leftImg8bit.png,4,878,436,1039,541
387,val/frankfurt/frankfurt_000001_060906_leftImg8bit.png,0,1523,341,1635,548
388,val/frankfurt/frankfurt_000001_060906_leftImg8bit.png,1,971,295,1560,807
389,val/frankfurt/frankfurt_000001_060906_leftImg8bit.png,1,1721,300,2047,740
390,val/frankfurt/frankfurt_000001_016029_leftImg8bit.png,1,557,409,621,462
391,val/frankfurt/frankfurt_000001_016029_leftImg8bit.png,4,480,405,662,517
392,val/frankfurt/frankfurt_000001_016029_leftImg8bit.png,0,413,349,472,487
393,val/frankfurt/frankfurt_000001_016029_leftImg8bit.png,0,69,380,158,476
394,val/frankfurt/frankfurt_000001_016029_leftImg8bit.png,0,206,382,314,505
395,val/frankfurt/frankfurt_000001_016029_leftImg8bit.png,5,1113,392,1206,452
396,val/frankfurt/frankfurt_000001_016029_leftImg8bit.png,4,1087,389,1145,444
397,val/frankfurt/frankfurt_000001_016029_leftImg8bit.png,4,1122,398,1212,454
398,val/frankfurt/frankfurt_000001_016029_leftImg8bit.png,0,1318,348,1377,485
399,val/frankfurt/frankfurt_000001_016029_leftImg8bit.png,0,1625,298,1720,547
400,val/frankfurt/frankfurt_000001_016029_leftImg8bit.png,0,1779,368,1864,499
401,val/frankfurt/frankfurt_000001_016029_leftImg8bit.png,0,1838,359,1919,489
402,val/frankfurt/frankfurt_000001_016029_leftImg8bit.png,0,1756,410,1886,552
403,val/frankfurt/frankfurt_000001_030669_leftImg8bit.png,1,547,386,627,442
404,val/frankfurt/frankfurt_000001_030669_leftImg8bit.png,1,926,326,1177,516
405,val/frankfurt/frankfurt_000001_030669_leftImg8bit.png,1,805,279,944,376
406,val/frankfurt/frankfurt_000001_030669_leftImg8bit.png,1,642,316,1003,617
407,val/frankfurt/frankfurt_000001_030669_leftImg8bit.png,1,273,346,459,499
408,val/frankfurt/frankfurt_000001_030669_leftImg8bit.png,1,0,338,418,624
409,val/frankfurt/frankfurt_000001_030669_leftImg8bit.png,0,1393,278,1474,552
410,val/frankfurt/frankfurt_000001_030669_leftImg8bit.png,1,1531,272,1624,479
411,val/frankfurt/frankfurt_000001_030669_leftImg8bit.png,0,1544,283,1634,536
412,val/frankfurt/frankfurt_000001_030669_leftImg8bit.png,0,1470,280,1562,539
413,val/frankfurt/frankfurt_000001_059642_leftImg8bit.png,1,697,385,917,532
414,val/frankfurt/frankfurt_000001_059642_leftImg8bit.png,1,0,424,109,614
415,val/frankfurt/frankfurt_000001_059642_leftImg8bit.png,1,237,410,425,559
416,val/frankfurt/frankfurt_000001_059642_leftImg8bit.png,1,317,369,773,668
417,val/frankfurt/frankfurt_000001_059642_leftImg8bit.png,0,1392,354,1453,465
418,val/frankfurt/frankfurt_000001_064305_leftImg8bit.png,1,1254,401,1394,461
419,val/frankfurt/frankfurt_000001_064305_leftImg8bit.png,1,1342,390,1471,441
420,val/frankfurt/frankfurt_000001_064305_leftImg8bit.png,1,1790,401,2047,574
421,val/frankfurt/frankfurt_000001_064305_leftImg8bit.png,4,1844,417,1956,591
422,val/frankfurt/frankfurt_000001_064305_leftImg8bit.png,1,1246,414,1370,496
423,val/frankfurt/frankfurt_000001_064305_leftImg8bit.png,1,1168,408,1331,491
424,val/frankfurt/frankfurt_000001_064305_leftImg8bit.png,5,1160,411,1265,485
425,val/frankfurt/frankfurt_000001_064305_leftImg8bit.png,1,738,435,849,506
426,val/frankfurt/frankfurt_000001_064305_leftImg8bit.png,1,787,419,904,514
427,val/frankfurt/frankfurt_000001_064305_leftImg8bit.png,1,795,417,926,544
428,val/frankfurt/frankfurt_000001_064305_leftImg8bit.png,1,820,408,1160,556
429,val/frankfurt/frankfurt_000001_064305_leftImg8bit.png,5,1087,417,1253,557
430,val/frankfurt/frankfurt_000001_064305_leftImg8bit.png,1,589,438,762,523
431,val/frankfurt/frankfurt_000001_064305_leftImg8bit.png,1,401,427,653,542
432,val/frankfurt/frankfurt_000001_064305_leftImg8bit.png,5,1035,406,1127,569
433,val/frankfurt/frankfurt_000001_064305_leftImg8bit.png,4,975,441,1048,572
434,val/frankfurt/frankfurt_000001_064305_leftImg8bit.png,5,1327,425,1449,564
435,val/frankfurt/frankfurt_000001_064305_leftImg8bit.png,5,1114,382,1397,577
436,val/frankfurt/frankfurt_000001_064305_leftImg8bit.png,5,1455,457,1564,563
437,val/frankfurt/frankfurt_000001_064305_leftImg8bit.png,4,1519,430,1675,569
438,val/frankfurt/frankfurt_000001_064305_leftImg8bit.png,4,1400,431,1637,574
439,val/frankfurt/frankfurt_000000_012009_leftImg8bit.png,1,34,368,286,456
440,val/frankfurt/frankfurt_000000_012009_leftImg8bit.png,2,1318,345,1412,438
441,val/frankfurt/frankfurt_000000_012009_leftImg8bit.png,1,1291,381,1377,465
442,val/frankfurt/frankfurt_000000_012009_leftImg8bit.png,1,1298,388,1403,472
443,val/frankfurt/frankfurt_000000_012009_leftImg8bit.png,1,1889,377,2048,703
444,val/frankfurt/frankfurt_000000_012009_leftImg8bit.png,1,1212,391,1282,447
445,val/frankfurt/frankfurt_000001_078803_leftImg8bit.png,1,910,374,983,429
446,val/frankfurt/frankfurt_000001_078803_leftImg8bit.png,0,663,336,718,504
447,val/frankfurt/frankfurt_000001_078803_leftImg8bit.png,1,1035,370,1096,436
448,val/frankfurt/frankfurt_000001_078803_leftImg8bit.png,1,1053,373,1157,447
449,val/frankfurt/frankfurt_000001_078803_leftImg8bit.png,1,1660,342,1872,463
450,val/frankfurt/frankfurt_000001_078803_leftImg8bit.png,1,1962,570,2047,1002
451,val/frankfurt/frankfurt_000000_006589_leftImg8bit.png,1,753,366,823,441
452,val/frankfurt/frankfurt_000000_006589_leftImg8bit.png,2,799,358,909,459
453,val/frankfurt/frankfurt_000000_006589_leftImg8bit.png,1,845,393,946,470
454,val/frankfurt/frankfurt_000000_006589_leftImg8bit.png,1,686,402,765,460
455,val/frankfurt/frankfurt_000000_006589_leftImg8bit.png,1,460,387,699,556
456,val/frankfurt/frankfurt_000001_018113_leftImg8bit.png,1,935,349,1024,401
457,val/frankfurt/frankfurt_000001_018113_leftImg8bit.png,1,947,370,1032,441
458,val/frankfurt/frankfurt_000001_018113_leftImg8bit.png,1,968,367,1097,465
459,val/frankfurt/frankfurt_000001_018113_leftImg8bit.png,2,696,255,887,450
460,val/frankfurt/frankfurt_000001_018113_leftImg8bit.png,5,610,383,680,487
461,val/frankfurt/frankfurt_000001_018113_leftImg8bit.png,1,160,366,491,541
462,val/frankfurt/frankfurt_000001_072155_leftImg8bit.png,1,1752,392,2029,576
463,val/frankfurt/frankfurt_000001_072155_leftImg8bit.png,1,1876,390,2047,606
464,val/frankfurt/frankfurt_000001_072155_leftImg8bit.png,1,74,345,203,416
465,val/frankfurt/frankfurt_000001_011715_leftImg8bit.png,0,259,345,362,532
466,val/frankfurt/frankfurt_000001_011715_leftImg8bit.png,0,342,318,395,523
467,val/frankfurt/frankfurt_000001_011715_leftImg8bit.png,0,278,323,386,536
468,val/frankfurt/frankfurt_000001_011715_leftImg8bit.png,0,542,344,598,520
469,val/frankfurt/frankfurt_000001_011715_leftImg8bit.png,0,558,281,701,656
470,val/frankfurt/frankfurt_000001_011715_leftImg8bit.png,0,847,263,981,621
471,val/frankfurt/frankfurt_000001_011715_leftImg8bit.png,0,836,245,1025,643
472,val/frankfurt/frankfurt_000001_011715_leftImg8bit.png,1,1180,364,1252,428
473,val/frankfurt/frankfurt_000001_011715_leftImg8bit.png,0,1008,276,1108,590
474,val/frankfurt/frankfurt_000001_011715_leftImg8bit.png,0,1041,245,1164,599
475,val/frankfurt/frankfurt_000001_011715_leftImg8bit.png,0,1118,311,1264,572
476,val/frankfurt/frankfurt_000001_011715_leftImg8bit.png,1,1234,325,1362,428
477,val/frankfurt/frankfurt_000001_011715_leftImg8bit.png,4,1265,415,1320,555
478,val/frankfurt/frankfurt_000001_011715_leftImg8bit.png,0,1761,291,1839,550
479,val/frankfurt/frankfurt_000001_011715_leftImg8bit.png,0,1823,289,1897,553
480,val/frankfurt/frankfurt_000001_008688_leftImg8bit.png,1,1577,362,1638,422
481,val/frankfurt/frankfurt_000001_008688_leftImg8bit.png,0,1786,315,1859,499
482,val/frankfurt/frankfurt_000001_008688_leftImg8bit.png,0,1730,317,1786,502
483,val/frankfurt/frankfurt_000001_008688_leftImg8bit.png,1,1341,346,1576,530
484,val/frankfurt/frankfurt_000001_008688_leftImg8bit.png,1,952,379,1066,471
485,val/frankfurt/frankfurt_000001_008688_leftImg8bit.png,1,1034,370,1215,506
486,val/frankfurt/frankfurt_000001_008688_leftImg8bit.png,1,773,397,911,462
487,val/frankfurt/frankfurt_000001_008688_leftImg8bit.png,0,505,366,559,481
488,val/frankfurt/frankfurt_000001_071288_leftImg8bit.png,1,992,382,1076,461
489,val/frankfurt/frankfurt_000001_071288_leftImg8bit.png,1,1143,376,1228,437
490,val/frankfurt/frankfurt_000001_071288_leftImg8bit.png,1,1211,382,1315,459
491,val/frankfurt/frankfurt_000001_071288_leftImg8bit.png,1,1229,386,1319,470
492,val/frankfurt/frankfurt_000001_071288_leftImg8bit.png,1,1273,380,1399,485
493,val/frankfurt/frankfurt_000001_071288_leftImg8bit.png,1,1329,374,1503,507
494,val/frankfurt/frankfurt_000001_071288_leftImg8bit.png,1,1398,371,1631,538
495,val/frankfurt/frankfurt_000001_071288_leftImg8bit.png,1,1507,363,1870,589
496,val/frankfurt/frankfurt_000001_071288_leftImg8bit.png,1,1712,337,2047,694
497,val/frankfurt/frankfurt_000001_071288_leftImg8bit.png,1,995,375,1121,476
498,val/frankfurt/frankfurt_000001_010156_leftImg8bit.png,1,859,388,1004,499
499,val/frankfurt/frankfurt_000001_010156_leftImg8bit.png,4,665,413,730,494
500,val/frankfurt/frankfurt_000001_010156_leftImg8bit.png,4,17,430,195,588
501,val/frankfurt/frankfurt_000001_010156_leftImg8bit.png,0,13,338,112,624
502,val/frankfurt/frankfurt_000001_010156_leftImg8bit.png,1,0,408,86,661
503,val/frankfurt/frankfurt_000001_010156_leftImg8bit.png,0,1448,335,1520,509
504,val/frankfurt/frankfurt_000001_010156_leftImg8bit.png,0,1553,310,1607,521
505,val/frankfurt/frankfurt_000001_010156_leftImg8bit.png,0,1563,287,1649,572
506,val/frankfurt/frankfurt_000001_010156_leftImg8bit.png,0,1646,304,1759,569
507,val/frankfurt/frankfurt_000001_010156_leftImg8bit.png,0,1754,262,1862,567
508,val/frankfurt/frankfurt_000001_076502_leftImg8bit.png,1,984,391,1085,444
509,val/frankfurt/frankfurt_000001_076502_leftImg8bit.png,1,979,391,1072,447
510,val/frankfurt/frankfurt_000001_076502_leftImg8bit.png,1,853,389,1047,447
511,val/frankfurt/frankfurt_000001_076502_leftImg8bit.png,0,239,345,305,436
512,val/frankfurt/frankfurt_000001_076502_leftImg8bit.png,0,248,386,300,456
513,val/frankfurt/frankfurt_000001_076502_leftImg8bit.png,0,276,389,330,472
514,val/frankfurt/frankfurt_000001_076502_leftImg8bit.png,4,376,422,704,617
515,val/frankfurt/frankfurt_000001_076502_leftImg8bit.png,1,1377,374,1497,429
516,val/frankfurt/frankfurt_000001_076502_leftImg8bit.png,1,1450,383,1535,446
517,val/frankfurt/frankfurt_000001_076502_leftImg8bit.png,0,1202,307,1293,580
518,val/frankfurt/frankfurt_000001_076502_leftImg8bit.png,0,1125,288,1226,601
519,val/frankfurt/frankfurt_000001_054640_leftImg8bit.png,0,621,367,686,537
520,val/frankfurt/frankfurt_000001_054640_leftImg8bit.png,0,591,368,657,545
521,val/frankfurt/frankfurt_000001_054640_leftImg8bit.png,0,523,370,589,537
522,val/frankfurt/frankfurt_000001_054640_leftImg8bit.png,0,422,373,485,544
523,val/frankfurt/frankfurt_000001_054640_leftImg8bit.png,0,458,367,523,544
524,val/frankfurt/frankfurt_000001_054640_leftImg8bit.png,0,363,362,420,536
525,val/frankfurt/frankfurt_000001_054640_leftImg8bit.png,0,376,373,431,542
526,val/frankfurt/frankfurt_000001_054640_leftImg8bit.png,0,338,367,412,547
527,val/frankfurt/frankfurt_000001_054640_leftImg8bit.png,4,188,444,316,556
528,val/frankfurt/frankfurt_000001_054640_leftImg8bit.png,0,245,337,370,577
529,val/frankfurt/frankfurt_000001_054640_leftImg8bit.png,0,251,352,327,586
530,val/frankfurt/frankfurt_000001_054640_leftImg8bit.png,0,1643,375,1696,465
531,val/frankfurt/frankfurt_000001_054640_leftImg8bit.png,1,1346,401,1411,458
532,val/frankfurt/frankfurt_000001_054640_leftImg8bit.png,2,1354,352,1470,477
533,val/frankfurt/frankfurt_000001_054640_leftImg8bit.png,1,1370,406,1457,495
534,val/frankfurt/frankfurt_000001_054640_leftImg8bit.png,1,1392,401,1591,520
535,val/frankfurt/frankfurt_000001_054640_leftImg8bit.png,1,1000,376,1324,621
536,val/frankfurt/frankfurt_000001_054640_leftImg8bit.png,4,764,417,912,523
537,val/frankfurt/frankfurt_000000_019607_leftImg8bit.png,1,963,381,1041,435
538,val/frankfurt/frankfurt_000000_019607_leftImg8bit.png,0,1570,305,1628,494
539,val/frankfurt/frankfurt_000000_019607_leftImg8bit.png,0,1492,311,1552,536
540,val/frankfurt/frankfurt_000000_019607_leftImg8bit.png,0,1521,260,1590,549
541,val/frankfurt/frankfurt_000000_019607_leftImg8bit.png,0,1709,327,1784,426
542,val/frankfurt/frankfurt_000000_019607_leftImg8bit.png,0,1785,277,1893,509
543,val/frankfurt/frankfurt_000000_019607_leftImg8bit.png,0,1722,295,1843,509
544,val/frankfurt/frankfurt_000000_019607_leftImg8bit.png,1,659,366,783,474
545,val/frankfurt/frankfurt_000000_019607_leftImg8bit.png,1,759,365,937,506
546,val/frankfurt/frankfurt_000001_004736_leftImg8bit.png,1,834,341,956,463
547,val/frankfurt/frankfurt_000000_016286_leftImg8bit.png,4,249,416,674,737
548,val/frankfurt/frankfurt_000000_016286_leftImg8bit.png,1,861,383,974,483
549,val/frankfurt/frankfurt_000000_016286_leftImg8bit.png,1,664,305,877,500
550,val/frankfurt/frankfurt_000000_016286_leftImg8bit.png,1,1470,371,1567,447
551,val/frankfurt/frankfurt_000000_016286_leftImg8bit.png,1,1627,384,2025,504
552,val/frankfurt/frankfurt_000001_083199_leftImg8bit.png,5,1985,383,2044,438
553,val/frankfurt/frankfurt_000001_083199_leftImg8bit.png,5,1881,376,1954,449
554,val/frankfurt/frankfurt_000001_083199_leftImg8bit.png,5,1456,399,1527,478
555,val/frankfurt/frankfurt_000001_083199_leftImg8bit.png,1,1510,351,1787,488
556,val/frankfurt/frankfurt_000001_083199_leftImg8bit.png,1,888,387,978,438
557,val/frankfurt/frankfurt_000001_083199_leftImg8bit.png,5,812,401,977,507
558,val/frankfurt/frankfurt_000001_082087_leftImg8bit.png,1,1320,381,1428,455
559,val/frankfurt/frankfurt_000001_082087_leftImg8bit.png,1,1385,368,1510,466
560,val/frankfurt/frankfurt_000001_082087_leftImg8bit.png,1,1421,380,1529,479
561,val/frankfurt/frankfurt_000001_082087_leftImg8bit.png,1,1758,381,2032,466
562,val/frankfurt/frankfurt_000001_082087_leftImg8bit.png,4,865,386,918,473
563,val/frankfurt/frankfurt_000001_082087_leftImg8bit.png,4,192,386,263,479
564,val/frankfurt/frankfurt_000001_082087_leftImg8bit.png,5,624,353,731,548
565,val/frankfurt/frankfurt_000001_082087_leftImg8bit.png,5,505,326,678,589
566,val/frankfurt/frankfurt_000001_082087_leftImg8bit.png,4,170,350,544,789
567,val/frankfurt/frankfurt_000001_082087_leftImg8bit.png,4,390,388,544,676
568,val/frankfurt/frankfurt_000001_082087_leftImg8bit.png,4,163,350,432,789
569,val/frankfurt/frankfurt_000001_042733_leftImg8bit.png,4,1826,391,1937,571
570,val/frankfurt/frankfurt_000001_042733_leftImg8bit.png,1,771,159,1155,612
571,val/frankfurt/frankfurt_000001_042733_leftImg8bit.png,1,714,397,770,487
572,val/frankfurt/frankfurt_000001_042733_leftImg8bit.png,1,685,389,758,498
573,val/frankfurt/frankfurt_000001_042733_leftImg8bit.png,1,662,385,736,509
574,val/frankfurt/frankfurt_000001_042733_leftImg8bit.png,1,515,342,719,552
575,val/frankfurt/frankfurt_000001_042733_leftImg8bit.png,1,122,293,582,633
576,val/frankfurt/frankfurt_000001_042733_leftImg8bit.png,1,0,328,248,866
577,val/frankfurt/frankfurt_000001_023235_leftImg8bit.png,1,1996,405,2047,499
578,val/frankfurt/frankfurt_000001_023235_leftImg8bit.png,1,1829,387,2001,514
579,val/frankfurt/frankfurt_000001_023235_leftImg8bit.png,1,1728,366,1855,521
580,val/frankfurt/frankfurt_000001_023235_leftImg8bit.png,0,1830,352,1905,531
581,val/frankfurt/frankfurt_000001_023235_leftImg8bit.png,0,1899,353,1956,535
582,val/frankfurt/frankfurt_000001_038418_leftImg8bit.png,1,535,373,681,480
583,val/frankfurt/frankfurt_000001_038418_leftImg8bit.png,4,1612,394,1761,532
584,val/frankfurt/frankfurt_000001_038418_leftImg8bit.png,4,1750,409,2024,571
585,val/frankfurt/frankfurt_000001_038418_leftImg8bit.png,1,867,361,1138,563
586,val/frankfurt/frankfurt_000001_028335_leftImg8bit.png,1,1235,400,1302,451
587,val/frankfurt/frankfurt_000001_028335_leftImg8bit.png,1,1344,359,1503,489
588,val/frankfurt/frankfurt_000001_028335_leftImg8bit.png,1,1393,397,1516,502
589,val/frankfurt/frankfurt_000001_028335_leftImg8bit.png,1,1458,367,1604,510
590,val/frankfurt/frankfurt_000001_028335_leftImg8bit.png,1,1454,349,2047,755
591,val/frankfurt/frankfurt_000001_028335_leftImg8bit.png,1,904,388,978,463
592,val/frankfurt/frankfurt_000001_028335_leftImg8bit.png,1,888,389,960,477
593,val/frankfurt/frankfurt_000001_028335_leftImg8bit.png,1,870,386,941,488
594,val/frankfurt/frankfurt_000001_028335_leftImg8bit.png,1,723,357,914,513
595,val/frankfurt/frankfurt_000001_028335_leftImg8bit.png,0,618,343,672,500
596,val/frankfurt/frankfurt_000001_028335_leftImg8bit.png,0,574,348,625,483
597,val/frankfurt/frankfurt_000001_028335_leftImg8bit.png,0,517,338,577,502
598,val/frankfurt/frankfurt_000001_028335_leftImg8bit.png,0,440,340,495,500
599,val/frankfurt/frankfurt_000001_059119_leftImg8bit.png,0,202,291,383,590
600,val/frankfurt/frankfurt_000001_059119_leftImg8bit.png,0,242,329,403,600
601,val/frankfurt/frankfurt_000001_059119_leftImg8bit.png,0,1386,260,1526,665
602,val/frankfurt/frankfurt_000001_059119_leftImg8bit.png,0,826,258,965,636
603,val/frankfurt/frankfurt_000001_059119_leftImg8bit.png,0,861,291,999,649
604,val/frankfurt/frankfurt_000001_059119_leftImg8bit.png,0,410,308,580,608
605,val/frankfurt/frankfurt_000001_059119_leftImg8bit.png,0,497,271,633,618
606,val/frankfurt/frankfurt_000001_059119_leftImg8bit.png,0,534,260,751,632
607,val/frankfurt/frankfurt_000001_059119_leftImg8bit.png,0,1180,290,1319,642
608,val/frankfurt/frankfurt_000001_012519_leftImg8bit.png,4,511,432,564,487
609,val/frankfurt/frankfurt_000001_012519_leftImg8bit.png,0,1616,290,1761,607
610,val/frankfurt/frankfurt_000001_012519_leftImg8bit.png,0,1867,325,1941,559
611,val/frankfurt/frankfurt_000001_012519_leftImg8bit.png,1,605,381,731,504
612,val/frankfurt/frankfurt_000001_012519_leftImg8bit.png,1,690,359,889,517
613,val/frankfurt/frankfurt_000001_012519_leftImg8bit.png,4,840,427,911,562
614,val/frankfurt/frankfurt_000001_012519_leftImg8bit.png,0,575,353,643,522
615,val/frankfurt/frankfurt_000001_012519_leftImg8bit.png,1,61,375,400,633
616,val/frankfurt/frankfurt_000001_012519_leftImg8bit.png,1,0,313,256,723
617,val/frankfurt/frankfurt_000001_063045_leftImg8bit.png,1,1179,364,1270,479
618,val/frankfurt/frankfurt_000001_063045_leftImg8bit.png,1,1197,394,1283,483
619,val/frankfurt/frankfurt_000001_063045_leftImg8bit.png,1,1205,410,1312,490
620,val/frankfurt/frankfurt_000001_063045_leftImg8bit.png,0,1597,364,1657,513
621,val/frankfurt/frankfurt_000001_063045_leftImg8bit.png,0,1561,339,1623,515
622,val/frankfurt/frankfurt_000001_063045_leftImg8bit.png,0,1610,350,1678,525
623,val/frankfurt/frankfurt_000001_063045_leftImg8bit.png,0,1671,315,1779,590
624,val/frankfurt/frankfurt_000001_063045_leftImg8bit.png,0,1820,316,1963,583
625,val/frankfurt/frankfurt_000001_063045_leftImg8bit.png,0,1925,406,2029,583
626,val/frankfurt/frankfurt_000001_063045_leftImg8bit.png,1,355,422,465,499
627,val/frankfurt/frankfurt_000001_063045_leftImg8bit.png,1,472,423,561,487
628,val/frankfurt/frankfurt_000001_063045_leftImg8bit.png,1,728,419,820,483
629,val/frankfurt/frankfurt_000001_063045_leftImg8bit.png,1,534,410,688,509
630,val/frankfurt/frankfurt_000001_063045_leftImg8bit.png,1,243,423,402,507
631,val/frankfurt/frankfurt_000001_063045_leftImg8bit.png,3,1081,381,1145,449
632,val/frankfurt/frankfurt_000001_062016_leftImg8bit.png,3,867,345,1022,459
633,val/frankfurt/frankfurt_000001_062016_leftImg8bit.png,0,58,359,174,521
634,val/frankfurt/frankfurt_000001_062016_leftImg8bit.png,1,1015,386,1110,472
635,val/frankfurt/frankfurt_000001_073088_leftImg8bit.png,1,241,422,355,496
636,val/frankfurt/frankfurt_000001_073088_leftImg8bit.png,1,264,413,507,470
637,val/frankfurt/frankfurt_000001_073088_leftImg8bit.png,1,252,419,536,509
638,val/frankfurt/frankfurt_000001_073088_leftImg8bit.png,0,1072,351,1168,573
639,val/frankfurt/frankfurt_000001_073088_leftImg8bit.png,0,1008,336,1078,572
640,val/frankfurt/frankfurt_000001_065850_leftImg8bit.png,1,1835,344,2013,458
641,val/frankfurt/frankfurt_000001_065850_leftImg8bit.png,1,621,338,1048,491
642,val/frankfurt/frankfurt_000001_065850_leftImg8bit.png,0,727,318,874,577
643,val/frankfurt/frankfurt_000001_065850_leftImg8bit.png,0,777,326,926,585
644,val/frankfurt/frankfurt_000001_065850_leftImg8bit.png,4,356,379,433,512
645,val/frankfurt/frankfurt_000001_065850_leftImg8bit.png,0,1302,273,1484,634
646,val/frankfurt/frankfurt_000001_065850_leftImg8bit.png,0,1195,242,1350,654
647,val/frankfurt/frankfurt_000000_011810_leftImg8bit.png,1,106,400,298,543
648,val/frankfurt/frankfurt_000000_011810_leftImg8bit.png,1,266,382,484,557
649,val/frankfurt/frankfurt_000000_011810_leftImg8bit.png,1,0,342,217,621
650,val/frankfurt/frankfurt_000000_011810_leftImg8bit.png,1,1803,342,2008,452
651,val/frankfurt/frankfurt_000000_011810_leftImg8bit.png,5,1578,308,1719,538
652,val/frankfurt/frankfurt_000000_011810_leftImg8bit.png,0,1287,347,1339,457
653,val/frankfurt/frankfurt_000000_011810_leftImg8bit.png,1,818,379,941,488
654,val/frankfurt/frankfurt_000000_011810_leftImg8bit.png,1,734,379,870,539
655,val/frankfurt/frankfurt_000000_011810_leftImg8bit.png,1,422,347,800,616
656,val/frankfurt/frankfurt_000001_080091_leftImg8bit.png,4,853,379,934,448
657,val/frankfurt/frankfurt_000001_080091_leftImg8bit.png,1,678,343,849,537
658,val/frankfurt/frankfurt_000001_080091_leftImg8bit.png,1,358,300,782,595
659,val/frankfurt/frankfurt_000001_080091_leftImg8bit.png,1,0,109,597,772
660,val/frankfurt/frankfurt_000001_080091_leftImg8bit.png,1,1090,369,1165,426
661,val/frankfurt/frankfurt_000001_080091_leftImg8bit.png,1,1031,386,1109,444
662,val/frankfurt/frankfurt_000001_080091_leftImg8bit.png,1,1134,390,1188,443
663,val/frankfurt/frankfurt_000001_080091_leftImg8bit.png,1,1167,388,1254,459
664,val/frankfurt/frankfurt_000001_080091_leftImg8bit.png,1,1209,371,1348,480
665,val/frankfurt/frankfurt_000001_080091_leftImg8bit.png,0,1720,361,1778,412
666,val/frankfurt/frankfurt_000001_080091_leftImg8bit.png,1,1555,379,1808,539
667,val/frankfurt/frankfurt_000001_080091_leftImg8bit.png,1,1281,336,1593,561
668,val/frankfurt/frankfurt_000001_080091_leftImg8bit.png,1,1829,368,2047,528
669,val/frankfurt/frankfurt_000000_003357_leftImg8bit.png,1,922,362,1224,480
670,val/frankfurt/frankfurt_000000_003357_leftImg8bit.png,1,1441,332,1552,416
671,val/frankfurt/frankfurt_000000_003357_leftImg8bit.png,1,1488,366,1549,417
672,val/frankfurt/frankfurt_000000_003357_leftImg8bit.png,1,1527,365,1617,416
673,val/frankfurt/frankfurt_000000_003357_leftImg8bit.png,1,1574,366,1652,420
674,val/frankfurt/frankfurt_000000_003357_leftImg8bit.png,4,1748,382,1984,547
675,val/frankfurt/frankfurt_000000_003357_leftImg8bit.png,1,917,318,1424,735
676,val/frankfurt/frankfurt_000000_003357_leftImg8bit.png,1,618,390,688,467
677,val/frankfurt/frankfurt_000000_003357_leftImg8bit.png,1,560,373,641,486
678,val/frankfurt/frankfurt_000000_003357_leftImg8bit.png,1,412,375,601,505
679,val/frankfurt/frankfurt_000000_003357_leftImg8bit.png,1,0,378,350,568
680,val/frankfurt/frankfurt_000001_048654_leftImg8bit.png,1,946,386,1008,448
681,val/frankfurt/frankfurt_000001_048654_leftImg8bit.png,1,1168,381,1257,468
682,val/frankfurt/frankfurt_000001_048654_leftImg8bit.png,1,1188,383,1265,479
683,val/frankfurt/frankfurt_000001_048654_leftImg8bit.png,1,1224,374,1367,493
684,val/frankfurt/frankfurt_000001_048654_leftImg8bit.png,1,879,376,977,462
685,val/frankfurt/frankfurt_000001_048654_leftImg8bit.png,1,659,398,730,450
686,val/frankfurt/frankfurt_000001_048654_leftImg8bit.png,4,342,417,400,490
687,val/frankfurt/frankfurt_000001_048654_leftImg8bit.png,4,214,430,270,504
688,val/frankfurt/frankfurt_000001_048654_leftImg8bit.png,0,1672,305,1728,474
689,val/frankfurt/frankfurt_000001_048654_leftImg8bit.png,5,1279,392,1431,497
690,val/frankfurt/frankfurt_000001_048654_leftImg8bit.png,5,1759,349,1844,462
691,val/frankfurt/frankfurt_000000_004617_leftImg8bit.png,1,773,394,920,458
692,val/frankfurt/frankfurt_000000_004617_leftImg8bit.png,1,668,388,801,474
693,val/frankfurt/frankfurt_000000_004617_leftImg8bit.png,1,444,384,691,485
694,val/frankfurt/frankfurt_000001_055062_leftImg8bit.png,4,172,403,348,518
695,val/frankfurt/frankfurt_000001_055062_leftImg8bit.png,0,455,365,548,455
696,val/frankfurt/frankfurt_000001_055062_leftImg8bit.png,4,485,397,850,536
697,val/frankfurt/frankfurt_000001_055062_leftImg8bit.png,4,259,398,602,618
698,val/frankfurt/frankfurt_000001_055062_leftImg8bit.png,4,969,395,1021,447
699,val/frankfurt/frankfurt_000001_055062_leftImg8bit.png,1,1161,373,1326,450
700,val/frankfurt/frankfurt_000001_055062_leftImg8bit.png,4,1173,409,1266,480
701,val/frankfurt/frankfurt_000001_055062_leftImg8bit.png,4,1274,405,1332,490
702,val/frankfurt/frankfurt_000001_055062_leftImg8bit.png,0,1661,351,1734,487
703,val/frankfurt/frankfurt_000001_055062_leftImg8bit.png,1,1310,368,1711,533
704,val/frankfurt/frankfurt_000001_055062_leftImg8bit.png,0,1794,289,1874,495
705,val/frankfurt/frankfurt_000001_055062_leftImg8bit.png,1,1890,373,1994,468
706,val/frankfurt/frankfurt_000001_055062_leftImg8bit.png,1,1790,314,2047,661
707,val/frankfurt/frankfurt_000000_013382_leftImg8bit.png,1,0,443,86,590
708,val/frankfurt/frankfurt_000000_013382_leftImg8bit.png,1,1443,309,2048,792
709,val/frankfurt/frankfurt_000000_013382_leftImg8bit.png,1,1895,427,2048,956
710,val/frankfurt/frankfurt_000000_013382_leftImg8bit.png,1,432,392,577,494
711,val/frankfurt/frankfurt_000000_013382_leftImg8bit.png,1,355,402,494,510
712,val/frankfurt/frankfurt_000000_013382_leftImg8bit.png,1,185,405,421,537
713,val/frankfurt/frankfurt_000000_013382_leftImg8bit.png,3,934,277,1127,488
714,val/frankfurt/frankfurt_000000_013382_leftImg8bit.png,1,753,393,878,480
715,val/frankfurt/frankfurt_000001_004859_leftImg8bit.png,1,823,364,879,415
716,val/frankfurt/frankfurt_000001_058057_leftImg8bit.png,3,1088,345,1182,451
717,val/frankfurt/frankfurt_000001_058057_leftImg8bit.png,1,1029,400,1090,454
718,val/frankfurt/frankfurt_000001_058057_leftImg8bit.png,1,870,398,926,456
719,val/frankfurt/frankfurt_000001_058057_leftImg8bit.png,1,1008,407,1083,465
720,val/frankfurt/frankfurt_000001_058057_leftImg8bit.png,1,1108,404,1199,475
721,val/frankfurt/frankfurt_000001_058057_leftImg8bit.png,3,1205,292,1373,471
722,val/frankfurt/frankfurt_000001_058057_leftImg8bit.png,1,1263,307,1449,484
723,val/frankfurt/frankfurt_000001_058057_leftImg8bit.png,3,1357,72,2047,546
724,val/frankfurt/frankfurt_000001_058057_leftImg8bit.png,1,468,404,736,574
725,val/frankfurt/frankfurt_000001_058057_leftImg8bit.png,1,168,388,502,629
726,val/frankfurt/frankfurt_000001_058057_leftImg8bit.png,1,0,351,338,731
727,val/frankfurt/frankfurt_000001_052594_leftImg8bit.png,1,1662,344,1990,509
728,val/frankfurt/frankfurt_000001_052594_leftImg8bit.png,0,1391,251,1555,672
729,val/frankfurt/frankfurt_000001_052594_leftImg8bit.png,0,1399,272,1632,698
730,val/frankfurt/frankfurt_000001_052594_leftImg8bit.png,0,893,277,1032,645
731,val/frankfurt/frankfurt_000001_052594_leftImg8bit.png,4,185,418,326,507
732,val/frankfurt/frankfurt_000001_052594_leftImg8bit.png,4,100,409,213,510
733,val/frankfurt/frankfurt_000001_052594_leftImg8bit.png,4,46,449,137,525
734,val/frankfurt/frankfurt_000001_012738_leftImg8bit.png,0,1255,314,1389,611
735,val/frankfurt/frankfurt_000001_012738_leftImg8bit.png,0,1393,320,1467,521
736,val/frankfurt/frankfurt_000001_012738_leftImg8bit.png,0,1479,361,1555,514
737,val/frankfurt/frankfurt_000001_012738_leftImg8bit.png,0,1430,295,1550,585
738,val/frankfurt/frankfurt_000001_012738_leftImg8bit.png,0,1320,316,1475,629
739,val/frankfurt/frankfurt_000001_012738_leftImg8bit.png,0,1673,310,1760,571
740,val/frankfurt/frankfurt_000001_012738_leftImg8bit.png,0,1797,276,1903,590
741,val/frankfurt/frankfurt_000001_012738_leftImg8bit.png,0,1584,496,1677,660
742,val/frankfurt/frankfurt_000001_012738_leftImg8bit.png,0,1548,218,1720,720
743,val/frankfurt/frankfurt_000001_012738_leftImg8bit.png,0,1723,155,1873,703
744,val/frankfurt/frankfurt_000001_012738_leftImg8bit.png,0,804,375,857,471
745,val/frankfurt/frankfurt_000001_012738_leftImg8bit.png,0,1134,340,1259,600
746,val/frankfurt/frankfurt_000000_001236_leftImg8bit.png,1,1051,369,1103,428
747,val/frankfurt/frankfurt_000000_001236_leftImg8bit.png,1,1082,387,1133,440
748,val/frankfurt/frankfurt_000000_001236_leftImg8bit.png,1,1092,390,1147,447
749,val/frankfurt/frankfurt_000000_001236_leftImg8bit.png,1,1120,389,1199,455
750,val/frankfurt/frankfurt_000000_001236_leftImg8bit.png,1,1325,383,1430,534
751,val/frankfurt/frankfurt_000000_001236_leftImg8bit.png,1,1368,369,1648,572
752,val/frankfurt/frankfurt_000000_001236_leftImg8bit.png,1,1584,264,2048,773
753,val/frankfurt/frankfurt_000000_001236_leftImg8bit.png,1,875,389,929,443
754,val/frankfurt/frankfurt_000000_001236_leftImg8bit.png,1,840,392,915,448
755,val/frankfurt/frankfurt_000000_001236_leftImg8bit.png,1,697,368,769,443
756,val/frankfurt/frankfurt_000000_001236_leftImg8bit.png,0,665,374,727,485
757,val/frankfurt/frankfurt_000000_001236_leftImg8bit.png,1,156,371,431,537
758,val/frankfurt/frankfurt_000000_001236_leftImg8bit.png,1,0,372,71,580
759,val/frankfurt/frankfurt_000001_061763_leftImg8bit.png,0,1625,350,1690,499
760,val/frankfurt/frankfurt_000001_061763_leftImg8bit.png,4,1861,430,1995,623
761,val/frankfurt/frankfurt_000001_061763_leftImg8bit.png,1,1153,399,1220,453
762,val/frankfurt/frankfurt_000001_061763_leftImg8bit.png,1,922,391,1014,461
763,val/frankfurt/frankfurt_000001_061763_leftImg8bit.png,1,873,381,992,466
764,val/frankfurt/frankfurt_000001_061763_leftImg8bit.png,1,857,362,986,486
765,val/frankfurt/frankfurt_000001_061763_leftImg8bit.png,1,735,366,925,526
766,val/frankfurt/frankfurt_000001_061763_leftImg8bit.png,1,485,378,825,606
767,val/frankfurt/frankfurt_000001_061763_leftImg8bit.png,1,1033,377,1196,512
768,val/frankfurt/frankfurt_000001_061763_leftImg8bit.png,1,0,294,516,1023
769,val/frankfurt/frankfurt_000000_011007_leftImg8bit.png,1,842,373,916,443
770,val/frankfurt/frankfurt_000000_011007_leftImg8bit.png,1,839,374,897,455
771,val/frankfurt/frankfurt_000000_011007_leftImg8bit.png,1,754,372,872,464
772,val/frankfurt/frankfurt_000000_011007_leftImg8bit.png,2,991,229,1154,456
773,val/frankfurt/frankfurt_000001_071781_leftImg8bit.png,1,1170,410,1265,470
774,val/frankfurt/frankfurt_000001_071781_leftImg8bit.png,1,1216,420,1275,483
775,val/frankfurt/frankfurt_000001_071781_leftImg8bit.png,1,1234,406,1339,489
776,val/frankfurt/frankfurt_000001_071781_leftImg8bit.png,1,1277,399,1426,497
777,val/frankfurt/frankfurt_000001_071781_leftImg8bit.png,1,1296,410,1433,524
778,val/frankfurt/frankfurt_000001_071781_leftImg8bit.png,1,1369,387,1643,535
779,val/frankfurt/frankfurt_000001_071781_leftImg8bit.png,1,1447,409,1823,559
780,val/frankfurt/frankfurt_000001_071781_leftImg8bit.png,1,1003,390,1205,547
781,val/frankfurt/frankfurt_000001_020693_leftImg8bit.png,1,1215,385,1285,459
782,val/frankfurt/frankfurt_000001_020693_leftImg8bit.png,1,1026,386,1104,442
783,val/frankfurt/frankfurt_000001_020693_leftImg8bit.png,1,1010,398,1061,450
784,val/frankfurt/frankfurt_000001_020693_leftImg8bit.png,1,980,397,1043,454
785,val/frankfurt/frankfurt_000001_020693_leftImg8bit.png,1,944,397,1019,461
786,val/frankfurt/frankfurt_000001_020693_leftImg8bit.png,1,897,395,976,466
787,val/frankfurt/frankfurt_000001_020693_leftImg8bit.png,1,818,394,941,477
788,val/frankfurt/frankfurt_000001_020693_leftImg8bit.png,1,1167,386,1276,471
789,val/frankfurt/frankfurt_000001_020693_leftImg8bit.png,4,554,422,617,488
790,val/frankfurt/frankfurt_000000_013240_leftImg8bit.png,0,1170,363,1235,524
791,val/frankfurt/frankfurt_000000_013240_leftImg8bit.png,0,1140,334,1197,525
792,val/frankfurt/frankfurt_000000_013240_leftImg8bit.png,0,1222,354,1290,518
793,val/frankfurt/frankfurt_000000_013240_leftImg8bit.png,0,1068,334,1144,482
794,val/frankfurt/frankfurt_000000_013240_leftImg8bit.png,4,1346,399,1466,506
795,val/frankfurt/frankfurt_000000_013240_leftImg8bit.png,1,1929,406,2046,503
796,val/frankfurt/frankfurt_000000_013240_leftImg8bit.png,1,1740,385,1989,532
797,val/frankfurt/frankfurt_000000_020215_leftImg8bit.png,4,552,448,607,563
798,val/frankfurt/frankfurt_000000_020215_leftImg8bit.png,1,764,390,920,512
799,val/frankfurt/frankfurt_000000_020215_leftImg8bit.png,1,1228,221,1543,555
800,val/frankfurt/frankfurt_000000_020215_leftImg8bit.png,1,1453,252,1936,652
801,val/frankfurt/frankfurt_000000_020215_leftImg8bit.png,0,1377,337,1462,574
802,val/frankfurt/frankfurt_000000_020215_leftImg8bit.png,1,1732,218,2048,753
803,val/frankfurt/frankfurt_000001_035144_leftImg8bit.png,1,994,397,1056,450
804,val/frankfurt/frankfurt_000001_035144_leftImg8bit.png,1,1049,393,1133,457
805,val/frankfurt/frankfurt_000001_035144_leftImg8bit.png,5,1234,380,1296,446
806,val/frankfurt/frankfurt_000001_035144_leftImg8bit.png,4,1225,405,1421,501
807,val/frankfurt/frankfurt_000001_035144_leftImg8bit.png,1,1364,265,1775,589
808,val/frankfurt/frankfurt_000001_035144_leftImg8bit.png,1,1577,265,2047,684
809,val/frankfurt/frankfurt_000001_035144_leftImg8bit.png,0,991,375,1045,479
810,val/frankfurt/frankfurt_000001_035144_leftImg8bit.png,0,1018,375,1079,480
811,val/frankfurt/frankfurt_000001_055306_leftImg8bit.png,1,1838,386,1942,442
812,val/frankfurt/frankfurt_000001_055306_leftImg8bit.png,5,1948,381,2047,501
813,val/frankfurt/frankfurt_000001_055306_leftImg8bit.png,5,1465,373,1598,449
814,val/frankfurt/frankfurt_000001_055306_leftImg8bit.png,4,1525,408,1587,495
815,val/frankfurt/frankfurt_000001_055306_leftImg8bit.png,0,1252,324,1308,526
816,val/frankfurt/frankfurt_000001_055306_leftImg8bit.png,0,1161,329,1255,529
817,val/frankfurt/frankfurt_000001_055306_leftImg8bit.png,0,988,308,1076,514
818,val/frankfurt/frankfurt_000001_055306_leftImg8bit.png,0,893,296,989,518
819,val/frankfurt/frankfurt_000001_055306_leftImg8bit.png,0,961,303,1043,531
820,val/frankfurt/frankfurt_000001_055306_leftImg8bit.png,0,1064,316,1131,521
821,val/frankfurt/frankfurt_000001_055306_leftImg8bit.png,0,1101,341,1169,533
822,val/frankfurt/frankfurt_000001_055306_leftImg8bit.png,0,757,367,820,487
823,val/frankfurt/frankfurt_000001_055306_leftImg8bit.png,0,376,359,441,424
824,val/frankfurt/frankfurt_000001_055306_leftImg8bit.png,0,239,352,302,414
825,val/frankfurt/frankfurt_000001_055306_leftImg8bit.png,0,257,342,309,458
826,val/frankfurt/frankfurt_000001_055306_leftImg8bit.png,0,461,424,528,529
827,val/frankfurt/frankfurt_000001_055306_leftImg8bit.png,0,514,253,656,646
828,val/frankfurt/frankfurt_000001_055306_leftImg8bit.png,0,387,275,517,623
829,val/frankfurt/frankfurt_000001_055306_leftImg8bit.png,0,254,273,368,619
830,val/frankfurt/frankfurt_000001_055306_leftImg8bit.png,0,619,235,795,675
831,val/frankfurt/frankfurt_000001_055306_leftImg8bit.png,4,1967,408,2046,477
832,val/frankfurt/frankfurt_000001_029600_leftImg8bit.png,3,819,332,1045,392
833,val/frankfurt/frankfurt_000001_029600_leftImg8bit.png,1,952,336,1077,420
834,val/frankfurt/frankfurt_000001_029600_leftImg8bit.png,1,1170,362,1254,452
835,val/frankfurt/frankfurt_000001_029600_leftImg8bit.png,1,1185,370,1253,473
836,val/frankfurt/frankfurt_000001_029600_leftImg8bit.png,1,1196,366,1287,481
837,val/frankfurt/frankfurt_000001_029600_leftImg8bit.png,1,1229,366,1316,504
838,val/frankfurt/frankfurt_000001_029600_leftImg8bit.png,1,1255,351,1430,536
839,val/frankfurt/frankfurt_000001_029600_leftImg8bit.png,1,1342,290,1733,592
840,val/frankfurt/frankfurt_000001_029600_leftImg8bit.png,1,1523,324,2047,747
841,val/frankfurt/frankfurt_000001_029600_leftImg8bit.png,1,1965,549,2047,941
842,val/frankfurt/frankfurt_000001_029600_leftImg8bit.png,1,1041,373,1119,439
843,val/frankfurt/frankfurt_000000_016005_leftImg8bit.png,1,716,327,879,495
844,val/frankfurt/frankfurt_000000_016005_leftImg8bit.png,1,1191,387,1263,443
845,val/frankfurt/frankfurt_000000_016005_leftImg8bit.png,1,1313,385,1391,467
846,val/frankfurt/frankfurt_000000_016005_leftImg8bit.png,1,1954,513,2048,830
847,val/frankfurt/frankfurt_000000_016005_leftImg8bit.png,1,1331,373,1535,517
848,val/frankfurt/frankfurt_000001_046126_leftImg8bit.png,4,1711,420,1851,507
849,val/frankfurt/frankfurt_000001_046126_leftImg8bit.png,1,1143,389,1223,450
850,val/frankfurt/frankfurt_000001_046126_leftImg8bit.png,1,1252,382,1446,517
851,val/frankfurt/frankfurt_000001_083852_leftImg8bit.png,1,1095,378,1146,430
852,val/frankfurt/frankfurt_000001_083852_leftImg8bit.png,1,1112,386,1171,437
853,val/frankfurt/frankfurt_000001_083852_leftImg8bit.png,1,1147,374,1249,448
854,val/frankfurt/frankfurt_000001_083852_leftImg8bit.png,1,1245,365,1475,524
855,val/frankfurt/frankfurt_000001_083852_leftImg8bit.png,1,1450,316,2047,682
856,val/frankfurt/frankfurt_000001_083852_leftImg8bit.png,1,477,404,558,456
857,val/frankfurt/frankfurt_000001_055387_leftImg8bit.png,1,0,376,123,435
858,val/frankfurt/frankfurt_000001_055387_leftImg8bit.png,1,151,378,291,441
859,val/frankfurt/frankfurt_000001_055387_leftImg8bit.png,0,153,326,231,501
860,val/frankfurt/frankfurt_000001_055387_leftImg8bit.png,0,242,332,300,503
861,val/frankfurt/frankfurt_000001_055387_leftImg8bit.png,5,420,365,648,506
862,val/frankfurt/frankfurt_000001_055387_leftImg8bit.png,5,1192,390,1297,503
863,val/frankfurt/frankfurt_000001_055387_leftImg8bit.png,5,1196,417,1351,510
864,val/frankfurt/frankfurt_000001_055387_leftImg8bit.png,5,1217,408,1489,526
865,val/frankfurt/frankfurt_000001_055387_leftImg8bit.png,5,1285,411,1465,561
866,val/frankfurt/frankfurt_000001_055387_leftImg8bit.png,0,1514,376,1577,463
867,val/frankfurt/frankfurt_000001_055387_leftImg8bit.png,0,1579,381,1648,491
868,val/frankfurt/frankfurt_000001_055387_leftImg8bit.png,0,1745,340,1841,533
869,val/frankfurt/frankfurt_000001_055387_leftImg8bit.png,5,1452,401,1610,493
870,val/frankfurt/frankfurt_000001_055387_leftImg8bit.png,4,1394,451,1714,622
871,val/frankfurt/frankfurt_000001_055387_leftImg8bit.png,4,1504,458,1794,659
872,val/frankfurt/frankfurt_000001_055387_leftImg8bit.png,4,1636,479,2027,711
873,val/frankfurt/frankfurt_000001_055387_leftImg8bit.png,4,1674,464,2047,752
874,val/frankfurt/frankfurt_000001_055387_leftImg8bit.png,4,1748,441,2047,796
875,val/frankfurt/frankfurt_000000_000576_leftImg8bit.png,1,1117,377,1206,451
876,val/frankfurt/frankfurt_000000_000576_leftImg8bit.png,1,1227,386,1291,474
877,val/frankfurt/frankfurt_000000_000576_leftImg8bit.png,1,1244,385,1417,498
878,val/frankfurt/frankfurt_000000_000576_leftImg8bit.png,1,1524,383,1629,440
879,val/frankfurt/frankfurt_000000_000576_leftImg8bit.png,1,1518,351,1949,666
880,val/frankfurt/frankfurt_000000_000576_leftImg8bit.png,1,1845,209,2048,782
881,val/frankfurt/frankfurt_000000_000576_leftImg8bit.png,1,845,384,914,458
882,val/frankfurt/frankfurt_000000_000576_leftImg8bit.png,1,856,390,908,481
883,val/frankfurt/frankfurt_000000_000576_leftImg8bit.png,1,818,388,885,490
884,val/frankfurt/frankfurt_000000_000576_leftImg8bit.png,1,721,383,859,510
885,val/frankfurt/frankfurt_000000_000576_leftImg8bit.png,1,558,383,771,558
886,val/frankfurt/frankfurt_000000_000576_leftImg8bit.png,1,253,365,647,631
887,val/frankfurt/frankfurt_000001_067295_leftImg8bit.png,0,1714,320,1795,473
888,val/frankfurt/frankfurt_000001_067295_leftImg8bit.png,0,1716,330,1776,487
889,val/frankfurt/frankfurt_000001_067295_leftImg8bit.png,1,842,356,929,458
890,val/frankfurt/frankfurt_000001_067295_leftImg8bit.png,1,726,365,891,492
891,val/frankfurt/frankfurt_000001_067295_leftImg8bit.png,1,349,377,563,512
892,val/frankfurt/frankfurt_000001_067295_leftImg8bit.png,4,426,430,505,562
893,val/frankfurt/frankfurt_000001_067295_leftImg8bit.png,4,540,413,605,524
894,val/frankfurt/frankfurt_000001_067295_leftImg8bit.png,1,62,378,389,577
895,val/frankfurt/frankfurt_000001_067295_leftImg8bit.png,1,0,333,109,613
896,val/frankfurt/frankfurt_000001_067295_leftImg8bit.png,3,968,277,1104,459
897,val/frankfurt/frankfurt_000001_067295_leftImg8bit.png,0,1399,320,1490,558
898,val/frankfurt/frankfurt_000001_067295_leftImg8bit.png,0,1873,326,1939,503
899,val/frankfurt/frankfurt_000001_067295_leftImg8bit.png,0,1966,266,2047,545
900,val/frankfurt/frankfurt_000001_067295_leftImg8bit.png,0,1918,304,2025,570
901,val/frankfurt/frankfurt_000000_009291_leftImg8bit.png,1,1618,361,1695,431
902,val/frankfurt/frankfurt_000000_009291_leftImg8bit.png,1,1706,376,1781,430
903,val/frankfurt/frankfurt_000000_009291_leftImg8bit.png,1,1968,364,2048,440
904,val/frankfurt/frankfurt_000000_009291_leftImg8bit.png,0,1399,363,1461,464
905,val/frankfurt/frankfurt_000000_009291_leftImg8bit.png,0,1422,367,1480,465
906,val/frankfurt/frankfurt_000001_040575_leftImg8bit.png,4,1349,345,1440,407
907,val/frankfurt/frankfurt_000001_040575_leftImg8bit.png,0,809,214,1037,734
908,val/frankfurt/frankfurt_000001_009504_leftImg8bit.png,3,0,262,240,505
909,val/frankfurt/frankfurt_000001_009504_leftImg8bit.png,4,458,431,600,516
910,val/frankfurt/frankfurt_000001_009504_leftImg8bit.png,0,658,391,718,511
911,val/frankfurt/frankfurt_000001_009504_leftImg8bit.png,4,919,440,1021,505
912,val/frankfurt/frankfurt_000001_009504_leftImg8bit.png,4,878,442,986,506
913,val/frankfurt/frankfurt_000001_009504_leftImg8bit.png,1,1181,399,1258,478
914,val/frankfurt/frankfurt_000001_009504_leftImg8bit.png,0,1092,394,1152,508
915,val/frankfurt/frankfurt_000001_009504_leftImg8bit.png,4,999,438,1130,516
916,val/frankfurt/frankfurt_000001_009504_leftImg8bit.png,4,1412,445,1495,497
917,val/frankfurt/frankfurt_000001_009504_leftImg8bit.png,4,1286,440,1378,497
918,val/frankfurt/frankfurt_000001_009504_leftImg8bit.png,0,1354,408,1407,505
919,val/frankfurt/frankfurt_000001_009504_leftImg8bit.png,0,1544,399,1597,506
920,val/frankfurt/frankfurt_000001_009504_leftImg8bit.png,4,1725,444,1834,515
921,val/frankfurt/frankfurt_000001_048196_leftImg8bit.png,1,577,380,692,479
922,val/frankfurt/frankfurt_000001_048196_leftImg8bit.png,1,464,388,621,515
923,val/frankfurt/frankfurt_000001_048196_leftImg8bit.png,1,447,403,569,546
924,val/frankfurt/frankfurt_000001_048196_leftImg8bit.png,1,217,386,509,582
925,val/frankfurt/frankfurt_000001_048196_leftImg8bit.png,4,118,414,182,537
926,val/frankfurt/frankfurt_000001_048196_leftImg8bit.png,1,894,399,973,472
927,val/frankfurt/frankfurt_000001_048196_leftImg8bit.png,1,923,406,977,487
928,val/frankfurt/frankfurt_000001_048196_leftImg8bit.png,1,946,389,1029,501
929,val/frankfurt/frankfurt_000001_048196_leftImg8bit.png,1,967,382,1109,518
930,val/frankfurt/frankfurt_000001_048196_leftImg8bit.png,5,1240,382,1303,495
931,val/frankfurt/frankfurt_000001_048196_leftImg8bit.png,1,991,383,1257,565
932,val/frankfurt/frankfurt_000001_048196_leftImg8bit.png,0,1356,334,1420,540
933,val/frankfurt/frankfurt_000001_066574_leftImg8bit.png,4,268,428,375,485
934,val/frankfurt/frankfurt_000001_066574_leftImg8bit.png,1,721,409,855,477
935,val/frankfurt/frankfurt_000001_066574_leftImg8bit.png,0,1523,333,1582,491
936,val/frankfurt/frankfurt_000001_066574_leftImg8bit.png,1,913,402,996,461
937,val/frankfurt/frankfurt_000001_066574_leftImg8bit.png,4,963,416,1046,498
938,val/frankfurt/frankfurt_000001_066574_leftImg8bit.png,4,861,418,917,493
939,val/frankfurt/frankfurt_000001_066574_leftImg8bit.png,4,1129,436,1378,580
940,val/frankfurt/frankfurt_000001_015768_leftImg8bit.png,1,909,402,992,474
941,val/frankfurt/frankfurt_000001_015768_leftImg8bit.png,1,850,404,943,480
942,val/frankfurt/frankfurt_000001_015768_leftImg8bit.png,1,743,373,900,493
943,val/frankfurt/frankfurt_000001_015768_leftImg8bit.png,0,747,355,827,547
944,val/frankfurt/frankfurt_000001_015768_leftImg8bit.png,1,609,391,729,553
945,val/frankfurt/frankfurt_000001_015768_leftImg8bit.png,1,452,353,699,585
946,val/frankfurt/frankfurt_000001_015768_leftImg8bit.png,1,289,403,571,674
947,val/frankfurt/frankfurt_000001_015768_leftImg8bit.png,1,0,370,430,839
948,val/frankfurt/frankfurt_000001_015768_leftImg8bit.png,1,1502,246,2047,676
949,val/frankfurt/frankfurt_000001_080830_leftImg8bit.png,3,1474,318,1606,394
950,val/frankfurt/frankfurt_000001_080830_leftImg8bit.png,1,517,380,696,508
951,val/frankfurt/frankfurt_000001_080830_leftImg8bit.png,1,401,366,556,425
952,val/frankfurt/frankfurt_000001_080830_leftImg8bit.png,1,328,371,592,536
953,val/frankfurt/frankfurt_000001_080830_leftImg8bit.png,1,318,387,534,560
954,val/frankfurt/frankfurt_000001_080830_leftImg8bit.png,1,2,354,407,588
955,val/frankfurt/frankfurt_000001_080830_leftImg8bit.png,1,0,366,281,635
956,val/frankfurt/frankfurt_000001_080830_leftImg8bit.png,1,0,362,101,692
957,val/frankfurt/frankfurt_000001_038645_leftImg8bit.png,1,1479,379,1588,453
958,val/frankfurt/frankfurt_000001_038645_leftImg8bit.png,1,413,386,563,456
959,val/frankfurt/frankfurt_000001_038645_leftImg8bit.png,1,33,386,261,473
960,val/frankfurt/frankfurt_000001_038645_leftImg8bit.png,1,1117,336,1317,513
961,val/frankfurt/frankfurt_000001_038645_leftImg8bit.png,4,1803,374,2047,659
962,val/frankfurt/frankfurt_000001_049078_leftImg8bit.png,1,548,387,680,497
963,val/frankfurt/frankfurt_000001_049078_leftImg8bit.png,1,477,406,590,510
964,val/frankfurt/frankfurt_000001_049078_leftImg8bit.png,1,145,373,520,604
965,val/frankfurt/frankfurt_000001_072295_leftImg8bit.png,1,1316,401,1385,463
966,val/frankfurt/frankfurt_000001_072295_leftImg8bit.png,1,1338,397,1433,471
967,val/frankfurt/frankfurt_000001_072295_leftImg8bit.png,1,1373,399,1450,480
968,val/frankfurt/frankfurt_000001_072295_leftImg8bit.png,1,1410,389,1560,490
969,val/frankfurt/frankfurt_000001_072295_leftImg8bit.png,1,1522,389,1732,521
970,val/frankfurt/frankfurt_000001_072295_leftImg8bit.png,1,1659,385,1970,553
971,val/frankfurt/frankfurt_000001_072295_leftImg8bit.png,1,1857,392,2047,607
972,val/frankfurt/frankfurt_000001_032711_leftImg8bit.png,2,520,329,822,447
973,val/frankfurt/frankfurt_000001_032711_leftImg8bit.png,1,825,397,973,449
974,val/frankfurt/frankfurt_000001_032711_leftImg8bit.png,1,1160,378,1215,454
975,val/frankfurt/frankfurt_000001_032711_leftImg8bit.png,1,1176,379,1236,461
976,val/frankfurt/frankfurt_000001_032711_leftImg8bit.png,1,1179,387,1250,472
977,val/frankfurt/frankfurt_000001_032711_leftImg8bit.png,0,1686,322,1762,416
978,val/frankfurt/frankfurt_000001_032711_leftImg8bit.png,1,1196,352,1305,487
979,val/frankfurt/frankfurt_000001_032711_leftImg8bit.png,1,1233,242,1549,534
980,val/frankfurt/frankfurt_000001_032711_leftImg8bit.png,0,1598,332,1650,412
981,val/frankfurt/frankfurt_000001_032711_leftImg8bit.png,0,1833,291,1899,392
982,val/frankfurt/frankfurt_000001_032711_leftImg8bit.png,0,1855,305,1934,405
983,val/frankfurt/frankfurt_000001_032711_leftImg8bit.png,0,1760,291,1854,409
984,val/frankfurt/frankfurt_000001_032711_leftImg8bit.png,0,1996,318,2047,536
985,val/frankfurt/frankfurt_000001_032711_leftImg8bit.png,0,1996,362,2047,496
986,val/frankfurt/frankfurt_000001_032711_leftImg8bit.png,1,1362,373,1681,585
987,val/frankfurt/frankfurt_000001_032711_leftImg8bit.png,1,1515,333,2029,684
988,val/frankfurt/frankfurt_000001_032711_leftImg8bit.png,1,1868,460,2047,787
989,val/frankfurt/frankfurt_000001_032711_leftImg8bit.png,1,931,332,1180,553
990,val/frankfurt/frankfurt_000001_032711_leftImg8bit.png,1,649,400,722,469
991,val/frankfurt/frankfurt_000001_032711_leftImg8bit.png,1,589,401,700,476
992,val/frankfurt/frankfurt_000001_032711_leftImg8bit.png,1,539,400,659,488
993,val/frankfurt/frankfurt_000001_032711_leftImg8bit.png,1,436,389,602,499
994,val/frankfurt/frankfurt_000001_032711_leftImg8bit.png,1,278,375,490,523
995,val/frankfurt/frankfurt_000001_032711_leftImg8bit.png,1,27,408,341,564
996,val/frankfurt/frankfurt_000001_041664_leftImg8bit.png,0,1515,359,1578,495
997,val/frankfurt/frankfurt_000001_041664_leftImg8bit.png,1,1312,380,1382,449
998,val/frankfurt/frankfurt_000001_041664_leftImg8bit.png,1,1106,378,1188,454
999,val/frankfurt/frankfurt_000001_041664_leftImg8bit.png,1,909,388,999,475
1000,val/frankfurt/frankfurt_000001_041664_leftImg8bit.png,2,983,334,1130,481
1001,val/frankfurt/frankfurt_000001_062250_leftImg8bit.png,1,1348,380,1428,437
1002,val/frankfurt/frankfurt_000001_062250_leftImg8bit.png,1,1447,383,1553,459
1003,val/frankfurt/frankfurt_000001_062250_leftImg8bit.png,1,753,366,846,428
1004,val/frankfurt/frankfurt_000001_062250_leftImg8bit.png,1,417,382,585,473
1005,val/frankfurt/frankfurt_000001_051516_leftImg8bit.png,0,1083,375,1135,490
1006,val/frankfurt/frankfurt_000001_020046_leftImg8bit.png,0,1095,369,1153,485
1007,val/frankfurt/frankfurt_000001_020046_leftImg8bit.png,1,782,389,860,449
1008,val/frankfurt/frankfurt_000001_020046_leftImg8bit.png,1,661,363,793,468
1009,val/frankfurt/frankfurt_000001_073911_leftImg8bit.png,1,1324,399,1473,454
1010,val/frankfurt/frankfurt_000001_073911_leftImg8bit.png,1,1361,405,1455,458
1011,val/frankfurt/frankfurt_000001_073911_leftImg8bit.png,1,1341,409,1423,466
1012,val/frankfurt/frankfurt_000001_073911_leftImg8bit.png,1,1293,406,1398,470
1013,val/frankfurt/frankfurt_000001_073911_leftImg8bit.png,1,1229,406,1362,476
1014,val/frankfurt/frankfurt_000001_073911_leftImg8bit.png,1,1124,406,1285,485
1015,val/frankfurt/frankfurt_000001_073911_leftImg8bit.png,1,1011,406,1165,507
1016,val/frankfurt/frankfurt_000001_073911_leftImg8bit.png,1,819,393,1035,528
1017,val/frankfurt/frankfurt_000001_073911_leftImg8bit.png,0,876,369,928,543
1018,val/frankfurt/frankfurt_000001_073911_leftImg8bit.png,1,1797,385,1866,454
1019,val/frankfurt/frankfurt_000001_073911_leftImg8bit.png,1,1818,379,1948,480
1020,val/frankfurt/frankfurt_000001_073911_leftImg8bit.png,1,1818,379,1946,480
1021,val/frankfurt/frankfurt_000001_073911_leftImg8bit.png,1,1567,377,1731,500
1022,val/frankfurt/frankfurt_000001_073911_leftImg8bit.png,5,497,411,685,569
1023,val/frankfurt/frankfurt_000001_062793_leftImg8bit.png,1,928,440,1004,501
1024,val/frankfurt/frankfurt_000001_062793_leftImg8bit.png,1,1092,435,1165,502
1025,val/frankfurt/frankfurt_000001_062793_leftImg8bit.png,3,1180,399,1278,492
1026,val/frankfurt/frankfurt_000001_062793_leftImg8bit.png,0,1484,409,1549,524
1027,val/frankfurt/frankfurt_000001_062793_leftImg8bit.png,1,662,435,744,503
1028,val/frankfurt/frankfurt_000001_062793_leftImg8bit.png,1,641,453,699,508
1029,val/frankfurt/frankfurt_000001_062793_leftImg8bit.png,1,568,439,662,512
1030,val/frankfurt/frankfurt_000001_062793_leftImg8bit.png,0,419,405,475,536
1031,val/frankfurt/frankfurt_000001_047552_leftImg8bit.png,1,874,388,960,475
1032,val/frankfurt/frankfurt_000001_047552_leftImg8bit.png,1,866,399,940,478
1033,val/frankfurt/frankfurt_000001_047552_leftImg8bit.png,1,799,396,928,512
1034,val/frankfurt/frankfurt_000001_047552_leftImg8bit.png,1,718,394,856,537
1035,val/frankfurt/frankfurt_000001_047552_leftImg8bit.png,1,545,360,771,597
1036,val/frankfurt/frankfurt_000001_047552_leftImg8bit.png,1,171,372,658,703
1037,val/frankfurt/frankfurt_000001_047552_leftImg8bit.png,1,1112,399,1171,469
1038,val/frankfurt/frankfurt_000001_047552_leftImg8bit.png,1,1148,393,1235,476
1039,val/frankfurt/frankfurt_000001_047552_leftImg8bit.png,1,1187,396,1247,483
1040,val/frankfurt/frankfurt_000001_047552_leftImg8bit.png,1,1192,369,1291,504
1041,val/frankfurt/frankfurt_000001_047552_leftImg8bit.png,1,1251,219,1624,563
1042,val/frankfurt/frankfurt_000001_047552_leftImg8bit.png,1,1432,329,1823,645
1043,val/frankfurt/frankfurt_000001_047552_leftImg8bit.png,1,1555,332,2047,776
1044,val/frankfurt/frankfurt_000001_035864_leftImg8bit.png,3,1119,294,1293,452
1045,val/frankfurt/frankfurt_000001_035864_leftImg8bit.png,3,1226,152,1678,537
1046,val/frankfurt/frankfurt_000001_035864_leftImg8bit.png,1,558,390,657,446
1047,val/frankfurt/frankfurt_000001_035864_leftImg8bit.png,1,0,321,580,888
1048,val/frankfurt/frankfurt_000001_035864_leftImg8bit.png,1,950,370,1106,496
1049,val/frankfurt/frankfurt_000000_022254_leftImg8bit.png,0,21,284,147,536
1050,val/frankfurt/frankfurt_000000_022254_leftImg8bit.png,1,649,338,822,444
1051,val/frankfurt/frankfurt_000000_022254_leftImg8bit.png,1,526,341,788,510
1052,val/frankfurt/frankfurt_000000_022254_leftImg8bit.png,5,545,400,754,665
1053,val/frankfurt/frankfurt_000000_022254_leftImg8bit.png,1,1141,373,1229,437
1054,val/frankfurt/frankfurt_000000_022254_leftImg8bit.png,1,1000,374,1148,481
1055,val/frankfurt/frankfurt_000000_022254_leftImg8bit.png,5,1332,412,1430,515
1056,val/frankfurt/frankfurt_000001_038245_leftImg8bit.png,0,218,331,276,395
1057,val/frankfurt/frankfurt_000001_038245_leftImg8bit.png,0,472,330,524,456
1058,val/frankfurt/frankfurt_000001_038245_leftImg8bit.png,0,436,319,496,426
1059,val/frankfurt/frankfurt_000001_038245_leftImg8bit.png,0,1279,341,1332,470
1060,val/frankfurt/frankfurt_000001_038245_leftImg8bit.png,0,1930,343,1982,476
1061,val/frankfurt/frankfurt_000001_038245_leftImg8bit.png,4,1634,395,1719,470
1062,val/frankfurt/frankfurt_000001_038245_leftImg8bit.png,4,1721,397,1842,470
1063,val/frankfurt/frankfurt_000001_038245_leftImg8bit.png,0,1832,353,1895,481
1064,val/frankfurt/frankfurt_000001_038245_leftImg8bit.png,0,1499,340,1587,504
1065,val/frankfurt/frankfurt_000001_038245_leftImg8bit.png,4,1804,415,1974,565
1066,val/frankfurt/frankfurt_000001_038245_leftImg8bit.png,1,826,351,1099,544
1067,val/frankfurt/frankfurt_000001_048355_leftImg8bit.png,1,790,394,1027,465
1068,val/frankfurt/frankfurt_000001_048355_leftImg8bit.png,1,610,327,836,586
1069,val/frankfurt/frankfurt_000001_048355_leftImg8bit.png,1,312,323,712,666
1070,val/frankfurt/frankfurt_000001_048355_leftImg8bit.png,1,0,332,487,912
1071,val/frankfurt/frankfurt_000001_048355_leftImg8bit.png,0,988,355,1086,512
1072,val/frankfurt/frankfurt_000001_048355_leftImg8bit.png,1,1106,394,1325,467
1073,val/frankfurt/frankfurt_000001_048355_leftImg8bit.png,1,1626,375,1783,467
1074,val/frankfurt/frankfurt_000001_048355_leftImg8bit.png,1,1350,379,1685,594
1075,val/frankfurt/frankfurt_000001_048355_leftImg8bit.png,4,1753,396,1885,534
1076,val/frankfurt/frankfurt_000001_048355_leftImg8bit.png,1,1724,366,2047,872
1077,val/frankfurt/frankfurt_000001_067474_leftImg8bit.png,1,349,409,431,475
1078,val/frankfurt/frankfurt_000001_067474_leftImg8bit.png,1,0,413,52,505
1079,val/frankfurt/frankfurt_000001_067474_leftImg8bit.png,1,22,402,136,492
1080,val/frankfurt/frankfurt_000001_067474_leftImg8bit.png,3,123,275,322,495
1081,val/frankfurt/frankfurt_000001_067474_leftImg8bit.png,0,873,332,954,504
1082,val/frankfurt/frankfurt_000001_067474_leftImg8bit.png,0,1576,312,1633,483
1083,val/frankfurt/frankfurt_000001_067474_leftImg8bit.png,0,1830,249,1953,601
1084,val/frankfurt/frankfurt_000001_067474_leftImg8bit.png,0,1942,210,2047,594
1085,val/frankfurt/frankfurt_000001_067474_leftImg8bit.png,5,624,401,734,517
1086,val/frankfurt/frankfurt_000001_001464_leftImg8bit.png,3,1013,194,2048,466
1087,val/frankfurt/frankfurt_000001_001464_leftImg8bit.png,4,1499,375,1786,590
1088,val/frankfurt/frankfurt_000001_014221_leftImg8bit.png,1,883,357,963,428
1089,val/frankfurt/frankfurt_000001_014221_leftImg8bit.png,0,1695,349,1767,424
1090,val/frankfurt/frankfurt_000001_014221_leftImg8bit.png,0,1960,334,2025,420
1091,val/frankfurt/frankfurt_000001_014221_leftImg8bit.png,0,1972,342,2047,492
1092,val/frankfurt/frankfurt_000001_014221_leftImg8bit.png,0,1988,357,2047,477
1093,val/frankfurt/frankfurt_000001_014221_leftImg8bit.png,1,1259,366,1345,481
1094,val/frankfurt/frankfurt_000001_014221_leftImg8bit.png,1,1292,363,1455,500
1095,val/frankfurt/frankfurt_000001_014221_leftImg8bit.png,1,1331,376,1496,528
1096,val/frankfurt/frankfurt_000001_014221_leftImg8bit.png,1,1400,374,1689,577
1097,val/frankfurt/frankfurt_000001_014221_leftImg8bit.png,1,1546,390,2045,694
1098,val/frankfurt/frankfurt_000001_014221_leftImg8bit.png,1,1857,441,2047,801
1099,val/frankfurt/frankfurt_000001_014221_leftImg8bit.png,5,583,370,675,462
1100,val/frankfurt/frankfurt_000001_041517_leftImg8bit.png,1,976,363,1062,455
1101,val/frankfurt/frankfurt_000001_041517_leftImg8bit.png,1,428,357,589,537
1102,val/frankfurt/frankfurt_000001_041517_leftImg8bit.png,2,551,211,912,564
1103,val/frankfurt/frankfurt_000001_003056_leftImg8bit.png,3,617,331,814,455
1104,val/frankfurt/frankfurt_000001_003056_leftImg8bit.png,1,1941,175,2048,602
1105,val/frankfurt/frankfurt_000001_003056_leftImg8bit.png,1,1164,387,1258,459
1106,val/frankfurt/frankfurt_000001_003056_leftImg8bit.png,1,1186,396,1244,470
1107,val/frankfurt/frankfurt_000001_003056_leftImg8bit.png,1,1219,379,1300,486
1108,val/frankfurt/frankfurt_000001_003056_leftImg8bit.png,1,1258,353,1441,505
1109,val/frankfurt/frankfurt_000000_010763_leftImg8bit.png,4,692,395,792,450
1110,val/frankfurt/frankfurt_000000_010763_leftImg8bit.png,1,1123,362,1190,420
1111,val/frankfurt/frankfurt_000000_010763_leftImg8bit.png,2,999,301,1087,421
1112,val/frankfurt/frankfurt_000001_005703_leftImg8bit.png,1,1723,280,2048,852
1113,val/frankfurt/frankfurt_000001_005703_leftImg8bit.png,3,849,374,916,445
1114,val/frankfurt/frankfurt_000001_005703_leftImg8bit.png,1,1127,383,1209,449
1115,val/frankfurt/frankfurt_000001_005703_leftImg8bit.png,1,978,394,1073,468
1116,val/frankfurt/frankfurt_000001_054077_leftImg8bit.png,4,1921,417,2001,484
1117,val/frankfurt/frankfurt_000001_054077_leftImg8bit.png,4,1636,420,1749,499
1118,val/frankfurt/frankfurt_000001_054077_leftImg8bit.png,1,1198,393,1544,523
1119,val/frankfurt/frankfurt_000001_054077_leftImg8bit.png,0,861,359,929,490
1120,val/frankfurt/frankfurt_000001_054077_leftImg8bit.png,0,913,344,984,493
1121,val/frankfurt/frankfurt_000001_054077_leftImg8bit.png,4,1879,419,1950,491
1122,val/frankfurt/frankfurt_000001_054077_leftImg8bit.png,4,1790,423,1902,496
1123,val/frankfurt/frankfurt_000001_014565_leftImg8bit.png,2,755,333,883,460
1124,val/frankfurt/frankfurt_000001_014565_leftImg8bit.png,1,804,397,917,468
1125,val/frankfurt/frankfurt_000001_014565_leftImg8bit.png,5,960,394,1015,446
1126,val/frankfurt/frankfurt_000001_014565_leftImg8bit.png,1,964,401,1087,523
1127,val/frankfurt/frankfurt_000001_014565_leftImg8bit.png,1,1005,371,1281,564
1128,val/frankfurt/frankfurt_000001_023369_leftImg8bit.png,1,1175,387,1296,480
1129,val/frankfurt/frankfurt_000001_023369_leftImg8bit.png,0,1882,294,1998,577
1130,val/frankfurt/frankfurt_000001_067092_leftImg8bit.png,3,1121,290,1251,464
1131,val/frankfurt/frankfurt_000001_067092_leftImg8bit.png,1,938,399,1064,456
1132,val/frankfurt/frankfurt_000001_067092_leftImg8bit.png,1,899,398,952,461
1133,val/frankfurt/frankfurt_000001_067092_leftImg8bit.png,1,779,368,917,472
1134,val/frankfurt/frankfurt_000001_067092_leftImg8bit.png,1,719,397,852,483
1135,val/frankfurt/frankfurt_000001_067092_leftImg8bit.png,1,573,389,758,514
1136,val/frankfurt/frankfurt_000001_067092_leftImg8bit.png,1,328,356,611,547
1137,val/frankfurt/frankfurt_000001_067092_leftImg8bit.png,1,83,374,385,572
1138,val/frankfurt/frankfurt_000001_067092_leftImg8bit.png,0,53,342,106,397
1139,val/frankfurt/frankfurt_000001_067092_leftImg8bit.png,1,0,367,306,667
1140,val/frankfurt/frankfurt_000001_067092_leftImg8bit.png,0,1996,321,2047,406
1141,val/frankfurt/frankfurt_000001_067092_leftImg8bit.png,0,405,348,464,559
1142,val/frankfurt/frankfurt_000001_067092_leftImg8bit.png,1,1322,381,1417,501
1143,val/frankfurt/frankfurt_000001_067092_leftImg8bit.png,1,1351,388,1497,524
1144,val/frankfurt/frankfurt_000001_067092_leftImg8bit.png,1,1435,382,1595,559
1145,val/frankfurt/frankfurt_000001_067092_leftImg8bit.png,1,1536,357,1820,613
1146,val/frankfurt/frankfurt_000001_067092_leftImg8bit.png,1,1650,369,2047,729
1147,val/frankfurt/frankfurt_000001_067092_leftImg8bit.png,1,1840,435,2047,845
1148,val/frankfurt/frankfurt_000001_014406_leftImg8bit.png,4,791,345,842,416
1149,val/frankfurt/frankfurt_000001_014406_leftImg8bit.png,4,911,358,1053,440
1150,val/frankfurt/frankfurt_000001_014406_leftImg8bit.png,5,1020,310,1224,450
1151,val/frankfurt/frankfurt_000001_014406_leftImg8bit.png,5,1056,332,1207,459
1152,val/frankfurt/frankfurt_000001_014406_leftImg8bit.png,0,1684,313,1763,465
1153,val/frankfurt/frankfurt_000001_014406_leftImg8bit.png,0,1607,261,1691,468
1154,val/frankfurt/frankfurt_000001_014406_leftImg8bit.png,0,1991,307,2047,448
1155,val/frankfurt/frankfurt_000001_014406_leftImg8bit.png,0,1955,278,2017,484
1156,val/frankfurt/frankfurt_000001_014406_leftImg8bit.png,0,1909,265,1992,487
1157,val/frankfurt/frankfurt_000001_014406_leftImg8bit.png,1,376,309,533,417
1158,val/frankfurt/frankfurt_000001_014406_leftImg8bit.png,1,196,285,449,500
1159,val/frankfurt/frankfurt_000001_014406_leftImg8bit.png,0,818,298,882,464
1160,val/frankfurt/frankfurt_000001_014406_leftImg8bit.png,0,748,267,868,535
1161,val/frankfurt/frankfurt_000000_003920_leftImg8bit.png,1,1978,358,2048,416
1162,val/frankfurt/frankfurt_000000_003920_leftImg8bit.png,3,1071,286,1781,428
1163,val/frankfurt/frankfurt_000000_003920_leftImg8bit.png,1,772,343,1010,517
1164,val/frankfurt/frankfurt_000001_050149_leftImg8bit.png,4,1961,387,2047,470
1165,val/frankfurt/frankfurt_000001_050149_leftImg8bit.png,1,712,382,828,444
1166,val/frankfurt/frankfurt_000001_050149_leftImg8bit.png,1,638,391,729,455
1167,val/frankfurt/frankfurt_000001_050149_leftImg8bit.png,1,485,394,596,458
1168,val/frankfurt/frankfurt_000001_050149_leftImg8bit.png,4,1063,399,1174,472
1169,val/frankfurt/frankfurt_000001_050149_leftImg8bit.png,4,1789,386,1940,475
1170,val/frankfurt/frankfurt_000001_050149_leftImg8bit.png,4,1281,394,1405,474
1171,val/frankfurt/frankfurt_000001_050149_leftImg8bit.png,4,1284,395,1421,477
1172,val/frankfurt/frankfurt_000001_050149_leftImg8bit.png,4,1600,388,1742,476
1173,val/frankfurt/frankfurt_000001_050149_leftImg8bit.png,0,1639,338,1716,466
1174,val/frankfurt/frankfurt_000001_050149_leftImg8bit.png,4,288,401,364,479
1175,val/frankfurt/frankfurt_000001_013016_leftImg8bit.png,0,1968,261,2047,503
1176,val/frankfurt/frankfurt_000001_013016_leftImg8bit.png,0,1894,305,1961,463
1177,val/frankfurt/frankfurt_000001_013016_leftImg8bit.png,0,1486,317,1561,459
1178,val/frankfurt/frankfurt_000001_013016_leftImg8bit.png,4,1573,397,1918,590
1179,val/frankfurt/frankfurt_000001_013016_leftImg8bit.png,0,1626,178,1935,800
1180,val/frankfurt/frankfurt_000001_013016_leftImg8bit.png,1,914,356,1019,440
1181,val/frankfurt/frankfurt_000001_013016_leftImg8bit.png,1,831,341,966,467
1182,val/frankfurt/frankfurt_000001_013016_leftImg8bit.png,0,339,319,401,488
1183,val/frankfurt/frankfurt_000001_013016_leftImg8bit.png,0,245,320,326,487
1184,val/frankfurt/frankfurt_000001_013016_leftImg8bit.png,0,29,259,196,647
1185,val/frankfurt/frankfurt_000001_013016_leftImg8bit.png,1,1062,348,1167,416
1186,val/frankfurt/frankfurt_000001_013016_leftImg8bit.png,0,662,237,757,651
1187,val/frankfurt/frankfurt_000001_013016_leftImg8bit.png,0,431,200,704,714
1188,val/frankfurt/frankfurt_000001_013016_leftImg8bit.png,0,702,259,891,723
1189,val/frankfurt/frankfurt_000001_013016_leftImg8bit.png,0,1147,236,1228,380
1190,val/frankfurt/frankfurt_000001_013016_leftImg8bit.png,0,1074,220,1263,780
1191,val/frankfurt/frankfurt_000001_013016_leftImg8bit.png,0,1136,215,1437,848
1192,val/frankfurt/frankfurt_000001_057181_leftImg8bit.png,3,1133,280,1340,381
1193,val/frankfurt/frankfurt_000001_057181_leftImg8bit.png,1,1337,329,1400,384
1194,val/frankfurt/frankfurt_000001_057181_leftImg8bit.png,1,1234,337,1318,405
1195,val/frankfurt/frankfurt_000001_057181_leftImg8bit.png,1,1177,340,1266,411
1196,val/frankfurt/frankfurt_000001_057181_leftImg8bit.png,1,1075,341,1174,398
1197,val/frankfurt/frankfurt_000001_057181_leftImg8bit.png,1,1089,354,1220,414
1198,val/frankfurt/frankfurt_000001_057181_leftImg8bit.png,0,1049,326,1105,427
1199,val/frankfurt/frankfurt_000001_057181_leftImg8bit.png,1,936,341,991,411
1200,val/frankfurt/frankfurt_000001_057181_leftImg8bit.png,0,849,328,913,435
1201,val/frankfurt/frankfurt_000001_057181_leftImg8bit.png,0,958,245,1076,619
1202,val/frankfurt/frankfurt_000001_057181_leftImg8bit.png,0,954,256,1109,634
1203,val/frankfurt/frankfurt_000001_057181_leftImg8bit.png,0,509,243,711,664
1204,val/frankfurt/frankfurt_000001_057181_leftImg8bit.png,0,550,321,768,694
1205,val/frankfurt/frankfurt_000001_057181_leftImg8bit.png,0,1240,289,1383,608
1206,val/frankfurt/frankfurt_000001_057181_leftImg8bit.png,0,1109,341,1261,721
1207,val/frankfurt/frankfurt_000001_057181_leftImg8bit.png,0,759,327,812,457
1208,val/frankfurt/frankfurt_000001_057181_leftImg8bit.png,0,466,314,537,461
1209,val/frankfurt/frankfurt_000001_057181_leftImg8bit.png,0,329,318,384,460
1210,val/frankfurt/frankfurt_000001_020287_leftImg8bit.png,5,1952,357,2028,474
1211,val/frankfurt/frankfurt_000001_020287_leftImg8bit.png,0,1375,349,1440,475
1212,val/frankfurt/frankfurt_000001_020287_leftImg8bit.png,0,1241,343,1293,473
1213,val/frankfurt/frankfurt_000001_020287_leftImg8bit.png,1,747,382,853,467
1214,val/frankfurt/frankfurt_000001_020287_leftImg8bit.png,1,568,393,671,468
1215,val/frankfurt/frankfurt_000001_020287_leftImg8bit.png,1,610,391,758,490
1216,val/frankfurt/frankfurt_000000_009561_leftImg8bit.png,1,392,418,505,477
1217,val/frankfurt/frankfurt_000000_009561_leftImg8bit.png,1,24,432,200,505
1218,val/frankfurt/frankfurt_000000_009561_leftImg8bit.png,0,1332,339,1444,594
1219,val/frankfurt/frankfurt_000000_009561_leftImg8bit.png,5,1711,388,1815,462
1220,val/frankfurt/frankfurt_000000_009561_leftImg8bit.png,1,508,414,625,470
1221,val/frankfurt/frankfurt_000001_056580_leftImg8bit.png,1,1621,340,2047,675
1222,val/frankfurt/frankfurt_000001_056580_leftImg8bit.png,1,912,338,1076,417
1223,val/frankfurt/frankfurt_000001_056580_leftImg8bit.png,1,231,348,558,455
1224,val/frankfurt/frankfurt_000001_056580_leftImg8bit.png,0,264,319,330,457
1225,val/frankfurt/frankfurt_000001_056580_leftImg8bit.png,0,352,324,409,458
1226,val/frankfurt/frankfurt_000001_056580_leftImg8bit.png,0,400,302,454,460
1227,val/frankfurt/frankfurt_000001_056580_leftImg8bit.png,0,454,313,536,460
1228,val/frankfurt/frankfurt_000001_056580_leftImg8bit.png,1,1007,340,1258,463
1229,val/frankfurt/frankfurt_000000_021667_leftImg8bit.png,1,1064,357,1156,449
1230,val/frankfurt/frankfurt_000000_021667_leftImg8bit.png,4,1846,351,1954,511
1231,val/frankfurt/frankfurt_000001_000538_leftImg8bit.png,1,945,376,1048,436
1232,val/frankfurt/frankfurt_000001_000538_leftImg8bit.png,1,1206,373,1304,442
1233,val/frankfurt/frankfurt_000001_000538_leftImg8bit.png,1,1264,367,1441,482
1234,val/frankfurt/frankfurt_000001_000538_leftImg8bit.png,0,1423,339,1493,544
1235,val/frankfurt/frankfurt_000001_000538_leftImg8bit.png,4,1415,422,1673,592
1236,val/frankfurt/frankfurt_000001_051807_leftImg8bit.png,0,1544,349,1623,567
1237,val/frankfurt/frankfurt_000001_051807_leftImg8bit.png,0,1631,338,1718,567
1238,val/frankfurt/frankfurt_000001_051807_leftImg8bit.png,0,1689,311,1767,575
1239,val/frankfurt/frankfurt_000001_051807_leftImg8bit.png,1,602,417,667,468
1240,val/frankfurt/frankfurt_000001_051807_leftImg8bit.png,1,370,419,498,499
1241,val/frankfurt/frankfurt_000001_051807_leftImg8bit.png,1,229,428,420,520
1242,val/frankfurt/frankfurt_000001_008200_leftImg8bit.png,1,131,367,386,521
1243,val/frankfurt/frankfurt_000001_008200_leftImg8bit.png,3,569,258,733,472
1244,val/frankfurt/frankfurt_000001_008200_leftImg8bit.png,1,917,396,1005,464
1245,val/frankfurt/frankfurt_000001_008200_leftImg8bit.png,1,1019,398,1098,458
1246,val/frankfurt/frankfurt_000001_008200_leftImg8bit.png,1,1072,385,1180,471
1247,val/frankfurt/frankfurt_000001_064651_leftImg8bit.png,0,27,332,98,537
1248,val/frankfurt/frankfurt_000001_064651_leftImg8bit.png,0,102,321,223,526
1249,val/frankfurt/frankfurt_000001_064651_leftImg8bit.png,1,612,381,738,495
1250,val/frankfurt/frankfurt_000001_064651_leftImg8bit.png,1,493,359,672,509
1251,val/frankfurt/frankfurt_000001_064651_leftImg8bit.png,1,332,357,577,542
1252,val/frankfurt/frankfurt_000001_064651_leftImg8bit.png,1,155,359,463,593
1253,val/frankfurt/frankfurt_000001_064651_leftImg8bit.png,1,0,359,248,684
1254,val/frankfurt/frankfurt_000001_064651_leftImg8bit.png,1,1146,395,1210,446
1255,val/frankfurt/frankfurt_000001_064651_leftImg8bit.png,1,1286,376,1462,499
1256,val/frankfurt/frankfurt_000001_064651_leftImg8bit.png,1,1368,393,1446,507
1257,val/frankfurt/frankfurt_000001_064651_leftImg8bit.png,1,1376,367,1623,540
1258,val/frankfurt/frankfurt_000001_064651_leftImg8bit.png,1,1490,387,1787,586
1259,val/frankfurt/frankfurt_000001_064651_leftImg8bit.png,1,1662,322,1999,694
1260,val/frankfurt/frankfurt_000001_064651_leftImg8bit.png,1,1846,318,2047,804
1261,val/frankfurt/frankfurt_000001_077434_leftImg8bit.png,1,193,397,271,454
1262,val/frankfurt/frankfurt_000001_077434_leftImg8bit.png,1,284,397,405,465
1263,val/frankfurt/frankfurt_000001_077434_leftImg8bit.png,1,717,403,873,458
1264,val/frankfurt/frankfurt_000001_077434_leftImg8bit.png,1,649,406,794,459
1265,val/frankfurt/frankfurt_000001_077434_leftImg8bit.png,0,1207,350,1265,511
1266,val/frankfurt/frankfurt_000001_077434_leftImg8bit.png,0,1312,261,1402,647
1267,val/frankfurt/frankfurt_000001_077434_leftImg8bit.png,0,1527,223,1675,696
1268,val/frankfurt/frankfurt_000001_077434_leftImg8bit.png,4,889,448,996,674
1269,val/frankfurt/frankfurt_000001_077434_leftImg8bit.png,2,382,271,600,497
1270,val/frankfurt/frankfurt_000001_039895_leftImg8bit.png,4,1348,352,1440,407
1271,val/frankfurt/frankfurt_000001_039895_leftImg8bit.png,1,1455,341,1672,411
1272,val/frankfurt/frankfurt_000001_039895_leftImg8bit.png,1,1699,314,2047,552
1273,val/frankfurt/frankfurt_000001_039895_leftImg8bit.png,3,0,162,697,512
1274,val/frankfurt/frankfurt_000001_039895_leftImg8bit.png,1,742,342,1196,496
1275,val/frankfurt/frankfurt_000000_011461_leftImg8bit.png,1,48,447,140,528
1276,val/frankfurt/frankfurt_000000_011461_leftImg8bit.png,1,259,436,348,506
1277,val/frankfurt/frankfurt_000000_011461_leftImg8bit.png,0,0,373,69,580
1278,val/frankfurt/frankfurt_000000_011461_leftImg8bit.png,1,324,428,595,540
1279,val/frankfurt/frankfurt_000000_011461_leftImg8bit.png,1,813,402,1137,525
1280,val/frankfurt/frankfurt_000000_011461_leftImg8bit.png,3,1908,266,2048,471
1281,val/frankfurt/frankfurt_000001_043395_leftImg8bit.png,4,1089,412,1177,484
1282,val/frankfurt/frankfurt_000001_043395_leftImg8bit.png,4,1055,423,1177,492
1283,val/frankfurt/frankfurt_000001_043395_leftImg8bit.png,4,910,415,1012,495
1284,val/frankfurt/frankfurt_000001_043395_leftImg8bit.png,4,1182,403,1308,489
1285,val/frankfurt/frankfurt_000001_043395_leftImg8bit.png,1,519,398,622,465
1286,val/frankfurt/frankfurt_000001_043395_leftImg8bit.png,4,980,413,1068,540
1287,val/frankfurt/frankfurt_000001_043395_leftImg8bit.png,1,199,392,281,460
1288,val/frankfurt/frankfurt_000001_043395_leftImg8bit.png,1,151,397,277,487
1289,val/frankfurt/frankfurt_000001_043395_leftImg8bit.png,1,7,379,194,522
1290,val/frankfurt/frankfurt_000001_043395_leftImg8bit.png,1,314,263,538,526
1291,val/frankfurt/frankfurt_000001_019854_leftImg8bit.png,1,0,318,279,893
1292,val/frankfurt/frankfurt_000001_079206_leftImg8bit.png,1,19,377,343,557
1293,val/frankfurt/frankfurt_000001_079206_leftImg8bit.png,1,2,376,148,573
1294,val/frankfurt/frankfurt_000001_079206_leftImg8bit.png,1,0,373,100,620
1295,val/frankfurt/frankfurt_000001_079206_leftImg8bit.png,4,508,406,571,465
1296,val/frankfurt/frankfurt_000001_079206_leftImg8bit.png,1,550,411,706,468
1297,val/frankfurt/frankfurt_000001_079206_leftImg8bit.png,1,510,385,756,471
1298,val/frankfurt/frankfurt_000001_079206_leftImg8bit.png,1,820,388,1007,472
1299,val/frankfurt/frankfurt_000001_079206_leftImg8bit.png,1,989,374,1153,486
1300,val/frankfurt/frankfurt_000001_079206_leftImg8bit.png,4,1356,394,1428,531
1301,val/frankfurt/frankfurt_000001_059789_leftImg8bit.png,1,917,343,989,415
1302,val/frankfurt/frankfurt_000001_059789_leftImg8bit.png,1,672,379,790,475
1303,val/frankfurt/frankfurt_000001_059789_leftImg8bit.png,1,886,367,948,422
1304,val/frankfurt/frankfurt_000001_059789_leftImg8bit.png,1,862,368,927,426
1305,val/frankfurt/frankfurt_000001_059789_leftImg8bit.png,1,46,378,283,516
1306,val/frankfurt/frankfurt_000001_059789_leftImg8bit.png,1,536,385,723,521
1307,val/frankfurt/frankfurt_000001_059789_leftImg8bit.png,0,1314,357,1376,476
1308,val/frankfurt/frankfurt_000001_059789_leftImg8bit.png,0,1893,202,2047,817
1309,val/frankfurt/frankfurt_000001_025921_leftImg8bit.png,1,773,386,829,455
1310,val/frankfurt/frankfurt_000001_025921_leftImg8bit.png,0,1922,360,1981,462
1311,val/frankfurt/frankfurt_000001_025921_leftImg8bit.png,0,1893,363,1946,462
1312,val/frankfurt/frankfurt_000001_025921_leftImg8bit.png,1,846,248,1545,554
1313,val/frankfurt/frankfurt_000001_025921_leftImg8bit.png,0,1673,315,1812,619
1314,val/frankfurt/frankfurt_000001_005184_leftImg8bit.png,4,829,402,908,453
1315,val/frankfurt/frankfurt_000001_005184_leftImg8bit.png,1,1121,382,1243,469
1316,val/frankfurt/frankfurt_000001_058176_leftImg8bit.png,3,1299,319,1391,435
1317,val/frankfurt/frankfurt_000001_058176_leftImg8bit.png,3,1180,327,1288,462
1318,val/frankfurt/frankfurt_000001_058176_leftImg8bit.png,1,1118,399,1174,452
1319,val/frankfurt/frankfurt_000001_058176_leftImg8bit.png,1,1077,405,1155,467
1320,val/frankfurt/frankfurt_000001_058176_leftImg8bit.png,1,782,403,868,471
1321,val/frankfurt/frankfurt_000001_058176_leftImg8bit.png,1,680,373,802,481
1322,val/frankfurt/frankfurt_000001_058176_leftImg8bit.png,1,584,431,705,497
1323,val/frankfurt/frankfurt_000001_058176_leftImg8bit.png,1,461,413,622,512
1324,val/frankfurt/frankfurt_000001_058176_leftImg8bit.png,1,221,436,440,541
1325,val/frankfurt/frankfurt_000001_058176_leftImg8bit.png,1,0,420,247,573
1326,val/frankfurt/frankfurt_000001_058176_leftImg8bit.png,3,1342,282,1477,481
1327,val/frankfurt/frankfurt_000001_058176_leftImg8bit.png,1,1224,403,1354,496
1328,val/frankfurt/frankfurt_000001_058176_leftImg8bit.png,3,1406,222,1751,520
1329,val/frankfurt/frankfurt_000001_058176_leftImg8bit.png,1,1674,145,2047,607
1330,val/frankfurt/frankfurt_000001_058176_leftImg8bit.png,3,1968,35,2047,204
1331,val/frankfurt/frankfurt_000001_051737_leftImg8bit.png,1,812,428,892,487
1332,val/frankfurt/frankfurt_000001_051737_leftImg8bit.png,1,610,394,828,509
1333,val/frankfurt/frankfurt_000001_051737_leftImg8bit.png,0,1348,344,1425,560
1334,val/frankfurt/frankfurt_000001_051737_leftImg8bit.png,0,1441,310,1537,566
1335,val/frankfurt/frankfurt_000001_051737_leftImg8bit.png,0,1574,333,1641,562
1336,val/frankfurt/frankfurt_000001_021825_leftImg8bit.png,1,578,405,688,462
1337,val/frankfurt/frankfurt_000001_021825_leftImg8bit.png,1,626,425,755,500
1338,val/frankfurt/frankfurt_000001_021825_leftImg8bit.png,1,0,400,364,967
1339,val/frankfurt/frankfurt_000001_021825_leftImg8bit.png,0,1429,332,1488,535
1340,val/frankfurt/frankfurt_000001_021825_leftImg8bit.png,0,1769,325,1869,517
1341,val/frankfurt/frankfurt_000001_033655_leftImg8bit.png,1,1163,389,1214,450
1342,val/frankfurt/frankfurt_000001_033655_leftImg8bit.png,1,1188,367,1296,461
1343,val/frankfurt/frankfurt_000001_033655_leftImg8bit.png,1,1206,387,1278,474
1344,val/frankfurt/frankfurt_000001_033655_leftImg8bit.png,0,1749,273,1819,408
1345,val/frankfurt/frankfurt_000001_033655_leftImg8bit.png,0,1871,356,1941,461
1346,val/frankfurt/frankfurt_000001_033655_leftImg8bit.png,0,1803,265,1909,428
1347,val/frankfurt/frankfurt_000001_033655_leftImg8bit.png,0,1928,349,2016,468
1348,val/frankfurt/frankfurt_000001_033655_leftImg8bit.png,1,1228,387,1324,495
1349,val/frankfurt/frankfurt_000001_033655_leftImg8bit.png,1,1269,376,1444,517
1350,val/frankfurt/frankfurt_000001_033655_leftImg8bit.png,1,1335,393,1590,542
1351,val/frankfurt/frankfurt_000001_033655_leftImg8bit.png,1,1503,360,1952,646
1352,val/frankfurt/frankfurt_000001_033655_leftImg8bit.png,1,1806,379,2047,743
1353,val/frankfurt/frankfurt_000001_033655_leftImg8bit.png,1,751,395,823,447
1354,val/frankfurt/frankfurt_000001_033655_leftImg8bit.png,1,711,390,774,455
1355,val/frankfurt/frankfurt_000001_033655_leftImg8bit.png,1,493,344,738,471
1356,val/frankfurt/frankfurt_000001_033655_leftImg8bit.png,1,514,392,657,487
1357,val/frankfurt/frankfurt_000001_033655_leftImg8bit.png,1,403,406,588,506
1358,val/frankfurt/frankfurt_000001_033655_leftImg8bit.png,1,169,398,449,548
1359,val/frankfurt/frankfurt_000001_033655_leftImg8bit.png,1,0,239,245,607
1360,val/frankfurt/frankfurt_000001_012699_leftImg8bit.png,0,990,342,1053,476
1361,val/frankfurt/frankfurt_000001_012699_leftImg8bit.png,0,1202,356,1263,477
1362,val/frankfurt/frankfurt_000001_012699_leftImg8bit.png,0,1247,328,1313,500
1363,val/frankfurt/frankfurt_000001_012699_leftImg8bit.png,0,1391,327,1447,476
1364,val/frankfurt/frankfurt_000001_012699_leftImg8bit.png,0,1451,316,1514,471
1365,val/frankfurt/frankfurt_000001_012699_leftImg8bit.png,0,1316,301,1401,498
1366,val/frankfurt/frankfurt_000001_012699_leftImg8bit.png,0,1520,364,1576,483
1367,val/frankfurt/frankfurt_000001_012699_leftImg8bit.png,0,1629,342,1683,403
1368,val/frankfurt/frankfurt_000001_012699_leftImg8bit.png,0,1687,340,1740,410
1369,val/frankfurt/frankfurt_000001_012699_leftImg8bit.png,0,1699,333,1776,516
1370,val/frankfurt/frankfurt_000001_012699_leftImg8bit.png,0,1765,326,1882,463
1371,val/frankfurt/frankfurt_000001_012699_leftImg8bit.png,0,1843,322,1927,410
1372,val/frankfurt/frankfurt_000001_012699_leftImg8bit.png,0,1899,325,1973,413
1373,val/frankfurt/frankfurt_000001_012699_leftImg8bit.png,0,1973,318,2047,424
1374,val/frankfurt/frankfurt_000001_012699_leftImg8bit.png,0,1513,266,1610,538
1375,val/frankfurt/frankfurt_000001_044525_leftImg8bit.png,0,1874,338,1946,515
1376,val/frankfurt/frankfurt_000001_044525_leftImg8bit.png,0,1812,351,1869,514
1377,val/frankfurt/frankfurt_000001_044525_leftImg8bit.png,0,1306,366,1367,488
1378,val/frankfurt/frankfurt_000001_044525_leftImg8bit.png,1,991,404,1084,473
1379,val/frankfurt/frankfurt_000001_044525_leftImg8bit.png,1,891,406,965,461
1380,val/frankfurt/frankfurt_000001_044525_leftImg8bit.png,1,828,413,935,480
1381,val/frankfurt/frankfurt_000000_018797_leftImg8bit.png,1,1128,382,1199,450
1382,val/frankfurt/frankfurt_000000_018797_leftImg8bit.png,1,1180,366,1300,473
1383,val/frankfurt/frankfurt_000000_018797_leftImg8bit.png,1,1198,379,1373,508
1384,val/frankfurt/frankfurt_000000_018797_leftImg8bit.png,1,301,406,454,486
1385,val/frankfurt/frankfurt_000000_018797_leftImg8bit.png,1,94,410,299,509
1386,val/frankfurt/frankfurt_000000_018797_leftImg8bit.png,1,0,407,111,536
1387,val/frankfurt/frankfurt_000000_018797_leftImg8bit.png,1,870,395,946,467
1388,val/frankfurt/frankfurt_000000_018797_leftImg8bit.png,1,742,369,895,493
1389,val/frankfurt/frankfurt_000000_018797_leftImg8bit.png,1,410,364,759,597
1390,val/frankfurt/frankfurt_000000_018797_leftImg8bit.png,1,1013,339,1099,444
1391,val/frankfurt/frankfurt_000000_018797_leftImg8bit.png,2,1013,339,1099,444
1392,val/frankfurt/frankfurt_000001_016462_leftImg8bit.png,0,175,376,241,547
1393,val/frankfurt/frankfurt_000001_016462_leftImg8bit.png,0,319,415,371,535
1394,val/frankfurt/frankfurt_000001_016462_leftImg8bit.png,0,422,375,504,528
1395,val/frankfurt/frankfurt_000001_016462_leftImg8bit.png,0,585,368,663,522
1396,val/frankfurt/frankfurt_000001_016462_leftImg8bit.png,4,962,418,1076,490
1397,val/frankfurt/frankfurt_000001_016462_leftImg8bit.png,0,854,313,975,665
1398,val/frankfurt/frankfurt_000001_016462_leftImg8bit.png,0,728,336,861,670
1399,val/frankfurt/frankfurt_000001_016462_leftImg8bit.png,0,1070,342,1160,594
1400,val/frankfurt/frankfurt_000001_016462_leftImg8bit.png,0,1048,381,1156,662
1401,val/frankfurt/frankfurt_000001_016462_leftImg8bit.png,0,1215,349,1290,602
1402,val/frankfurt/frankfurt_000001_016462_leftImg8bit.png,0,1131,275,1249,661
1403,val/frankfurt/frankfurt_000001_016462_leftImg8bit.png,0,1302,355,1437,681
1404,val/frankfurt/frankfurt_000001_016462_leftImg8bit.png,0,1249,295,1385,688
1405,val/frankfurt/frankfurt_000001_016462_leftImg8bit.png,0,1501,309,1594,593
1406,val/frankfurt/frankfurt_000001_016462_leftImg8bit.png,0,1463,336,1560,610
1407,val/frankfurt/frankfurt_000001_016462_leftImg8bit.png,4,1784,390,1856,455
1408,val/frankfurt/frankfurt_000001_016462_leftImg8bit.png,0,1785,381,1858,463
1409,val/frankfurt/frankfurt_000001_016462_leftImg8bit.png,4,1532,464,1693,661
1410,val/frankfurt/frankfurt_000001_016462_leftImg8bit.png,4,1815,436,2047,753
1411,val/frankfurt/frankfurt_000001_029086_leftImg8bit.png,1,1004,388,1080,447
1412,val/frankfurt/frankfurt_000001_029086_leftImg8bit.png,2,402,175,880,554
1413,val/frankfurt/frankfurt_000001_055603_leftImg8bit.png,0,1923,351,1990,461
1414,val/frankfurt/frankfurt_000001_055603_leftImg8bit.png,1,1332,454,1443,529
1415,val/frankfurt/frankfurt_000001_055603_leftImg8bit.png,0,1680,408,1746,512
1416,val/frankfurt/frankfurt_000001_055603_leftImg8bit.png,0,1976,394,2047,496
1417,val/frankfurt/frankfurt_000001_055603_leftImg8bit.png,0,1824,404,1876,486
1418,val/frankfurt/frankfurt_000001_055603_leftImg8bit.png,1,1076,447,1234,564
1419,val/frankfurt/frankfurt_000001_055603_leftImg8bit.png,0,1152,368,1274,648
1420,val/frankfurt/frankfurt_000001_055603_leftImg8bit.png,0,1098,367,1185,640
1421,val/frankfurt/frankfurt_000001_055603_leftImg8bit.png,1,959,474,1059,525
1422,val/frankfurt/frankfurt_000001_055603_leftImg8bit.png,0,732,457,795,534
1423,val/frankfurt/frankfurt_000001_055603_leftImg8bit.png,0,597,424,656,577
1424,val/frankfurt/frankfurt_000001_055603_leftImg8bit.png,0,534,430,599,583
1425,val/frankfurt/frankfurt_000001_055603_leftImg8bit.png,1,717,446,981,629
1426,val/frankfurt/frankfurt_000001_055603_leftImg8bit.png,0,337,447,393,506
1427,val/frankfurt/frankfurt_000001_055603_leftImg8bit.png,4,1601,431,1718,596
1428,val/frankfurt/frankfurt_000001_055603_leftImg8bit.png,0,1479,332,1628,632
1429,val/frankfurt/frankfurt_000001_055603_leftImg8bit.png,0,1498,311,1667,643
1430,val/frankfurt/frankfurt_000001_060422_leftImg8bit.png,1,1099,394,1150,446
1431,val/frankfurt/frankfurt_000001_060422_leftImg8bit.png,1,1057,390,1138,456
1432,val/frankfurt/frankfurt_000001_060422_leftImg8bit.png,1,931,350,1011,416
1433,val/frankfurt/frankfurt_000001_060422_leftImg8bit.png,1,942,387,1032,448
1434,val/frankfurt/frankfurt_000001_060422_leftImg8bit.png,1,907,389,1001,459
1435,val/frankfurt/frankfurt_000001_060422_leftImg8bit.png,1,487,375,685,522
1436,val/frankfurt/frankfurt_000001_060422_leftImg8bit.png,1,383,402,481,474
1437,val/frankfurt/frankfurt_000001_060422_leftImg8bit.png,1,319,397,434,479
1438,val/frankfurt/frankfurt_000001_060422_leftImg8bit.png,1,239,398,358,489
1439,val/frankfurt/frankfurt_000001_060422_leftImg8bit.png,1,81,391,277,500
1440,val/frankfurt/frankfurt_000001_060422_leftImg8bit.png,1,0,409,172,524
1441,val/frankfurt/frankfurt_000001_060422_leftImg8bit.png,1,1263,387,1358,460
1442,val/frankfurt/frankfurt_000001_060422_leftImg8bit.png,1,1289,377,1421,462
1443,val/frankfurt/frankfurt_000001_060422_leftImg8bit.png,1,1366,389,1425,473
1444,val/frankfurt/frankfurt_000001_060422_leftImg8bit.png,1,1380,330,1580,496
1445,val/frankfurt/frankfurt_000001_060422_leftImg8bit.png,1,1491,369,1691,514
1446,val/frankfurt/frankfurt_000001_060422_leftImg8bit.png,1,1595,367,1848,543
1447,val/frankfurt/frankfurt_000001_060422_leftImg8bit.png,1,1767,326,2047,594
1448,val/frankfurt/frankfurt_000001_031266_leftImg8bit.png,1,777,388,837,452
1449,val/frankfurt/frankfurt_000001_031266_leftImg8bit.png,1,697,379,799,459
1450,val/frankfurt/frankfurt_000001_031266_leftImg8bit.png,1,631,385,721,476
1451,val/frankfurt/frankfurt_000001_031266_leftImg8bit.png,1,499,374,649,499
1452,val/frankfurt/frankfurt_000001_031266_leftImg8bit.png,1,351,385,554,524
1453,val/frankfurt/frankfurt_000001_031266_leftImg8bit.png,1,81,386,415,577
1454,val/frankfurt/frankfurt_000001_031266_leftImg8bit.png,1,0,386,141,605
1455,val/frankfurt/frankfurt_000001_031266_leftImg8bit.png,4,626,418,683,529
1456,val/frankfurt/frankfurt_000001_031266_leftImg8bit.png,1,1071,345,1172,431
1457,val/frankfurt/frankfurt_000001_031266_leftImg8bit.png,1,1184,362,1256,435
1458,val/frankfurt/frankfurt_000001_031266_leftImg8bit.png,1,1208,364,1313,443
1459,val/frankfurt/frankfurt_000001_031266_leftImg8bit.png,1,1300,352,1478,503
1460,val/frankfurt/frankfurt_000001_031266_leftImg8bit.png,1,1403,358,1538,524
1461,val/frankfurt/frankfurt_000001_031266_leftImg8bit.png,1,1458,313,1826,563
1462,val/frankfurt/frankfurt_000001_067735_leftImg8bit.png,4,383,425,459,512
1463,val/frankfurt/frankfurt_000001_067735_leftImg8bit.png,1,660,393,764,462
1464,val/frankfurt/frankfurt_000001_067735_leftImg8bit.png,1,928,383,1019,450
1465,val/frankfurt/frankfurt_000001_067735_leftImg8bit.png,1,740,352,939,512
1466,val/frankfurt/frankfurt_000001_067735_leftImg8bit.png,1,561,402,656,486
1467,val/frankfurt/frankfurt_000001_067735_leftImg8bit.png,5,420,380,577,644
1468,val/frankfurt/frankfurt_000001_067735_leftImg8bit.png,1,0,317,443,938
1469,val/frankfurt/frankfurt_000001_067735_leftImg8bit.png,1,1197,373,1253,437
1470,val/frankfurt/frankfurt_000001_067735_leftImg8bit.png,1,1215,369,1288,450
1471,val/frankfurt/frankfurt_000001_067735_leftImg8bit.png,1,1258,351,1332,466
1472,val/frankfurt/frankfurt_000001_067735_leftImg8bit.png,1,1291,349,1365,480
1473,val/frankfurt/frankfurt_000001_067735_leftImg8bit.png,1,1746,202,2047,681
1474,val/frankfurt/frankfurt_000001_058504_leftImg8bit.png,1,986,369,1056,435
1475,val/frankfurt/frankfurt_000001_058504_leftImg8bit.png,1,1227,377,1307,440
1476,val/frankfurt/frankfurt_000001_058504_leftImg8bit.png,1,1338,376,1433,464
1477,val/frankfurt/frankfurt_000001_058504_leftImg8bit.png,1,1385,374,1549,479
1478,val/frankfurt/frankfurt_000001_058504_leftImg8bit.png,1,1567,378,1797,517
1479,val/frankfurt/frankfurt_000001_058504_leftImg8bit.png,1,1704,330,2047,564
1480,val/frankfurt/frankfurt_000001_058504_leftImg8bit.png,1,1120,375,1223,453
1481,val/frankfurt/frankfurt_000001_058504_leftImg8bit.png,1,858,369,939,443
1482,val/frankfurt/frankfurt_000001_058504_leftImg8bit.png,1,830,381,919,456
1483,val/frankfurt/frankfurt_000001_058504_leftImg8bit.png,1,730,379,868,480
1484,val/frankfurt/frankfurt_000001_058504_leftImg8bit.png,1,488,342,789,557
1485,val/frankfurt/frankfurt_000001_028854_leftImg8bit.png,1,1181,399,1280,480
1486,val/frankfurt/frankfurt_000001_028854_leftImg8bit.png,1,1212,415,1325,496
1487,val/frankfurt/frankfurt_000001_028854_leftImg8bit.png,1,987,401,1090,485
1488,val/frankfurt/frankfurt_000001_028854_leftImg8bit.png,4,160,402,217,474
1489,val/frankfurt/frankfurt_000001_028854_leftImg8bit.png,0,496,318,566,560
1490,val/frankfurt/frankfurt_000001_068063_leftImg8bit.png,1,480,456,551,513
1491,val/frankfurt/frankfurt_000001_068063_leftImg8bit.png,1,428,458,508,520
1492,val/frankfurt/frankfurt_000001_068063_leftImg8bit.png,1,357,462,465,525
1493,val/frankfurt/frankfurt_000001_068063_leftImg8bit.png,1,206,461,376,553
1494,val/frankfurt/frankfurt_000001_068063_leftImg8bit.png,0,7,447,65,580
1495,val/frankfurt/frankfurt_000001_068063_leftImg8bit.png,1,1574,373,1947,617
1496,val/frankfurt/frankfurt_000001_068063_leftImg8bit.png,1,1771,344,2047,714
1497,val/frankfurt/frankfurt_000001_028232_leftImg8bit.png,0,774,350,836,484
1498,val/frankfurt/frankfurt_000001_028232_leftImg8bit.png,1,1606,360,2047,723
1499,val/frankfurt/frankfurt_000001_064925_leftImg8bit.png,1,988,401,1040,455
1500,val/frankfurt/frankfurt_000001_064925_leftImg8bit.png,1,1005,395,1067,460
1501,val/frankfurt/frankfurt_000001_064925_leftImg8bit.png,1,1029,400,1106,461
1502,val/frankfurt/frankfurt_000001_064925_leftImg8bit.png,1,1070,397,1248,465
1503,val/frankfurt/frankfurt_000001_064925_leftImg8bit.png,1,1277,390,1405,518
1504,val/frankfurt/frankfurt_000001_064925_leftImg8bit.png,1,1327,375,1599,544
1505,val/frankfurt/frankfurt_000001_064925_leftImg8bit.png,1,1386,344,1692,586
1506,val/frankfurt/frankfurt_000001_064925_leftImg8bit.png,1,1568,389,2047,700
1507,val/frankfurt/frankfurt_000001_064925_leftImg8bit.png,1,694,406,781,471
1508,val/frankfurt/frankfurt_000001_064925_leftImg8bit.png,1,702,417,765,480
1509,val/frankfurt/frankfurt_000001_064925_leftImg8bit.png,1,618,403,746,510
1510,val/frankfurt/frankfurt_000001_064925_leftImg8bit.png,1,618,403,746,536
1511,val/frankfurt/frankfurt_000001_064925_leftImg8bit.png,1,548,405,713,553
1512,val/frankfurt/frankfurt_000001_064925_leftImg8bit.png,1,379,401,627,572
1513,val/frankfurt/frankfurt_000001_064925_leftImg8bit.png,1,190,409,536,605
1514,val/frankfurt/frankfurt_000001_064925_leftImg8bit.png,1,133,420,461,654
1515,val/frankfurt/frankfurt_000001_064925_leftImg8bit.png,1,0,379,247,724
1516,val/frankfurt/frankfurt_000000_001016_leftImg8bit.png,1,526,398,844,502
1517,val/frankfurt/frankfurt_000000_001016_leftImg8bit.png,1,117,361,568,547
1518,val/frankfurt/frankfurt_000000_001016_leftImg8bit.png,0,714,327,818,572
1519,val/frankfurt/frankfurt_000000_001016_leftImg8bit.png,1,948,392,1257,506
1520,val/frankfurt/frankfurt_000000_001016_leftImg8bit.png,0,902,364,1000,517
1521,val/frankfurt/frankfurt_000000_001016_leftImg8bit.png,1,1374,388,1729,499
1522,val/frankfurt/frankfurt_000000_001016_leftImg8bit.png,4,1471,457,1527,630
1523,val/frankfurt/frankfurt_000000_001016_leftImg8bit.png,1,1669,330,2048,898
1524,val/frankfurt/frankfurt_000000_010351_leftImg8bit.png,2,0,61,882,573
1525,val/frankfurt/frankfurt_000000_010351_leftImg8bit.png,1,1197,358,1315,436
1526,val/frankfurt/frankfurt_000001_055709_leftImg8bit.png,0,1946,333,2017,435
1527,val/frankfurt/frankfurt_000001_055709_leftImg8bit.png,1,1373,375,1466,487
1528,val/frankfurt/frankfurt_000001_055709_leftImg8bit.png,1,1402,371,1602,504
1529,val/frankfurt/frankfurt_000001_055709_leftImg8bit.png,0,1839,327,1891,418
1530,val/frankfurt/frankfurt_000001_055709_leftImg8bit.png,0,1658,337,1711,449
1531,val/frankfurt/frankfurt_000001_055709_leftImg8bit.png,0,1749,343,1801,422
1532,val/frankfurt/frankfurt_000001_055709_leftImg8bit.png,0,1787,333,1847,425
1533,val/frankfurt/frankfurt_000001_055709_leftImg8bit.png,0,1781,353,1872,462
1534,val/frankfurt/frankfurt_000001_055709_leftImg8bit.png,0,1824,355,1916,504
1535,val/frankfurt/frankfurt_000001_055709_leftImg8bit.png,0,1443,305,1531,585
1536,val/frankfurt/frankfurt_000001_055709_leftImg8bit.png,0,1545,265,1705,460
1537,val/frankfurt/frankfurt_000001_055709_leftImg8bit.png,1,1198,379,1293,450
1538,val/frankfurt/frankfurt_000001_055709_leftImg8bit.png,1,1119,378,1239,468
1539,val/frankfurt/frankfurt_000001_055709_leftImg8bit.png,1,918,386,1024,447
1540,val/frankfurt/frankfurt_000001_055709_leftImg8bit.png,1,706,363,885,431
1541,val/frankfurt/frankfurt_000001_055709_leftImg8bit.png,1,703,382,841,447
1542,val/frankfurt/frankfurt_000001_055709_leftImg8bit.png,1,438,381,523,438
1543,val/frankfurt/frankfurt_000001_055709_leftImg8bit.png,4,856,403,1016,533
1544,val/frankfurt/frankfurt_000001_055709_leftImg8bit.png,1,431,378,582,450
1545,val/frankfurt/frankfurt_000001_055709_leftImg8bit.png,0,559,327,631,493
1546,val/frankfurt/frankfurt_000001_055709_leftImg8bit.png,4,580,425,687,608
1547,val/frankfurt/frankfurt_000001_055709_leftImg8bit.png,0,521,356,575,509
1548,val/frankfurt/frankfurt_000001_055709_leftImg8bit.png,0,367,322,425,409
1549,val/frankfurt/frankfurt_000001_055709_leftImg8bit.png,0,335,335,412,438
1550,val/frankfurt/frankfurt_000001_055709_leftImg8bit.png,0,115,283,234,463
1551,val/frankfurt/frankfurt_000001_055709_leftImg8bit.png,0,417,307,468,441
1552,val/frankfurt/frankfurt_000001_055709_leftImg8bit.png,0,417,362,476,531
1553,val/frankfurt/frankfurt_000001_055709_leftImg8bit.png,0,302,322,387,498
1554,val/frankfurt/frankfurt_000001_055709_leftImg8bit.png,4,346,367,488,570
1555,val/frankfurt/frankfurt_000001_055709_leftImg8bit.png,4,265,389,395,591
1556,val/frankfurt/frankfurt_000001_055709_leftImg8bit.png,0,33,302,120,559
1557,val/frankfurt/frankfurt_000001_055709_leftImg8bit.png,0,0,291,84,569
1558,val/frankfurt/frankfurt_000001_015091_leftImg8bit.png,1,1040,359,1142,441
1559,val/frankfurt/frankfurt_000001_015091_leftImg8bit.png,1,1184,351,1416,488
1560,val/frankfurt/frankfurt_000001_015091_leftImg8bit.png,0,1338,339,1402,480
1561,val/frankfurt/frankfurt_000001_015091_leftImg8bit.png,1,428,390,543,534
1562,val/frankfurt/frankfurt_000001_015091_leftImg8bit.png,1,144,308,529,569
1563,val/frankfurt/frankfurt_000001_015091_leftImg8bit.png,1,0,344,279,651
1564,val/frankfurt/frankfurt_000000_021879_leftImg8bit.png,1,80,409,210,485
1565,val/frankfurt/frankfurt_000000_021879_leftImg8bit.png,1,589,412,649,469
1566,val/frankfurt/frankfurt_000000_021879_leftImg8bit.png,4,703,420,760,471
1567,val/frankfurt/frankfurt_000000_021879_leftImg8bit.png,1,1212,409,1269,465
1568,val/frankfurt/frankfurt_000000_021879_leftImg8bit.png,1,1253,400,1344,475
1569,val/frankfurt/frankfurt_000000_021879_leftImg8bit.png,1,1322,314,1599,542
1570,val/frankfurt/frankfurt_000001_044413_leftImg8bit.png,1,888,370,989,446
1571,val/frankfurt/frankfurt_000001_044413_leftImg8bit.png,1,508,383,837,569
1572,val/frankfurt/frankfurt_000000_007365_leftImg8bit.png,3,595,205,930,519
1573,val/frankfurt/frankfurt_000001_034047_leftImg8bit.png,4,1111,398,1210,463
1574,val/frankfurt/frankfurt_000001_034047_leftImg8bit.png,0,1354,330,1406,463
1575,val/frankfurt/frankfurt_000001_034047_leftImg8bit.png,0,1403,324,1466,460
1576,val/frankfurt/frankfurt_000001_034047_leftImg8bit.png,0,1534,321,1585,450
1577,val/frankfurt/frankfurt_000001_034047_leftImg8bit.png,0,1901,310,1978,436
1578,val/frankfurt/frankfurt_000001_034047_leftImg8bit.png,1,469,392,638,460
1579,val/frankfurt/frankfurt_000001_034047_leftImg8bit.png,0,119,403,175,526
1580,val/frankfurt/frankfurt_000001_034047_leftImg8bit.png,0,781,284,997,695
1581,val/frankfurt/frankfurt_000001_073464_leftImg8bit.png,1,849,363,900,422
1582,val/frankfurt/frankfurt_000001_073464_leftImg8bit.png,1,476,388,643,486
1583,val/frankfurt/frankfurt_000001_073464_leftImg8bit.png,1,375,387,613,499
1584,val/frankfurt/frankfurt_000001_073464_leftImg8bit.png,1,139,378,558,528
1585,val/frankfurt/frankfurt_000001_073464_leftImg8bit.png,1,302,451,434,547
1586,val/frankfurt/frankfurt_000001_073464_leftImg8bit.png,1,93,388,401,572
1587,val/frankfurt/frankfurt_000001_073464_leftImg8bit.png,1,0,378,229,605
1588,val/frankfurt/frankfurt_000001_073464_leftImg8bit.png,1,0,397,97,629
1589,val/frankfurt/frankfurt_000001_073464_leftImg8bit.png,1,959,357,1180,525
1590,val/frankfurt/frankfurt_000001_073464_leftImg8bit.png,1,1284,358,1496,514
1591,val/frankfurt/frankfurt_000001_073464_leftImg8bit.png,1,1364,355,1689,549
1592,val/frankfurt/frankfurt_000001_073464_leftImg8bit.png,1,1484,350,1968,578
1593,val/frankfurt/frankfurt_000001_073464_leftImg8bit.png,1,1682,344,2047,777
1594,val/frankfurt/frankfurt_000001_073464_leftImg8bit.png,4,1219,434,1282,582
1595,val/frankfurt/frankfurt_000001_050686_leftImg8bit.png,1,1889,357,2047,517
1596,val/frankfurt/frankfurt_000001_050686_leftImg8bit.png,1,576,383,663,436
1597,val/frankfurt/frankfurt_000001_050686_leftImg8bit.png,1,0,46,581,914
1598,val/frankfurt/frankfurt_000000_015389_leftImg8bit.png,5,1452,405,1622,521
1599,val/frankfurt/frankfurt_000000_015389_leftImg8bit.png,1,674,404,864,536
1600,val/frankfurt/frankfurt_000001_040732_leftImg8bit.png,4,1395,390,1567,511
1601,val/frankfurt/frankfurt_000001_040732_leftImg8bit.png,4,1536,413,1769,544
1602,val/frankfurt/frankfurt_000001_040732_leftImg8bit.png,1,178,423,265,483
1603,val/frankfurt/frankfurt_000001_040732_leftImg8bit.png,1,100,432,214,491
1604,val/frankfurt/frankfurt_000001_040732_leftImg8bit.png,1,0,430,90,490
1605,val/frankfurt/frankfurt_000001_009854_leftImg8bit.png,1,807,381,860,439
1606,val/frankfurt/frankfurt_000001_009854_leftImg8bit.png,1,600,372,693,438
1607,val/frankfurt/frankfurt_000001_009854_leftImg8bit.png,1,669,389,738,475
1608,val/frankfurt/frankfurt_000001_009854_leftImg8bit.png,1,697,372,846,501
1609,val/frankfurt/frankfurt_000001_009854_leftImg8bit.png,1,316,385,402,465
1610,val/frankfurt/frankfurt_000001_009854_leftImg8bit.png,1,278,391,385,477
1611,val/frankfurt/frankfurt_000001_009854_leftImg8bit.png,1,227,401,379,500
1612,val/frankfurt/frankfurt_000001_009854_leftImg8bit.png,1,493,389,558,451
1613,val/frankfurt/frankfurt_000001_009854_leftImg8bit.png,1,508,403,609,463
1614,val/frankfurt/frankfurt_000001_009854_leftImg8bit.png,1,508,406,658,512
1615,val/frankfurt/frankfurt_000001_010444_leftImg8bit.png,1,0,402,66,504
1616,val/frankfurt/frankfurt_000001_010444_leftImg8bit.png,1,171,414,319,493
1617,val/frankfurt/frankfurt_000001_010444_leftImg8bit.png,1,405,421,581,487
1618,val/frankfurt/frankfurt_000001_010444_leftImg8bit.png,1,998,412,1062,471
1619,val/frankfurt/frankfurt_000001_010444_leftImg8bit.png,4,879,421,974,509
1620,val/frankfurt/frankfurt_000001_010444_leftImg8bit.png,0,283,424,364,520
1621,val/frankfurt/frankfurt_000001_010444_leftImg8bit.png,5,617,418,860,590
1622,val/frankfurt/frankfurt_000001_010444_leftImg8bit.png,0,1041,363,1110,521
1623,val/frankfurt/frankfurt_000001_010444_leftImg8bit.png,4,1382,409,1587,520
1624,val/frankfurt/frankfurt_000001_010444_leftImg8bit.png,0,1189,378,1280,535
1625,val/frankfurt/frankfurt_000001_010444_leftImg8bit.png,0,1464,311,1543,591
1626,val/frankfurt/frankfurt_000001_010444_leftImg8bit.png,0,1393,278,1494,623
1627,val/frankfurt/frankfurt_000000_015676_leftImg8bit.png,1,440,373,582,480
1628,val/frankfurt/frankfurt_000000_015676_leftImg8bit.png,1,646,375,744,460
1629,val/frankfurt/frankfurt_000000_015676_leftImg8bit.png,1,962,363,1128,497
1630,val/frankfurt/frankfurt_000000_015676_leftImg8bit.png,1,775,380,919,483
1631,val/frankfurt/frankfurt_000000_015676_leftImg8bit.png,1,1264,374,1342,459
1632,val/frankfurt/frankfurt_000000_015676_leftImg8bit.png,1,1301,374,1375,470
1633,val/frankfurt/frankfurt_000000_015676_leftImg8bit.png,1,1377,361,1498,498
1634,val/frankfurt/frankfurt_000000_015676_leftImg8bit.png,1,1451,306,1717,528
1635,val/frankfurt/frankfurt_000000_015676_leftImg8bit.png,1,1604,289,2048,574
1636,val/frankfurt/frankfurt_000000_015676_leftImg8bit.png,4,1314,399,1412,563
1637,val/frankfurt/frankfurt_000000_015676_leftImg8bit.png,0,1316,311,1405,527
1638,val/frankfurt/frankfurt_000001_069633_leftImg8bit.png,1,646,439,729,498
1639,val/frankfurt/frankfurt_000001_069633_leftImg8bit.png,5,608,447,685,502
1640,val/frankfurt/frankfurt_000001_069633_leftImg8bit.png,1,510,439,627,514
1641,val/frankfurt/frankfurt_000001_069633_leftImg8bit.png,0,145,414,202,544
1642,val/frankfurt/frankfurt_000001_069633_leftImg8bit.png,0,52,390,136,557
1643,val/frankfurt/frankfurt_000001_069633_leftImg8bit.png,4,170,478,346,575
1644,val/frankfurt/frankfurt_000001_069633_leftImg8bit.png,1,1243,439,1322,495
1645,val/frankfurt/frankfurt_000001_069633_leftImg8bit.png,1,1249,442,1342,524
1646,val/frankfurt/frankfurt_000001_069633_leftImg8bit.png,1,1294,429,1403,528
1647,val/frankfurt/frankfurt_000001_069633_leftImg8bit.png,1,1291,411,1670,649
1648,val/frankfurt/frankfurt_000001_069633_leftImg8bit.png,1,1069,442,1137,499
1649,val/frankfurt/frankfurt_000001_069633_leftImg8bit.png,1,948,437,1078,547
1650,val/frankfurt/frankfurt_000001_069633_leftImg8bit.png,1,1137,444,1270,538
1651,val/frankfurt/frankfurt_000001_069633_leftImg8bit.png,4,1788,474,1873,596
1652,val/frankfurt/frankfurt_000001_069633_leftImg8bit.png,0,1699,378,1781,606
1653,val/frankfurt/frankfurt_000001_069633_leftImg8bit.png,0,1806,370,1898,614
1654,val/frankfurt/frankfurt_000001_069633_leftImg8bit.png,0,1878,380,1961,622
1655,val/frankfurt/frankfurt_000001_069633_leftImg8bit.png,0,1967,401,2039,566
1656,val/frankfurt/frankfurt_000001_030067_leftImg8bit.png,1,1187,362,1315,484
1657,val/frankfurt/frankfurt_000001_030067_leftImg8bit.png,1,1227,375,1364,495
1658,val/frankfurt/frankfurt_000001_030067_leftImg8bit.png,1,1272,390,1400,508
1659,val/frankfurt/frankfurt_000001_030067_leftImg8bit.png,1,1344,380,1470,534
1660,val/frankfurt/frankfurt_000001_030067_leftImg8bit.png,1,1373,380,1724,585
1661,val/frankfurt/frankfurt_000001_030067_leftImg8bit.png,1,1936,446,2047,755
1662,val/frankfurt/frankfurt_000001_030067_leftImg8bit.png,1,95,461,351,630
1663,val/frankfurt/frankfurt_000000_011074_leftImg8bit.png,0,821,321,900,559
1664,val/frankfurt/frankfurt_000000_011074_leftImg8bit.png,0,853,273,977,578
1665,val/frankfurt/frankfurt_000000_011074_leftImg8bit.png,0,979,267,1126,642
1666,val/frankfurt/frankfurt_000000_011074_leftImg8bit.png,5,654,372,751,526
1667,val/frankfurt/frankfurt_000000_011074_leftImg8bit.png,0,726,312,830,594
1668,val/frankfurt/frankfurt_000000_011074_leftImg8bit.png,3,234,347,287,428
1669,val/frankfurt/frankfurt_000000_011074_leftImg8bit.png,0,582,330,706,601
1670,val/frankfurt/frankfurt_000001_007285_leftImg8bit.png,0,291,354,348,522
1671,val/frankfurt/frankfurt_000001_007285_leftImg8bit.png,0,332,337,422,530
1672,val/frankfurt/frankfurt_000001_007285_leftImg8bit.png,1,0,343,285,879
1673,val/frankfurt/frankfurt_000001_007285_leftImg8bit.png,1,659,393,917,553
1674,val/frankfurt/frankfurt_000001_007285_leftImg8bit.png,1,996,373,1266,587
1675,val/frankfurt/frankfurt_000001_068772_leftImg8bit.png,1,564,427,631,485
1676,val/frankfurt/frankfurt_000001_068772_leftImg8bit.png,1,541,428,608,491
1677,val/frankfurt/frankfurt_000001_068772_leftImg8bit.png,1,486,423,582,499
1678,val/frankfurt/frankfurt_000001_068772_leftImg8bit.png,1,407,424,528,515
1679,val/frankfurt/frankfurt_000001_068772_leftImg8bit.png,1,419,437,492,495
1680,val/frankfurt/frankfurt_000001_068772_leftImg8bit.png,1,0,354,584,838
1681,val/frankfurt/frankfurt_000001_068772_leftImg8bit.png,1,1066,391,1117,449
1682,val/frankfurt/frankfurt_000001_068772_leftImg8bit.png,0,1355,316,1434,502
1683,val/frankfurt/frankfurt_000001_068772_leftImg8bit.png,0,1306,333,1405,510
1684,val/frankfurt/frankfurt_000001_049209_leftImg8bit.png,1,758,380,853,450
1685,val/frankfurt/frankfurt_000001_049209_leftImg8bit.png,1,696,374,781,458
1686,val/frankfurt/frankfurt_000001_049209_leftImg8bit.png,1,636,386,722,468
1687,val/frankfurt/frankfurt_000001_049209_leftImg8bit.png,1,406,373,552,477
1688,val/frankfurt/frankfurt_000001_049209_leftImg8bit.png,1,424,369,685,523
1689,val/frankfurt/frankfurt_000001_049209_leftImg8bit.png,1,1724,261,2036,492
1690,val/frankfurt/frankfurt_000001_064798_leftImg8bit.png,1,926,400,1019,477
1691,val/frankfurt/frankfurt_000001_064798_leftImg8bit.png,1,1264,400,1324,460
1692,val/frankfurt/frankfurt_000001_064798_leftImg8bit.png,1,1282,395,1361,465
1693,val/frankfurt/frankfurt_000001_064798_leftImg8bit.png,1,1316,387,1410,484
1694,val/frankfurt/frankfurt_000001_064798_leftImg8bit.png,1,1351,392,1517,498
1695,val/frankfurt/frankfurt_000001_064798_leftImg8bit.png,1,1479,351,1738,599
1696,val/frankfurt/frankfurt_000001_064798_leftImg8bit.png,1,1591,297,2043,680
1697,val/frankfurt/frankfurt_000001_064798_leftImg8bit.png,1,1874,408,2047,766
1698,val/frankfurt/frankfurt_000001_064798_leftImg8bit.png,4,73,449,254,558
1699,val/frankfurt/frankfurt_000001_064798_leftImg8bit.png,4,16,447,79,556
1700,val/frankfurt/frankfurt_000001_064798_leftImg8bit.png,1,926,400,1014,477
1701,val/frankfurt/frankfurt_000001_064798_leftImg8bit.png,1,915,403,970,482
1702,val/frankfurt/frankfurt_000001_064798_leftImg8bit.png,1,907,389,959,465
1703,val/frankfurt/frankfurt_000001_064798_leftImg8bit.png,1,642,360,943,501
1704,val/frankfurt/frankfurt_000001_064798_leftImg8bit.png,1,746,408,902,495
1705,val/frankfurt/frankfurt_000001_064798_leftImg8bit.png,1,706,411,877,521
1706,val/frankfurt/frankfurt_000001_064798_leftImg8bit.png,1,668,401,815,539
1707,val/frankfurt/frankfurt_000001_064798_leftImg8bit.png,1,221,359,708,529
1708,val/frankfurt/frankfurt_000001_064798_leftImg8bit.png,1,125,406,787,629
1709,val/frankfurt/frankfurt_000001_002646_leftImg8bit.png,4,779,409,863,461
1710,val/frankfurt/frankfurt_000001_002646_leftImg8bit.png,4,629,411,733,475
1711,val/frankfurt/frankfurt_000001_002646_leftImg8bit.png,3,1007,360,1094,427
1712,val/frankfurt/frankfurt_000001_002646_leftImg8bit.png,1,1186,355,1342,487
1713,val/frankfurt/frankfurt_000001_002646_leftImg8bit.png,1,1551,342,1778,509
1714,val/frankfurt/frankfurt_000001_002646_leftImg8bit.png,1,1676,337,2011,539
1715,val/frankfurt/frankfurt_000001_002646_leftImg8bit.png,1,1941,393,2048,570
1716,val/frankfurt/frankfurt_000001_017459_leftImg8bit.png,1,991,370,1161,472
1717,val/frankfurt/frankfurt_000001_017459_leftImg8bit.png,0,1314,344,1378,472
1718,val/frankfurt/frankfurt_000001_017459_leftImg8bit.png,0,1439,303,1527,446
1719,val/frankfurt/frankfurt_000001_017459_leftImg8bit.png,4,1442,406,1516,466
1720,val/frankfurt/frankfurt_000001_017459_leftImg8bit.png,4,779,385,925,511
1721,val/frankfurt/frankfurt_000001_017459_leftImg8bit.png,0,814,326,875,522
1722,val/frankfurt/frankfurt_000001_017459_leftImg8bit.png,0,851,300,925,526
1723,val/frankfurt/frankfurt_000001_017459_leftImg8bit.png,1,0,290,184,874
1724,val/frankfurt/frankfurt_000001_017459_leftImg8bit.png,0,307,366,359,475
1725,val/frankfurt/frankfurt_000001_017459_leftImg8bit.png,0,198,345,252,476
1726,val/frankfurt/frankfurt_000001_017459_leftImg8bit.png,0,248,329,310,474
1727,val/frankfurt/frankfurt_000001_017459_leftImg8bit.png,4,348,381,454,488
1728,val/frankfurt/frankfurt_000001_017459_leftImg8bit.png,0,516,289,619,562
1729,val/frankfurt/frankfurt_000001_017459_leftImg8bit.png,0,577,289,686,575
1730,val/frankfurt/frankfurt_000001_017459_leftImg8bit.png,0,727,281,837,584
1731,val/frankfurt/frankfurt_000001_017459_leftImg8bit.png,0,906,269,1040,589
1732,val/frankfurt/frankfurt_000001_017459_leftImg8bit.png,4,1087,416,1154,502
1733,val/frankfurt/frankfurt_000001_017459_leftImg8bit.png,0,1215,316,1270,418
1734,val/frankfurt/frankfurt_000001_017459_leftImg8bit.png,0,1234,308,1354,593
1735,val/frankfurt/frankfurt_000001_017459_leftImg8bit.png,4,1171,363,1320,627
1736,val/frankfurt/frankfurt_000001_017459_leftImg8bit.png,4,1025,394,1205,614
1737,val/frankfurt/frankfurt_000001_017459_leftImg8bit.png,0,1624,339,1685,557
1738,val/frankfurt/frankfurt_000001_017459_leftImg8bit.png,0,1578,321,1666,560
1739,val/frankfurt/frankfurt_000001_017459_leftImg8bit.png,0,1473,356,1550,556
1740,val/frankfurt/frankfurt_000001_017459_leftImg8bit.png,0,1702,324,1765,509
1741,val/frankfurt/frankfurt_000001_017459_leftImg8bit.png,0,1812,340,1881,453
1742,val/frankfurt/frankfurt_000001_017459_leftImg8bit.png,0,1819,359,1935,442
1743,val/frankfurt/frankfurt_000001_010830_leftImg8bit.png,1,1143,368,1215,428
1744,val/frankfurt/frankfurt_000001_010830_leftImg8bit.png,1,680,358,843,519
1745,val/frankfurt/frankfurt_000001_010830_leftImg8bit.png,1,562,358,809,557
1746,val/frankfurt/frankfurt_000001_010830_leftImg8bit.png,0,828,314,949,604
1747,val/frankfurt/frankfurt_000001_010830_leftImg8bit.png,1,255,350,595,608
1748,val/frankfurt/frankfurt_000001_010830_leftImg8bit.png,1,1311,388,1384,440
1749,val/frankfurt/frankfurt_000001_010830_leftImg8bit.png,1,1298,431,1362,503
1750,val/frankfurt/frankfurt_000001_010830_leftImg8bit.png,1,1321,383,1537,520
1751,val/frankfurt/frankfurt_000001_010830_leftImg8bit.png,1,1671,364,1889,424
1752,val/frankfurt/frankfurt_000001_010830_leftImg8bit.png,1,1742,301,2048,559
1753,val/frankfurt/frankfurt_000001_010830_leftImg8bit.png,0,1835,346,1908,412
1754,val/frankfurt/frankfurt_000001_010830_leftImg8bit.png,0,1802,360,1928,568
1755,val/frankfurt/frankfurt_000001_010830_leftImg8bit.png,1,1446,377,1858,637
1756,val/frankfurt/frankfurt_000001_010830_leftImg8bit.png,0,1502,354,1590,656
1757,val/frankfurt/frankfurt_000001_049298_leftImg8bit.png,4,1284,405,1360,464
1758,val/frankfurt/frankfurt_000001_049298_leftImg8bit.png,4,1337,400,1414,472
1759,val/frankfurt/frankfurt_000001_049298_leftImg8bit.png,1,288,402,392,481
1760,val/frankfurt/frankfurt_000001_062653_leftImg8bit.png,1,1117,346,1303,438
1761,val/frankfurt/frankfurt_000001_062653_leftImg8bit.png,1,912,341,1119,443
1762,val/frankfurt/frankfurt_000001_062653_leftImg8bit.png,1,499,364,687,444
1763,val/frankfurt/frankfurt_000001_062653_leftImg8bit.png,1,202,362,587,550
1764,val/frankfurt/frankfurt_000001_062653_leftImg8bit.png,4,573,369,747,563
1765,val/frankfurt/frankfurt_000001_062653_leftImg8bit.png,4,1243,392,1318,461
1766,val/frankfurt/frankfurt_000001_014741_leftImg8bit.png,1,431,392,484,458
1767,val/frankfurt/frankfurt_000001_014741_leftImg8bit.png,1,1594,406,1758,470
1768,val/frankfurt/frankfurt_000001_014741_leftImg8bit.png,1,860,390,962,447
1769,val/frankfurt/frankfurt_000001_014741_leftImg8bit.png,1,777,397,907,453
1770,val/frankfurt/frankfurt_000001_014741_leftImg8bit.png,1,925,374,1075,497
1771,val/frankfurt/frankfurt_000001_014741_leftImg8bit.png,4,1403,417,1492,475
1772,val/frankfurt/frankfurt_000001_014741_leftImg8bit.png,0,1569,321,1636,526
1773,val/frankfurt/frankfurt_000001_014741_leftImg8bit.png,0,1644,342,1708,528
1774,val/frankfurt/frankfurt_000001_068208_leftImg8bit.png,0,1075,376,1130,479
1775,val/frankfurt/frankfurt_000001_068208_leftImg8bit.png,1,263,380,333,434
1776,val/frankfurt/frankfurt_000001_032556_leftImg8bit.png,5,1343,376,1429,466
1777,val/frankfurt/frankfurt_000001_032556_leftImg8bit.png,1,1199,378,1266,457
1778,val/frankfurt/frankfurt_000001_032556_leftImg8bit.png,1,1226,354,1343,466
1779,val/frankfurt/frankfurt_000001_032556_leftImg8bit.png,5,1280,387,1348,471
1780,val/frankfurt/frankfurt_000001_032556_leftImg8bit.png,0,1410,351,1463,493
1781,val/frankfurt/frankfurt_000001_032556_leftImg8bit.png,0,1435,343,1496,493
1782,val/frankfurt/frankfurt_000001_032556_leftImg8bit.png,1,610,370,747,477
1783,val/frankfurt/frankfurt_000001_032556_leftImg8bit.png,0,213,346,267,479
1784,val/frankfurt/frankfurt_000000_002963_leftImg8bit.png,2,540,358,594,420
1785,val/frankfurt/frankfurt_000000_002963_leftImg8bit.png,1,895,387,994,474
1786,val/frankfurt/frankfurt_000000_002963_leftImg8bit.png,1,915,379,1057,496
1787,val/frankfurt/frankfurt_000000_002963_leftImg8bit.png,1,1323,360,1458,438
1788,val/frankfurt/frankfurt_000000_002963_leftImg8bit.png,4,1225,393,1324,461
1789,val/frankfurt/frankfurt_000000_002963_leftImg8bit.png,1,1431,352,1649,533
1790,val/frankfurt/frankfurt_000000_002963_leftImg8bit.png,5,1587,354,1765,562
1791,val/frankfurt/frankfurt_000000_002963_leftImg8bit.png,1,579,387,663,462
1792,val/frankfurt/frankfurt_000000_002963_leftImg8bit.png,1,491,396,600,480
1793,val/frankfurt/frankfurt_000000_002963_leftImg8bit.png,1,361,397,520,506
1794,val/frankfurt/frankfurt_000000_002963_leftImg8bit.png,1,114,375,371,551
1795,val/frankfurt/frankfurt_000000_002963_leftImg8bit.png,1,0,388,204,605
1796,val/frankfurt/frankfurt_000001_047178_leftImg8bit.png,1,838,377,1063,469
1797,val/frankfurt/frankfurt_000001_047178_leftImg8bit.png,1,779,382,869,503
1798,val/frankfurt/frankfurt_000001_047178_leftImg8bit.png,1,591,368,830,543
1799,val/frankfurt/frankfurt_000001_047178_leftImg8bit.png,1,61,374,183,521
1800,val/frankfurt/frankfurt_000001_047178_leftImg8bit.png,1,71,341,633,711
1801,val/frankfurt/frankfurt_000001_047178_leftImg8bit.png,1,0,408,289,912
1802,val/frankfurt/frankfurt_000001_047178_leftImg8bit.png,4,866,411,923,531
1803,val/frankfurt/frankfurt_000001_047178_leftImg8bit.png,1,1112,391,1167,448
1804,val/frankfurt/frankfurt_000001_047178_leftImg8bit.png,1,1120,397,1195,453
1805,val/frankfurt/frankfurt_000001_047178_leftImg8bit.png,1,1190,380,1303,501
1806,val/frankfurt/frankfurt_000001_047178_leftImg8bit.png,1,1215,380,1387,526
1807,val/frankfurt/frankfurt_000001_047178_leftImg8bit.png,1,1257,389,1407,560
1808,val/frankfurt/frankfurt_000001_047178_leftImg8bit.png,1,1337,240,1961,720
1809,val/frankfurt/frankfurt_000001_047178_leftImg8bit.png,1,1683,228,2047,891
1810,val/frankfurt/frankfurt_000001_013710_leftImg8bit.png,0,1978,249,2043,330
1811,val/frankfurt/frankfurt_000001_013710_leftImg8bit.png,1,1051,339,1279,521
1812,val/frankfurt/frankfurt_000001_013710_leftImg8bit.png,1,573,330,843,538
1813,val/frankfurt/frankfurt_000001_013710_leftImg8bit.png,0,734,295,845,553
1814,val/frankfurt/frankfurt_000001_028590_leftImg8bit.png,1,1571,356,1633,415
1815,val/frankfurt/frankfurt_000001_028590_leftImg8bit.png,1,1153,369,1220,428
1816,val/frankfurt/frankfurt_000001_028590_leftImg8bit.png,1,1173,378,1236,434
1817,val/frankfurt/frankfurt_000001_028590_leftImg8bit.png,1,1210,368,1277,448
1818,val/frankfurt/frankfurt_000001_028590_leftImg8bit.png,1,1229,366,1353,462
1819,val/frankfurt/frankfurt_000001_028590_leftImg8bit.png,1,978,366,1173,520
1820,val/frankfurt/frankfurt_000001_028590_leftImg8bit.png,1,802,378,874,451
1821,val/frankfurt/frankfurt_000001_028590_leftImg8bit.png,1,792,369,857,459
1822,val/frankfurt/frankfurt_000001_028590_leftImg8bit.png,1,727,357,829,473
1823,val/frankfurt/frankfurt_000001_028590_leftImg8bit.png,1,548,314,778,493
1824,val/frankfurt/frankfurt_000001_028590_leftImg8bit.png,1,471,300,768,526
1825,val/frankfurt/frankfurt_000001_028590_leftImg8bit.png,0,487,309,600,527
1826,val/frankfurt/frankfurt_000001_028590_leftImg8bit.png,0,348,291,404,373
1827,val/frankfurt/frankfurt_000001_028590_leftImg8bit.png,1,0,327,545,613
1828,val/frankfurt/frankfurt_000000_001751_leftImg8bit.png,2,965,374,1016,433
1829,val/frankfurt/frankfurt_000000_001751_leftImg8bit.png,1,1033,400,1121,457
1830,val/frankfurt/frankfurt_000000_001751_leftImg8bit.png,1,1186,208,1609,582
1831,val/frankfurt/frankfurt_000000_001751_leftImg8bit.png,1,682,390,751,449
1832,val/frankfurt/frankfurt_000000_001751_leftImg8bit.png,1,669,402,724,457
1833,val/frankfurt/frankfurt_000000_001751_leftImg8bit.png,1,601,399,686,463
1834,val/frankfurt/frankfurt_000000_001751_leftImg8bit.png,1,351,395,463,491
1835,val/frankfurt/frankfurt_000000_001751_leftImg8bit.png,1,245,392,386,509
1836,val/frankfurt/frankfurt_000000_001751_leftImg8bit.png,1,0,382,124,580
1837,val/frankfurt/frankfurt_000000_001751_leftImg8bit.png,4,422,425,481,516
1838,val/frankfurt/frankfurt_000000_001751_leftImg8bit.png,1,765,399,849,460
1839,val/frankfurt/frankfurt_000001_065160_leftImg8bit.png,1,863,392,948,455
1840,val/frankfurt/frankfurt_000001_065160_leftImg8bit.png,1,844,398,898,469
1841,val/frankfurt/frankfurt_000001_065160_leftImg8bit.png,1,801,395,885,479
1842,val/frankfurt/frankfurt_000001_065160_leftImg8bit.png,1,722,393,853,491
1843,val/frankfurt/frankfurt_000001_065160_leftImg8bit.png,1,0,348,534,770
1844,val/frankfurt/frankfurt_000001_065160_leftImg8bit.png,1,1109,398,1165,455
1845,val/frankfurt/frankfurt_000001_065160_leftImg8bit.png,1,1116,401,1184,461
1846,val/frankfurt/frankfurt_000001_065160_leftImg8bit.png,1,1133,395,1236,472
1847,val/frankfurt/frankfurt_000001_065160_leftImg8bit.png,1,1587,335,2047,697
1848,val/frankfurt/frankfurt_000001_065160_leftImg8bit.png,1,1923,550,2047,809
1849,val/frankfurt/frankfurt_000000_008451_leftImg8bit.png,1,222,389,416,452
1850,val/frankfurt/frankfurt_000000_008451_leftImg8bit.png,0,319,351,372,475
1851,val/frankfurt/frankfurt_000000_008451_leftImg8bit.png,4,1581,435,1908,632
1852,val/frankfurt/frankfurt_000000_008451_leftImg8bit.png,1,1135,410,1291,477
1853,val/frankfurt/frankfurt_000001_044787_leftImg8bit.png,0,1659,296,1718,433
1854,val/frankfurt/frankfurt_000001_044787_leftImg8bit.png,0,1721,312,1786,436
1855,val/frankfurt/frankfurt_000001_044787_leftImg8bit.png,4,1913,399,2047,745
1856,val/frankfurt/frankfurt_000001_044787_leftImg8bit.png,1,939,357,1184,551
1857,val/frankfurt/frankfurt_000001_007973_leftImg8bit.png,1,0,385,172,502
1858,val/frankfurt/frankfurt_000001_007973_leftImg8bit.png,4,183,421,364,527
1859,val/frankfurt/frankfurt_000001_007973_leftImg8bit.png,0,247,354,357,531
1860,val/frankfurt/frankfurt_000001_007973_leftImg8bit.png,0,365,361,482,541
1861,val/frankfurt/frankfurt_000001_007973_leftImg8bit.png,4,605,411,732,492
1862,val/frankfurt/frankfurt_000001_007973_leftImg8bit.png,0,983,374,1049,480
1863,val/frankfurt/frankfurt_000001_005898_leftImg8bit.png,1,1031,229,1105,418
1864,val/frankfurt/frankfurt_000001_005898_leftImg8bit.png,1,994,403,1062,459
1865,val/frankfurt/frankfurt_000001_005898_leftImg8bit.png,3,52,152,655,535
1866,val/frankfurt/frankfurt_000001_066092_leftImg8bit.png,1,1430,357,1533,475
1867,val/frankfurt/frankfurt_000001_066092_leftImg8bit.png,1,1210,370,1444,537
1868,val/frankfurt/frankfurt_000001_066092_leftImg8bit.png,1,533,311,975,631
1869,val/frankfurt/frankfurt_000001_066092_leftImg8bit.png,0,1901,341,2002,545
1870,val/frankfurt/frankfurt_000001_054884_leftImg8bit.png,1,804,389,901,491
1871,val/frankfurt/frankfurt_000001_054884_leftImg8bit.png,1,1007,408,1125,493
1872,val/frankfurt/frankfurt_000001_054884_leftImg8bit.png,1,1144,417,1209,468
1873,val/frankfurt/frankfurt_000001_054884_leftImg8bit.png,1,1168,417,1255,472
1874,val/frankfurt/frankfurt_000001_054884_leftImg8bit.png,4,1585,412,1699,496
1875,val/frankfurt/frankfurt_000001_054884_leftImg8bit.png,4,1484,409,1563,490
1876,val/frankfurt/frankfurt_000001_054884_leftImg8bit.png,2,1214,272,1508,528
1877,val/frankfurt/frankfurt_000001_054884_leftImg8bit.png,4,1530,409,1598,504
1878,val/frankfurt/frankfurt_000001_054884_leftImg8bit.png,1,1664,286,2047,711
1879,val/frankfurt/frankfurt_000001_054884_leftImg8bit.png,1,672,356,839,512
1880,val/frankfurt/frankfurt_000001_054884_leftImg8bit.png,1,616,393,806,537
1881,val/frankfurt/frankfurt_000001_054884_leftImg8bit.png,4,253,436,341,525
1882,val/frankfurt/frankfurt_000001_054884_leftImg8bit.png,1,313,286,732,599
1883,val/frankfurt/frankfurt_000001_054884_leftImg8bit.png,0,228,333,302,447
1884,val/frankfurt/frankfurt_000001_054884_leftImg8bit.png,0,213,337,307,548
1885,val/frankfurt/frankfurt_000001_054884_leftImg8bit.png,0,112,379,175,475
1886,val/frankfurt/frankfurt_000001_054884_leftImg8bit.png,4,41,401,205,585
1887,val/frankfurt/frankfurt_000001_042384_leftImg8bit.png,1,832,393,972,485
1888,val/frankfurt/frankfurt_000001_042384_leftImg8bit.png,0,1398,343,1461,536
1889,val/frankfurt/frankfurt_000001_075984_leftImg8bit.png,1,909,428,1234,580
1890,val/frankfurt/frankfurt_000001_075984_leftImg8bit.png,1,1474,266,2047,919
1891,val/frankfurt/frankfurt_000001_016273_leftImg8bit.png,1,105,388,302,536
1892,val/frankfurt/frankfurt_000001_016273_leftImg8bit.png,1,13,405,220,566
1893,val/frankfurt/frankfurt_000001_016273_leftImg8bit.png,1,0,409,93,592
1894,val/frankfurt/frankfurt_000001_016273_leftImg8bit.png,0,1016,331,1093,535
1895,val/frankfurt/frankfurt_000001_016273_leftImg8bit.png,0,1160,357,1215,507
1896,val/frankfurt/frankfurt_000001_016273_leftImg8bit.png,0,1238,338,1326,538
1897,val/frankfurt/frankfurt_000001_016273_leftImg8bit.png,0,1318,306,1436,586
1898,val/frankfurt/frankfurt_000001_065617_leftImg8bit.png,1,695,393,777,447
1899,val/frankfurt/frankfurt_000001_065617_leftImg8bit.png,1,672,390,730,465
1900,val/frankfurt/frankfurt_000001_065617_leftImg8bit.png,1,583,375,708,482
1901,val/frankfurt/frankfurt_000001_065617_leftImg8bit.png,1,381,390,607,528
1902,val/frankfurt/frankfurt_000001_065617_leftImg8bit.png,1,0,371,188,653
1903,val/frankfurt/frankfurt_000001_065617_leftImg8bit.png,1,1103,387,1187,487
1904,val/frankfurt/frankfurt_000001_065617_leftImg8bit.png,1,1128,382,1255,501
1905,val/frankfurt/frankfurt_000001_065617_leftImg8bit.png,0,1326,335,1391,441
1906,val/frankfurt/frankfurt_000001_065617_leftImg8bit.png,1,1179,367,1397,534
1907,val/frankfurt/frankfurt_000001_009058_leftImg8bit.png,3,0,259,239,506
1908,val/frankfurt/frankfurt_000001_009058_leftImg8bit.png,0,829,395,882,499
1909,val/frankfurt/frankfurt_000001_009058_leftImg8bit.png,4,809,437,877,499
1910,val/frankfurt/frankfurt_000001_009058_leftImg8bit.png,1,1050,412,1126,470
1911,val/frankfurt/frankfurt_000001_009058_leftImg8bit.png,1,1181,398,1268,477
1912,val/frankfurt/frankfurt_000001_009058_leftImg8bit.png,1,1341,377,1725,535
1913,val/frankfurt/frankfurt_000001_055538_leftImg8bit.png,0,1429,389,1485,498
1914,val/frankfurt/frankfurt_000001_055538_leftImg8bit.png,1,1865,405,1988,501
1915,val/frankfurt/frankfurt_000001_055538_leftImg8bit.png,1,1680,378,1934,533
1916,val/frankfurt/frankfurt_000001_055538_leftImg8bit.png,4,1819,401,2047,580
1917,val/frankfurt/frankfurt_000001_055538_leftImg8bit.png,0,956,400,1011,501
1918,val/frankfurt/frankfurt_000001_055538_leftImg8bit.png,0,980,357,1071,548
1919,val/frankfurt/frankfurt_000001_055538_leftImg8bit.png,0,893,341,983,547
1920,val/frankfurt/frankfurt_000001_055538_leftImg8bit.png,0,537,378,624,555
1921,val/frankfurt/frankfurt_000001_055538_leftImg8bit.png,0,455,365,540,570
1922,val/frankfurt/frankfurt_000001_055538_leftImg8bit.png,0,529,351,623,574
1923,val/frankfurt/frankfurt_000001_075296_leftImg8bit.png,1,694,334,888,423
1924,val/frankfurt/frankfurt_000001_075296_leftImg8bit.png,1,702,373,804,432
1925,val/frankfurt/frankfurt_000001_075296_leftImg8bit.png,1,695,371,758,434
1926,val/frankfurt/frankfurt_000001_075296_leftImg8bit.png,1,561,359,727,449
1927,val/frankfurt/frankfurt_000001_075296_leftImg8bit.png,1,554,367,698,452
1928,val/frankfurt/frankfurt_000001_075296_leftImg8bit.png,1,434,363,699,453
1929,val/frankfurt/frankfurt_000001_075296_leftImg8bit.png,1,316,370,637,462
1930,val/frankfurt/frankfurt_000001_075296_leftImg8bit.png,1,0,341,386,508
1931,val/frankfurt/frankfurt_000001_075296_leftImg8bit.png,1,1173,371,1243,432
1932,val/frankfurt/frankfurt_000001_075296_leftImg8bit.png,1,1188,375,1259,443
1933,val/frankfurt/frankfurt_000001_075296_leftImg8bit.png,1,1212,376,1273,458
1934,val/frankfurt/frankfurt_000001_075296_leftImg8bit.png,1,1236,356,1343,464
1935,val/frankfurt/frankfurt_000001_075296_leftImg8bit.png,1,1242,368,1333,468
1936,val/frankfurt/frankfurt_000001_075296_leftImg8bit.png,1,1248,371,1337,477
1937,val/frankfurt/frankfurt_000001_075296_leftImg8bit.png,1,1268,310,1502,517
1938,val/frankfurt/frankfurt_000001_075296_leftImg8bit.png,0,1390,369,1454,528
1939,val/frankfurt/frankfurt_000001_075296_leftImg8bit.png,4,1556,402,1618,520
1940,val/frankfurt/frankfurt_000001_075296_leftImg8bit.png,1,985,361,1156,488
1941,val/frankfurt/frankfurt_000001_054219_leftImg8bit.png,0,1267,322,1326,526
1942,val/frankfurt/frankfurt_000001_054219_leftImg8bit.png,4,1299,416,1395,503
1943,val/frankfurt/frankfurt_000001_054219_leftImg8bit.png,0,1307,321,1384,547
1944,val/frankfurt/frankfurt_000001_054219_leftImg8bit.png,0,1451,307,1568,452
1945,val/frankfurt/frankfurt_000001_054219_leftImg8bit.png,0,1376,329,1429,526
1946,val/frankfurt/frankfurt_000001_054219_leftImg8bit.png,0,1411,296,1509,547
1947,val/frankfurt/frankfurt_000001_054219_leftImg8bit.png,4,1380,378,1504,570
1948,val/frankfurt/frankfurt_000001_054219_leftImg8bit.png,1,1457,150,2047,727
1949,val/frankfurt/frankfurt_000001_054219_leftImg8bit.png,1,1933,436,2047,992
1950,val/frankfurt/frankfurt_000001_054219_leftImg8bit.png,1,703,379,991,531
1951,val/frankfurt/frankfurt_000001_054219_leftImg8bit.png,1,288,405,613,504
1952,val/frankfurt/frankfurt_000001_054219_leftImg8bit.png,1,13,408,237,493
1953,val/frankfurt/frankfurt_000001_054219_leftImg8bit.png,4,100,416,223,521
1954,val/frankfurt/frankfurt_000001_054219_leftImg8bit.png,0,275,365,327,545
1955,val/frankfurt/frankfurt_000001_054219_leftImg8bit.png,0,253,346,316,558
1956,val/frankfurt/frankfurt_000001_054219_leftImg8bit.png,4,0,430,145,525
1957,val/frankfurt/frankfurt_000001_054219_leftImg8bit.png,0,49,357,100,521
1958,val/frankfurt/frankfurt_000000_014480_leftImg8bit.png,1,600,380,961,487
1959,val/frankfurt/frankfurt_000000_014480_leftImg8bit.png,1,1009,339,1605,545
1960,val/frankfurt/frankfurt_000000_014480_leftImg8bit.png,0,1332,246,1620,711
1961,val/frankfurt/frankfurt_000000_014480_leftImg8bit.png,0,1369,242,1647,747
1962,val/frankfurt/frankfurt_000000_014480_leftImg8bit.png,1,0,386,216,504
1963,val/frankfurt/frankfurt_000000_014480_leftImg8bit.png,0,237,259,491,726
1964,val/frankfurt/frankfurt_000000_014480_leftImg8bit.png,0,130,252,443,753
1965,val/frankfurt/frankfurt_000000_009969_leftImg8bit.png,1,0,332,563,723
1966,val/frankfurt/frankfurt_000000_009969_leftImg8bit.png,2,803,368,998,420
1967,val/frankfurt/frankfurt_000000_009969_leftImg8bit.png,4,1367,370,1438,505
1968,val/frankfurt/frankfurt_000000_009969_leftImg8bit.png,0,1862,267,1949,503
1969,val/frankfurt/frankfurt_000001_058914_leftImg8bit.png,1,606,366,928,505
1970,val/frankfurt/frankfurt_000001_058914_leftImg8bit.png,0,75,284,178,632
1971,val/frankfurt/frankfurt_000001_058914_leftImg8bit.png,0,22,287,124,650
1972,val/frankfurt/frankfurt_000001_058914_leftImg8bit.png,0,596,220,828,768
1973,val/frankfurt/frankfurt_000001_058914_leftImg8bit.png,0,756,178,979,756
1974,val/frankfurt/frankfurt_000001_058914_leftImg8bit.png,1,1308,355,1670,521
1975,val/frankfurt/frankfurt_000001_058914_leftImg8bit.png,0,1856,327,2033,568
1976,val/frankfurt/frankfurt_000001_058914_leftImg8bit.png,0,1853,298,2013,582
1977,val/frankfurt/frankfurt_000001_058914_leftImg8bit.png,0,1238,303,1360,632
1978,val/frankfurt/frankfurt_000001_058914_leftImg8bit.png,0,1289,293,1417,642
1979,val/frankfurt/frankfurt_000001_041354_leftImg8bit.png,1,419,255,714,526
1980,val/frankfurt/frankfurt_000001_041354_leftImg8bit.png,1,736,272,961,498
1981,val/frankfurt/frankfurt_000001_041354_leftImg8bit.png,1,1604,332,1744,406
1982,val/frankfurt/frankfurt_000001_002512_leftImg8bit.png,4,1480,394,1532,575
1983,val/frankfurt/frankfurt_000001_002512_leftImg8bit.png,1,1135,371,1200,431
1984,val/frankfurt/frankfurt_000001_062396_leftImg8bit.png,1,535,376,615,443
1985,val/frankfurt/frankfurt_000001_062396_leftImg8bit.png,1,561,381,658,450
1986,val/frankfurt/frankfurt_000001_062396_leftImg8bit.png,1,156,373,241,434
1987,val/frankfurt/frankfurt_000001_062396_leftImg8bit.png,1,312,370,397,439
1988,val/frankfurt/frankfurt_000001_062396_leftImg8bit.png,0,1354,363,1406,443
1989,val/frankfurt/frankfurt_000000_017228_leftImg8bit.png,1,135,382,246,436
1990,val/frankfurt/frankfurt_000000_017228_leftImg8bit.png,1,451,362,505,423
1991,val/frankfurt/frankfurt_000000_017228_leftImg8bit.png,1,1152,395,1276,478
1992,val/frankfurt/frankfurt_000000_017228_leftImg8bit.png,5,988,398,1041,478
1993,val/frankfurt/frankfurt_000001_060545_leftImg8bit.png,1,1772,331,1840,383
1994,val/frankfurt/frankfurt_000001_060545_leftImg8bit.png,1,1743,327,1812,398
1995,val/frankfurt/frankfurt_000001_060545_leftImg8bit.png,1,1724,322,1795,416
1996,val/frankfurt/frankfurt_000001_060545_leftImg8bit.png,3,1471,279,1587,377
1997,val/frankfurt/frankfurt_000001_060545_leftImg8bit.png,2,1271,276,1411,411
1998,val/frankfurt/frankfurt_000001_060545_leftImg8bit.png,1,1595,327,1677,393
1999,val/frankfurt/frankfurt_000001_060545_leftImg8bit.png,1,1602,308,1790,473
2000,val/frankfurt/frankfurt_000001_060545_leftImg8bit.png,1,1312,319,1502,456
2001,val/frankfurt/frankfurt_000001_060545_leftImg8bit.png,4,658,380,735,438
2002,val/frankfurt/frankfurt_000001_060545_leftImg8bit.png,4,734,390,795,471
2003,val/frankfurt/frankfurt_000001_023769_leftImg8bit.png,1,394,389,532,460
2004,val/frankfurt/frankfurt_000001_023769_leftImg8bit.png,1,645,356,922,468
2005,val/frankfurt/frankfurt_000001_023769_leftImg8bit.png,1,455,395,749,491
2006,val/frankfurt/frankfurt_000001_023769_leftImg8bit.png,1,993,399,1169,462
2007,val/frankfurt/frankfurt_000001_023769_leftImg8bit.png,0,812,344,883,539
2008,val/frankfurt/frankfurt_000001_023769_leftImg8bit.png,1,1203,406,1339,484
2009,val/frankfurt/frankfurt_000001_023769_leftImg8bit.png,1,1272,416,1422,535
2010,val/frankfurt/frankfurt_000001_023769_leftImg8bit.png,1,1311,373,1567,559
2011,val/frankfurt/frankfurt_000001_023769_leftImg8bit.png,1,1381,369,1699,605
2012,val/frankfurt/frankfurt_000001_023769_leftImg8bit.png,1,1524,382,2047,712
2013,val/frankfurt/frankfurt_000001_023769_leftImg8bit.png,1,1889,497,2047,834
2014,val/frankfurt/frankfurt_000001_023769_leftImg8bit.png,0,899,362,973,556
2015,val/frankfurt/frankfurt_000001_046272_leftImg8bit.png,1,1005,391,1109,453
2016,val/frankfurt/frankfurt_000001_046272_leftImg8bit.png,1,999,399,1088,458
2017,val/frankfurt/frankfurt_000001_046272_leftImg8bit.png,1,923,393,1046,465
2018,val/frankfurt/frankfurt_000001_046272_leftImg8bit.png,1,917,400,991,470
2019,val/frankfurt/frankfurt_000001_046272_leftImg8bit.png,1,746,371,939,478
2020,val/frankfurt/frankfurt_000001_046272_leftImg8bit.png,1,684,399,813,481
2021,val/frankfurt/frankfurt_000001_046272_leftImg8bit.png,1,551,393,712,486
2022,val/frankfurt/frankfurt_000001_046272_leftImg8bit.png,1,436,389,576,490
2023,val/frankfurt/frankfurt_000001_046272_leftImg8bit.png,1,247,377,459,500
2024,val/frankfurt/frankfurt_000001_046272_leftImg8bit.png,1,161,386,279,501
2025,val/frankfurt/frankfurt_000001_046272_leftImg8bit.png,1,1589,377,1683,428
2026,val/frankfurt/frankfurt_000001_046272_leftImg8bit.png,1,0,402,56,504
2027,val/frankfurt/frankfurt_000001_046272_leftImg8bit.png,0,438,335,515,537
2028,val/frankfurt/frankfurt_000001_046272_leftImg8bit.png,0,510,324,580,541
2029,val/frankfurt/frankfurt_000001_046272_leftImg8bit.png,1,1662,363,1896,427
2030,val/frankfurt/frankfurt_000001_046272_leftImg8bit.png,1,1443,363,1654,469
2031,val/frankfurt/frankfurt_000001_073243_leftImg8bit.png,1,878,388,946,440
2032,val/frankfurt/frankfurt_000001_073243_leftImg8bit.png,1,817,394,906,450
2033,val/frankfurt/frankfurt_000001_073243_leftImg8bit.png,1,801,401,900,454
2034,val/frankfurt/frankfurt_000001_073243_leftImg8bit.png,1,755,393,864,452
2035,val/frankfurt/frankfurt_000001_073243_leftImg8bit.png,1,708,393,857,458
2036,val/frankfurt/frankfurt_000001_073243_leftImg8bit.png,1,760,422,852,477
2037,val/frankfurt/frankfurt_000001_073243_leftImg8bit.png,1,697,399,806,472
2038,val/frankfurt/frankfurt_000001_073243_leftImg8bit.png,1,437,389,588,452
2039,val/frankfurt/frankfurt_000001_073243_leftImg8bit.png,1,474,406,571,474
2040,val/frankfurt/frankfurt_000001_073243_leftImg8bit.png,1,306,397,546,550
2041,val/frankfurt/frankfurt_000001_073243_leftImg8bit.png,1,247,404,464,561
2042,val/frankfurt/frankfurt_000001_073243_leftImg8bit.png,1,34,404,426,600
2043,val/frankfurt/frankfurt_000001_073243_leftImg8bit.png,1,0,416,301,641
2044,val/frankfurt/frankfurt_000001_073243_leftImg8bit.png,1,523,378,771,557
2045,val/frankfurt/frankfurt_000001_073243_leftImg8bit.png,1,1239,375,1300,434
2046,val/frankfurt/frankfurt_000001_073243_leftImg8bit.png,1,1261,356,1411,471
2047,val/frankfurt/frankfurt_000001_073243_leftImg8bit.png,1,1391,319,2011,535
2048,val/frankfurt/frankfurt_000001_073243_leftImg8bit.png,1,1435,334,1937,608
2049,val/frankfurt/frankfurt_000001_046779_leftImg8bit.png,0,57,366,132,447
2050,val/frankfurt/frankfurt_000001_046779_leftImg8bit.png,0,0,363,54,492
2051,val/frankfurt/frankfurt_000001_046779_leftImg8bit.png,1,642,397,791,490
2052,val/frankfurt/frankfurt_000001_046779_leftImg8bit.png,1,694,408,765,486
2053,val/frankfurt/frankfurt_000001_046779_leftImg8bit.png,1,590,400,746,514
2054,val/frankfurt/frankfurt_000001_046779_leftImg8bit.png,1,132,349,633,588
2055,val/frankfurt/frankfurt_000001_046779_leftImg8bit.png,1,0,425,472,666
2056,val/frankfurt/frankfurt_000001_046779_leftImg8bit.png,0,203,365,379,675
2057,val/frankfurt/frankfurt_000001_046779_leftImg8bit.png,1,1086,341,1303,434
2058,val/frankfurt/frankfurt_000001_046779_leftImg8bit.png,1,1081,397,1157,469
2059,val/frankfurt/frankfurt_000001_046779_leftImg8bit.png,1,1102,391,1243,486
2060,val/frankfurt/frankfurt_000001_046779_leftImg8bit.png,1,1170,393,1285,489
2061,val/frankfurt/frankfurt_000001_046779_leftImg8bit.png,1,1215,385,1404,496
2062,val/frankfurt/frankfurt_000001_046779_leftImg8bit.png,1,1291,386,1475,478
2063,val/frankfurt/frankfurt_000001_046779_leftImg8bit.png,1,1263,391,1499,535
2064,val/frankfurt/frankfurt_000001_046779_leftImg8bit.png,1,1423,289,1919,656
2065,val/frankfurt/frankfurt_000001_046779_leftImg8bit.png,1,1763,253,2047,762
2066,val/frankfurt/frankfurt_000001_003588_leftImg8bit.png,1,1072,338,1195,413
2067,val/frankfurt/frankfurt_000001_003588_leftImg8bit.png,1,1631,328,1742,416
2068,val/frankfurt/frankfurt_000001_034816_leftImg8bit.png,3,0,365,221,491
2069,val/frankfurt/frankfurt_000001_034816_leftImg8bit.png,3,1188,265,1844,484
2070,val/frankfurt/frankfurt_000001_034816_leftImg8bit.png,4,1626,430,1694,510
2071,val/frankfurt/frankfurt_000001_034816_leftImg8bit.png,4,1726,416,1813,507
2072,val/frankfurt/frankfurt_000001_034816_leftImg8bit.png,3,1143,172,1550,540
2073,val/frankfurt/frankfurt_000001_053102_leftImg8bit.png,4,21,414,180,520
2074,val/frankfurt/frankfurt_000001_053102_leftImg8bit.png,4,152,397,258,514
2075,val/frankfurt/frankfurt_000001_053102_leftImg8bit.png,4,180,427,299,515
2076,val/frankfurt/frankfurt_000001_053102_leftImg8bit.png,4,73,460,160,523
2077,val/frankfurt/frankfurt_000001_053102_leftImg8bit.png,1,1237,367,1724,517
2078,val/frankfurt/frankfurt_000000_000294_leftImg8bit.png,1,1022,368,1167,504
2079,val/frankfurt/frankfurt_000000_000294_leftImg8bit.png,1,1251,306,1791,576
2080,val/frankfurt/frankfurt_000001_083029_leftImg8bit.png,4,777,390,839,441
2081,val/frankfurt/frankfurt_000001_083029_leftImg8bit.png,4,638,398,697,455
2082,val/frankfurt/frankfurt_000000_005898_leftImg8bit.png,3,1142,293,1520,406
2083,val/frankfurt/frankfurt_000000_005898_leftImg8bit.png,1,1145,367,1282,467
2084,val/frankfurt/frankfurt_000000_005898_leftImg8bit.png,2,555,282,865,445
2085,val/frankfurt/frankfurt_000000_005898_leftImg8bit.png,1,882,372,990,477
2086,val/frankfurt/frankfurt_000000_005898_leftImg8bit.png,1,707,349,938,534
2087,val/frankfurt/frankfurt_000000_005898_leftImg8bit.png,1,0,414,63,469
2088,val/frankfurt/frankfurt_000000_005898_leftImg8bit.png,5,157,419,243,512
2089,val/frankfurt/frankfurt_000001_011162_leftImg8bit.png,0,354,355,406,540
2090,val/frankfurt/frankfurt_000001_011162_leftImg8bit.png,0,382,351,484,555
2091,val/frankfurt/frankfurt_000001_011162_leftImg8bit.png,0,365,342,461,561
2092,val/frankfurt/frankfurt_000001_011162_leftImg8bit.png,0,226,346,308,561
2093,val/frankfurt/frankfurt_000001_011162_leftImg8bit.png,0,220,413,271,553
2094,val/frankfurt/frankfurt_000001_011162_leftImg8bit.png,0,262,352,406,603
2095,val/frankfurt/frankfurt_000001_011162_leftImg8bit.png,4,470,420,594,509
2096,val/frankfurt/frankfurt_000001_011162_leftImg8bit.png,0,723,348,788,502
2097,val/frankfurt/frankfurt_000001_011162_leftImg8bit.png,1,1055,370,1119,425
2098,val/frankfurt/frankfurt_000001_011162_leftImg8bit.png,0,1473,337,1556,486
2099,val/frankfurt/frankfurt_000001_011162_leftImg8bit.png,0,970,356,1037,505
2100,val/frankfurt/frankfurt_000001_011162_leftImg8bit.png,0,1641,302,1766,537
2101,val/frankfurt/frankfurt_000001_011162_leftImg8bit.png,0,1783,270,1893,535
2102,val/frankfurt/frankfurt_000001_011162_leftImg8bit.png,1,1104,339,1211,429
2103,val/frankfurt/frankfurt_000000_017476_leftImg8bit.png,1,136,374,238,449
2104,val/frankfurt/frankfurt_000000_017476_leftImg8bit.png,1,772,399,855,454
2105,val/frankfurt/frankfurt_000000_017476_leftImg8bit.png,3,590,233,779,415
2106,val/frankfurt/frankfurt_000000_017476_leftImg8bit.png,1,624,382,811,520
2107,val/frankfurt/frankfurt_000000_017476_leftImg8bit.png,5,492,430,558,535
2108,val/frankfurt/frankfurt_000000_017476_leftImg8bit.png,5,551,388,680,582
2109,val/frankfurt/frankfurt_000000_017476_leftImg8bit.png,1,1167,372,1394,523
2110,val/frankfurt/frankfurt_000000_017476_leftImg8bit.png,3,23,355,104,424
2111,val/frankfurt/frankfurt_000001_007622_leftImg8bit.png,0,0,390,59,571
2112,val/frankfurt/frankfurt_000001_007622_leftImg8bit.png,1,1774,238,2048,452
2113,val/frankfurt/frankfurt_000001_007622_leftImg8bit.png,0,1750,326,1812,453
2114,val/frankfurt/frankfurt_000001_007622_leftImg8bit.png,0,1692,299,1759,491
2115,val/frankfurt/frankfurt_000000_022797_leftImg8bit.png,1,0,376,309,613
2116,val/frankfurt/frankfurt_000000_022797_leftImg8bit.png,1,629,402,759,482
2117,val/frankfurt/frankfurt_000000_022797_leftImg8bit.png,5,578,404,700,493
2118,val/frankfurt/frankfurt_000000_022797_leftImg8bit.png,5,552,422,673,493
2119,val/frankfurt/frankfurt_000000_022797_leftImg8bit.png,1,812,387,955,499
2120,val/frankfurt/frankfurt_000000_022797_leftImg8bit.png,1,1199,369,1315,479
2121,val/frankfurt/frankfurt_000000_022797_leftImg8bit.png,1,1241,380,1325,496
2122,val/frankfurt/frankfurt_000000_022797_leftImg8bit.png,1,1278,376,1443,512
2123,val/frankfurt/frankfurt_000000_022797_leftImg8bit.png,0,1367,326,1434,510
2124,val/frankfurt/frankfurt_000001_004327_leftImg8bit.png,0,221,330,300,580
2125,val/frankfurt/frankfurt_000001_004327_leftImg8bit.png,0,995,331,1115,577
2126,val/frankfurt/frankfurt_000001_004327_leftImg8bit.png,0,960,332,1038,583
2127,val/frankfurt/frankfurt_000001_004327_leftImg8bit.png,0,1372,346,1571,616
2128,val/frankfurt/frankfurt_000001_004327_leftImg8bit.png,0,1735,302,1843,655
2129,val/frankfurt/frankfurt_000001_004327_leftImg8bit.png,0,1724,273,1928,674
2130,val/frankfurt/frankfurt_000001_004327_leftImg8bit.png,0,1655,302,1806,690
2131,val/frankfurt/frankfurt_000001_004327_leftImg8bit.png,0,1565,258,1754,716
2132,val/frankfurt/frankfurt_000001_004327_leftImg8bit.png,0,1970,357,2048,642
2133,val/frankfurt/frankfurt_000001_004327_leftImg8bit.png,0,1972,314,2048,678
2134,val/frankfurt/frankfurt_000000_012868_leftImg8bit.png,3,477,351,629,434
2135,val/frankfurt/frankfurt_000000_012868_leftImg8bit.png,1,607,371,772,489
2136,val/frankfurt/frankfurt_000000_012868_leftImg8bit.png,0,1333,300,1418,570
2137,val/frankfurt/frankfurt_000000_012868_leftImg8bit.png,0,1419,314,1560,571
2138,val/frankfurt/frankfurt_000000_012868_leftImg8bit.png,4,1412,404,1580,622
2139,val/frankfurt/frankfurt_000000_012868_leftImg8bit.png,4,1837,412,1938,494
2140,val/frankfurt/frankfurt_000000_012868_leftImg8bit.png,0,1771,323,1861,599
2141,val/frankfurt/frankfurt_000000_012868_leftImg8bit.png,0,1893,319,2007,487
2142,val/frankfurt/frankfurt_000000_012868_leftImg8bit.png,5,1584,312,2048,686
2143,val/frankfurt/frankfurt_000000_012868_leftImg8bit.png,5,1861,260,2048,781
2144,val/frankfurt/frankfurt_000000_012868_leftImg8bit.png,1,862,365,1017,483
2145,val/frankfurt/frankfurt_000000_012868_leftImg8bit.png,1,0,267,463,881
2146,val/frankfurt/frankfurt_000001_012870_leftImg8bit.png,4,1748,392,1812,463
2147,val/frankfurt/frankfurt_000001_012870_leftImg8bit.png,0,1942,340,1998,470
2148,val/frankfurt/frankfurt_000001_012870_leftImg8bit.png,0,1851,310,1970,590
2149,val/frankfurt/frankfurt_000001_012870_leftImg8bit.png,0,1996,333,2047,501
2150,val/frankfurt/frankfurt_000001_012870_leftImg8bit.png,0,1519,343,1605,566
2151,val/frankfurt/frankfurt_000001_012870_leftImg8bit.png,0,1653,334,1741,562
2152,val/frankfurt/frankfurt_000001_012870_leftImg8bit.png,0,1405,300,1533,613
2153,val/frankfurt/frankfurt_000001_012870_leftImg8bit.png,0,1214,359,1269,512
2154,val/frankfurt/frankfurt_000001_012870_leftImg8bit.png,0,1221,320,1360,613
2155,val/frankfurt/frankfurt_000001_012870_leftImg8bit.png,0,1134,342,1188,560
2156,val/frankfurt/frankfurt_000001_012870_leftImg8bit.png,0,1029,337,1172,564
2157,val/frankfurt/frankfurt_000001_012870_leftImg8bit.png,0,988,317,1086,576
2158,val/frankfurt/frankfurt_000001_012870_leftImg8bit.png,0,916,381,970,498
2159,val/frankfurt/frankfurt_000001_012870_leftImg8bit.png,0,82,387,146,515
2160,val/frankfurt/frankfurt_000001_012870_leftImg8bit.png,0,629,391,708,570
2161,val/frankfurt/frankfurt_000001_012870_leftImg8bit.png,0,573,401,644,574
2162,val/frankfurt/frankfurt_000001_012870_leftImg8bit.png,0,539,371,617,541
2163,val/frankfurt/frankfurt_000001_012870_leftImg8bit.png,0,747,350,831,551
2164,val/frankfurt/frankfurt_000001_012870_leftImg8bit.png,4,373,442,620,773
2165,val/frankfurt/frankfurt_000001_077233_leftImg8bit.png,1,802,394,867,452
2166,val/frankfurt/frankfurt_000001_077233_leftImg8bit.png,1,538,400,684,487
2167,val/frankfurt/frankfurt_000001_077233_leftImg8bit.png,0,389,394,440,499
2168,val/frankfurt/frankfurt_000001_077233_leftImg8bit.png,1,0,407,158,510
2169,val/frankfurt/frankfurt_000001_077233_leftImg8bit.png,1,76,394,375,583
2170,val/frankfurt/frankfurt_000001_077233_leftImg8bit.png,1,1204,380,1276,458
2171,val/frankfurt/frankfurt_000001_077233_leftImg8bit.png,1,1229,366,1353,475
2172,val/frankfurt/frankfurt_000001_077233_leftImg8bit.png,1,1352,358,1698,580
2173,val/frankfurt/frankfurt_000001_077233_leftImg8bit.png,1,1511,350,2003,684
2174,val/frankfurt/frankfurt_000001_077233_leftImg8bit.png,1,1785,310,2047,784
2175,val/frankfurt/frankfurt_000001_032018_leftImg8bit.png,1,1815,337,1900,444
2176,val/frankfurt/frankfurt_000001_032018_leftImg8bit.png,1,793,395,891,461
2177,val/frankfurt/frankfurt_000001_032018_leftImg8bit.png,0,754,375,819,506
2178,val/frankfurt/frankfurt_000001_032018_leftImg8bit.png,0,760,376,817,518
2179,val/frankfurt/frankfurt_000001_032018_leftImg8bit.png,0,801,373,880,518
2180,val/frankfurt/frankfurt_000001_032018_leftImg8bit.png,0,683,389,738,518
2181,val/frankfurt/frankfurt_000001_032018_leftImg8bit.png,0,624,384,687,518
2182,val/frankfurt/frankfurt_000001_032018_leftImg8bit.png,0,555,381,613,529
2183,val/frankfurt/frankfurt_000001_032018_leftImg8bit.png,0,714,370,790,525
2184,val/frankfurt/frankfurt_000001_032018_leftImg8bit.png,0,392,367,449,457
2185,val/frankfurt/frankfurt_000001_032018_leftImg8bit.png,0,149,411,207,504
2186,val/frankfurt/frankfurt_000001_032018_leftImg8bit.png,1,0,395,92,664
2187,val/frankfurt/frankfurt_000001_032018_leftImg8bit.png,1,885,258,1514,790
2188,val/frankfurt/frankfurt_000001_032018_leftImg8bit.png,1,1639,360,1827,472
2189,val/frankfurt/frankfurt_000001_032018_leftImg8bit.png,0,1727,299,1783,463
2190,val/frankfurt/frankfurt_000001_032018_leftImg8bit.png,0,1708,363,1760,468
2191,val/frankfurt/frankfurt_000001_032018_leftImg8bit.png,0,637,392,689,523
2192,val/frankfurt/frankfurt_000001_032018_leftImg8bit.png,1,115,411,498,604
2193,val/frankfurt/frankfurt_000000_003025_leftImg8bit.png,1,1397,342,1495,415
2194,val/frankfurt/frankfurt_000000_003025_leftImg8bit.png,1,1436,363,1620,454
2195,val/frankfurt/frankfurt_000000_003025_leftImg8bit.png,1,1871,355,2048,426
2196,val/frankfurt/frankfurt_000000_003025_leftImg8bit.png,4,1593,386,1786,519
2197,val/frankfurt/frankfurt_000000_003025_leftImg8bit.png,2,715,315,879,438
2198,val/frankfurt/frankfurt_000000_003025_leftImg8bit.png,1,630,390,690,462
2199,val/frankfurt/frankfurt_000000_003025_leftImg8bit.png,1,562,377,653,477
2200,val/frankfurt/frankfurt_000000_003025_leftImg8bit.png,1,462,378,625,494
2201,val/frankfurt/frankfurt_000000_003025_leftImg8bit.png,1,154,384,432,539
2202,val/frankfurt/frankfurt_000000_003025_leftImg8bit.png,1,1240,354,1336,445
2203,val/frankfurt/frankfurt_000000_003025_leftImg8bit.png,1,913,336,1332,682
2204,val/frankfurt/frankfurt_000001_011835_leftImg8bit.png,0,808,403,860,508
2205,val/frankfurt/frankfurt_000001_011835_leftImg8bit.png,0,718,370,784,545
2206,val/frankfurt/frankfurt_000001_011835_leftImg8bit.png,0,449,294,673,717
2207,val/frankfurt/frankfurt_000001_011835_leftImg8bit.png,0,417,231,581,739
2208,val/frankfurt/frankfurt_000001_011835_leftImg8bit.png,0,435,270,711,772
2209,val/frankfurt/frankfurt_000001_011835_leftImg8bit.png,0,848,337,971,605
2210,val/frankfurt/frankfurt_000001_011835_leftImg8bit.png,0,909,355,1029,607
2211,val/frankfurt/frankfurt_000001_011835_leftImg8bit.png,0,1163,258,1356,663
2212,val/frankfurt/frankfurt_000001_011835_leftImg8bit.png,0,1033,260,1263,753
2213,val/frankfurt/frankfurt_000001_011835_leftImg8bit.png,0,900,258,1190,780
2214,val/frankfurt/frankfurt_000001_011835_leftImg8bit.png,0,1424,376,1476,467
2215,val/frankfurt/frankfurt_000001_011835_leftImg8bit.png,0,1497,350,1550,527
2216,val/frankfurt/frankfurt_000001_011835_leftImg8bit.png,0,1555,362,1607,498
2217,val/frankfurt/frankfurt_000001_011835_leftImg8bit.png,0,1571,313,1661,582
2218,val/frankfurt/frankfurt_000001_011835_leftImg8bit.png,4,1731,420,2039,597
2219,val/frankfurt/frankfurt_000001_011835_leftImg8bit.png,4,1673,426,1966,600
2220,val/frankfurt/frankfurt_000001_011835_leftImg8bit.png,0,1325,343,1434,571
2221,val/frankfurt/frankfurt_000001_011835_leftImg8bit.png,0,1577,277,1777,667
2222,val/frankfurt/frankfurt_000001_011835_leftImg8bit.png,0,1576,266,1806,684
2223,val/frankfurt/frankfurt_000001_007857_leftImg8bit.png,1,731,377,806,435
2224,val/frankfurt/frankfurt_000001_007857_leftImg8bit.png,0,1263,351,1321,498
2225,val/frankfurt/frankfurt_000001_007857_leftImg8bit.png,1,1374,364,1438,490
2226,val/frankfurt/frankfurt_000001_007857_leftImg8bit.png,0,1388,313,1484,560
2227,val/frankfurt/frankfurt_000001_007857_leftImg8bit.png,1,878,369,1107,544
2228,val/frankfurt/frankfurt_000000_012121_leftImg8bit.png,1,1445,339,1565,486
2229,val/frankfurt/frankfurt_000000_012121_leftImg8bit.png,1,1473,359,1574,509
2230,val/frankfurt/frankfurt_000000_012121_leftImg8bit.png,2,1535,80,2026,577
2231,val/frankfurt/frankfurt_000000_012121_leftImg8bit.png,1,255,393,432,491
2232,val/frankfurt/frankfurt_000000_012121_leftImg8bit.png,1,539,399,654,458
2233,val/frankfurt/frankfurt_000000_012121_leftImg8bit.png,1,1276,378,1357,452
2234,val/frankfurt/frankfurt_000001_044658_leftImg8bit.png,1,670,386,861,545
2235,val/frankfurt/frankfurt_000001_044658_leftImg8bit.png,1,905,379,1156,576
2236,val/frankfurt/frankfurt_000001_044658_leftImg8bit.png,0,1306,357,1373,537
2237,val/frankfurt/frankfurt_000001_044658_leftImg8bit.png,0,1341,338,1438,537
2238,val/frankfurt/frankfurt_000001_044658_leftImg8bit.png,0,1845,320,1924,487
2239,val/frankfurt/frankfurt_000001_062509_leftImg8bit.png,1,380,381,521,480
2240,val/frankfurt/frankfurt_000001_062509_leftImg8bit.png,1,212,374,425,496
2241,val/frankfurt/frankfurt_000001_062509_leftImg8bit.png,1,56,392,259,516
2242,val/frankfurt/frankfurt_000001_062509_leftImg8bit.png,1,0,387,113,525
2243,val/frankfurt/frankfurt_000001_062509_leftImg8bit.png,0,1787,336,1863,487
2244,val/frankfurt/frankfurt_000001_062509_leftImg8bit.png,1,1096,386,1161,439
2245,val/frankfurt/frankfurt_000000_013067_leftImg8bit.png,0,1611,352,1669,531
2246,val/frankfurt/frankfurt_000000_013067_leftImg8bit.png,3,561,348,733,437
2247,val/frankfurt/frankfurt_000000_013067_leftImg8bit.png,1,581,390,658,451
2248,val/frankfurt/frankfurt_000000_013067_leftImg8bit.png,1,298,348,626,617
2249,val/frankfurt/frankfurt_000000_013067_leftImg8bit.png,1,0,366,180,919
2250,val/frankfurt/frankfurt_000001_027325_leftImg8bit.png,1,177,371,368,425
2251,val/frankfurt/frankfurt_000001_027325_leftImg8bit.png,1,937,380,1043,472
2252,val/frankfurt/frankfurt_000001_027325_leftImg8bit.png,1,739,371,943,490
2253,val/frankfurt/frankfurt_000001_027325_leftImg8bit.png,3,1137,129,1856,545
2254,val/frankfurt/frankfurt_000001_027325_leftImg8bit.png,1,951,382,1174,517
2255,val/frankfurt/frankfurt_000001_027325_leftImg8bit.png,1,1102,386,1477,583
2256,val/frankfurt/frankfurt_000001_046504_leftImg8bit.png,1,1252,391,1305,451
2257,val/frankfurt/frankfurt_000001_046504_leftImg8bit.png,1,1268,391,1339,456
2258,val/frankfurt/frankfurt_000001_046504_leftImg8bit.png,1,1306,379,1448,467
2259,val/frankfurt/frankfurt_000001_046504_leftImg8bit.png,1,1368,385,1443,481
2260,val/frankfurt/frankfurt_000001_046504_leftImg8bit.png,1,1406,357,1645,500
2261,val/frankfurt/frankfurt_000001_046504_leftImg8bit.png,1,1438,360,1714,517
2262,val/frankfurt/frankfurt_000001_046504_leftImg8bit.png,1,1528,382,1614,532
2263,val/frankfurt/frankfurt_000001_046504_leftImg8bit.png,1,1558,357,1932,528
2264,val/frankfurt/frankfurt_000001_046504_leftImg8bit.png,0,1642,332,1731,576
2265,val/frankfurt/frankfurt_000001_046504_leftImg8bit.png,1,1615,375,2047,602
2266,val/frankfurt/frankfurt_000001_046504_leftImg8bit.png,1,1832,385,2047,731
2267,val/frankfurt/frankfurt_000001_064130_leftImg8bit.png,1,1310,357,1429,460
2268,val/frankfurt/frankfurt_000001_064130_leftImg8bit.png,1,1190,376,1307,431
2269,val/frankfurt/frankfurt_000001_064130_leftImg8bit.png,1,1092,379,1334,472
2270,val/frankfurt/frankfurt_000001_064130_leftImg8bit.png,4,1076,408,1139,487
2271,val/frankfurt/frankfurt_000001_064130_leftImg8bit.png,1,0,267,205,539
2272,val/frankfurt/frankfurt_000001_064130_leftImg8bit.png,1,310,393,420,444
2273,val/frankfurt/frankfurt_000001_064130_leftImg8bit.png,1,352,393,514,463
2274,val/frankfurt/frankfurt_000001_064130_leftImg8bit.png,5,537,384,668,466
2275,val/frankfurt/frankfurt_000001_064130_leftImg8bit.png,0,646,346,708,507
2276,val/frankfurt/frankfurt_000001_064130_leftImg8bit.png,1,809,389,1048,460
2277,val/frankfurt/frankfurt_000001_064130_leftImg8bit.png,5,909,379,978,460
2278,val/frankfurt/frankfurt_000001_064130_leftImg8bit.png,4,574,401,648,540
2279,val/frankfurt/frankfurt_000001_064130_leftImg8bit.png,4,654,392,738,545
2280,val/frankfurt/frankfurt_000001_064130_leftImg8bit.png,4,763,401,842,545
2281,val/frankfurt/frankfurt_000001_064130_leftImg8bit.png,4,687,398,814,589
2282,val/frankfurt/frankfurt_000001_064130_leftImg8bit.png,0,275,359,378,563
2283,val/frankfurt/frankfurt_000001_064130_leftImg8bit.png,4,130,384,205,441
2284,val/frankfurt/frankfurt_000001_064130_leftImg8bit.png,5,0,289,365,847
2285,val/frankfurt/frankfurt_000000_002196_leftImg8bit.png,1,888,402,943,457
2286,val/frankfurt/frankfurt_000000_002196_leftImg8bit.png,1,950,400,1012,475
2287,val/frankfurt/frankfurt_000000_002196_leftImg8bit.png,1,984,399,1036,481
2288,val/frankfurt/frankfurt_000000_002196_leftImg8bit.png,1,990,262,1656,542
2289,val/frankfurt/frankfurt_000000_002196_leftImg8bit.png,0,1676,349,1728,513
2290,val/frankfurt/frankfurt_000000_002196_leftImg8bit.png,0,1817,363,1892,499
2291,val/frankfurt/frankfurt_000000_002196_leftImg8bit.png,1,618,392,712,482
2292,val/frankfurt/frankfurt_000000_002196_leftImg8bit.png,1,468,412,551,487
2293,val/frankfurt/frankfurt_000000_002196_leftImg8bit.png,1,512,402,644,497
2294,val/frankfurt/frankfurt_000001_030310_leftImg8bit.png,1,1219,383,1363,455
2295,val/frankfurt/frankfurt_000001_030310_leftImg8bit.png,1,1734,374,1958,441
2296,val/frankfurt/frankfurt_000001_030310_leftImg8bit.png,1,1326,378,1460,493
2297,val/frankfurt/frankfurt_000001_030310_leftImg8bit.png,1,1389,380,1523,510
2298,val/frankfurt/frankfurt_000001_030310_leftImg8bit.png,1,1451,359,1662,535
2299,val/frankfurt/frankfurt_000001_030310_leftImg8bit.png,1,1712,389,1978,465
2300,val/frankfurt/frankfurt_000001_030310_leftImg8bit.png,1,1977,379,2047,455
2301,val/frankfurt/frankfurt_000001_030310_leftImg8bit.png,1,1862,378,2047,743
2302,val/frankfurt/frankfurt_000001_030310_leftImg8bit.png,1,834,401,891,460
2303,val/frankfurt/frankfurt_000001_030310_leftImg8bit.png,1,792,402,871,466
2304,val/frankfurt/frankfurt_000001_030310_leftImg8bit.png,1,380,383,561,511
2305,val/frankfurt/frankfurt_000001_030310_leftImg8bit.png,1,185,385,464,551
2306,val/frankfurt/frankfurt_000001_030310_leftImg8bit.png,1,0,310,268,625
2307,val/frankfurt/frankfurt_000001_030310_leftImg8bit.png,1,479,268,845,597
2308,val/frankfurt/frankfurt_000001_030310_leftImg8bit.png,1,1039,349,1244,519
2309,val/frankfurt/frankfurt_000001_082466_leftImg8bit.png,5,1061,380,1122,448
2310,val/frankfurt/frankfurt_000001_082466_leftImg8bit.png,5,999,381,1089,452
2311,val/frankfurt/frankfurt_000001_082466_leftImg8bit.png,5,979,378,1037,453
2312,val/frankfurt/frankfurt_000001_082466_leftImg8bit.png,5,880,380,1003,459
2313,val/frankfurt/frankfurt_000001_082466_leftImg8bit.png,5,914,387,966,463
2314,val/frankfurt/frankfurt_000001_082466_leftImg8bit.png,5,827,385,907,472
2315,val/frankfurt/frankfurt_000001_082466_leftImg8bit.png,5,748,378,851,519
2316,val/frankfurt/frankfurt_000001_082466_leftImg8bit.png,5,602,402,734,528
2317,val/frankfurt/frankfurt_000001_082466_leftImg8bit.png,1,328,378,614,601
2318,val/frankfurt/frankfurt_000001_082466_leftImg8bit.png,1,0,297,566,696
2319,val/frankfurt/frankfurt_000001_082466_leftImg8bit.png,1,1788,424,2047,987
2320,val/frankfurt/frankfurt_000001_025512_leftImg8bit.png,0,403,335,588,669
2321,val/frankfurt/frankfurt_000001_025512_leftImg8bit.png,0,240,344,442,720
2322,val/frankfurt/frankfurt_000001_025512_leftImg8bit.png,0,0,649,61,746
2323,val/frankfurt/frankfurt_000001_025512_leftImg8bit.png,0,746,261,870,728
2324,val/frankfurt/frankfurt_000001_025512_leftImg8bit.png,1,1764,385,1998,459
2325,val/frankfurt/frankfurt_000001_025512_leftImg8bit.png,0,1494,344,1545,483
2326,val/frankfurt/frankfurt_000001_025512_leftImg8bit.png,0,1579,335,1632,481
2327,val/frankfurt/frankfurt_000001_013496_leftImg8bit.png,1,415,410,479,478
2328,val/frankfurt/frankfurt_000001_013496_leftImg8bit.png,1,350,403,450,489
2329,val/frankfurt/frankfurt_000001_013496_leftImg8bit.png,1,314,415,425,500
2330,val/frankfurt/frankfurt_000001_013496_leftImg8bit.png,1,259,418,381,516
2331,val/frankfurt/frankfurt_000001_013496_leftImg8bit.png,1,203,420,312,534
2332,val/frankfurt/frankfurt_000001_013496_leftImg8bit.png,1,0,389,266,570
2333,val/frankfurt/frankfurt_000001_013496_leftImg8bit.png,1,963,386,1118,483
2334,val/frankfurt/frankfurt_000001_013496_leftImg8bit.png,4,1278,381,1383,478
2335,val/frankfurt/frankfurt_000001_013496_leftImg8bit.png,4,1525,389,1638,568
2336,val/frankfurt/frankfurt_000001_013496_leftImg8bit.png,0,1806,247,1880,349
2337,val/frankfurt/frankfurt_000001_013496_leftImg8bit.png,1,1617,283,2047,720
2338,val/frankfurt/frankfurt_000001_061682_leftImg8bit.png,0,1757,268,1828,479
2339,val/frankfurt/frankfurt_000001_061682_leftImg8bit.png,4,1162,380,1220,477
2340,val/frankfurt/frankfurt_000001_061682_leftImg8bit.png,2,328,173,610,503
2341,val/frankfurt/frankfurt_000001_061682_leftImg8bit.png,1,183,333,290,449
2342,val/frankfurt/frankfurt_000001_061682_leftImg8bit.png,1,243,340,564,586
2343,val/frankfurt/frankfurt_000001_061682_leftImg8bit.png,1,0,291,330,882
2344,val/frankfurt/frankfurt_000001_061682_leftImg8bit.png,1,871,352,997,460
2345,val/frankfurt/frankfurt_000001_061682_leftImg8bit.png,1,682,321,954,543
2346,val/frankfurt/frankfurt_000001_055172_leftImg8bit.png,0,1092,289,1229,687
2347,val/frankfurt/frankfurt_000001_055172_leftImg8bit.png,0,1234,303,1359,678
2348,val/frankfurt/frankfurt_000001_055172_leftImg8bit.png,0,1198,387,1315,684
2349,val/frankfurt/frankfurt_000001_055172_leftImg8bit.png,0,1367,316,1530,665
2350,val/frankfurt/frankfurt_000001_055172_leftImg8bit.png,0,1350,327,1471,667
2351,val/frankfurt/frankfurt_000001_055172_leftImg8bit.png,0,1751,327,1839,536
2352,val/frankfurt/frankfurt_000001_055172_leftImg8bit.png,0,1718,338,1869,651
2353,val/frankfurt/frankfurt_000001_055172_leftImg8bit.png,0,1629,318,1787,665
2354,val/frankfurt/frankfurt_000001_055172_leftImg8bit.png,0,773,302,893,689
2355,val/frankfurt/frankfurt_000001_055172_leftImg8bit.png,0,733,273,866,710
2356,val/frankfurt/frankfurt_000001_055172_leftImg8bit.png,0,612,297,765,740
2357,val/frankfurt/frankfurt_000001_055172_leftImg8bit.png,0,501,424,569,588
2358,val/frankfurt/frankfurt_000001_055172_leftImg8bit.png,0,444,343,499,596
2359,val/frankfurt/frankfurt_000001_055172_leftImg8bit.png,0,397,284,537,698
2360,val/frankfurt/frankfurt_000001_055172_leftImg8bit.png,0,88,286,250,608
2361,val/frankfurt/frankfurt_000001_055172_leftImg8bit.png,0,188,401,302,613
2362,val/frankfurt/frankfurt_000001_055172_leftImg8bit.png,4,92,409,247,686
2363,val/frankfurt/frankfurt_000001_055172_leftImg8bit.png,0,269,313,401,629
2364,val/frankfurt/frankfurt_000001_068682_leftImg8bit.png,1,141,427,199,481
2365,val/frankfurt/frankfurt_000001_068682_leftImg8bit.png,1,183,425,289,481
2366,val/frankfurt/frankfurt_000001_068682_leftImg8bit.png,1,276,412,379,477
2367,val/frankfurt/frankfurt_000001_068682_leftImg8bit.png,1,367,413,485,474
2368,val/frankfurt/frankfurt_000001_068682_leftImg8bit.png,0,1282,345,1343,467
2369,val/frankfurt/frankfurt_000001_068682_leftImg8bit.png,1,0,401,148,554
2370,val/frankfurt/frankfurt_000001_025713_leftImg8bit.png,1,1328,393,1475,458
2371,val/frankfurt/frankfurt_000001_025713_leftImg8bit.png,1,1736,386,1974,459
2372,val/frankfurt/frankfurt_000001_025713_leftImg8bit.png,0,1718,327,1773,500
2373,val/frankfurt/frankfurt_000001_066832_leftImg8bit.png,3,1110,202,1483,322
2374,val/frankfurt/frankfurt_000001_066832_leftImg8bit.png,0,1112,307,1216,570
2375,val/frankfurt/frankfurt_000001_066832_leftImg8bit.png,0,1679,236,1840,654
2376,val/frankfurt/frankfurt_000001_066832_leftImg8bit.png,4,968,444,1023,544
2377,val/frankfurt/frankfurt_000001_066832_leftImg8bit.png,0,244,365,310,466
2378,val/frankfurt/frankfurt_000001_066832_leftImg8bit.png,1,733,380,946,485
2379,val/frankfurt/frankfurt_000001_066832_leftImg8bit.png,4,254,417,400,497
2380,val/frankfurt/frankfurt_000001_066832_leftImg8bit.png,4,137,418,253,503
2381,val/frankfurt/frankfurt_000001_066832_leftImg8bit.png,1,395,364,793,624
2382,val/frankfurt/frankfurt_000001_012038_leftImg8bit.png,2,754,336,817,406
2383,val/frankfurt/frankfurt_000001_012038_leftImg8bit.png,0,686,349,752,434
2384,val/frankfurt/frankfurt_000001_012038_leftImg8bit.png,0,484,324,550,501
2385,val/frankfurt/frankfurt_000001_012038_leftImg8bit.png,0,620,305,720,491
2386,val/frankfurt/frankfurt_000001_012038_leftImg8bit.png,4,626,369,690,496
2387,val/frankfurt/frankfurt_000001_012038_leftImg8bit.png,1,830,361,898,424
2388,val/frankfurt/frankfurt_000001_012038_leftImg8bit.png,0,788,303,855,486
2389,val/frankfurt/frankfurt_000001_012038_leftImg8bit.png,0,556,313,621,498
2390,val/frankfurt/frankfurt_000001_012038_leftImg8bit.png,1,864,340,979,429
2391,val/frankfurt/frankfurt_000001_012038_leftImg8bit.png,2,950,269,1182,451
2392,val/frankfurt/frankfurt_000001_012038_leftImg8bit.png,4,1187,386,1289,526
2393,val/frankfurt/frankfurt_000001_012038_leftImg8bit.png,5,1606,355,1691,446
2394,val/frankfurt/frankfurt_000001_012038_leftImg8bit.png,5,1378,352,1460,428
2395,val/frankfurt/frankfurt_000001_012038_leftImg8bit.png,0,1642,369,1720,501
2396,val/frankfurt/frankfurt_000001_012038_leftImg8bit.png,0,1870,321,1928,515
2397,val/frankfurt/frankfurt_000001_012038_leftImg8bit.png,4,1427,374,1621,485
2398,val/frankfurt/frankfurt_000001_057478_leftImg8bit.png,1,1250,335,1321,392
2399,val/frankfurt/frankfurt_000001_057478_leftImg8bit.png,3,1122,273,1277,375
2400,val/frankfurt/frankfurt_000001_057478_leftImg8bit.png,1,1090,294,1280,414
2401,val/frankfurt/frankfurt_000001_057478_leftImg8bit.png,4,1030,373,1082,469
2402,val/frankfurt/frankfurt_000001_057478_leftImg8bit.png,1,765,333,959,425
2403,val/frankfurt/frankfurt_000001_057478_leftImg8bit.png,0,879,329,931,450
2404,val/frankfurt/frankfurt_000001_057478_leftImg8bit.png,0,638,326,702,476
2405,val/frankfurt/frankfurt_000001_057478_leftImg8bit.png,0,665,322,727,480
2406,val/frankfurt/frankfurt_000001_057478_leftImg8bit.png,0,550,327,607,474
2407,val/frankfurt/frankfurt_000001_057478_leftImg8bit.png,0,526,311,610,488
2408,val/frankfurt/frankfurt_000001_057478_leftImg8bit.png,0,405,307,479,449
2409,val/frankfurt/frankfurt_000001_057478_leftImg8bit.png,0,382,343,452,487
2410,val/frankfurt/frankfurt_000001_057478_leftImg8bit.png,0,424,337,487,480
2411,val/frankfurt/frankfurt_000001_057478_leftImg8bit.png,0,439,329,506,490
2412,val/frankfurt/frankfurt_000001_057478_leftImg8bit.png,0,314,322,387,491
2413,val/frankfurt/frankfurt_000001_057478_leftImg8bit.png,0,354,318,417,491
2414,val/frankfurt/frankfurt_000001_057478_leftImg8bit.png,0,212,332,277,482
2415,val/frankfurt/frankfurt_000001_057478_leftImg8bit.png,0,166,330,242,499
2416,val/frankfurt/frankfurt_000001_057478_leftImg8bit.png,0,14,324,79,477
2417,val/frankfurt/frankfurt_000001_057478_leftImg8bit.png,0,0,333,54,537
2418,val/frankfurt/frankfurt_000001_057478_leftImg8bit.png,0,41,321,145,525
