0,train/hamburg/hamburg_000000_061790_leftImg8bit.png,1,1052,379,1123,435
1,train/hamburg/hamburg_000000_061790_leftImg8bit.png,1,1088,382,1180,450
2,train/hamburg/hamburg_000000_061790_leftImg8bit.png,0,1424,340,1486,465
3,train/hamburg/hamburg_000000_061790_leftImg8bit.png,0,1734,313,1804,476
4,train/hamburg/hamburg_000000_061790_leftImg8bit.png,0,1678,314,1748,478
5,train/hamburg/hamburg_000000_061790_leftImg8bit.png,0,1797,316,1870,480
6,train/hamburg/hamburg_000000_061790_leftImg8bit.png,0,1870,293,1947,476
7,train/hamburg/hamburg_000000_061790_leftImg8bit.png,1,160,385,349,475
8,train/hamburg/hamburg_000000_061790_leftImg8bit.png,1,819,380,905,452
9,train/hamburg/hamburg_000000_099368_leftImg8bit.png,1,570,405,748,479
10,train/hamburg/hamburg_000000_099368_leftImg8bit.png,0,586,375,655,505
11,train/hamburg/hamburg_000000_099368_leftImg8bit.png,1,415,355,617,590
12,train/hamburg/hamburg_000000_099368_leftImg8bit.png,1,31,313,512,699
13,train/hamburg/hamburg_000000_099368_leftImg8bit.png,1,0,352,155,819
14,train/hamburg/hamburg_000000_099368_leftImg8bit.png,3,663,301,1170,484
15,train/hamburg/hamburg_000000_019760_leftImg8bit.png,2,797,340,882,434
16,train/hamburg/hamburg_000000_019760_leftImg8bit.png,1,756,383,838,447
17,train/hamburg/hamburg_000000_019760_leftImg8bit.png,1,1093,349,1166,428
18,train/hamburg/hamburg_000000_019760_leftImg8bit.png,1,1114,378,1166,431
19,train/hamburg/hamburg_000000_019760_leftImg8bit.png,1,1139,378,1215,451
20,train/hamburg/hamburg_000000_019760_leftImg8bit.png,1,1154,380,1223,459
21,train/hamburg/hamburg_000000_019760_leftImg8bit.png,1,1179,375,1322,483
22,train/hamburg/hamburg_000000_019760_leftImg8bit.png,4,1266,398,1351,480
23,train/hamburg/hamburg_000000_019760_leftImg8bit.png,4,1357,394,1491,490
24,train/hamburg/hamburg_000000_019760_leftImg8bit.png,1,460,384,639,527
25,train/hamburg/hamburg_000000_019760_leftImg8bit.png,1,167,372,494,589
26,train/hamburg/hamburg_000000_019760_leftImg8bit.png,5,707,403,784,467
27,train/hamburg/hamburg_000000_019760_leftImg8bit.png,1,988,389,1071,450
28,train/hamburg/hamburg_000000_019760_leftImg8bit.png,0,108,311,223,661
29,train/hamburg/hamburg_000000_019760_leftImg8bit.png,0,120,285,235,661
30,train/hamburg/hamburg_000000_019760_leftImg8bit.png,4,1357,394,1431,490
31,train/hamburg/hamburg_000000_084865_leftImg8bit.png,0,470,336,521,441
32,train/hamburg/hamburg_000000_084865_leftImg8bit.png,5,635,358,697,425
33,train/hamburg/hamburg_000000_084865_leftImg8bit.png,1,1102,350,1191,414
34,train/hamburg/hamburg_000000_084865_leftImg8bit.png,1,1041,361,1126,418
35,train/hamburg/hamburg_000000_084865_leftImg8bit.png,1,976,365,1075,424
36,train/hamburg/hamburg_000000_084865_leftImg8bit.png,5,803,357,854,428
37,train/hamburg/hamburg_000000_084865_leftImg8bit.png,1,1222,348,1287,413
38,train/hamburg/hamburg_000000_084865_leftImg8bit.png,0,1353,354,1405,451
39,train/hamburg/hamburg_000000_084865_leftImg8bit.png,1,1478,359,1581,446
40,train/hamburg/hamburg_000000_084865_leftImg8bit.png,1,1516,322,1728,508
41,train/hamburg/hamburg_000000_084865_leftImg8bit.png,1,1614,319,1893,554
42,train/hamburg/hamburg_000000_084865_leftImg8bit.png,1,1784,309,2047,601
43,train/hamburg/hamburg_000000_084865_leftImg8bit.png,1,1904,377,2047,632
44,train/hamburg/hamburg_000000_055414_leftImg8bit.png,1,202,411,264,487
45,train/hamburg/hamburg_000000_055414_leftImg8bit.png,1,354,417,489,480
46,train/hamburg/hamburg_000000_055414_leftImg8bit.png,4,1112,426,1177,492
47,train/hamburg/hamburg_000000_055414_leftImg8bit.png,1,1268,376,1620,504
48,train/hamburg/hamburg_000000_055414_leftImg8bit.png,1,1433,390,1771,491
49,train/hamburg/hamburg_000000_055414_leftImg8bit.png,0,1401,206,1657,887
50,train/hamburg/hamburg_000000_055414_leftImg8bit.png,0,1505,153,1844,922
51,train/hamburg/hamburg_000000_055414_leftImg8bit.png,0,605,264,829,781
52,train/hamburg/hamburg_000000_055414_leftImg8bit.png,0,596,269,810,827
53,train/hamburg/hamburg_000000_055414_leftImg8bit.png,0,764,143,1057,912
54,train/hamburg/hamburg_000000_055414_leftImg8bit.png,0,714,163,986,927
55,train/hamburg/hamburg_000000_055414_leftImg8bit.png,0,194,266,368,797
56,train/hamburg/hamburg_000000_055414_leftImg8bit.png,0,75,236,232,841
57,train/hamburg/hamburg_000000_045437_leftImg8bit.png,1,1642,378,1863,548
58,train/hamburg/hamburg_000000_045437_leftImg8bit.png,1,1318,368,1389,438
59,train/hamburg/hamburg_000000_045437_leftImg8bit.png,1,1283,400,1397,466
60,train/hamburg/hamburg_000000_045437_leftImg8bit.png,3,0,47,1078,632
61,train/hamburg/hamburg_000000_045437_leftImg8bit.png,1,808,373,1231,665
62,train/hamburg/hamburg_000000_045437_leftImg8bit.png,1,1983,395,2047,458
63,train/hamburg/hamburg_000000_045437_leftImg8bit.png,1,1672,386,2047,618
64,train/hamburg/hamburg_000000_051855_leftImg8bit.png,0,0,375,71,587
65,train/hamburg/hamburg_000000_051855_leftImg8bit.png,0,444,258,606,698
66,train/hamburg/hamburg_000000_051855_leftImg8bit.png,0,685,225,837,731
67,train/hamburg/hamburg_000000_051855_leftImg8bit.png,0,828,308,1020,690
68,train/hamburg/hamburg_000000_051855_leftImg8bit.png,1,1111,377,1483,563
69,train/hamburg/hamburg_000000_051855_leftImg8bit.png,1,1485,368,1836,570
70,train/hamburg/hamburg_000000_051855_leftImg8bit.png,1,1590,368,2047,587
71,train/hamburg/hamburg_000000_051855_leftImg8bit.png,0,1379,276,1523,755
72,train/hamburg/hamburg_000000_038729_leftImg8bit.png,4,1000,384,1081,436
73,train/hamburg/hamburg_000000_038729_leftImg8bit.png,1,915,359,1021,444
74,train/hamburg/hamburg_000000_038729_leftImg8bit.png,3,0,310,487,439
75,train/hamburg/hamburg_000000_038729_leftImg8bit.png,3,605,264,856,455
76,train/hamburg/hamburg_000000_052122_leftImg8bit.png,4,105,402,233,477
77,train/hamburg/hamburg_000000_052122_leftImg8bit.png,0,385,239,558,694
78,train/hamburg/hamburg_000000_052122_leftImg8bit.png,0,1021,300,1191,667
79,train/hamburg/hamburg_000000_052122_leftImg8bit.png,1,1265,305,1722,476
80,train/hamburg/hamburg_000000_052122_leftImg8bit.png,1,1561,362,1787,471
81,train/hamburg/hamburg_000000_052122_leftImg8bit.png,1,1695,361,2047,466
82,train/hamburg/hamburg_000000_052122_leftImg8bit.png,0,1345,322,1477,676
83,train/hamburg/hamburg_000000_052122_leftImg8bit.png,0,1385,275,1553,712
84,train/hamburg/hamburg_000000_052122_leftImg8bit.png,0,1989,436,2047,489
85,train/hamburg/hamburg_000000_052122_leftImg8bit.png,4,1778,472,2019,748
86,train/hamburg/hamburg_000000_052122_leftImg8bit.png,4,1935,471,2047,590
87,train/hamburg/hamburg_000000_052122_leftImg8bit.png,4,1836,561,2047,745
88,train/hamburg/hamburg_000000_015350_leftImg8bit.png,1,1801,354,1899,407
89,train/hamburg/hamburg_000000_015350_leftImg8bit.png,1,1862,343,1984,407
90,train/hamburg/hamburg_000000_060215_leftImg8bit.png,1,73,455,145,509
91,train/hamburg/hamburg_000000_060215_leftImg8bit.png,1,99,431,236,510
92,train/hamburg/hamburg_000000_060215_leftImg8bit.png,1,0,460,94,519
93,train/hamburg/hamburg_000000_060215_leftImg8bit.png,1,133,451,254,514
94,train/hamburg/hamburg_000000_060215_leftImg8bit.png,1,809,414,907,493
95,train/hamburg/hamburg_000000_060215_leftImg8bit.png,3,925,388,991,450
96,train/hamburg/hamburg_000000_060215_leftImg8bit.png,1,909,420,1004,481
97,train/hamburg/hamburg_000000_060215_leftImg8bit.png,1,709,420,778,491
98,train/hamburg/hamburg_000000_060215_leftImg8bit.png,1,586,377,731,505
99,train/hamburg/hamburg_000000_060215_leftImg8bit.png,1,204,387,709,672
100,train/hamburg/hamburg_000000_060215_leftImg8bit.png,1,980,403,1044,496
101,train/hamburg/hamburg_000000_060215_leftImg8bit.png,1,987,386,1158,523
102,train/hamburg/hamburg_000000_060215_leftImg8bit.png,0,1700,367,1756,437
103,train/hamburg/hamburg_000000_060215_leftImg8bit.png,2,1256,156,2047,634
104,train/hamburg/hamburg_000000_013577_leftImg8bit.png,1,1392,349,1476,405
105,train/hamburg/hamburg_000000_013577_leftImg8bit.png,1,1440,324,1683,417
106,train/hamburg/hamburg_000000_013577_leftImg8bit.png,1,892,395,966,455
107,train/hamburg/hamburg_000000_013577_leftImg8bit.png,1,611,410,702,465
108,train/hamburg/hamburg_000000_013577_leftImg8bit.png,1,520,411,625,481
109,train/hamburg/hamburg_000000_013577_leftImg8bit.png,1,185,401,379,515
110,train/hamburg/hamburg_000000_013577_leftImg8bit.png,4,1383,415,1434,491
111,train/hamburg/hamburg_000000_047057_leftImg8bit.png,0,918,393,978,507
112,train/hamburg/hamburg_000000_047057_leftImg8bit.png,0,966,375,1026,515
113,train/hamburg/hamburg_000000_047057_leftImg8bit.png,0,973,371,1040,515
114,train/hamburg/hamburg_000000_047057_leftImg8bit.png,5,1217,424,1327,503
115,train/hamburg/hamburg_000000_047057_leftImg8bit.png,1,1915,417,2037,510
116,train/hamburg/hamburg_000000_047057_leftImg8bit.png,1,1779,408,1972,517
117,train/hamburg/hamburg_000000_047057_leftImg8bit.png,0,1090,414,1146,520
118,train/hamburg/hamburg_000000_047057_leftImg8bit.png,0,1656,367,1718,528
119,train/hamburg/hamburg_000000_047057_leftImg8bit.png,0,1613,363,1677,529
120,train/hamburg/hamburg_000000_047057_leftImg8bit.png,0,1054,352,1128,537
121,train/hamburg/hamburg_000000_047057_leftImg8bit.png,0,1116,367,1188,512
122,train/hamburg/hamburg_000000_047057_leftImg8bit.png,0,1064,359,1146,547
123,train/hamburg/hamburg_000000_047057_leftImg8bit.png,0,1356,378,1416,514
124,train/hamburg/hamburg_000000_047057_leftImg8bit.png,0,1296,371,1353,515
125,train/hamburg/hamburg_000000_047057_leftImg8bit.png,0,1400,354,1478,526
126,train/hamburg/hamburg_000000_047057_leftImg8bit.png,0,1455,376,1517,539
127,train/hamburg/hamburg_000000_047057_leftImg8bit.png,0,1534,343,1601,561
128,train/hamburg/hamburg_000000_047057_leftImg8bit.png,0,1479,375,1553,563
129,train/hamburg/hamburg_000000_047057_leftImg8bit.png,0,540,381,593,496
130,train/hamburg/hamburg_000000_047057_leftImg8bit.png,1,0,373,158,713
131,train/hamburg/hamburg_000000_086499_leftImg8bit.png,1,212,388,283,450
132,train/hamburg/hamburg_000000_086499_leftImg8bit.png,1,172,389,251,451
133,train/hamburg/hamburg_000000_086499_leftImg8bit.png,1,120,387,210,470
134,train/hamburg/hamburg_000000_086499_leftImg8bit.png,1,0,348,151,480
135,train/hamburg/hamburg_000000_086499_leftImg8bit.png,1,777,381,838,454
136,train/hamburg/hamburg_000000_086499_leftImg8bit.png,1,802,378,869,459
137,train/hamburg/hamburg_000000_086499_leftImg8bit.png,1,830,387,886,464
138,train/hamburg/hamburg_000000_086499_leftImg8bit.png,1,868,333,1026,472
139,train/hamburg/hamburg_000000_086499_leftImg8bit.png,4,914,329,1032,406
140,train/hamburg/hamburg_000000_086499_leftImg8bit.png,0,1224,328,1276,496
141,train/hamburg/hamburg_000000_086499_leftImg8bit.png,0,1249,348,1300,500
142,train/hamburg/hamburg_000000_086499_leftImg8bit.png,0,1324,358,1378,474
143,train/hamburg/hamburg_000000_086499_leftImg8bit.png,0,1374,342,1427,473
144,train/hamburg/hamburg_000000_019892_leftImg8bit.png,4,1707,351,1787,496
145,train/hamburg/hamburg_000000_019892_leftImg8bit.png,1,772,387,916,502
146,train/hamburg/hamburg_000000_019892_leftImg8bit.png,1,249,240,643,539
147,train/hamburg/hamburg_000000_019892_leftImg8bit.png,1,1211,283,1440,507
148,train/hamburg/hamburg_000000_019892_leftImg8bit.png,0,1521,303,1586,505
149,train/hamburg/hamburg_000000_019892_leftImg8bit.png,1,1315,354,1550,538
150,train/hamburg/hamburg_000000_019892_leftImg8bit.png,4,1837,380,1954,511
151,train/hamburg/hamburg_000000_019892_leftImg8bit.png,4,511,442,565,572
152,train/hamburg/hamburg_000000_019892_leftImg8bit.png,4,19,409,266,558
153,train/hamburg/hamburg_000000_019892_leftImg8bit.png,4,19,409,266,558
154,train/hamburg/hamburg_000000_019892_leftImg8bit.png,1,0,440,73,649
155,train/hamburg/hamburg_000000_019892_leftImg8bit.png,4,1760,358,1860,501
156,train/hamburg/hamburg_000000_068916_leftImg8bit.png,3,672,334,796,409
157,train/hamburg/hamburg_000000_068916_leftImg8bit.png,1,832,370,904,423
158,train/hamburg/hamburg_000000_068916_leftImg8bit.png,0,19,367,73,546
159,train/hamburg/hamburg_000000_068916_leftImg8bit.png,0,0,377,70,561
160,train/hamburg/hamburg_000000_068916_leftImg8bit.png,1,1206,329,1267,386
161,train/hamburg/hamburg_000000_068916_leftImg8bit.png,3,1425,237,1531,413
162,train/hamburg/hamburg_000000_068916_leftImg8bit.png,3,1485,208,1736,435
163,train/hamburg/hamburg_000000_068916_leftImg8bit.png,3,1704,80,2047,501
164,train/hamburg/hamburg_000000_068916_leftImg8bit.png,0,1426,318,1479,448
165,train/hamburg/hamburg_000000_068916_leftImg8bit.png,0,1486,315,1541,448
166,train/hamburg/hamburg_000000_068916_leftImg8bit.png,0,1699,266,1753,485
167,train/hamburg/hamburg_000000_068916_leftImg8bit.png,0,1596,280,1668,485
168,train/hamburg/hamburg_000000_068916_leftImg8bit.png,0,1717,257,1809,500
169,train/hamburg/hamburg_000000_068916_leftImg8bit.png,0,1650,248,1729,501
170,train/hamburg/hamburg_000000_098400_leftImg8bit.png,0,444,233,496,352
171,train/hamburg/hamburg_000000_098400_leftImg8bit.png,0,172,318,237,459
172,train/hamburg/hamburg_000000_098400_leftImg8bit.png,0,193,326,252,462
173,train/hamburg/hamburg_000000_098400_leftImg8bit.png,0,166,321,228,462
174,train/hamburg/hamburg_000000_098400_leftImg8bit.png,1,282,316,831,670
175,train/hamburg/hamburg_000000_098400_leftImg8bit.png,0,1488,339,1545,447
176,train/hamburg/hamburg_000000_098400_leftImg8bit.png,0,1185,336,1238,477
177,train/hamburg/hamburg_000000_098400_leftImg8bit.png,0,1282,346,1357,487
178,train/hamburg/hamburg_000000_060586_leftImg8bit.png,1,817,365,887,425
179,train/hamburg/hamburg_000000_060586_leftImg8bit.png,1,740,362,871,527
180,train/hamburg/hamburg_000000_060586_leftImg8bit.png,1,395,271,790,585
181,train/hamburg/hamburg_000000_060586_leftImg8bit.png,3,45,381,130,471
182,train/hamburg/hamburg_000000_060586_leftImg8bit.png,1,773,338,1364,753
183,train/hamburg/hamburg_000000_060586_leftImg8bit.png,1,1678,371,1740,427
184,train/hamburg/hamburg_000000_060586_leftImg8bit.png,1,1429,357,1726,526
185,train/hamburg/hamburg_000000_060586_leftImg8bit.png,3,1771,344,1831,415
186,train/hamburg/hamburg_000000_060586_leftImg8bit.png,1,1740,367,2011,503
187,train/hamburg/hamburg_000000_089696_leftImg8bit.png,1,1005,411,1070,463
188,train/hamburg/hamburg_000000_089696_leftImg8bit.png,0,984,387,1037,484
189,train/hamburg/hamburg_000000_089696_leftImg8bit.png,1,1067,395,1165,479
190,train/hamburg/hamburg_000000_089696_leftImg8bit.png,0,1229,310,1364,594
191,train/hamburg/hamburg_000000_089696_leftImg8bit.png,0,1296,280,1427,591
192,train/hamburg/hamburg_000000_089696_leftImg8bit.png,4,1237,412,1617,654
193,train/hamburg/hamburg_000000_089696_leftImg8bit.png,1,1781,378,2047,501
194,train/hamburg/hamburg_000000_089696_leftImg8bit.png,4,1345,460,1727,675
195,train/hamburg/hamburg_000000_089696_leftImg8bit.png,1,800,389,902,477
196,train/hamburg/hamburg_000000_089696_leftImg8bit.png,1,721,422,784,477
197,train/hamburg/hamburg_000000_089696_leftImg8bit.png,1,664,417,755,482
198,train/hamburg/hamburg_000000_089696_leftImg8bit.png,1,634,414,698,485
199,train/hamburg/hamburg_000000_089696_leftImg8bit.png,1,547,395,653,490
200,train/hamburg/hamburg_000000_027857_leftImg8bit.png,5,1337,366,1486,496
201,train/hamburg/hamburg_000000_027857_leftImg8bit.png,0,1557,328,1608,427
202,train/hamburg/hamburg_000000_027857_leftImg8bit.png,0,1613,338,1669,420
203,train/hamburg/hamburg_000000_027857_leftImg8bit.png,0,1841,292,1917,453
204,train/hamburg/hamburg_000000_027857_leftImg8bit.png,0,1876,268,1955,460
205,train/hamburg/hamburg_000000_027857_leftImg8bit.png,0,1930,265,2025,453
206,train/hamburg/hamburg_000000_027857_leftImg8bit.png,2,911,222,1149,536
207,train/hamburg/hamburg_000000_027857_leftImg8bit.png,0,449,375,509,507
208,train/hamburg/hamburg_000000_027857_leftImg8bit.png,0,290,375,344,497
209,train/hamburg/hamburg_000000_027857_leftImg8bit.png,0,229,359,305,522
210,train/hamburg/hamburg_000000_027857_leftImg8bit.png,3,464,244,887,539
211,train/hamburg/hamburg_000000_027857_leftImg8bit.png,4,1535,367,1755,552
212,train/hamburg/hamburg_000000_027857_leftImg8bit.png,4,1605,364,1855,574
213,train/hamburg/hamburg_000000_037161_leftImg8bit.png,3,1413,375,1580,430
214,train/hamburg/hamburg_000000_037161_leftImg8bit.png,1,1326,379,1454,484
215,train/hamburg/hamburg_000000_037161_leftImg8bit.png,3,559,346,863,469
216,train/hamburg/hamburg_000000_037161_leftImg8bit.png,4,420,422,491,476
217,train/hamburg/hamburg_000000_037161_leftImg8bit.png,1,92,411,296,526
218,train/hamburg/hamburg_000000_037161_leftImg8bit.png,1,0,414,139,555
219,train/hamburg/hamburg_000000_055039_leftImg8bit.png,3,814,350,947,480
220,train/hamburg/hamburg_000000_055039_leftImg8bit.png,0,73,378,135,515
221,train/hamburg/hamburg_000000_055039_leftImg8bit.png,0,217,382,292,522
222,train/hamburg/hamburg_000000_055039_leftImg8bit.png,0,153,367,224,524
223,train/hamburg/hamburg_000000_055039_leftImg8bit.png,1,1410,416,1510,476
224,train/hamburg/hamburg_000000_055039_leftImg8bit.png,4,1860,394,1928,523
225,train/hamburg/hamburg_000000_069417_leftImg8bit.png,0,1767,348,1836,520
226,train/hamburg/hamburg_000000_069417_leftImg8bit.png,1,1778,250,2047,629
227,train/hamburg/hamburg_000000_069417_leftImg8bit.png,1,795,401,888,457
228,train/hamburg/hamburg_000000_069417_leftImg8bit.png,0,1120,359,1177,455
229,train/hamburg/hamburg_000000_069417_leftImg8bit.png,0,1216,365,1269,455
230,train/hamburg/hamburg_000000_083696_leftImg8bit.png,1,1174,375,1240,459
231,train/hamburg/hamburg_000000_083696_leftImg8bit.png,1,1178,375,1273,472
232,train/hamburg/hamburg_000000_083696_leftImg8bit.png,1,1207,373,1305,492
233,train/hamburg/hamburg_000000_083696_leftImg8bit.png,1,1249,345,1477,502
234,train/hamburg/hamburg_000000_083696_leftImg8bit.png,1,917,330,1060,481
235,train/hamburg/hamburg_000000_083696_leftImg8bit.png,1,469,377,595,439
236,train/hamburg/hamburg_000000_083696_leftImg8bit.png,1,236,378,420,464
237,train/hamburg/hamburg_000000_083696_leftImg8bit.png,1,344,395,469,481
238,train/hamburg/hamburg_000000_083696_leftImg8bit.png,1,0,345,239,484
239,train/hamburg/hamburg_000000_083696_leftImg8bit.png,1,58,405,254,505
240,train/hamburg/hamburg_000000_083696_leftImg8bit.png,1,0,401,92,593
241,train/hamburg/hamburg_000000_083696_leftImg8bit.png,1,737,383,811,443
242,train/hamburg/hamburg_000000_078579_leftImg8bit.png,0,1779,394,1875,454
243,train/hamburg/hamburg_000000_078579_leftImg8bit.png,0,1854,317,1922,485
244,train/hamburg/hamburg_000000_078579_leftImg8bit.png,0,1515,317,1581,443
245,train/hamburg/hamburg_000000_078579_leftImg8bit.png,0,1513,332,1571,521
246,train/hamburg/hamburg_000000_078579_leftImg8bit.png,0,1980,308,2047,551
247,train/hamburg/hamburg_000000_078579_leftImg8bit.png,3,1154,270,1263,439
248,train/hamburg/hamburg_000000_078579_leftImg8bit.png,1,1078,380,1149,431
249,train/hamburg/hamburg_000000_078579_leftImg8bit.png,1,601,398,704,462
250,train/hamburg/hamburg_000000_078579_leftImg8bit.png,1,979,375,1098,474
251,train/hamburg/hamburg_000000_078579_leftImg8bit.png,1,780,390,911,476
252,train/hamburg/hamburg_000000_078579_leftImg8bit.png,4,1136,420,1195,514
253,train/hamburg/hamburg_000000_078579_leftImg8bit.png,1,0,340,438,796
254,train/hamburg/hamburg_000000_044251_leftImg8bit.png,1,1152,384,1301,465
255,train/hamburg/hamburg_000000_044251_leftImg8bit.png,1,1324,376,1576,540
256,train/hamburg/hamburg_000000_044251_leftImg8bit.png,0,1735,346,1819,520
257,train/hamburg/hamburg_000000_044251_leftImg8bit.png,0,1637,329,1710,526
258,train/hamburg/hamburg_000000_044251_leftImg8bit.png,1,755,382,860,457
259,train/hamburg/hamburg_000000_044251_leftImg8bit.png,1,703,387,804,471
260,train/hamburg/hamburg_000000_044251_leftImg8bit.png,1,673,403,749,477
261,train/hamburg/hamburg_000000_044251_leftImg8bit.png,1,600,401,724,495
262,train/hamburg/hamburg_000000_044251_leftImg8bit.png,1,503,405,638,510
263,train/hamburg/hamburg_000000_044251_leftImg8bit.png,1,390,409,563,529
264,train/hamburg/hamburg_000000_044251_leftImg8bit.png,1,188,411,436,564
265,train/hamburg/hamburg_000000_044251_leftImg8bit.png,1,0,348,270,615
266,train/hamburg/hamburg_000000_000042_leftImg8bit.png,4,436,424,517,476
267,train/hamburg/hamburg_000000_000042_leftImg8bit.png,1,270,402,365,481
268,train/hamburg/hamburg_000000_000042_leftImg8bit.png,1,0,407,89,793
269,train/hamburg/hamburg_000000_000042_leftImg8bit.png,0,1831,307,1882,460
270,train/hamburg/hamburg_000000_045704_leftImg8bit.png,1,1380,371,1440,427
271,train/hamburg/hamburg_000000_045704_leftImg8bit.png,0,1585,349,1645,468
272,train/hamburg/hamburg_000000_045704_leftImg8bit.png,5,1933,365,2020,485
273,train/hamburg/hamburg_000000_045704_leftImg8bit.png,1,1561,384,2047,661
274,train/hamburg/hamburg_000000_045704_leftImg8bit.png,0,1402,360,1459,482
275,train/hamburg/hamburg_000000_045704_leftImg8bit.png,1,104,341,373,466
276,train/hamburg/hamburg_000000_045704_leftImg8bit.png,0,1141,362,1203,484
277,train/hamburg/hamburg_000000_045704_leftImg8bit.png,0,1152,359,1220,496
278,train/hamburg/hamburg_000000_045704_leftImg8bit.png,0,1070,357,1122,479
279,train/hamburg/hamburg_000000_045704_leftImg8bit.png,1,964,382,1038,439
280,train/hamburg/hamburg_000000_045704_leftImg8bit.png,1,812,381,912,446
281,train/hamburg/hamburg_000000_045704_leftImg8bit.png,0,1016,370,1071,482
282,train/hamburg/hamburg_000000_045704_leftImg8bit.png,4,81,422,174,476
283,train/hamburg/hamburg_000000_045704_leftImg8bit.png,0,13,376,87,540
284,train/hamburg/hamburg_000000_045704_leftImg8bit.png,1,82,338,954,932
285,train/hamburg/hamburg_000000_094717_leftImg8bit.png,1,380,401,540,476
286,train/hamburg/hamburg_000000_094717_leftImg8bit.png,1,0,362,292,514
287,train/hamburg/hamburg_000000_094717_leftImg8bit.png,1,0,416,101,717
288,train/hamburg/hamburg_000000_094717_leftImg8bit.png,2,1097,228,1359,491
289,train/hamburg/hamburg_000000_094717_leftImg8bit.png,1,1254,330,1521,533
290,train/hamburg/hamburg_000000_094717_leftImg8bit.png,0,1630,311,1686,378
291,train/hamburg/hamburg_000000_094717_leftImg8bit.png,1,1349,335,1746,578
292,train/hamburg/hamburg_000000_094717_leftImg8bit.png,1,1554,226,2003,679
293,train/hamburg/hamburg_000000_094717_leftImg8bit.png,1,1848,55,2047,799
294,train/hamburg/hamburg_000000_081299_leftImg8bit.png,1,1097,396,1158,461
295,train/hamburg/hamburg_000000_081299_leftImg8bit.png,1,1135,391,1321,464
296,train/hamburg/hamburg_000000_081299_leftImg8bit.png,1,1153,421,1204,499
297,train/hamburg/hamburg_000000_081299_leftImg8bit.png,1,1159,416,1313,509
298,train/hamburg/hamburg_000000_081299_leftImg8bit.png,1,887,390,948,454
299,train/hamburg/hamburg_000000_081299_leftImg8bit.png,1,666,413,806,504
300,train/hamburg/hamburg_000000_081299_leftImg8bit.png,0,436,410,502,500
301,train/hamburg/hamburg_000000_081299_leftImg8bit.png,0,177,314,264,449
302,train/hamburg/hamburg_000000_081299_leftImg8bit.png,4,263,396,519,674
303,train/hamburg/hamburg_000000_081299_leftImg8bit.png,0,0,332,58,581
304,train/hamburg/hamburg_000000_081299_leftImg8bit.png,0,91,269,266,481
305,train/hamburg/hamburg_000000_081299_leftImg8bit.png,4,0,423,104,504
306,train/hamburg/hamburg_000000_081299_leftImg8bit.png,4,88,467,424,745
307,train/hamburg/hamburg_000000_081299_leftImg8bit.png,1,0,467,157,900
308,train/hamburg/hamburg_000000_081299_leftImg8bit.png,0,965,375,1065,593
309,train/hamburg/hamburg_000000_081299_leftImg8bit.png,0,1169,382,1227,520
310,train/hamburg/hamburg_000000_081299_leftImg8bit.png,5,1343,401,1481,510
311,train/hamburg/hamburg_000000_081299_leftImg8bit.png,0,1524,416,1594,479
312,train/hamburg/hamburg_000000_081299_leftImg8bit.png,0,1591,411,1655,484
313,train/hamburg/hamburg_000000_081299_leftImg8bit.png,0,1737,383,1800,530
314,train/hamburg/hamburg_000000_081299_leftImg8bit.png,0,1802,360,1876,517
315,train/hamburg/hamburg_000000_081299_leftImg8bit.png,1,1747,363,2047,842
316,train/hamburg/hamburg_000000_058591_leftImg8bit.png,1,772,339,863,411
317,train/hamburg/hamburg_000000_058591_leftImg8bit.png,1,622,357,785,460
318,train/hamburg/hamburg_000000_058591_leftImg8bit.png,1,0,357,84,430
319,train/hamburg/hamburg_000000_058591_leftImg8bit.png,5,773,403,840,502
320,train/hamburg/hamburg_000000_058591_leftImg8bit.png,1,36,298,617,704
321,train/hamburg/hamburg_000000_058591_leftImg8bit.png,1,1134,324,1212,409
322,train/hamburg/hamburg_000000_058591_leftImg8bit.png,1,1153,359,1239,429
323,train/hamburg/hamburg_000000_058591_leftImg8bit.png,1,1173,363,1280,444
324,train/hamburg/hamburg_000000_058591_leftImg8bit.png,1,1026,355,1101,412
325,train/hamburg/hamburg_000000_044400_leftImg8bit.png,1,1422,359,1839,615
326,train/hamburg/hamburg_000000_044400_leftImg8bit.png,1,1678,321,2047,738
327,train/hamburg/hamburg_000000_044400_leftImg8bit.png,4,370,424,493,506
328,train/hamburg/hamburg_000000_044400_leftImg8bit.png,4,333,417,465,507
329,train/hamburg/hamburg_000000_044400_leftImg8bit.png,4,314,428,398,509
330,train/hamburg/hamburg_000000_044400_leftImg8bit.png,0,280,370,340,518
331,train/hamburg/hamburg_000000_044400_leftImg8bit.png,4,258,424,368,521
332,train/hamburg/hamburg_000000_044400_leftImg8bit.png,4,133,425,305,529
333,train/hamburg/hamburg_000000_083586_leftImg8bit.png,1,1108,368,1249,433
334,train/hamburg/hamburg_000000_083586_leftImg8bit.png,1,1143,390,1199,443
335,train/hamburg/hamburg_000000_083586_leftImg8bit.png,0,1439,339,1498,448
336,train/hamburg/hamburg_000000_083586_leftImg8bit.png,0,1460,317,1526,568
337,train/hamburg/hamburg_000000_083586_leftImg8bit.png,0,1488,287,1561,580
338,train/hamburg/hamburg_000000_083586_leftImg8bit.png,1,662,386,742,439
339,train/hamburg/hamburg_000000_083586_leftImg8bit.png,1,487,396,604,456
340,train/hamburg/hamburg_000000_083586_leftImg8bit.png,1,469,411,600,464
341,train/hamburg/hamburg_000000_083586_leftImg8bit.png,1,400,403,492,467
342,train/hamburg/hamburg_000000_083586_leftImg8bit.png,1,185,370,423,481
343,train/hamburg/hamburg_000000_083586_leftImg8bit.png,1,203,416,365,484
344,train/hamburg/hamburg_000000_083586_leftImg8bit.png,1,12,403,223,491
345,train/hamburg/hamburg_000000_088054_leftImg8bit.png,1,1195,377,1287,441
346,train/hamburg/hamburg_000000_088054_leftImg8bit.png,0,1065,370,1122,484
347,train/hamburg/hamburg_000000_088054_leftImg8bit.png,1,1322,351,1430,417
348,train/hamburg/hamburg_000000_088054_leftImg8bit.png,1,1380,367,1458,418
349,train/hamburg/hamburg_000000_088054_leftImg8bit.png,1,1455,367,1559,437
350,train/hamburg/hamburg_000000_088054_leftImg8bit.png,1,1489,375,1551,438
351,train/hamburg/hamburg_000000_088054_leftImg8bit.png,4,1986,355,2047,488
352,train/hamburg/hamburg_000000_088054_leftImg8bit.png,1,912,342,965,400
353,train/hamburg/hamburg_000000_088054_leftImg8bit.png,1,843,361,905,423
354,train/hamburg/hamburg_000000_088054_leftImg8bit.png,1,817,368,890,428
355,train/hamburg/hamburg_000000_088054_leftImg8bit.png,4,367,432,423,514
356,train/hamburg/hamburg_000000_088054_leftImg8bit.png,4,204,430,260,504
357,train/hamburg/hamburg_000000_088054_leftImg8bit.png,0,95,381,147,501
358,train/hamburg/hamburg_000000_105464_leftImg8bit.png,1,1486,373,1731,475
359,train/hamburg/hamburg_000000_105464_leftImg8bit.png,1,1356,370,1557,463
360,train/hamburg/hamburg_000000_105464_leftImg8bit.png,1,1105,356,1287,420
361,train/hamburg/hamburg_000000_105464_leftImg8bit.png,1,1217,389,1378,454
362,train/hamburg/hamburg_000000_105464_leftImg8bit.png,2,1222,326,1508,456
363,train/hamburg/hamburg_000000_105464_leftImg8bit.png,1,1402,374,1751,493
364,train/hamburg/hamburg_000000_105464_leftImg8bit.png,1,1485,374,1722,477
365,train/hamburg/hamburg_000000_105464_leftImg8bit.png,1,1571,371,1830,509
366,train/hamburg/hamburg_000000_105464_leftImg8bit.png,1,1500,370,1825,500
367,train/hamburg/hamburg_000000_105464_leftImg8bit.png,1,1575,354,2047,540
368,train/hamburg/hamburg_000000_105464_leftImg8bit.png,1,1662,375,2047,592
369,train/hamburg/hamburg_000000_105464_leftImg8bit.png,1,1826,330,2047,582
370,train/hamburg/hamburg_000000_105464_leftImg8bit.png,1,1870,465,2047,663
371,train/hamburg/hamburg_000000_105464_leftImg8bit.png,1,671,344,829,431
372,train/hamburg/hamburg_000000_105464_leftImg8bit.png,1,706,370,757,439
373,train/hamburg/hamburg_000000_105464_leftImg8bit.png,1,646,351,744,440
374,train/hamburg/hamburg_000000_105464_leftImg8bit.png,1,660,399,723,450
375,train/hamburg/hamburg_000000_105464_leftImg8bit.png,1,448,336,685,467
376,train/hamburg/hamburg_000000_105464_leftImg8bit.png,1,375,352,585,464
377,train/hamburg/hamburg_000000_105464_leftImg8bit.png,1,338,354,528,476
378,train/hamburg/hamburg_000000_105464_leftImg8bit.png,1,166,325,378,484
379,train/hamburg/hamburg_000000_105464_leftImg8bit.png,1,89,329,324,498
380,train/hamburg/hamburg_000000_105464_leftImg8bit.png,0,0,294,53,346
381,train/hamburg/hamburg_000000_105464_leftImg8bit.png,1,0,333,228,507
382,train/hamburg/hamburg_000000_105464_leftImg8bit.png,1,0,353,127,529
383,train/hamburg/hamburg_000000_105464_leftImg8bit.png,0,1395,329,1490,564
384,train/hamburg/hamburg_000000_105464_leftImg8bit.png,0,1527,292,1628,565
385,train/hamburg/hamburg_000000_037036_leftImg8bit.png,1,532,416,659,467
386,train/hamburg/hamburg_000000_037036_leftImg8bit.png,1,480,419,540,474
387,train/hamburg/hamburg_000000_037036_leftImg8bit.png,1,398,409,492,480
388,train/hamburg/hamburg_000000_037036_leftImg8bit.png,1,287,404,414,491
389,train/hamburg/hamburg_000000_037036_leftImg8bit.png,1,178,418,312,499
390,train/hamburg/hamburg_000000_037036_leftImg8bit.png,1,0,406,174,517
391,train/hamburg/hamburg_000000_037036_leftImg8bit.png,1,1177,400,1314,471
392,train/hamburg/hamburg_000000_037036_leftImg8bit.png,1,1035,400,1120,473
393,train/hamburg/hamburg_000000_037036_leftImg8bit.png,1,1425,388,1626,502
394,train/hamburg/hamburg_000000_037036_leftImg8bit.png,0,1587,381,1641,496
395,train/hamburg/hamburg_000000_037036_leftImg8bit.png,0,1572,376,1625,503
396,train/hamburg/hamburg_000000_037036_leftImg8bit.png,1,532,416,607,467
397,train/hamburg/hamburg_000000_073314_leftImg8bit.png,1,1811,380,2047,465
398,train/hamburg/hamburg_000000_073314_leftImg8bit.png,1,106,374,181,425
399,train/hamburg/hamburg_000000_073314_leftImg8bit.png,0,1314,336,1376,471
400,train/hamburg/hamburg_000000_073314_leftImg8bit.png,4,1282,403,1337,462
401,train/hamburg/hamburg_000000_073314_leftImg8bit.png,0,1433,343,1492,474
402,train/hamburg/hamburg_000000_073314_leftImg8bit.png,0,1385,329,1444,477
403,train/hamburg/hamburg_000000_082187_leftImg8bit.png,1,750,388,827,461
404,train/hamburg/hamburg_000000_082187_leftImg8bit.png,1,728,406,809,462
405,train/hamburg/hamburg_000000_082187_leftImg8bit.png,1,672,396,756,482
406,train/hamburg/hamburg_000000_082187_leftImg8bit.png,1,649,401,717,492
407,train/hamburg/hamburg_000000_082187_leftImg8bit.png,1,244,187,680,613
408,train/hamburg/hamburg_000000_082187_leftImg8bit.png,1,1079,372,1194,477
409,train/hamburg/hamburg_000000_082187_leftImg8bit.png,1,1108,386,1201,484
410,train/hamburg/hamburg_000000_082187_leftImg8bit.png,1,1176,406,1227,509
411,train/hamburg/hamburg_000000_082187_leftImg8bit.png,1,1293,360,1462,603
412,train/hamburg/hamburg_000000_082187_leftImg8bit.png,1,1410,175,2047,763
413,train/hamburg/hamburg_000000_082187_leftImg8bit.png,1,1861,537,2047,951
414,train/hamburg/hamburg_000000_022524_leftImg8bit.png,1,1274,369,1347,441
415,train/hamburg/hamburg_000000_022524_leftImg8bit.png,1,1284,365,1344,442
416,train/hamburg/hamburg_000000_022524_leftImg8bit.png,1,1312,363,1401,444
417,train/hamburg/hamburg_000000_022524_leftImg8bit.png,1,1148,355,1263,456
418,train/hamburg/hamburg_000000_022524_leftImg8bit.png,1,1840,155,2047,558
419,train/hamburg/hamburg_000000_022524_leftImg8bit.png,2,1046,335,1115,426
420,train/hamburg/hamburg_000000_008494_leftImg8bit.png,1,645,390,714,441
421,train/hamburg/hamburg_000000_008494_leftImg8bit.png,1,557,386,693,521
422,train/hamburg/hamburg_000000_008494_leftImg8bit.png,1,161,321,585,582
423,train/hamburg/hamburg_000000_008494_leftImg8bit.png,2,1284,261,1492,490
424,train/hamburg/hamburg_000000_030953_leftImg8bit.png,1,450,358,502,411
425,train/hamburg/hamburg_000000_030953_leftImg8bit.png,1,418,359,479,417
426,train/hamburg/hamburg_000000_030953_leftImg8bit.png,1,382,359,454,423
427,train/hamburg/hamburg_000000_030953_leftImg8bit.png,1,726,364,796,418
428,train/hamburg/hamburg_000000_030953_leftImg8bit.png,0,1557,336,1630,525
429,train/hamburg/hamburg_000000_030953_leftImg8bit.png,4,1497,389,1559,454
430,train/hamburg/hamburg_000000_030953_leftImg8bit.png,1,1062,366,1126,429
431,train/hamburg/hamburg_000000_030953_leftImg8bit.png,1,946,375,1028,435
432,train/hamburg/hamburg_000000_030953_leftImg8bit.png,1,818,369,910,424
433,train/hamburg/hamburg_000000_030953_leftImg8bit.png,1,875,371,979,450
434,train/hamburg/hamburg_000000_080674_leftImg8bit.png,4,1065,413,1196,494
435,train/hamburg/hamburg_000000_080674_leftImg8bit.png,4,761,413,894,499
436,train/hamburg/hamburg_000000_080674_leftImg8bit.png,4,821,406,968,505
437,train/hamburg/hamburg_000000_080674_leftImg8bit.png,4,537,429,667,495
438,train/hamburg/hamburg_000000_080674_leftImg8bit.png,4,507,418,651,497
439,train/hamburg/hamburg_000000_080674_leftImg8bit.png,0,337,396,398,459
440,train/hamburg/hamburg_000000_080674_leftImg8bit.png,4,306,411,436,497
441,train/hamburg/hamburg_000000_080674_leftImg8bit.png,4,284,443,408,499
442,train/hamburg/hamburg_000000_080674_leftImg8bit.png,1,0,398,256,525
443,train/hamburg/hamburg_000000_080674_leftImg8bit.png,1,51,378,137,522
444,train/hamburg/hamburg_000000_080674_leftImg8bit.png,1,0,424,104,851
445,train/hamburg/hamburg_000000_080674_leftImg8bit.png,4,884,398,1037,636
446,train/hamburg/hamburg_000000_080674_leftImg8bit.png,0,940,332,1031,614
447,train/hamburg/hamburg_000000_001613_leftImg8bit.png,1,906,427,968,478
448,train/hamburg/hamburg_000000_001613_leftImg8bit.png,1,935,386,1102,525
449,train/hamburg/hamburg_000000_001613_leftImg8bit.png,1,1197,388,1379,524
450,train/hamburg/hamburg_000000_066988_leftImg8bit.png,0,1373,316,1454,521
451,train/hamburg/hamburg_000000_066988_leftImg8bit.png,0,1504,314,1581,478
452,train/hamburg/hamburg_000000_066988_leftImg8bit.png,0,840,302,910,424
453,train/hamburg/hamburg_000000_066988_leftImg8bit.png,0,455,277,551,415
454,train/hamburg/hamburg_000000_066988_leftImg8bit.png,1,0,343,180,665
455,train/hamburg/hamburg_000000_066988_leftImg8bit.png,1,258,334,928,719
456,train/hamburg/hamburg_000000_066988_leftImg8bit.png,1,1264,305,2047,754
457,train/hamburg/hamburg_000000_020563_leftImg8bit.png,3,0,156,632,411
458,train/hamburg/hamburg_000000_020563_leftImg8bit.png,1,1423,381,1502,446
459,train/hamburg/hamburg_000000_020563_leftImg8bit.png,1,1041,303,1476,661
460,train/hamburg/hamburg_000000_020563_leftImg8bit.png,4,1823,397,1908,464
461,train/hamburg/hamburg_000000_020563_leftImg8bit.png,4,1958,421,2047,492
462,train/hamburg/hamburg_000000_020211_leftImg8bit.png,1,794,368,852,422
463,train/hamburg/hamburg_000000_020211_leftImg8bit.png,1,449,310,770,393
464,train/hamburg/hamburg_000000_020211_leftImg8bit.png,1,576,356,875,519
465,train/hamburg/hamburg_000000_020211_leftImg8bit.png,1,302,310,625,523
466,train/hamburg/hamburg_000000_020211_leftImg8bit.png,1,209,332,491,545
467,train/hamburg/hamburg_000000_020211_leftImg8bit.png,1,0,318,388,593
468,train/hamburg/hamburg_000000_020211_leftImg8bit.png,1,1098,382,1248,446
469,train/hamburg/hamburg_000000_020211_leftImg8bit.png,0,1580,326,1639,429
470,train/hamburg/hamburg_000000_020211_leftImg8bit.png,0,1645,340,1708,435
471,train/hamburg/hamburg_000000_020211_leftImg8bit.png,1,1224,363,1283,470
472,train/hamburg/hamburg_000000_020211_leftImg8bit.png,1,1251,345,1418,480
473,train/hamburg/hamburg_000000_020211_leftImg8bit.png,5,1326,371,1486,497
474,train/hamburg/hamburg_000000_020211_leftImg8bit.png,4,1464,400,1624,539
475,train/hamburg/hamburg_000000_020211_leftImg8bit.png,4,1520,401,1770,547
476,train/hamburg/hamburg_000000_074139_leftImg8bit.png,1,35,409,150,477
477,train/hamburg/hamburg_000000_074139_leftImg8bit.png,1,135,406,267,499
478,train/hamburg/hamburg_000000_074139_leftImg8bit.png,3,539,294,824,487
479,train/hamburg/hamburg_000000_074139_leftImg8bit.png,3,759,233,1070,507
480,train/hamburg/hamburg_000000_074139_leftImg8bit.png,3,982,0,1716,582
481,train/hamburg/hamburg_000000_074139_leftImg8bit.png,1,1492,349,2047,752
482,train/hamburg/hamburg_000000_076392_leftImg8bit.png,4,882,428,975,488
483,train/hamburg/hamburg_000000_076392_leftImg8bit.png,4,834,432,922,489
484,train/hamburg/hamburg_000000_076392_leftImg8bit.png,4,720,418,818,479
485,train/hamburg/hamburg_000000_076392_leftImg8bit.png,1,1988,394,2047,488
486,train/hamburg/hamburg_000000_076392_leftImg8bit.png,1,1856,397,2007,497
487,train/hamburg/hamburg_000000_076392_leftImg8bit.png,1,1146,328,1905,696
488,train/hamburg/hamburg_000000_064825_leftImg8bit.png,1,0,395,279,565
489,train/hamburg/hamburg_000000_064825_leftImg8bit.png,1,753,393,880,453
490,train/hamburg/hamburg_000000_064825_leftImg8bit.png,1,638,393,786,474
491,train/hamburg/hamburg_000000_064825_leftImg8bit.png,1,1541,368,1678,423
492,train/hamburg/hamburg_000000_064825_leftImg8bit.png,1,1318,340,1620,466
493,train/hamburg/hamburg_000000_064825_leftImg8bit.png,1,1561,314,2047,543
494,train/hamburg/hamburg_000000_064825_leftImg8bit.png,1,1746,363,2047,581
495,train/hamburg/hamburg_000000_064825_leftImg8bit.png,2,1001,218,1270,507
496,train/hamburg/hamburg_000000_077144_leftImg8bit.png,1,1217,391,1279,442
497,train/hamburg/hamburg_000000_077144_leftImg8bit.png,1,1249,369,1341,432
498,train/hamburg/hamburg_000000_077144_leftImg8bit.png,1,1226,376,1498,554
499,train/hamburg/hamburg_000000_046619_leftImg8bit.png,1,1335,379,1410,444
500,train/hamburg/hamburg_000000_046619_leftImg8bit.png,1,1443,381,1544,449
501,train/hamburg/hamburg_000000_046619_leftImg8bit.png,1,1522,368,1691,472
502,train/hamburg/hamburg_000000_046619_leftImg8bit.png,1,1607,354,2047,504
503,train/hamburg/hamburg_000000_046619_leftImg8bit.png,0,1590,247,1817,692
504,train/hamburg/hamburg_000000_046619_leftImg8bit.png,0,1928,314,1997,580
505,train/hamburg/hamburg_000000_046619_leftImg8bit.png,0,1944,256,2047,661
506,train/hamburg/hamburg_000000_046619_leftImg8bit.png,0,1880,313,2047,675
507,train/hamburg/hamburg_000000_046619_leftImg8bit.png,0,1386,318,1481,618
508,train/hamburg/hamburg_000000_046619_leftImg8bit.png,0,1384,313,1473,634
509,train/hamburg/hamburg_000000_046619_leftImg8bit.png,0,1462,316,1547,608
510,train/hamburg/hamburg_000000_046619_leftImg8bit.png,1,910,390,1029,479
511,train/hamburg/hamburg_000000_046619_leftImg8bit.png,0,1011,318,1092,624
512,train/hamburg/hamburg_000000_046619_leftImg8bit.png,0,1109,296,1231,612
513,train/hamburg/hamburg_000000_046619_leftImg8bit.png,0,1204,305,1291,629
514,train/hamburg/hamburg_000000_046619_leftImg8bit.png,4,412,433,477,485
515,train/hamburg/hamburg_000000_046619_leftImg8bit.png,5,340,427,435,493
516,train/hamburg/hamburg_000000_046619_leftImg8bit.png,0,265,405,319,466
517,train/hamburg/hamburg_000000_046619_leftImg8bit.png,5,123,441,196,510
518,train/hamburg/hamburg_000000_046619_leftImg8bit.png,4,27,449,87,523
519,train/hamburg/hamburg_000000_046619_leftImg8bit.png,4,0,441,57,526
520,train/hamburg/hamburg_000000_046619_leftImg8bit.png,0,860,332,932,585
521,train/hamburg/hamburg_000000_057487_leftImg8bit.png,1,1082,417,1143,472
522,train/hamburg/hamburg_000000_057487_leftImg8bit.png,0,1637,352,1700,499
523,train/hamburg/hamburg_000000_057487_leftImg8bit.png,1,784,417,860,471
524,train/hamburg/hamburg_000000_057487_leftImg8bit.png,1,830,404,973,504
525,train/hamburg/hamburg_000000_057487_leftImg8bit.png,1,592,382,773,516
526,train/hamburg/hamburg_000000_057487_leftImg8bit.png,1,7,365,516,613
527,train/hamburg/hamburg_000000_048138_leftImg8bit.png,1,184,411,280,481
528,train/hamburg/hamburg_000000_048138_leftImg8bit.png,0,534,343,611,522
529,train/hamburg/hamburg_000000_048138_leftImg8bit.png,0,761,362,815,498
530,train/hamburg/hamburg_000000_048138_leftImg8bit.png,0,1000,302,1084,549
531,train/hamburg/hamburg_000000_048138_leftImg8bit.png,0,1206,290,1276,547
532,train/hamburg/hamburg_000000_048138_leftImg8bit.png,0,1131,300,1229,550
533,train/hamburg/hamburg_000000_048138_leftImg8bit.png,1,1819,344,2047,477
534,train/hamburg/hamburg_000000_048138_leftImg8bit.png,1,1413,350,1886,505
535,train/hamburg/hamburg_000000_048138_leftImg8bit.png,0,1372,309,1428,495
536,train/hamburg/hamburg_000000_048138_leftImg8bit.png,0,1372,273,1472,545
537,train/hamburg/hamburg_000000_048138_leftImg8bit.png,0,1563,227,1755,655
538,train/hamburg/hamburg_000000_054220_leftImg8bit.png,1,1284,365,1363,466
539,train/hamburg/hamburg_000000_054220_leftImg8bit.png,1,1304,354,1452,486
540,train/hamburg/hamburg_000000_054220_leftImg8bit.png,1,1390,352,1514,509
541,train/hamburg/hamburg_000000_054220_leftImg8bit.png,1,1435,325,1683,549
542,train/hamburg/hamburg_000000_054220_leftImg8bit.png,1,1532,305,2002,656
543,train/hamburg/hamburg_000000_054220_leftImg8bit.png,1,1830,265,2047,752
544,train/hamburg/hamburg_000000_054220_leftImg8bit.png,1,1078,363,1259,496
545,train/hamburg/hamburg_000000_054220_leftImg8bit.png,1,914,370,1016,442
546,train/hamburg/hamburg_000000_054220_leftImg8bit.png,4,807,410,873,466
547,train/hamburg/hamburg_000000_054220_leftImg8bit.png,1,724,377,816,489
548,train/hamburg/hamburg_000000_054220_leftImg8bit.png,1,602,374,781,515
549,train/hamburg/hamburg_000000_054220_leftImg8bit.png,1,389,387,655,565
550,train/hamburg/hamburg_000000_054220_leftImg8bit.png,1,0,376,446,649
551,train/hamburg/hamburg_000000_054220_leftImg8bit.png,0,130,292,302,744
552,train/hamburg/hamburg_000000_054220_leftImg8bit.png,0,53,308,180,785
553,train/hamburg/hamburg_000000_087822_leftImg8bit.png,1,1584,395,1648,447
554,train/hamburg/hamburg_000000_087822_leftImg8bit.png,4,1095,415,1349,614
555,train/hamburg/hamburg_000000_087822_leftImg8bit.png,5,0,432,51,525
556,train/hamburg/hamburg_000000_087822_leftImg8bit.png,0,1593,344,1646,465
557,train/hamburg/hamburg_000000_002338_leftImg8bit.png,1,1942,346,2000,410
558,train/hamburg/hamburg_000000_002338_leftImg8bit.png,1,1677,345,1809,420
559,train/hamburg/hamburg_000000_002338_leftImg8bit.png,1,676,392,780,452
560,train/hamburg/hamburg_000000_002338_leftImg8bit.png,1,1127,362,1276,483
561,train/hamburg/hamburg_000000_033506_leftImg8bit.png,1,1107,357,1263,479
562,train/hamburg/hamburg_000000_033506_leftImg8bit.png,4,1260,396,1766,697
563,train/hamburg/hamburg_000000_033506_leftImg8bit.png,1,613,363,750,457
564,train/hamburg/hamburg_000000_033506_leftImg8bit.png,1,613,363,750,457
565,train/hamburg/hamburg_000000_033506_leftImg8bit.png,1,472,370,535,442
566,train/hamburg/hamburg_000000_033506_leftImg8bit.png,1,0,372,268,479
567,train/hamburg/hamburg_000000_033506_leftImg8bit.png,1,610,367,750,457
568,train/hamburg/hamburg_000000_033506_leftImg8bit.png,1,301,373,486,457
569,train/hamburg/hamburg_000000_033506_leftImg8bit.png,1,961,322,1040,383
570,train/hamburg/hamburg_000000_033506_leftImg8bit.png,1,614,367,750,457
571,train/hamburg/hamburg_000000_033506_leftImg8bit.png,1,0,372,268,479
572,train/hamburg/hamburg_000000_033506_leftImg8bit.png,2,834,329,984,423
573,train/hamburg/hamburg_000000_033506_leftImg8bit.png,0,1260,355,1315,525
574,train/hamburg/hamburg_000000_033506_leftImg8bit.png,0,1818,279,1931,585
575,train/hamburg/hamburg_000000_033506_leftImg8bit.png,0,1322,340,1389,504
576,train/hamburg/hamburg_000000_033506_leftImg8bit.png,1,510,360,671,466
577,train/hamburg/hamburg_000000_033506_leftImg8bit.png,0,1784,297,1840,544
578,train/hamburg/hamburg_000000_033506_leftImg8bit.png,0,1683,296,1807,598
579,train/hamburg/hamburg_000000_033506_leftImg8bit.png,0,1789,284,1907,594
580,train/hamburg/hamburg_000000_033506_leftImg8bit.png,0,1567,306,1647,510
581,train/hamburg/hamburg_000000_033506_leftImg8bit.png,0,1567,306,1647,510
582,train/hamburg/hamburg_000000_033506_leftImg8bit.png,4,1260,396,1766,697
583,train/hamburg/hamburg_000000_033506_leftImg8bit.png,0,1465,312,1561,515
584,train/hamburg/hamburg_000000_033506_leftImg8bit.png,1,1107,357,1263,479
585,train/hamburg/hamburg_000000_062710_leftImg8bit.png,0,1537,281,1620,443
586,train/hamburg/hamburg_000000_062710_leftImg8bit.png,0,1572,289,1739,514
587,train/hamburg/hamburg_000000_062710_leftImg8bit.png,2,1849,200,2047,480
588,train/hamburg/hamburg_000000_062710_leftImg8bit.png,4,1729,392,1914,685
589,train/hamburg/hamburg_000000_062710_leftImg8bit.png,4,1889,373,2047,707
590,train/hamburg/hamburg_000000_062710_leftImg8bit.png,1,653,404,722,459
591,train/hamburg/hamburg_000000_062710_leftImg8bit.png,1,658,407,740,470
592,train/hamburg/hamburg_000000_062710_leftImg8bit.png,1,911,382,989,460
593,train/hamburg/hamburg_000000_062710_leftImg8bit.png,1,760,374,926,508
594,train/hamburg/hamburg_000000_062710_leftImg8bit.png,1,1011,401,1131,486
595,train/hamburg/hamburg_000000_062710_leftImg8bit.png,4,81,432,176,488
596,train/hamburg/hamburg_000000_062710_leftImg8bit.png,1,416,341,608,501
597,train/hamburg/hamburg_000000_038511_leftImg8bit.png,3,796,398,852,449
598,train/hamburg/hamburg_000000_038511_leftImg8bit.png,1,1007,398,1079,472
599,train/hamburg/hamburg_000000_038511_leftImg8bit.png,1,1021,405,1082,479
600,train/hamburg/hamburg_000000_038511_leftImg8bit.png,4,1215,408,1274,506
601,train/hamburg/hamburg_000000_038511_leftImg8bit.png,0,1392,362,1449,518
602,train/hamburg/hamburg_000000_038511_leftImg8bit.png,0,1459,335,1519,504
603,train/hamburg/hamburg_000000_038511_leftImg8bit.png,4,1258,438,1421,529
604,train/hamburg/hamburg_000000_038511_leftImg8bit.png,0,1547,329,1631,521
605,train/hamburg/hamburg_000000_038511_leftImg8bit.png,0,1612,340,1691,514
606,train/hamburg/hamburg_000000_038511_leftImg8bit.png,0,1610,340,1681,531
607,train/hamburg/hamburg_000000_038511_leftImg8bit.png,0,1776,327,1838,520
608,train/hamburg/hamburg_000000_038511_leftImg8bit.png,0,1700,348,1779,525
609,train/hamburg/hamburg_000000_038511_leftImg8bit.png,0,1836,343,1942,563
610,train/hamburg/hamburg_000000_038511_leftImg8bit.png,0,1836,346,1893,526
611,train/hamburg/hamburg_000000_038511_leftImg8bit.png,0,1870,343,1942,561
612,train/hamburg/hamburg_000000_038511_leftImg8bit.png,0,1836,408,1903,578
613,train/hamburg/hamburg_000000_038511_leftImg8bit.png,0,1986,417,2039,536
614,train/hamburg/hamburg_000000_038511_leftImg8bit.png,0,1925,324,2043,570
615,train/hamburg/hamburg_000000_038511_leftImg8bit.png,1,1032,400,1143,485
616,train/hamburg/hamburg_000000_038511_leftImg8bit.png,2,0,240,205,466
617,train/hamburg/hamburg_000000_068693_leftImg8bit.png,3,1242,337,1326,417
618,train/hamburg/hamburg_000000_068693_leftImg8bit.png,3,1933,369,2047,474
619,train/hamburg/hamburg_000000_068693_leftImg8bit.png,3,1533,358,1748,422
620,train/hamburg/hamburg_000000_068693_leftImg8bit.png,3,1271,348,1590,479
621,train/hamburg/hamburg_000000_068693_leftImg8bit.png,1,1970,446,2047,517
622,train/hamburg/hamburg_000000_068693_leftImg8bit.png,1,1870,418,2029,546
623,train/hamburg/hamburg_000000_068693_leftImg8bit.png,3,1499,387,1900,536
624,train/hamburg/hamburg_000000_068693_leftImg8bit.png,1,695,371,815,472
625,train/hamburg/hamburg_000000_078842_leftImg8bit.png,0,791,329,852,404
626,train/hamburg/hamburg_000000_078842_leftImg8bit.png,4,1502,399,1917,634
627,train/hamburg/hamburg_000000_078842_leftImg8bit.png,0,1214,289,1294,500
628,train/hamburg/hamburg_000000_078842_leftImg8bit.png,4,889,388,1017,577
629,train/hamburg/hamburg_000000_078842_leftImg8bit.png,0,695,329,748,461
630,train/hamburg/hamburg_000000_078842_leftImg8bit.png,4,0,413,284,785
631,train/hamburg/hamburg_000000_085982_leftImg8bit.png,1,931,390,987,454
632,train/hamburg/hamburg_000000_085982_leftImg8bit.png,1,849,383,977,465
633,train/hamburg/hamburg_000000_085982_leftImg8bit.png,1,711,358,840,461
634,train/hamburg/hamburg_000000_085982_leftImg8bit.png,0,186,321,263,407
635,train/hamburg/hamburg_000000_085982_leftImg8bit.png,1,0,366,643,743
636,train/hamburg/hamburg_000000_100300_leftImg8bit.png,3,1902,317,2047,423
637,train/hamburg/hamburg_000000_100300_leftImg8bit.png,3,1642,301,1921,428
638,train/hamburg/hamburg_000000_100300_leftImg8bit.png,1,1665,389,1814,459
639,train/hamburg/hamburg_000000_100300_leftImg8bit.png,1,1461,380,1565,456
640,train/hamburg/hamburg_000000_100300_leftImg8bit.png,1,1496,395,1703,500
641,train/hamburg/hamburg_000000_100300_leftImg8bit.png,1,1071,385,1314,508
642,train/hamburg/hamburg_000000_100300_leftImg8bit.png,1,1411,388,1484,502
643,train/hamburg/hamburg_000000_100300_leftImg8bit.png,5,1381,424,1485,521
644,train/hamburg/hamburg_000000_100300_leftImg8bit.png,0,1138,359,1229,534
645,train/hamburg/hamburg_000000_100300_leftImg8bit.png,0,936,354,989,524
646,train/hamburg/hamburg_000000_100300_leftImg8bit.png,0,913,356,982,539
647,train/hamburg/hamburg_000000_100300_leftImg8bit.png,0,926,346,1023,553
648,train/hamburg/hamburg_000000_100300_leftImg8bit.png,0,849,370,941,543
649,train/hamburg/hamburg_000000_100300_leftImg8bit.png,0,838,329,958,559
650,train/hamburg/hamburg_000000_100300_leftImg8bit.png,0,1024,365,1097,524
651,train/hamburg/hamburg_000000_100300_leftImg8bit.png,0,1037,344,1121,535
652,train/hamburg/hamburg_000000_100300_leftImg8bit.png,0,661,353,716,511
653,train/hamburg/hamburg_000000_100300_leftImg8bit.png,0,663,378,719,529
654,train/hamburg/hamburg_000000_100300_leftImg8bit.png,0,778,354,830,522
655,train/hamburg/hamburg_000000_100300_leftImg8bit.png,0,734,353,808,525
656,train/hamburg/hamburg_000000_100300_leftImg8bit.png,0,700,342,782,545
657,train/hamburg/hamburg_000000_100300_leftImg8bit.png,0,202,327,257,478
658,train/hamburg/hamburg_000000_100300_leftImg8bit.png,0,266,320,326,486
659,train/hamburg/hamburg_000000_100300_leftImg8bit.png,0,12,332,97,493
660,train/hamburg/hamburg_000000_100300_leftImg8bit.png,0,114,338,183,491
661,train/hamburg/hamburg_000000_100300_leftImg8bit.png,0,359,325,414,532
662,train/hamburg/hamburg_000000_100300_leftImg8bit.png,0,398,348,465,510
663,train/hamburg/hamburg_000000_100300_leftImg8bit.png,0,509,350,568,502
664,train/hamburg/hamburg_000000_100300_leftImg8bit.png,0,536,339,608,526
665,train/hamburg/hamburg_000000_100300_leftImg8bit.png,0,462,339,549,541
666,train/hamburg/hamburg_000000_100300_leftImg8bit.png,0,443,338,543,552
667,train/hamburg/hamburg_000000_100300_leftImg8bit.png,0,357,361,438,544
668,train/hamburg/hamburg_000000_100300_leftImg8bit.png,0,325,359,402,546
669,train/hamburg/hamburg_000000_100300_leftImg8bit.png,0,393,350,491,559
670,train/hamburg/hamburg_000000_100300_leftImg8bit.png,0,619,351,685,547
671,train/hamburg/hamburg_000000_073389_leftImg8bit.png,3,924,332,1059,416
672,train/hamburg/hamburg_000000_073389_leftImg8bit.png,0,1850,343,1906,496
673,train/hamburg/hamburg_000000_073389_leftImg8bit.png,3,582,296,880,419
674,train/hamburg/hamburg_000000_073389_leftImg8bit.png,0,1324,378,1375,509
675,train/hamburg/hamburg_000000_073389_leftImg8bit.png,0,1359,352,1411,512
676,train/hamburg/hamburg_000000_073389_leftImg8bit.png,0,0,378,70,453
677,train/hamburg/hamburg_000000_073389_leftImg8bit.png,1,307,376,386,438
678,train/hamburg/hamburg_000000_073389_leftImg8bit.png,1,142,365,318,455
679,train/hamburg/hamburg_000000_073389_leftImg8bit.png,0,1462,343,1523,509
680,train/hamburg/hamburg_000000_073389_leftImg8bit.png,0,1514,345,1565,520
681,train/hamburg/hamburg_000000_073389_leftImg8bit.png,0,1592,357,1647,423
682,train/hamburg/hamburg_000000_073389_leftImg8bit.png,0,1585,362,1637,414
683,train/hamburg/hamburg_000000_073389_leftImg8bit.png,0,1538,337,1613,521
684,train/hamburg/hamburg_000000_073389_leftImg8bit.png,0,1748,362,1813,502
685,train/hamburg/hamburg_000000_073389_leftImg8bit.png,0,1764,350,1842,505
686,train/hamburg/hamburg_000000_073389_leftImg8bit.png,0,1646,326,1735,528
687,train/hamburg/hamburg_000000_073389_leftImg8bit.png,0,1649,334,1716,533
688,train/hamburg/hamburg_000000_047390_leftImg8bit.png,1,747,389,838,466
689,train/hamburg/hamburg_000000_047390_leftImg8bit.png,1,657,399,733,454
690,train/hamburg/hamburg_000000_047390_leftImg8bit.png,1,387,380,455,449
691,train/hamburg/hamburg_000000_047390_leftImg8bit.png,1,322,394,375,459
692,train/hamburg/hamburg_000000_047390_leftImg8bit.png,1,1057,389,1243,480
693,train/hamburg/hamburg_000000_047390_leftImg8bit.png,1,990,388,1086,501
694,train/hamburg/hamburg_000000_047390_leftImg8bit.png,1,802,348,1031,528
695,train/hamburg/hamburg_000000_047390_leftImg8bit.png,0,1423,359,1477,471
696,train/hamburg/hamburg_000000_047390_leftImg8bit.png,4,1276,388,1369,533
697,train/hamburg/hamburg_000000_047390_leftImg8bit.png,4,1503,395,1622,471
698,train/hamburg/hamburg_000000_047390_leftImg8bit.png,0,1527,293,1598,515
699,train/hamburg/hamburg_000000_047390_leftImg8bit.png,0,1623,337,1686,495
700,train/hamburg/hamburg_000000_047390_leftImg8bit.png,0,1608,325,1689,495
701,train/hamburg/hamburg_000000_047390_leftImg8bit.png,0,1613,310,1690,511
702,train/hamburg/hamburg_000000_047390_leftImg8bit.png,0,1938,307,2047,551
703,train/hamburg/hamburg_000000_071675_leftImg8bit.png,0,259,362,340,507
704,train/hamburg/hamburg_000000_071675_leftImg8bit.png,0,393,368,444,460
705,train/hamburg/hamburg_000000_071675_leftImg8bit.png,5,651,412,708,479
706,train/hamburg/hamburg_000000_071675_leftImg8bit.png,0,471,376,525,520
707,train/hamburg/hamburg_000000_071675_leftImg8bit.png,0,299,414,381,521
708,train/hamburg/hamburg_000000_071675_leftImg8bit.png,1,1007,408,1106,479
709,train/hamburg/hamburg_000000_071675_leftImg8bit.png,1,1907,281,2047,681
710,train/hamburg/hamburg_000000_071675_leftImg8bit.png,1,1436,344,1580,488
711,train/hamburg/hamburg_000000_071675_leftImg8bit.png,1,1448,346,1628,504
712,train/hamburg/hamburg_000000_071675_leftImg8bit.png,5,1585,393,1705,507
713,train/hamburg/hamburg_000000_097447_leftImg8bit.png,1,1083,395,1153,446
714,train/hamburg/hamburg_000000_097447_leftImg8bit.png,1,1158,391,1248,486
715,train/hamburg/hamburg_000000_097447_leftImg8bit.png,1,1206,371,1398,496
716,train/hamburg/hamburg_000000_097447_leftImg8bit.png,1,1235,361,1526,516
717,train/hamburg/hamburg_000000_097447_leftImg8bit.png,4,1539,416,1638,533
718,train/hamburg/hamburg_000000_097447_leftImg8bit.png,0,1471,348,1539,534
719,train/hamburg/hamburg_000000_097447_leftImg8bit.png,4,171,430,257,553
720,train/hamburg/hamburg_000000_097447_leftImg8bit.png,4,182,415,275,556
721,train/hamburg/hamburg_000000_097447_leftImg8bit.png,4,257,440,393,572
722,train/hamburg/hamburg_000000_105724_leftImg8bit.png,1,1001,381,1062,434
723,train/hamburg/hamburg_000000_105724_leftImg8bit.png,1,1375,215,2047,562
724,train/hamburg/hamburg_000000_105724_leftImg8bit.png,1,1851,318,2047,584
725,train/hamburg/hamburg_000000_105724_leftImg8bit.png,1,1064,373,1275,458
726,train/hamburg/hamburg_000000_105724_leftImg8bit.png,0,1037,354,1088,487
727,train/hamburg/hamburg_000000_105724_leftImg8bit.png,1,328,367,534,438
728,train/hamburg/hamburg_000000_105724_leftImg8bit.png,0,1474,329,1570,587
729,train/hamburg/hamburg_000000_105724_leftImg8bit.png,0,1454,317,1540,597
730,train/hamburg/hamburg_000000_105724_leftImg8bit.png,0,1382,306,1487,600
731,train/hamburg/hamburg_000000_105724_leftImg8bit.png,1,722,382,840,456
732,train/hamburg/hamburg_000000_047220_leftImg8bit.png,1,686,417,767,477
733,train/hamburg/hamburg_000000_047220_leftImg8bit.png,1,876,411,950,470
734,train/hamburg/hamburg_000000_047220_leftImg8bit.png,1,915,390,1014,483
735,train/hamburg/hamburg_000000_047220_leftImg8bit.png,1,949,404,1026,489
736,train/hamburg/hamburg_000000_047220_leftImg8bit.png,1,986,392,1110,502
737,train/hamburg/hamburg_000000_047220_leftImg8bit.png,1,1051,406,1231,519
738,train/hamburg/hamburg_000000_047220_leftImg8bit.png,0,1330,368,1381,455
739,train/hamburg/hamburg_000000_047220_leftImg8bit.png,0,1351,351,1403,455
740,train/hamburg/hamburg_000000_047220_leftImg8bit.png,0,1421,348,1490,467
741,train/hamburg/hamburg_000000_047220_leftImg8bit.png,4,1571,432,1631,492
742,train/hamburg/hamburg_000000_047220_leftImg8bit.png,0,1621,345,1682,451
743,train/hamburg/hamburg_000000_047220_leftImg8bit.png,0,1550,319,1614,507
744,train/hamburg/hamburg_000000_047220_leftImg8bit.png,0,1904,328,1962,404
745,train/hamburg/hamburg_000000_047220_leftImg8bit.png,0,1921,371,1978,460
746,train/hamburg/hamburg_000000_047220_leftImg8bit.png,4,1531,424,1646,635
747,train/hamburg/hamburg_000000_047220_leftImg8bit.png,4,1571,427,1777,649
748,train/hamburg/hamburg_000000_047220_leftImg8bit.png,4,1606,427,1846,668
749,train/hamburg/hamburg_000000_047220_leftImg8bit.png,4,1680,429,1876,686
750,train/hamburg/hamburg_000000_047220_leftImg8bit.png,4,1787,425,2047,741
751,train/hamburg/hamburg_000000_047220_leftImg8bit.png,4,1805,432,2047,758
752,train/hamburg/hamburg_000000_047220_leftImg8bit.png,4,1172,432,1263,538
753,train/hamburg/hamburg_000000_047220_leftImg8bit.png,4,1230,439,1332,545
754,train/hamburg/hamburg_000000_047220_leftImg8bit.png,4,1257,428,1340,545
755,train/hamburg/hamburg_000000_047220_leftImg8bit.png,4,1271,450,1373,548
756,train/hamburg/hamburg_000000_047220_leftImg8bit.png,4,1284,428,1421,573
757,train/hamburg/hamburg_000000_047220_leftImg8bit.png,4,1311,430,1504,577
758,train/hamburg/hamburg_000000_047220_leftImg8bit.png,4,1334,426,1501,585
759,train/hamburg/hamburg_000000_047220_leftImg8bit.png,4,1338,441,1523,590
760,train/hamburg/hamburg_000000_063403_leftImg8bit.png,1,1204,377,1467,471
761,train/hamburg/hamburg_000000_063403_leftImg8bit.png,1,951,294,1163,494
762,train/hamburg/hamburg_000000_063403_leftImg8bit.png,3,758,306,892,436
763,train/hamburg/hamburg_000000_063403_leftImg8bit.png,1,463,377,543,441
764,train/hamburg/hamburg_000000_063403_leftImg8bit.png,1,613,367,713,434
765,train/hamburg/hamburg_000000_063403_leftImg8bit.png,1,504,329,662,462
766,train/hamburg/hamburg_000000_063403_leftImg8bit.png,4,570,410,624,545
767,train/hamburg/hamburg_000000_063403_leftImg8bit.png,1,344,377,444,444
768,train/hamburg/hamburg_000000_063403_leftImg8bit.png,4,235,431,517,865
769,train/hamburg/hamburg_000000_063403_leftImg8bit.png,1,81,375,210,451
770,train/hamburg/hamburg_000000_023472_leftImg8bit.png,3,565,239,810,453
771,train/hamburg/hamburg_000000_023472_leftImg8bit.png,1,1093,336,1341,493
772,train/hamburg/hamburg_000000_023472_leftImg8bit.png,2,739,128,1115,515
773,train/hamburg/hamburg_000000_093787_leftImg8bit.png,1,1107,347,1196,451
774,train/hamburg/hamburg_000000_093787_leftImg8bit.png,1,1133,375,1197,453
775,train/hamburg/hamburg_000000_093787_leftImg8bit.png,1,1145,383,1225,469
776,train/hamburg/hamburg_000000_093787_leftImg8bit.png,1,1194,276,1440,519
777,train/hamburg/hamburg_000000_093787_leftImg8bit.png,1,1432,210,2047,733
778,train/hamburg/hamburg_000000_093787_leftImg8bit.png,1,1785,426,2047,908
779,train/hamburg/hamburg_000000_093787_leftImg8bit.png,1,908,347,991,451
780,train/hamburg/hamburg_000000_093787_leftImg8bit.png,1,894,391,951,472
781,train/hamburg/hamburg_000000_093787_leftImg8bit.png,1,768,350,920,495
782,train/hamburg/hamburg_000000_093787_leftImg8bit.png,1,778,390,884,509
783,train/hamburg/hamburg_000000_093787_leftImg8bit.png,1,718,378,867,542
784,train/hamburg/hamburg_000000_056229_leftImg8bit.png,1,780,373,929,428
785,train/hamburg/hamburg_000000_056229_leftImg8bit.png,1,1597,377,2047,742
786,train/hamburg/hamburg_000000_056229_leftImg8bit.png,1,556,362,630,417
787,train/hamburg/hamburg_000000_056229_leftImg8bit.png,1,368,357,507,464
788,train/hamburg/hamburg_000000_099902_leftImg8bit.png,3,1979,316,2047,379
789,train/hamburg/hamburg_000000_099902_leftImg8bit.png,3,1799,315,1947,373
790,train/hamburg/hamburg_000000_099902_leftImg8bit.png,3,1663,305,1808,385
791,train/hamburg/hamburg_000000_099902_leftImg8bit.png,1,1799,352,1878,419
792,train/hamburg/hamburg_000000_099902_leftImg8bit.png,1,620,381,784,442
793,train/hamburg/hamburg_000000_099902_leftImg8bit.png,4,84,397,142,456
794,train/hamburg/hamburg_000000_099902_leftImg8bit.png,1,1027,376,1149,438
795,train/hamburg/hamburg_000000_099902_leftImg8bit.png,1,824,381,975,503
796,train/hamburg/hamburg_000000_099902_leftImg8bit.png,5,952,400,1137,531
797,train/hamburg/hamburg_000000_047157_leftImg8bit.png,1,264,390,340,447
798,train/hamburg/hamburg_000000_047157_leftImg8bit.png,1,333,398,427,455
799,train/hamburg/hamburg_000000_047157_leftImg8bit.png,1,387,405,504,460
800,train/hamburg/hamburg_000000_047157_leftImg8bit.png,4,542,409,618,472
801,train/hamburg/hamburg_000000_047157_leftImg8bit.png,4,692,419,760,488
802,train/hamburg/hamburg_000000_047157_leftImg8bit.png,1,747,296,989,507
803,train/hamburg/hamburg_000000_047157_leftImg8bit.png,1,883,387,1143,536
804,train/hamburg/hamburg_000000_047157_leftImg8bit.png,0,1244,340,1312,504
805,train/hamburg/hamburg_000000_047157_leftImg8bit.png,0,1229,359,1296,520
806,train/hamburg/hamburg_000000_047157_leftImg8bit.png,1,168,412,299,499
807,train/hamburg/hamburg_000000_047157_leftImg8bit.png,1,77,406,149,461
808,train/hamburg/hamburg_000000_047157_leftImg8bit.png,0,1610,319,1669,457
809,train/hamburg/hamburg_000000_047157_leftImg8bit.png,0,1719,322,1801,533
810,train/hamburg/hamburg_000000_047157_leftImg8bit.png,0,1365,324,1446,533
811,train/hamburg/hamburg_000000_047157_leftImg8bit.png,0,1291,327,1370,537
812,train/hamburg/hamburg_000000_047157_leftImg8bit.png,5,1887,425,1980,564
813,train/hamburg/hamburg_000000_047157_leftImg8bit.png,0,1925,172,2047,806
814,train/hamburg/hamburg_000000_025802_leftImg8bit.png,1,1285,394,1402,446
815,train/hamburg/hamburg_000000_025802_leftImg8bit.png,1,1259,396,1367,449
816,train/hamburg/hamburg_000000_025802_leftImg8bit.png,1,1465,401,1551,456
817,train/hamburg/hamburg_000000_025802_leftImg8bit.png,1,1731,410,1822,472
818,train/hamburg/hamburg_000000_025802_leftImg8bit.png,1,1546,388,1756,534
819,train/hamburg/hamburg_000000_025802_leftImg8bit.png,1,1864,403,1923,522
820,train/hamburg/hamburg_000000_025802_leftImg8bit.png,1,1876,377,2047,549
821,train/hamburg/hamburg_000000_025802_leftImg8bit.png,2,521,189,1327,567
822,train/hamburg/hamburg_000000_025802_leftImg8bit.png,0,192,365,265,488
823,train/hamburg/hamburg_000000_074267_leftImg8bit.png,0,1718,344,1809,524
824,train/hamburg/hamburg_000000_074267_leftImg8bit.png,0,1800,310,1882,522
825,train/hamburg/hamburg_000000_074267_leftImg8bit.png,1,0,385,277,561
826,train/hamburg/hamburg_000000_103075_leftImg8bit.png,0,1258,379,1316,508
827,train/hamburg/hamburg_000000_103075_leftImg8bit.png,0,1352,374,1405,510
828,train/hamburg/hamburg_000000_103075_leftImg8bit.png,0,1556,386,1609,519
829,train/hamburg/hamburg_000000_103075_leftImg8bit.png,0,1620,383,1671,522
830,train/hamburg/hamburg_000000_103075_leftImg8bit.png,0,1539,376,1595,517
831,train/hamburg/hamburg_000000_103075_leftImg8bit.png,0,1459,361,1521,522
832,train/hamburg/hamburg_000000_103075_leftImg8bit.png,0,1414,377,1477,521
833,train/hamburg/hamburg_000000_103075_leftImg8bit.png,0,1590,375,1657,524
834,train/hamburg/hamburg_000000_103075_leftImg8bit.png,0,1663,330,1751,559
835,train/hamburg/hamburg_000000_097086_leftImg8bit.png,1,1732,330,1992,417
836,train/hamburg/hamburg_000000_097086_leftImg8bit.png,1,1833,351,2038,419
837,train/hamburg/hamburg_000000_097086_leftImg8bit.png,1,816,333,929,473
838,train/hamburg/hamburg_000000_097086_leftImg8bit.png,1,582,392,702,487
839,train/hamburg/hamburg_000000_097086_leftImg8bit.png,1,678,370,875,512
840,train/hamburg/hamburg_000000_097086_leftImg8bit.png,1,0,202,630,745
841,train/hamburg/hamburg_000000_097086_leftImg8bit.png,4,1891,371,2031,559
842,train/hamburg/hamburg_000000_097086_leftImg8bit.png,4,1781,361,1930,614
843,train/hamburg/hamburg_000000_097086_leftImg8bit.png,1,1340,304,1758,549
844,train/hamburg/hamburg_000000_093325_leftImg8bit.png,1,476,327,596,479
845,train/hamburg/hamburg_000000_093325_leftImg8bit.png,1,476,386,598,464
846,train/hamburg/hamburg_000000_093325_leftImg8bit.png,1,712,386,789,471
847,train/hamburg/hamburg_000000_093325_leftImg8bit.png,1,811,424,864,477
848,train/hamburg/hamburg_000000_093325_leftImg8bit.png,1,834,423,885,484
849,train/hamburg/hamburg_000000_093325_leftImg8bit.png,1,856,418,961,487
850,train/hamburg/hamburg_000000_093325_leftImg8bit.png,1,915,420,1034,504
851,train/hamburg/hamburg_000000_093325_leftImg8bit.png,1,981,420,1077,517
852,train/hamburg/hamburg_000000_093325_leftImg8bit.png,1,1041,378,1235,538
853,train/hamburg/hamburg_000000_093325_leftImg8bit.png,1,1135,413,1369,555
854,train/hamburg/hamburg_000000_093325_leftImg8bit.png,1,1273,401,1686,601
855,train/hamburg/hamburg_000000_093325_leftImg8bit.png,1,1693,396,2047,699
856,train/hamburg/hamburg_000000_093325_leftImg8bit.png,0,1072,263,1379,809
857,train/hamburg/hamburg_000000_093325_leftImg8bit.png,0,1331,244,1571,786
858,train/hamburg/hamburg_000000_093325_leftImg8bit.png,0,1224,187,1549,869
859,train/hamburg/hamburg_000000_093325_leftImg8bit.png,0,1541,254,1860,842
860,train/hamburg/hamburg_000000_088983_leftImg8bit.png,1,1141,385,1259,454
861,train/hamburg/hamburg_000000_088983_leftImg8bit.png,1,1158,410,1209,466
862,train/hamburg/hamburg_000000_088983_leftImg8bit.png,1,1180,405,1267,467
863,train/hamburg/hamburg_000000_088983_leftImg8bit.png,2,1024,361,1094,441
864,train/hamburg/hamburg_000000_088983_leftImg8bit.png,1,778,398,890,451
865,train/hamburg/hamburg_000000_088983_leftImg8bit.png,1,820,406,895,475
866,train/hamburg/hamburg_000000_088983_leftImg8bit.png,1,691,403,803,490
867,train/hamburg/hamburg_000000_088983_leftImg8bit.png,1,1007,395,1084,458
868,train/hamburg/hamburg_000000_088983_leftImg8bit.png,5,739,431,927,549
869,train/hamburg/hamburg_000000_088983_leftImg8bit.png,1,272,314,712,516
870,train/hamburg/hamburg_000000_088983_leftImg8bit.png,5,631,423,832,563
871,train/hamburg/hamburg_000000_088983_leftImg8bit.png,0,675,363,772,529
872,train/hamburg/hamburg_000000_088983_leftImg8bit.png,0,1842,337,1907,514
873,train/hamburg/hamburg_000000_088983_leftImg8bit.png,0,108,364,169,436
874,train/hamburg/hamburg_000000_088983_leftImg8bit.png,4,1797,450,1861,541
875,train/hamburg/hamburg_000000_088983_leftImg8bit.png,4,418,413,475,531
876,train/hamburg/hamburg_000000_088983_leftImg8bit.png,4,453,423,514,537
877,train/hamburg/hamburg_000000_088983_leftImg8bit.png,4,319,414,399,504
878,train/hamburg/hamburg_000000_088983_leftImg8bit.png,4,327,409,411,531
879,train/hamburg/hamburg_000000_088983_leftImg8bit.png,1,1210,112,1794,601
880,train/hamburg/hamburg_000000_088983_leftImg8bit.png,1,0,343,160,739
881,train/hamburg/hamburg_000000_088983_leftImg8bit.png,0,1524,214,1584,491
882,train/hamburg/hamburg_000000_088983_leftImg8bit.png,0,1478,308,1594,625
883,train/hamburg/hamburg_000000_088983_leftImg8bit.png,0,1915,328,1996,452
884,train/hamburg/hamburg_000000_088983_leftImg8bit.png,0,1672,273,1805,669
885,train/hamburg/hamburg_000000_093572_leftImg8bit.png,1,846,319,908,416
886,train/hamburg/hamburg_000000_093572_leftImg8bit.png,1,0,334,173,509
887,train/hamburg/hamburg_000000_093572_leftImg8bit.png,4,334,357,420,413
888,train/hamburg/hamburg_000000_093572_leftImg8bit.png,1,849,337,923,423
889,train/hamburg/hamburg_000000_093572_leftImg8bit.png,1,852,347,915,418
890,train/hamburg/hamburg_000000_093572_leftImg8bit.png,1,504,301,661,444
891,train/hamburg/hamburg_000000_093572_leftImg8bit.png,4,1239,396,1344,472
892,train/hamburg/hamburg_000000_093572_leftImg8bit.png,1,1944,367,2047,472
893,train/hamburg/hamburg_000000_093572_leftImg8bit.png,1,1759,370,2033,489
894,train/hamburg/hamburg_000000_093572_leftImg8bit.png,1,1586,355,1792,491
895,train/hamburg/hamburg_000000_093572_leftImg8bit.png,1,1363,373,1630,492
896,train/hamburg/hamburg_000000_046078_leftImg8bit.png,1,1035,400,1166,496
897,train/hamburg/hamburg_000000_046078_leftImg8bit.png,1,858,349,972,466
898,train/hamburg/hamburg_000000_046078_leftImg8bit.png,1,0,235,147,649
899,train/hamburg/hamburg_000000_046078_leftImg8bit.png,0,201,387,264,509
900,train/hamburg/hamburg_000000_046078_leftImg8bit.png,1,638,311,850,506
901,train/hamburg/hamburg_000000_091038_leftImg8bit.png,1,1267,360,1402,469
902,train/hamburg/hamburg_000000_091038_leftImg8bit.png,1,1138,367,1298,520
903,train/hamburg/hamburg_000000_091038_leftImg8bit.png,1,1333,215,1703,550
904,train/hamburg/hamburg_000000_091038_leftImg8bit.png,0,1858,263,1989,472
905,train/hamburg/hamburg_000000_091038_leftImg8bit.png,1,1982,547,2047,870
906,train/hamburg/hamburg_000000_091038_leftImg8bit.png,1,1458,342,1959,631
907,train/hamburg/hamburg_000000_091038_leftImg8bit.png,0,659,363,712,459
908,train/hamburg/hamburg_000000_091038_leftImg8bit.png,1,426,342,699,519
909,train/hamburg/hamburg_000000_091038_leftImg8bit.png,0,357,355,415,492
910,train/hamburg/hamburg_000000_091038_leftImg8bit.png,0,12,327,83,441
911,train/hamburg/hamburg_000000_091038_leftImg8bit.png,4,190,386,429,580
912,train/hamburg/hamburg_000000_091038_leftImg8bit.png,1,0,398,152,646
913,train/hamburg/hamburg_000000_091038_leftImg8bit.png,4,479,444,563,631
914,train/hamburg/hamburg_000000_063698_leftImg8bit.png,1,1305,382,1374,446
915,train/hamburg/hamburg_000000_063698_leftImg8bit.png,1,1316,411,1391,482
916,train/hamburg/hamburg_000000_063698_leftImg8bit.png,1,1343,405,1521,486
917,train/hamburg/hamburg_000000_063698_leftImg8bit.png,1,1508,322,1870,462
918,train/hamburg/hamburg_000000_063698_leftImg8bit.png,1,1510,391,1825,515
919,train/hamburg/hamburg_000000_063698_leftImg8bit.png,1,1610,378,1894,529
920,train/hamburg/hamburg_000000_063698_leftImg8bit.png,1,1837,375,2047,553
921,train/hamburg/hamburg_000000_063698_leftImg8bit.png,1,1088,421,1178,474
922,train/hamburg/hamburg_000000_063698_leftImg8bit.png,1,1143,340,1331,505
923,train/hamburg/hamburg_000000_063698_leftImg8bit.png,1,905,406,963,462
924,train/hamburg/hamburg_000000_063698_leftImg8bit.png,1,301,449,360,502
925,train/hamburg/hamburg_000000_063698_leftImg8bit.png,1,239,443,319,507
926,train/hamburg/hamburg_000000_063698_leftImg8bit.png,1,130,444,258,517
927,train/hamburg/hamburg_000000_063698_leftImg8bit.png,1,26,444,152,527
928,train/hamburg/hamburg_000000_062964_leftImg8bit.png,1,618,377,728,429
929,train/hamburg/hamburg_000000_062964_leftImg8bit.png,1,477,375,614,464
930,train/hamburg/hamburg_000000_062964_leftImg8bit.png,1,306,393,411,451
931,train/hamburg/hamburg_000000_062964_leftImg8bit.png,1,1412,355,1486,438
932,train/hamburg/hamburg_000000_062964_leftImg8bit.png,0,1567,294,1652,537
933,train/hamburg/hamburg_000000_062964_leftImg8bit.png,0,1498,301,1566,533
934,train/hamburg/hamburg_000000_062964_leftImg8bit.png,0,1510,286,1609,542
935,train/hamburg/hamburg_000000_062964_leftImg8bit.png,0,1784,340,1835,474
936,train/hamburg/hamburg_000000_062964_leftImg8bit.png,0,1909,360,1960,461
937,train/hamburg/hamburg_000000_062964_leftImg8bit.png,0,1951,325,2007,459
938,train/hamburg/hamburg_000000_062964_leftImg8bit.png,1,1062,372,1194,466
939,train/hamburg/hamburg_000000_062964_leftImg8bit.png,1,1017,368,1075,421
940,train/hamburg/hamburg_000000_062964_leftImg8bit.png,1,821,382,892,433
941,train/hamburg/hamburg_000000_085645_leftImg8bit.png,0,971,331,1024,545
942,train/hamburg/hamburg_000000_085645_leftImg8bit.png,0,1020,345,1082,541
943,train/hamburg/hamburg_000000_085645_leftImg8bit.png,0,1027,322,1120,551
944,train/hamburg/hamburg_000000_085645_leftImg8bit.png,1,848,377,903,435
945,train/hamburg/hamburg_000000_085645_leftImg8bit.png,1,813,387,875,439
946,train/hamburg/hamburg_000000_085645_leftImg8bit.png,1,743,370,822,448
947,train/hamburg/hamburg_000000_085645_leftImg8bit.png,4,745,411,939,525
948,train/hamburg/hamburg_000000_085645_leftImg8bit.png,1,349,376,601,497
949,train/hamburg/hamburg_000000_085645_leftImg8bit.png,0,236,314,316,510
950,train/hamburg/hamburg_000000_085645_leftImg8bit.png,0,1194,324,1315,545
951,train/hamburg/hamburg_000000_085645_leftImg8bit.png,1,1416,326,1630,600
952,train/hamburg/hamburg_000000_085645_leftImg8bit.png,1,1540,75,2047,870
953,train/hamburg/hamburg_000000_049558_leftImg8bit.png,1,830,242,942,336
954,train/hamburg/hamburg_000000_049558_leftImg8bit.png,1,0,241,137,425
955,train/hamburg/hamburg_000000_049558_leftImg8bit.png,0,80,205,174,523
956,train/hamburg/hamburg_000000_049558_leftImg8bit.png,0,162,241,297,540
957,train/hamburg/hamburg_000000_049558_leftImg8bit.png,1,1733,248,2047,406
958,train/hamburg/hamburg_000000_042505_leftImg8bit.png,5,656,409,716,485
959,train/hamburg/hamburg_000000_042505_leftImg8bit.png,1,1222,384,1285,435
960,train/hamburg/hamburg_000000_042505_leftImg8bit.png,1,0,405,310,649
961,train/hamburg/hamburg_000000_088627_leftImg8bit.png,1,704,367,862,435
962,train/hamburg/hamburg_000000_088627_leftImg8bit.png,1,812,377,936,438
963,train/hamburg/hamburg_000000_088627_leftImg8bit.png,1,615,365,735,446
964,train/hamburg/hamburg_000000_088627_leftImg8bit.png,1,1366,394,1483,455
965,train/hamburg/hamburg_000000_088627_leftImg8bit.png,1,1243,387,1385,455
966,train/hamburg/hamburg_000000_088627_leftImg8bit.png,1,944,338,1231,450
967,train/hamburg/hamburg_000000_088627_leftImg8bit.png,4,1390,420,1444,483
968,train/hamburg/hamburg_000000_088627_leftImg8bit.png,4,1320,416,1375,488
969,train/hamburg/hamburg_000000_088627_leftImg8bit.png,4,917,395,1008,499
970,train/hamburg/hamburg_000000_088627_leftImg8bit.png,0,1200,351,1291,565
971,train/hamburg/hamburg_000000_088627_leftImg8bit.png,4,1056,418,1336,592
972,train/hamburg/hamburg_000000_094185_leftImg8bit.png,1,864,368,941,467
973,train/hamburg/hamburg_000000_094185_leftImg8bit.png,1,796,396,917,487
974,train/hamburg/hamburg_000000_094185_leftImg8bit.png,1,659,363,902,507
975,train/hamburg/hamburg_000000_094185_leftImg8bit.png,1,785,418,859,504
976,train/hamburg/hamburg_000000_094185_leftImg8bit.png,1,550,373,831,540
977,train/hamburg/hamburg_000000_094185_leftImg8bit.png,1,362,406,803,565
978,train/hamburg/hamburg_000000_094185_leftImg8bit.png,1,1138,400,1189,461
979,train/hamburg/hamburg_000000_094185_leftImg8bit.png,1,1151,401,1202,469
980,train/hamburg/hamburg_000000_094185_leftImg8bit.png,1,1159,382,1260,482
981,train/hamburg/hamburg_000000_094185_leftImg8bit.png,1,1176,391,1335,509
982,train/hamburg/hamburg_000000_094185_leftImg8bit.png,1,1237,388,1458,538
983,train/hamburg/hamburg_000000_094185_leftImg8bit.png,0,1771,340,1837,527
984,train/hamburg/hamburg_000000_094185_leftImg8bit.png,4,1368,424,1581,543
985,train/hamburg/hamburg_000000_094185_leftImg8bit.png,0,1404,314,1491,614
986,train/hamburg/hamburg_000000_094185_leftImg8bit.png,0,1503,281,1624,636
987,train/hamburg/hamburg_000000_069177_leftImg8bit.png,3,1180,317,1234,394
988,train/hamburg/hamburg_000000_069177_leftImg8bit.png,3,1214,306,1276,385
989,train/hamburg/hamburg_000000_069177_leftImg8bit.png,3,1259,253,1392,418
990,train/hamburg/hamburg_000000_069177_leftImg8bit.png,1,1203,321,1322,444
991,train/hamburg/hamburg_000000_069177_leftImg8bit.png,1,892,361,1009,454
992,train/hamburg/hamburg_000000_069177_leftImg8bit.png,3,551,324,705,419
993,train/hamburg/hamburg_000000_069177_leftImg8bit.png,1,528,368,648,442
994,train/hamburg/hamburg_000000_069177_leftImg8bit.png,1,313,391,410,447
995,train/hamburg/hamburg_000000_069177_leftImg8bit.png,1,227,395,332,454
996,train/hamburg/hamburg_000000_069177_leftImg8bit.png,1,95,388,252,461
997,train/hamburg/hamburg_000000_069177_leftImg8bit.png,4,13,403,113,472
998,train/hamburg/hamburg_000000_069177_leftImg8bit.png,4,192,407,244,460
999,train/hamburg/hamburg_000000_069177_leftImg8bit.png,0,1704,41,1756,141
1000,train/hamburg/hamburg_000000_069177_leftImg8bit.png,1,1361,349,1464,444
1001,train/hamburg/hamburg_000000_069177_leftImg8bit.png,1,1426,337,1540,455
1002,train/hamburg/hamburg_000000_069177_leftImg8bit.png,1,1483,333,1711,478
1003,train/hamburg/hamburg_000000_069177_leftImg8bit.png,0,1733,270,1799,456
1004,train/hamburg/hamburg_000000_069177_leftImg8bit.png,0,1788,282,1856,461
1005,train/hamburg/hamburg_000000_069177_leftImg8bit.png,0,1684,282,1748,466
1006,train/hamburg/hamburg_000000_069177_leftImg8bit.png,1,1799,338,2047,631
1007,train/hamburg/hamburg_000000_062371_leftImg8bit.png,1,1033,391,1106,459
1008,train/hamburg/hamburg_000000_062371_leftImg8bit.png,1,889,393,961,474
1009,train/hamburg/hamburg_000000_062371_leftImg8bit.png,1,737,407,813,461
1010,train/hamburg/hamburg_000000_062371_leftImg8bit.png,1,791,401,928,493
1011,train/hamburg/hamburg_000000_062371_leftImg8bit.png,1,915,397,1111,539
1012,train/hamburg/hamburg_000000_062371_leftImg8bit.png,1,644,410,707,462
1013,train/hamburg/hamburg_000000_062371_leftImg8bit.png,0,1232,338,1288,516
1014,train/hamburg/hamburg_000000_062371_leftImg8bit.png,1,0,426,131,517
1015,train/hamburg/hamburg_000000_062371_leftImg8bit.png,3,154,339,560,504
1016,train/hamburg/hamburg_000000_062371_leftImg8bit.png,1,248,369,712,638
1017,train/hamburg/hamburg_000000_054555_leftImg8bit.png,5,1133,423,1228,522
1018,train/hamburg/hamburg_000000_054555_leftImg8bit.png,0,1703,382,1755,502
1019,train/hamburg/hamburg_000000_054555_leftImg8bit.png,0,1916,379,1980,512
1020,train/hamburg/hamburg_000000_054555_leftImg8bit.png,1,1390,387,1609,545
1021,train/hamburg/hamburg_000000_054555_leftImg8bit.png,0,1611,277,1768,695
1022,train/hamburg/hamburg_000000_054555_leftImg8bit.png,0,1511,300,1729,715
1023,train/hamburg/hamburg_000000_054555_leftImg8bit.png,0,856,405,907,501
1024,train/hamburg/hamburg_000000_054555_leftImg8bit.png,4,894,503,1178,653
1025,train/hamburg/hamburg_000000_054555_leftImg8bit.png,0,907,304,1039,660
1026,train/hamburg/hamburg_000000_054555_leftImg8bit.png,4,722,434,1031,673
1027,train/hamburg/hamburg_000000_054555_leftImg8bit.png,0,712,273,865,680
1028,train/hamburg/hamburg_000000_054555_leftImg8bit.png,0,1320,411,1485,666
1029,train/hamburg/hamburg_000000_054555_leftImg8bit.png,0,1314,253,1447,695
1030,train/hamburg/hamburg_000000_054555_leftImg8bit.png,0,905,259,1151,779
1031,train/hamburg/hamburg_000000_054555_leftImg8bit.png,4,25,451,154,704
1032,train/hamburg/hamburg_000000_054555_leftImg8bit.png,4,229,444,306,657
1033,train/hamburg/hamburg_000000_054555_leftImg8bit.png,0,416,287,543,643
1034,train/hamburg/hamburg_000000_060907_leftImg8bit.png,1,397,405,450,462
1035,train/hamburg/hamburg_000000_060907_leftImg8bit.png,1,423,402,475,472
1036,train/hamburg/hamburg_000000_060907_leftImg8bit.png,1,438,380,565,487
1037,train/hamburg/hamburg_000000_060907_leftImg8bit.png,1,301,399,358,455
1038,train/hamburg/hamburg_000000_060907_leftImg8bit.png,1,207,370,329,488
1039,train/hamburg/hamburg_000000_060907_leftImg8bit.png,1,460,390,710,550
1040,train/hamburg/hamburg_000000_060907_leftImg8bit.png,0,1338,340,1398,489
1041,train/hamburg/hamburg_000000_060907_leftImg8bit.png,4,1210,402,1319,493
1042,train/hamburg/hamburg_000000_044747_leftImg8bit.png,1,559,401,762,482
1043,train/hamburg/hamburg_000000_044747_leftImg8bit.png,1,781,382,932,474
1044,train/hamburg/hamburg_000000_044747_leftImg8bit.png,1,1097,389,1353,493
1045,train/hamburg/hamburg_000000_044747_leftImg8bit.png,1,789,382,1136,504
1046,train/hamburg/hamburg_000000_044747_leftImg8bit.png,1,1539,356,1806,461
1047,train/hamburg/hamburg_000000_044747_leftImg8bit.png,1,1843,363,2047,506
1048,train/hamburg/hamburg_000000_044747_leftImg8bit.png,4,1775,436,1877,506
1049,train/hamburg/hamburg_000000_044747_leftImg8bit.png,1,1283,365,1688,531
1050,train/hamburg/hamburg_000000_044747_leftImg8bit.png,4,1553,414,1847,583
1051,train/hamburg/hamburg_000000_044747_leftImg8bit.png,4,1571,401,1844,616
1052,train/hamburg/hamburg_000000_044747_leftImg8bit.png,1,359,401,540,480
1053,train/hamburg/hamburg_000000_044747_leftImg8bit.png,0,265,310,368,605
1054,train/hamburg/hamburg_000000_044747_leftImg8bit.png,1,0,414,93,477
1055,train/hamburg/hamburg_000000_044747_leftImg8bit.png,0,0,338,144,602
1056,train/hamburg/hamburg_000000_044747_leftImg8bit.png,0,318,333,414,635
1057,train/hamburg/hamburg_000000_044747_leftImg8bit.png,0,275,303,420,649
1058,train/hamburg/hamburg_000000_044747_leftImg8bit.png,0,183,243,348,703
1059,train/hamburg/hamburg_000000_044747_leftImg8bit.png,0,85,267,221,713
1060,train/hamburg/hamburg_000000_044747_leftImg8bit.png,0,901,299,1100,730
1061,train/hamburg/hamburg_000000_038446_leftImg8bit.png,0,1463,324,1514,441
1062,train/hamburg/hamburg_000000_038446_leftImg8bit.png,0,757,333,809,498
1063,train/hamburg/hamburg_000000_038446_leftImg8bit.png,0,760,346,841,501
1064,train/hamburg/hamburg_000000_038446_leftImg8bit.png,0,493,351,558,518
1065,train/hamburg/hamburg_000000_038446_leftImg8bit.png,0,518,363,588,504
1066,train/hamburg/hamburg_000000_038446_leftImg8bit.png,4,1007,398,1264,545
1067,train/hamburg/hamburg_000000_038446_leftImg8bit.png,0,1075,313,1165,552
1068,train/hamburg/hamburg_000000_038446_leftImg8bit.png,0,1054,291,1112,566
1069,train/hamburg/hamburg_000000_038446_leftImg8bit.png,0,1116,321,1209,578
1070,train/hamburg/hamburg_000000_038446_leftImg8bit.png,1,1768,338,1863,417
1071,train/hamburg/hamburg_000000_038446_leftImg8bit.png,1,1613,365,1838,477
1072,train/hamburg/hamburg_000000_038446_leftImg8bit.png,1,1944,330,2047,436
1073,train/hamburg/hamburg_000000_038446_leftImg8bit.png,0,386,303,509,580
1074,train/hamburg/hamburg_000000_038446_leftImg8bit.png,4,520,401,787,645
1075,train/hamburg/hamburg_000000_038446_leftImg8bit.png,0,169,284,299,593
1076,train/hamburg/hamburg_000000_038446_leftImg8bit.png,0,250,292,390,629
1077,train/hamburg/hamburg_000000_038446_leftImg8bit.png,0,0,305,103,640
1078,train/hamburg/hamburg_000000_090742_leftImg8bit.png,1,1438,390,1528,469
1079,train/hamburg/hamburg_000000_090742_leftImg8bit.png,1,1327,344,1478,482
1080,train/hamburg/hamburg_000000_090742_leftImg8bit.png,1,1174,384,1234,436
1081,train/hamburg/hamburg_000000_090742_leftImg8bit.png,1,1108,378,1190,441
1082,train/hamburg/hamburg_000000_090742_leftImg8bit.png,1,1101,389,1169,444
1083,train/hamburg/hamburg_000000_090742_leftImg8bit.png,1,1056,386,1135,447
1084,train/hamburg/hamburg_000000_090742_leftImg8bit.png,1,1022,384,1089,454
1085,train/hamburg/hamburg_000000_090742_leftImg8bit.png,1,986,378,1052,457
1086,train/hamburg/hamburg_000000_090742_leftImg8bit.png,1,942,373,1022,463
1087,train/hamburg/hamburg_000000_090742_leftImg8bit.png,1,902,362,977,472
1088,train/hamburg/hamburg_000000_090742_leftImg8bit.png,1,733,329,931,488
1089,train/hamburg/hamburg_000000_090742_leftImg8bit.png,4,555,414,656,506
1090,train/hamburg/hamburg_000000_090742_leftImg8bit.png,0,575,344,631,514
1091,train/hamburg/hamburg_000000_090742_leftImg8bit.png,0,520,319,574,484
1092,train/hamburg/hamburg_000000_090742_leftImg8bit.png,0,420,333,496,521
1093,train/hamburg/hamburg_000000_090742_leftImg8bit.png,0,390,314,479,533
1094,train/hamburg/hamburg_000000_090742_leftImg8bit.png,1,0,319,202,643
1095,train/hamburg/hamburg_000000_090742_leftImg8bit.png,0,1255,319,1324,534
1096,train/hamburg/hamburg_000000_090742_leftImg8bit.png,0,1534,359,1590,446
1097,train/hamburg/hamburg_000000_090742_leftImg8bit.png,5,1587,403,1745,537
1098,train/hamburg/hamburg_000000_090742_leftImg8bit.png,4,1463,411,1583,507
1099,train/hamburg/hamburg_000000_090742_leftImg8bit.png,4,1590,395,1767,578
1100,train/hamburg/hamburg_000000_090742_leftImg8bit.png,0,1885,283,1944,395
1101,train/hamburg/hamburg_000000_090742_leftImg8bit.png,1,1768,292,2047,781
1102,train/hamburg/hamburg_000000_053086_leftImg8bit.png,1,1377,354,1439,409
1103,train/hamburg/hamburg_000000_053086_leftImg8bit.png,1,1370,367,1434,439
1104,train/hamburg/hamburg_000000_053086_leftImg8bit.png,3,1424,176,1767,505
1105,train/hamburg/hamburg_000000_054029_leftImg8bit.png,1,1768,294,2047,613
1106,train/hamburg/hamburg_000000_054029_leftImg8bit.png,1,1832,336,2047,709
1107,train/hamburg/hamburg_000000_054029_leftImg8bit.png,1,1210,328,1306,409
1108,train/hamburg/hamburg_000000_054029_leftImg8bit.png,1,1027,310,1101,375
1109,train/hamburg/hamburg_000000_054029_leftImg8bit.png,1,837,337,926,400
1110,train/hamburg/hamburg_000000_054029_leftImg8bit.png,1,922,341,1031,426
1111,train/hamburg/hamburg_000000_054029_leftImg8bit.png,4,1283,362,1365,431
1112,train/hamburg/hamburg_000000_054029_leftImg8bit.png,5,1305,374,1413,437
1113,train/hamburg/hamburg_000000_054029_leftImg8bit.png,1,1077,341,1223,464
1114,train/hamburg/hamburg_000000_054029_leftImg8bit.png,0,1031,336,1122,512
1115,train/hamburg/hamburg_000000_054029_leftImg8bit.png,0,661,305,807,559
1116,train/hamburg/hamburg_000000_054029_leftImg8bit.png,0,475,337,532,466
1117,train/hamburg/hamburg_000000_054029_leftImg8bit.png,0,399,330,486,477
1118,train/hamburg/hamburg_000000_054029_leftImg8bit.png,0,390,328,448,484
1119,train/hamburg/hamburg_000000_054029_leftImg8bit.png,0,252,331,315,499
1120,train/hamburg/hamburg_000000_054029_leftImg8bit.png,0,197,320,267,475
1121,train/hamburg/hamburg_000000_054029_leftImg8bit.png,5,304,410,391,499
1122,train/hamburg/hamburg_000000_054029_leftImg8bit.png,4,270,418,437,573
1123,train/hamburg/hamburg_000000_054029_leftImg8bit.png,4,184,412,357,572
1124,train/hamburg/hamburg_000000_054029_leftImg8bit.png,0,97,346,181,452
1125,train/hamburg/hamburg_000000_054029_leftImg8bit.png,0,77,330,170,480
1126,train/hamburg/hamburg_000000_054029_leftImg8bit.png,4,12,401,169,595
1127,train/hamburg/hamburg_000000_054029_leftImg8bit.png,4,121,423,309,604
1128,train/hamburg/hamburg_000000_054029_leftImg8bit.png,4,0,406,125,599
1129,train/hamburg/hamburg_000000_054029_leftImg8bit.png,4,9,492,123,617
1130,train/hamburg/hamburg_000000_054029_leftImg8bit.png,4,154,499,263,622
1131,train/hamburg/hamburg_000000_054029_leftImg8bit.png,4,0,431,208,629
1132,train/hamburg/hamburg_000000_059339_leftImg8bit.png,3,367,401,418,452
1133,train/hamburg/hamburg_000000_059339_leftImg8bit.png,3,0,325,141,462
1134,train/hamburg/hamburg_000000_059339_leftImg8bit.png,1,0,385,230,670
1135,train/hamburg/hamburg_000000_059339_leftImg8bit.png,1,571,413,658,474
1136,train/hamburg/hamburg_000000_059339_leftImg8bit.png,1,658,397,858,537
1137,train/hamburg/hamburg_000000_059339_leftImg8bit.png,3,1027,328,1208,470
1138,train/hamburg/hamburg_000000_059339_leftImg8bit.png,0,1767,350,1818,470
1139,train/hamburg/hamburg_000000_059339_leftImg8bit.png,0,1821,343,1886,467
1140,train/hamburg/hamburg_000000_059339_leftImg8bit.png,0,1336,354,1419,593
1141,train/hamburg/hamburg_000000_059339_leftImg8bit.png,0,1378,345,1486,602
1142,train/hamburg/hamburg_000000_048960_leftImg8bit.png,5,1209,400,1260,481
1143,train/hamburg/hamburg_000000_048960_leftImg8bit.png,1,1218,394,1316,504
1144,train/hamburg/hamburg_000000_048960_leftImg8bit.png,1,1258,374,1404,524
1145,train/hamburg/hamburg_000000_048960_leftImg8bit.png,1,1327,341,1517,557
1146,train/hamburg/hamburg_000000_048960_leftImg8bit.png,1,1416,374,1745,623
1147,train/hamburg/hamburg_000000_048960_leftImg8bit.png,1,1576,283,2047,773
1148,train/hamburg/hamburg_000000_048960_leftImg8bit.png,1,1904,510,2047,875
1149,train/hamburg/hamburg_000000_048960_leftImg8bit.png,0,470,333,537,502
1150,train/hamburg/hamburg_000000_048960_leftImg8bit.png,4,212,368,406,573
1151,train/hamburg/hamburg_000000_053776_leftImg8bit.png,0,1778,418,1831,486
1152,train/hamburg/hamburg_000000_053776_leftImg8bit.png,0,1426,434,1480,493
1153,train/hamburg/hamburg_000000_053776_leftImg8bit.png,0,1550,353,1606,531
1154,train/hamburg/hamburg_000000_053776_leftImg8bit.png,0,1895,357,1986,543
1155,train/hamburg/hamburg_000000_053776_leftImg8bit.png,0,1837,341,1909,541
1156,train/hamburg/hamburg_000000_053776_leftImg8bit.png,0,1306,341,1421,534
1157,train/hamburg/hamburg_000000_053776_leftImg8bit.png,0,1330,371,1389,535
1158,train/hamburg/hamburg_000000_053776_leftImg8bit.png,0,1391,349,1453,536
1159,train/hamburg/hamburg_000000_053776_leftImg8bit.png,0,1268,319,1327,533
1160,train/hamburg/hamburg_000000_053776_leftImg8bit.png,0,1135,345,1210,521
1161,train/hamburg/hamburg_000000_053776_leftImg8bit.png,1,950,370,1121,517
1162,train/hamburg/hamburg_000000_053776_leftImg8bit.png,0,976,357,1033,525
1163,train/hamburg/hamburg_000000_053776_leftImg8bit.png,0,1021,348,1096,532
1164,train/hamburg/hamburg_000000_053776_leftImg8bit.png,0,1126,353,1187,534
1165,train/hamburg/hamburg_000000_053776_leftImg8bit.png,0,1085,354,1143,531
1166,train/hamburg/hamburg_000000_053776_leftImg8bit.png,4,879,448,951,512
1167,train/hamburg/hamburg_000000_053776_leftImg8bit.png,4,534,439,599,509
1168,train/hamburg/hamburg_000000_053776_leftImg8bit.png,1,560,354,923,516
1169,train/hamburg/hamburg_000000_053776_leftImg8bit.png,1,0,403,212,509
1170,train/hamburg/hamburg_000000_053776_leftImg8bit.png,1,162,392,551,514
1171,train/hamburg/hamburg_000000_016691_leftImg8bit.png,1,293,383,480,518
1172,train/hamburg/hamburg_000000_016691_leftImg8bit.png,1,0,390,310,549
1173,train/hamburg/hamburg_000000_016691_leftImg8bit.png,1,673,369,749,426
1174,train/hamburg/hamburg_000000_016691_leftImg8bit.png,1,322,365,769,601
1175,train/hamburg/hamburg_000000_016691_leftImg8bit.png,1,879,377,996,435
1176,train/hamburg/hamburg_000000_016691_leftImg8bit.png,1,1382,364,1497,422
1177,train/hamburg/hamburg_000000_016691_leftImg8bit.png,1,1482,306,1595,435
1178,train/hamburg/hamburg_000000_016691_leftImg8bit.png,2,1547,0,2047,718
1179,train/hamburg/hamburg_000000_016691_leftImg8bit.png,1,929,374,1099,474
1180,train/hamburg/hamburg_000000_082301_leftImg8bit.png,1,1321,380,1475,448
1181,train/hamburg/hamburg_000000_082301_leftImg8bit.png,1,687,398,789,499
1182,train/hamburg/hamburg_000000_082301_leftImg8bit.png,1,565,388,745,525
1183,train/hamburg/hamburg_000000_082301_leftImg8bit.png,1,514,393,656,563
1184,train/hamburg/hamburg_000000_082301_leftImg8bit.png,1,117,320,548,638
1185,train/hamburg/hamburg_000000_082301_leftImg8bit.png,1,0,391,264,766
1186,train/hamburg/hamburg_000000_082301_leftImg8bit.png,1,1422,357,1733,654
1187,train/hamburg/hamburg_000000_082301_leftImg8bit.png,1,1131,383,1188,457
1188,train/hamburg/hamburg_000000_082301_leftImg8bit.png,1,1017,358,1181,504
1189,train/hamburg/hamburg_000000_055894_leftImg8bit.png,1,744,413,816,468
1190,train/hamburg/hamburg_000000_055894_leftImg8bit.png,1,850,404,903,476
1191,train/hamburg/hamburg_000000_055894_leftImg8bit.png,1,796,413,888,480
1192,train/hamburg/hamburg_000000_055894_leftImg8bit.png,0,0,367,82,731
1193,train/hamburg/hamburg_000000_055894_leftImg8bit.png,4,748,430,802,508
1194,train/hamburg/hamburg_000000_055894_leftImg8bit.png,0,930,380,1005,538
1195,train/hamburg/hamburg_000000_055894_leftImg8bit.png,0,877,368,941,538
1196,train/hamburg/hamburg_000000_055894_leftImg8bit.png,0,1301,365,1393,560
1197,train/hamburg/hamburg_000000_055894_leftImg8bit.png,0,1222,354,1313,562
1198,train/hamburg/hamburg_000000_055894_leftImg8bit.png,0,1421,342,1487,559
1199,train/hamburg/hamburg_000000_055894_leftImg8bit.png,0,1775,525,1857,599
1200,train/hamburg/hamburg_000000_055894_leftImg8bit.png,0,1777,296,1849,493
1201,train/hamburg/hamburg_000000_055894_leftImg8bit.png,0,1828,278,1984,661
1202,train/hamburg/hamburg_000000_055894_leftImg8bit.png,0,1695,257,1842,669
1203,train/hamburg/hamburg_000000_055894_leftImg8bit.png,0,1628,229,1788,686
1204,train/hamburg/hamburg_000000_070334_leftImg8bit.png,0,1963,245,2047,488
1205,train/hamburg/hamburg_000000_070334_leftImg8bit.png,4,1727,375,1857,512
1206,train/hamburg/hamburg_000000_070334_leftImg8bit.png,0,1762,294,1832,373
1207,train/hamburg/hamburg_000000_070334_leftImg8bit.png,0,1558,297,1664,503
1208,train/hamburg/hamburg_000000_070334_leftImg8bit.png,0,1438,314,1582,591
1209,train/hamburg/hamburg_000000_070334_leftImg8bit.png,0,1305,308,1440,583
1210,train/hamburg/hamburg_000000_070334_leftImg8bit.png,4,1555,387,1896,607
1211,train/hamburg/hamburg_000000_070334_leftImg8bit.png,4,1647,398,2031,629
1212,train/hamburg/hamburg_000000_070334_leftImg8bit.png,0,81,332,152,452
1213,train/hamburg/hamburg_000000_070334_leftImg8bit.png,0,32,310,125,479
1214,train/hamburg/hamburg_000000_070334_leftImg8bit.png,0,342,330,423,439
1215,train/hamburg/hamburg_000000_070334_leftImg8bit.png,0,378,328,444,437
1216,train/hamburg/hamburg_000000_070334_leftImg8bit.png,0,182,332,265,599
1217,train/hamburg/hamburg_000000_070334_leftImg8bit.png,0,664,288,774,578
1218,train/hamburg/hamburg_000000_070334_leftImg8bit.png,0,692,318,770,589
1219,train/hamburg/hamburg_000000_070334_leftImg8bit.png,0,852,280,962,594
1220,train/hamburg/hamburg_000000_070334_leftImg8bit.png,0,962,330,1105,590
1221,train/hamburg/hamburg_000000_069289_leftImg8bit.png,0,1819,324,1900,420
1222,train/hamburg/hamburg_000000_069289_leftImg8bit.png,1,929,373,1009,425
1223,train/hamburg/hamburg_000000_069289_leftImg8bit.png,1,1021,369,1095,425
1224,train/hamburg/hamburg_000000_069289_leftImg8bit.png,3,1080,277,1197,432
1225,train/hamburg/hamburg_000000_069289_leftImg8bit.png,0,1994,264,2047,387
1226,train/hamburg/hamburg_000000_069289_leftImg8bit.png,0,1578,304,1656,460
1227,train/hamburg/hamburg_000000_069289_leftImg8bit.png,0,1748,297,1849,500
1228,train/hamburg/hamburg_000000_069289_leftImg8bit.png,0,1949,273,2014,467
1229,train/hamburg/hamburg_000000_069289_leftImg8bit.png,3,1167,230,1352,440
1230,train/hamburg/hamburg_000000_069289_leftImg8bit.png,0,1732,301,1785,446
1231,train/hamburg/hamburg_000000_069289_leftImg8bit.png,0,1731,289,1792,452
1232,train/hamburg/hamburg_000000_069289_leftImg8bit.png,0,1698,297,1753,462
1233,train/hamburg/hamburg_000000_069289_leftImg8bit.png,0,1748,298,1850,501
1234,train/hamburg/hamburg_000000_045908_leftImg8bit.png,0,1971,363,2024,488
1235,train/hamburg/hamburg_000000_045908_leftImg8bit.png,1,1624,387,1743,460
1236,train/hamburg/hamburg_000000_045908_leftImg8bit.png,0,1527,373,1610,536
1237,train/hamburg/hamburg_000000_045908_leftImg8bit.png,0,1576,349,1636,540
1238,train/hamburg/hamburg_000000_045908_leftImg8bit.png,1,939,400,1052,484
1239,train/hamburg/hamburg_000000_045908_leftImg8bit.png,1,1015,400,1144,506
1240,train/hamburg/hamburg_000000_045908_leftImg8bit.png,1,831,414,972,498
1241,train/hamburg/hamburg_000000_045908_leftImg8bit.png,1,706,401,913,547
1242,train/hamburg/hamburg_000000_045908_leftImg8bit.png,0,265,409,324,545
1243,train/hamburg/hamburg_000000_045908_leftImg8bit.png,0,212,412,264,550
1244,train/hamburg/hamburg_000000_045908_leftImg8bit.png,0,136,405,190,520
1245,train/hamburg/hamburg_000000_045908_leftImg8bit.png,0,87,414,166,593
1246,train/hamburg/hamburg_000000_045908_leftImg8bit.png,1,1021,389,1386,664
1247,train/hamburg/hamburg_000000_073758_leftImg8bit.png,0,649,353,715,520
1248,train/hamburg/hamburg_000000_073758_leftImg8bit.png,0,778,359,837,519
1249,train/hamburg/hamburg_000000_073758_leftImg8bit.png,0,815,352,888,526
1250,train/hamburg/hamburg_000000_073758_leftImg8bit.png,0,863,346,914,525
1251,train/hamburg/hamburg_000000_073758_leftImg8bit.png,0,899,349,979,526
1252,train/hamburg/hamburg_000000_073758_leftImg8bit.png,0,979,357,1047,515
1253,train/hamburg/hamburg_000000_073758_leftImg8bit.png,0,716,364,797,521
1254,train/hamburg/hamburg_000000_073758_leftImg8bit.png,3,1096,307,1763,470
1255,train/hamburg/hamburg_000000_073758_leftImg8bit.png,0,1058,334,1158,528
1256,train/hamburg/hamburg_000000_073758_leftImg8bit.png,1,1145,388,1474,491
1257,train/hamburg/hamburg_000000_001106_leftImg8bit.png,2,1193,330,1392,382
1258,train/hamburg/hamburg_000000_001106_leftImg8bit.png,1,1938,369,2047,486
1259,train/hamburg/hamburg_000000_001106_leftImg8bit.png,1,670,336,813,402
1260,train/hamburg/hamburg_000000_001106_leftImg8bit.png,1,973,322,1053,383
1261,train/hamburg/hamburg_000000_001106_leftImg8bit.png,1,834,345,964,414
1262,train/hamburg/hamburg_000000_001106_leftImg8bit.png,1,547,336,711,411
1263,train/hamburg/hamburg_000000_001106_leftImg8bit.png,1,710,354,879,438
1264,train/hamburg/hamburg_000000_001106_leftImg8bit.png,1,878,351,1023,475
1265,train/hamburg/hamburg_000000_001106_leftImg8bit.png,1,1228,348,1416,441
1266,train/hamburg/hamburg_000000_001106_leftImg8bit.png,1,1463,364,1639,462
1267,train/hamburg/hamburg_000000_001106_leftImg8bit.png,1,1319,366,1568,485
1268,train/hamburg/hamburg_000000_001106_leftImg8bit.png,1,978,315,1236,548
1269,train/hamburg/hamburg_000000_079376_leftImg8bit.png,1,1239,370,1345,427
1270,train/hamburg/hamburg_000000_079376_leftImg8bit.png,1,1257,378,1340,435
1271,train/hamburg/hamburg_000000_079376_leftImg8bit.png,1,1272,378,1397,438
1272,train/hamburg/hamburg_000000_079376_leftImg8bit.png,1,1374,325,1641,519
1273,train/hamburg/hamburg_000000_079376_leftImg8bit.png,1,1039,369,1093,426
1274,train/hamburg/hamburg_000000_079376_leftImg8bit.png,1,1026,371,1085,426
1275,train/hamburg/hamburg_000000_079376_leftImg8bit.png,1,938,363,1071,441
1276,train/hamburg/hamburg_000000_079376_leftImg8bit.png,1,935,362,1035,449
1277,train/hamburg/hamburg_000000_079376_leftImg8bit.png,1,871,366,1023,442
1278,train/hamburg/hamburg_000000_079376_leftImg8bit.png,1,851,368,928,492
1279,train/hamburg/hamburg_000000_079376_leftImg8bit.png,1,589,322,886,493
1280,train/hamburg/hamburg_000000_079376_leftImg8bit.png,1,564,353,861,526
1281,train/hamburg/hamburg_000000_079376_leftImg8bit.png,1,143,340,796,602
1282,train/hamburg/hamburg_000000_088939_leftImg8bit.png,2,1082,386,1147,452
1283,train/hamburg/hamburg_000000_088939_leftImg8bit.png,4,1895,390,2047,548
1284,train/hamburg/hamburg_000000_088939_leftImg8bit.png,0,1819,346,1885,504
1285,train/hamburg/hamburg_000000_088939_leftImg8bit.png,1,1084,411,1146,480
1286,train/hamburg/hamburg_000000_088939_leftImg8bit.png,0,1125,386,1185,509
1287,train/hamburg/hamburg_000000_088939_leftImg8bit.png,0,1615,370,1675,450
1288,train/hamburg/hamburg_000000_088939_leftImg8bit.png,0,1700,367,1751,466
1289,train/hamburg/hamburg_000000_088939_leftImg8bit.png,4,1631,403,1748,542
1290,train/hamburg/hamburg_000000_088939_leftImg8bit.png,4,1700,409,1784,531
1291,train/hamburg/hamburg_000000_088939_leftImg8bit.png,1,1209,264,1498,528
1292,train/hamburg/hamburg_000000_088939_leftImg8bit.png,0,1348,320,1400,465
1293,train/hamburg/hamburg_000000_088939_leftImg8bit.png,0,1316,363,1381,536
1294,train/hamburg/hamburg_000000_088939_leftImg8bit.png,0,1397,363,1452,534
1295,train/hamburg/hamburg_000000_088939_leftImg8bit.png,1,909,428,974,480
1296,train/hamburg/hamburg_000000_088939_leftImg8bit.png,1,592,358,846,498
1297,train/hamburg/hamburg_000000_088939_leftImg8bit.png,5,702,427,806,519
1298,train/hamburg/hamburg_000000_088939_leftImg8bit.png,1,486,385,714,581
1299,train/hamburg/hamburg_000000_088939_leftImg8bit.png,1,107,359,550,672
1300,train/hamburg/hamburg_000000_088939_leftImg8bit.png,1,0,291,215,760
1301,train/hamburg/hamburg_000000_065983_leftImg8bit.png,1,1026,421,1077,484
1302,train/hamburg/hamburg_000000_065983_leftImg8bit.png,1,988,390,1057,494
1303,train/hamburg/hamburg_000000_065983_leftImg8bit.png,1,842,362,1024,529
1304,train/hamburg/hamburg_000000_065983_leftImg8bit.png,1,841,398,986,557
1305,train/hamburg/hamburg_000000_065983_leftImg8bit.png,1,702,395,941,598
1306,train/hamburg/hamburg_000000_065983_leftImg8bit.png,1,372,373,818,700
1307,train/hamburg/hamburg_000000_065983_leftImg8bit.png,0,274,426,327,499
1308,train/hamburg/hamburg_000000_065983_leftImg8bit.png,0,309,320,494,816
1309,train/hamburg/hamburg_000000_065983_leftImg8bit.png,1,0,301,408,1023
1310,train/hamburg/hamburg_000000_056508_leftImg8bit.png,1,0,450,83,507
1311,train/hamburg/hamburg_000000_056508_leftImg8bit.png,1,442,425,516,481
1312,train/hamburg/hamburg_000000_056508_leftImg8bit.png,1,375,415,556,489
1313,train/hamburg/hamburg_000000_056508_leftImg8bit.png,0,339,406,395,513
1314,train/hamburg/hamburg_000000_056508_leftImg8bit.png,1,866,404,1002,498
1315,train/hamburg/hamburg_000000_056508_leftImg8bit.png,1,1088,392,1198,486
1316,train/hamburg/hamburg_000000_056508_leftImg8bit.png,1,1336,366,1473,431
1317,train/hamburg/hamburg_000000_056508_leftImg8bit.png,0,1645,258,1752,557
1318,train/hamburg/hamburg_000000_056508_leftImg8bit.png,0,1808,258,1930,548
1319,train/hamburg/hamburg_000000_056508_leftImg8bit.png,0,1916,345,1989,537
1320,train/hamburg/hamburg_000000_056508_leftImg8bit.png,0,1736,359,1824,552
1321,train/hamburg/hamburg_000000_066424_leftImg8bit.png,1,1468,307,1539,370
1322,train/hamburg/hamburg_000000_066424_leftImg8bit.png,1,1495,299,1559,377
1323,train/hamburg/hamburg_000000_066424_leftImg8bit.png,1,1516,248,1835,415
1324,train/hamburg/hamburg_000000_066424_leftImg8bit.png,1,1591,273,1784,420
1325,train/hamburg/hamburg_000000_066424_leftImg8bit.png,1,1671,187,2047,550
1326,train/hamburg/hamburg_000000_066424_leftImg8bit.png,4,1904,324,2047,609
1327,train/hamburg/hamburg_000000_066424_leftImg8bit.png,1,1262,334,1315,401
1328,train/hamburg/hamburg_000000_066424_leftImg8bit.png,1,1171,344,1292,431
1329,train/hamburg/hamburg_000000_066424_leftImg8bit.png,1,1102,263,1272,441
1330,train/hamburg/hamburg_000000_066424_leftImg8bit.png,1,973,329,1156,492
1331,train/hamburg/hamburg_000000_066424_leftImg8bit.png,0,783,286,839,347
1332,train/hamburg/hamburg_000000_066424_leftImg8bit.png,1,697,299,1060,555
1333,train/hamburg/hamburg_000000_066424_leftImg8bit.png,1,0,56,811,908
1334,train/hamburg/hamburg_000000_066424_leftImg8bit.png,0,1007,266,1093,547
1335,train/hamburg/hamburg_000000_057678_leftImg8bit.png,1,1009,394,1081,448
1336,train/hamburg/hamburg_000000_057678_leftImg8bit.png,1,899,398,998,462
1337,train/hamburg/hamburg_000000_057678_leftImg8bit.png,1,827,385,895,459
1338,train/hamburg/hamburg_000000_057678_leftImg8bit.png,5,790,429,858,539
1339,train/hamburg/hamburg_000000_057678_leftImg8bit.png,1,527,364,760,525
1340,train/hamburg/hamburg_000000_057678_leftImg8bit.png,1,173,354,463,540
1341,train/hamburg/hamburg_000000_057678_leftImg8bit.png,1,0,405,58,545
1342,train/hamburg/hamburg_000000_070444_leftImg8bit.png,0,72,268,228,523
1343,train/hamburg/hamburg_000000_070444_leftImg8bit.png,0,231,302,319,449
1344,train/hamburg/hamburg_000000_070444_leftImg8bit.png,0,1632,34,1686,106
1345,train/hamburg/hamburg_000000_070444_leftImg8bit.png,0,1487,290,1750,704
1346,train/hamburg/hamburg_000000_070444_leftImg8bit.png,0,1438,264,1666,759
1347,train/hamburg/hamburg_000000_070444_leftImg8bit.png,3,1003,337,1056,389
1348,train/hamburg/hamburg_000000_070444_leftImg8bit.png,0,900,272,1033,562
1349,train/hamburg/hamburg_000000_070444_leftImg8bit.png,0,940,300,1092,694
1350,train/hamburg/hamburg_000000_070444_leftImg8bit.png,0,842,255,978,587
1351,train/hamburg/hamburg_000000_070444_leftImg8bit.png,0,481,285,635,673
1352,train/hamburg/hamburg_000000_070444_leftImg8bit.png,0,737,308,819,642
1353,train/hamburg/hamburg_000000_070444_leftImg8bit.png,0,459,288,631,700
1354,train/hamburg/hamburg_000000_070444_leftImg8bit.png,4,536,431,959,753
1355,train/hamburg/hamburg_000000_070444_leftImg8bit.png,0,1146,287,1290,697
1356,train/hamburg/hamburg_000000_070444_leftImg8bit.png,0,1024,171,1279,797
1357,train/hamburg/hamburg_000000_070444_leftImg8bit.png,4,868,410,1438,830
1358,train/hamburg/hamburg_000000_070444_leftImg8bit.png,0,605,203,781,776
1359,train/hamburg/hamburg_000000_036427_leftImg8bit.png,3,0,211,1423,551
1360,train/hamburg/hamburg_000000_036427_leftImg8bit.png,1,33,255,825,596
1361,train/hamburg/hamburg_000000_036427_leftImg8bit.png,0,916,307,1048,622
1362,train/hamburg/hamburg_000000_036427_leftImg8bit.png,0,611,310,726,637
1363,train/hamburg/hamburg_000000_036427_leftImg8bit.png,0,332,320,479,639
1364,train/hamburg/hamburg_000000_036427_leftImg8bit.png,0,230,288,406,654
1365,train/hamburg/hamburg_000000_036427_leftImg8bit.png,0,1687,244,2017,768
1366,train/hamburg/hamburg_000000_036427_leftImg8bit.png,0,0,454,51,678
1367,train/hamburg/hamburg_000000_053563_leftImg8bit.png,3,179,415,304,496
1368,train/hamburg/hamburg_000000_053563_leftImg8bit.png,1,1026,403,1094,454
1369,train/hamburg/hamburg_000000_053563_leftImg8bit.png,1,1052,405,1245,488
1370,train/hamburg/hamburg_000000_053563_leftImg8bit.png,0,1878,337,1959,546
1371,train/hamburg/hamburg_000000_053563_leftImg8bit.png,0,1921,325,1994,544
1372,train/hamburg/hamburg_000000_053563_leftImg8bit.png,0,1923,353,2039,578
1373,train/hamburg/hamburg_000000_053563_leftImg8bit.png,0,1898,297,2036,630
1374,train/hamburg/hamburg_000000_053563_leftImg8bit.png,0,1960,267,2047,674
1375,train/hamburg/hamburg_000000_053563_leftImg8bit.png,0,1848,329,1909,558
1376,train/hamburg/hamburg_000000_053563_leftImg8bit.png,0,1795,339,1912,571
1377,train/hamburg/hamburg_000000_053563_leftImg8bit.png,0,1453,314,1541,598
1378,train/hamburg/hamburg_000000_053563_leftImg8bit.png,0,1592,338,1716,577
1379,train/hamburg/hamburg_000000_053563_leftImg8bit.png,0,1734,334,1829,582
1380,train/hamburg/hamburg_000000_053563_leftImg8bit.png,0,1564,312,1684,612
1381,train/hamburg/hamburg_000000_053563_leftImg8bit.png,0,1512,343,1597,612
1382,train/hamburg/hamburg_000000_053563_leftImg8bit.png,0,1431,298,1560,619
1383,train/hamburg/hamburg_000000_053563_leftImg8bit.png,0,1454,310,1594,635
1384,train/hamburg/hamburg_000000_053563_leftImg8bit.png,0,1551,276,1757,697
1385,train/hamburg/hamburg_000000_053563_leftImg8bit.png,0,1656,350,1836,766
1386,train/hamburg/hamburg_000000_053563_leftImg8bit.png,1,855,412,990,483
1387,train/hamburg/hamburg_000000_053563_leftImg8bit.png,0,1160,365,1231,550
1388,train/hamburg/hamburg_000000_053563_leftImg8bit.png,0,1214,327,1302,590
1389,train/hamburg/hamburg_000000_053563_leftImg8bit.png,0,1272,315,1343,605
1390,train/hamburg/hamburg_000000_053563_leftImg8bit.png,0,1071,333,1187,563
1391,train/hamburg/hamburg_000000_053563_leftImg8bit.png,0,938,345,1102,627
1392,train/hamburg/hamburg_000000_053563_leftImg8bit.png,0,939,308,1120,637
1393,train/hamburg/hamburg_000000_053563_leftImg8bit.png,0,1071,282,1301,709
1394,train/hamburg/hamburg_000000_053563_leftImg8bit.png,0,1200,406,1334,755
1395,train/hamburg/hamburg_000000_053563_leftImg8bit.png,1,600,420,796,490
1396,train/hamburg/hamburg_000000_053563_leftImg8bit.png,1,423,434,592,498
1397,train/hamburg/hamburg_000000_053563_leftImg8bit.png,5,563,444,643,502
1398,train/hamburg/hamburg_000000_053563_leftImg8bit.png,0,622,368,732,581
1399,train/hamburg/hamburg_000000_053563_leftImg8bit.png,0,753,355,888,623
1400,train/hamburg/hamburg_000000_053563_leftImg8bit.png,0,794,296,882,631
1401,train/hamburg/hamburg_000000_053563_leftImg8bit.png,0,484,371,601,597
1402,train/hamburg/hamburg_000000_053563_leftImg8bit.png,0,155,402,206,557
1403,train/hamburg/hamburg_000000_053563_leftImg8bit.png,0,122,397,179,560
1404,train/hamburg/hamburg_000000_102379_leftImg8bit.png,2,499,317,751,413
1405,train/hamburg/hamburg_000000_102379_leftImg8bit.png,0,1878,221,2047,667
1406,train/hamburg/hamburg_000000_102379_leftImg8bit.png,0,1675,334,1755,534
1407,train/hamburg/hamburg_000000_102379_leftImg8bit.png,2,1291,340,1528,430
1408,train/hamburg/hamburg_000000_102379_leftImg8bit.png,0,1624,287,1699,611
1409,train/hamburg/hamburg_000000_102379_leftImg8bit.png,0,1501,343,1552,478
1410,train/hamburg/hamburg_000000_102379_leftImg8bit.png,0,1505,409,1581,538
1411,train/hamburg/hamburg_000000_102379_leftImg8bit.png,0,1561,322,1634,536
1412,train/hamburg/hamburg_000000_102379_leftImg8bit.png,0,1568,279,1722,626
1413,train/hamburg/hamburg_000000_102379_leftImg8bit.png,0,1717,303,1895,638
1414,train/hamburg/hamburg_000000_102379_leftImg8bit.png,0,1360,349,1440,500
1415,train/hamburg/hamburg_000000_102379_leftImg8bit.png,0,1319,349,1377,503
1416,train/hamburg/hamburg_000000_102379_leftImg8bit.png,0,1292,338,1367,511
1417,train/hamburg/hamburg_000000_102379_leftImg8bit.png,0,1257,349,1319,513
1418,train/hamburg/hamburg_000000_102379_leftImg8bit.png,1,0,374,62,436
1419,train/hamburg/hamburg_000000_102379_leftImg8bit.png,0,17,366,73,462
1420,train/hamburg/hamburg_000000_102379_leftImg8bit.png,1,206,379,385,436
1421,train/hamburg/hamburg_000000_098061_leftImg8bit.png,1,853,370,939,451
1422,train/hamburg/hamburg_000000_098061_leftImg8bit.png,1,832,390,921,453
1423,train/hamburg/hamburg_000000_098061_leftImg8bit.png,1,651,365,791,534
1424,train/hamburg/hamburg_000000_098061_leftImg8bit.png,0,192,348,252,423
1425,train/hamburg/hamburg_000000_098061_leftImg8bit.png,1,379,307,699,582
1426,train/hamburg/hamburg_000000_098061_leftImg8bit.png,1,1127,387,1185,454
1427,train/hamburg/hamburg_000000_098061_leftImg8bit.png,1,1169,352,1405,473
1428,train/hamburg/hamburg_000000_098061_leftImg8bit.png,1,1206,358,1409,492
1429,train/hamburg/hamburg_000000_098061_leftImg8bit.png,1,1290,388,1398,497
1430,train/hamburg/hamburg_000000_098061_leftImg8bit.png,1,1322,409,1386,508
1431,train/hamburg/hamburg_000000_098061_leftImg8bit.png,1,1352,369,1479,538
1432,train/hamburg/hamburg_000000_098061_leftImg8bit.png,1,1385,356,1767,571
1433,train/hamburg/hamburg_000000_098061_leftImg8bit.png,1,1582,346,1972,615
1434,train/hamburg/hamburg_000000_098061_leftImg8bit.png,1,1715,337,2047,682
1435,train/hamburg/hamburg_000000_098061_leftImg8bit.png,0,130,339,220,513
1436,train/hamburg/hamburg_000000_098061_leftImg8bit.png,0,82,328,194,515
1437,train/hamburg/hamburg_000000_098061_leftImg8bit.png,0,273,349,357,514
1438,train/hamburg/hamburg_000000_098061_leftImg8bit.png,0,202,341,293,521
1439,train/hamburg/hamburg_000000_098061_leftImg8bit.png,1,0,434,256,760
1440,train/hamburg/hamburg_000000_059720_leftImg8bit.png,1,753,385,841,483
1441,train/hamburg/hamburg_000000_059720_leftImg8bit.png,1,788,382,944,491
1442,train/hamburg/hamburg_000000_059720_leftImg8bit.png,1,456,391,545,463
1443,train/hamburg/hamburg_000000_059720_leftImg8bit.png,1,470,330,807,586
1444,train/hamburg/hamburg_000000_059720_leftImg8bit.png,3,983,252,1207,498
1445,train/hamburg/hamburg_000000_080878_leftImg8bit.png,1,791,367,1001,472
1446,train/hamburg/hamburg_000000_080878_leftImg8bit.png,1,814,391,930,481
1447,train/hamburg/hamburg_000000_080878_leftImg8bit.png,1,776,396,915,486
1448,train/hamburg/hamburg_000000_080878_leftImg8bit.png,1,230,329,760,674
1449,train/hamburg/hamburg_000000_080878_leftImg8bit.png,1,0,314,573,846
1450,train/hamburg/hamburg_000000_080878_leftImg8bit.png,1,1196,391,1268,459
1451,train/hamburg/hamburg_000000_080878_leftImg8bit.png,1,1216,391,1277,451
1452,train/hamburg/hamburg_000000_080878_leftImg8bit.png,1,1230,386,1351,489
1453,train/hamburg/hamburg_000000_080878_leftImg8bit.png,3,1259,281,1680,477
1454,train/hamburg/hamburg_000000_080878_leftImg8bit.png,1,1300,352,1475,512
1455,train/hamburg/hamburg_000000_080878_leftImg8bit.png,1,1328,378,1473,515
1456,train/hamburg/hamburg_000000_080878_leftImg8bit.png,1,1410,360,1627,535
1457,train/hamburg/hamburg_000000_080878_leftImg8bit.png,1,1572,239,2047,611
1458,train/hamburg/hamburg_000000_080878_leftImg8bit.png,1,1823,279,2047,674
1459,train/hamburg/hamburg_000000_080878_leftImg8bit.png,1,1886,489,2047,789
1460,train/hamburg/hamburg_000000_080878_leftImg8bit.png,0,1077,325,1196,575
1461,train/hamburg/hamburg_000000_080878_leftImg8bit.png,0,1034,320,1171,586
1462,train/hamburg/hamburg_000000_084746_leftImg8bit.png,1,0,434,76,538
1463,train/hamburg/hamburg_000000_084746_leftImg8bit.png,1,53,395,277,543
1464,train/hamburg/hamburg_000000_084746_leftImg8bit.png,1,1820,249,2047,365
1465,train/hamburg/hamburg_000000_084746_leftImg8bit.png,4,1671,352,1800,537
1466,train/hamburg/hamburg_000000_084746_leftImg8bit.png,0,1683,302,1754,446
1467,train/hamburg/hamburg_000000_084746_leftImg8bit.png,0,1571,311,1638,474
1468,train/hamburg/hamburg_000000_084746_leftImg8bit.png,0,1490,309,1557,479
1469,train/hamburg/hamburg_000000_084746_leftImg8bit.png,1,803,405,880,462
1470,train/hamburg/hamburg_000000_084746_leftImg8bit.png,1,243,284,626,576
1471,train/hamburg/hamburg_000000_019373_leftImg8bit.png,1,442,365,750,494
1472,train/hamburg/hamburg_000000_019373_leftImg8bit.png,0,1901,314,1981,397
1473,train/hamburg/hamburg_000000_019373_leftImg8bit.png,0,1832,323,1888,396
1474,train/hamburg/hamburg_000000_019373_leftImg8bit.png,0,1710,347,1789,418
1475,train/hamburg/hamburg_000000_019373_leftImg8bit.png,4,0,416,155,569
1476,train/hamburg/hamburg_000000_019373_leftImg8bit.png,4,1425,344,1594,593
1477,train/hamburg/hamburg_000000_019373_leftImg8bit.png,0,717,320,793,576
1478,train/hamburg/hamburg_000000_019373_leftImg8bit.png,4,1393,350,1504,582
1479,train/hamburg/hamburg_000000_019373_leftImg8bit.png,4,1607,382,1833,666
1480,train/hamburg/hamburg_000000_019373_leftImg8bit.png,4,1790,318,2047,724
1481,train/hamburg/hamburg_000000_019373_leftImg8bit.png,4,1552,323,1791,681
1482,train/hamburg/hamburg_000000_028608_leftImg8bit.png,2,1307,329,1438,450
1483,train/hamburg/hamburg_000000_028608_leftImg8bit.png,0,1502,319,1559,424
1484,train/hamburg/hamburg_000000_028608_leftImg8bit.png,0,1645,331,1703,460
1485,train/hamburg/hamburg_000000_028608_leftImg8bit.png,0,1584,333,1641,455
1486,train/hamburg/hamburg_000000_028608_leftImg8bit.png,0,0,389,51,462
1487,train/hamburg/hamburg_000000_028608_leftImg8bit.png,4,174,427,281,539
1488,train/hamburg/hamburg_000000_028608_leftImg8bit.png,4,1442,406,1691,596
1489,train/hamburg/hamburg_000000_028608_leftImg8bit.png,0,1815,210,1975,675
1490,train/hamburg/hamburg_000000_062039_leftImg8bit.png,1,1113,365,1204,451
1491,train/hamburg/hamburg_000000_062039_leftImg8bit.png,1,1138,392,1226,456
1492,train/hamburg/hamburg_000000_062039_leftImg8bit.png,0,1341,348,1394,484
1493,train/hamburg/hamburg_000000_062039_leftImg8bit.png,0,1416,376,1467,529
1494,train/hamburg/hamburg_000000_062039_leftImg8bit.png,0,1451,366,1503,529
1495,train/hamburg/hamburg_000000_062039_leftImg8bit.png,0,1508,341,1584,522
1496,train/hamburg/hamburg_000000_062039_leftImg8bit.png,0,1503,359,1560,532
1497,train/hamburg/hamburg_000000_062039_leftImg8bit.png,0,1638,314,1695,491
1498,train/hamburg/hamburg_000000_062039_leftImg8bit.png,0,1604,316,1689,541
1499,train/hamburg/hamburg_000000_062039_leftImg8bit.png,0,1641,293,1736,574
1500,train/hamburg/hamburg_000000_062039_leftImg8bit.png,0,1568,353,1622,549
1501,train/hamburg/hamburg_000000_062039_leftImg8bit.png,0,1539,367,1607,560
1502,train/hamburg/hamburg_000000_062039_leftImg8bit.png,1,996,400,1077,459
1503,train/hamburg/hamburg_000000_062039_leftImg8bit.png,1,916,392,983,450
1504,train/hamburg/hamburg_000000_098862_leftImg8bit.png,1,875,391,936,459
1505,train/hamburg/hamburg_000000_098862_leftImg8bit.png,1,822,393,918,466
1506,train/hamburg/hamburg_000000_098862_leftImg8bit.png,1,1198,377,1300,462
1507,train/hamburg/hamburg_000000_098862_leftImg8bit.png,1,1276,379,1369,503
1508,train/hamburg/hamburg_000000_098862_leftImg8bit.png,0,1529,341,1590,500
1509,train/hamburg/hamburg_000000_098862_leftImg8bit.png,0,1576,336,1637,497
1510,train/hamburg/hamburg_000000_098862_leftImg8bit.png,1,1304,363,1544,532
1511,train/hamburg/hamburg_000000_098862_leftImg8bit.png,0,1679,329,1730,474
1512,train/hamburg/hamburg_000000_098862_leftImg8bit.png,0,1648,318,1719,478
1513,train/hamburg/hamburg_000000_098862_leftImg8bit.png,0,1747,304,1851,417
1514,train/hamburg/hamburg_000000_098862_leftImg8bit.png,0,1693,328,1787,472
1515,train/hamburg/hamburg_000000_098862_leftImg8bit.png,1,1631,329,2047,813
1516,train/hamburg/hamburg_000000_098862_leftImg8bit.png,1,0,398,178,521
1517,train/hamburg/hamburg_000000_098862_leftImg8bit.png,0,358,415,409,490
1518,train/hamburg/hamburg_000000_098862_leftImg8bit.png,1,498,402,813,505
1519,train/hamburg/hamburg_000000_098862_leftImg8bit.png,4,284,399,402,559
1520,train/hamburg/hamburg_000000_098862_leftImg8bit.png,0,221,300,310,588
1521,train/hamburg/hamburg_000000_053886_leftImg8bit.png,0,1965,355,2047,584
1522,train/hamburg/hamburg_000000_053886_leftImg8bit.png,0,1570,333,1650,513
1523,train/hamburg/hamburg_000000_053886_leftImg8bit.png,0,1533,321,1598,514
1524,train/hamburg/hamburg_000000_053886_leftImg8bit.png,0,1389,327,1444,497
1525,train/hamburg/hamburg_000000_053886_leftImg8bit.png,0,1313,320,1373,471
1526,train/hamburg/hamburg_000000_053886_leftImg8bit.png,0,1315,345,1392,507
1527,train/hamburg/hamburg_000000_053886_leftImg8bit.png,0,1352,351,1407,521
1528,train/hamburg/hamburg_000000_053886_leftImg8bit.png,0,1016,324,1073,499
1529,train/hamburg/hamburg_000000_053886_leftImg8bit.png,4,624,358,702,459
1530,train/hamburg/hamburg_000000_053886_leftImg8bit.png,0,575,345,665,419
1531,train/hamburg/hamburg_000000_053886_leftImg8bit.png,1,20,329,111,387
1532,train/hamburg/hamburg_000000_053886_leftImg8bit.png,1,54,333,161,412
1533,train/hamburg/hamburg_000000_053886_leftImg8bit.png,1,0,330,69,423
1534,train/hamburg/hamburg_000000_053886_leftImg8bit.png,1,106,333,228,420
1535,train/hamburg/hamburg_000000_053886_leftImg8bit.png,1,162,334,283,427
1536,train/hamburg/hamburg_000000_053886_leftImg8bit.png,1,252,318,430,439
1537,train/hamburg/hamburg_000000_053886_leftImg8bit.png,1,327,317,551,453
1538,train/hamburg/hamburg_000000_053886_leftImg8bit.png,4,534,378,638,463
1539,train/hamburg/hamburg_000000_053886_leftImg8bit.png,4,782,376,845,454
1540,train/hamburg/hamburg_000000_053886_leftImg8bit.png,4,712,375,775,456
1541,train/hamburg/hamburg_000000_053886_leftImg8bit.png,4,693,358,809,455
1542,train/hamburg/hamburg_000000_053886_leftImg8bit.png,4,586,364,740,466
1543,train/hamburg/hamburg_000000_053886_leftImg8bit.png,5,812,348,956,475
1544,train/hamburg/hamburg_000000_104428_leftImg8bit.png,1,1180,379,1275,464
1545,train/hamburg/hamburg_000000_104428_leftImg8bit.png,1,1247,367,1436,505
1546,train/hamburg/hamburg_000000_104428_leftImg8bit.png,1,402,377,526,444
1547,train/hamburg/hamburg_000000_104428_leftImg8bit.png,1,345,383,454,448
1548,train/hamburg/hamburg_000000_104428_leftImg8bit.png,1,287,387,410,452
1549,train/hamburg/hamburg_000000_104428_leftImg8bit.png,1,212,394,297,460
1550,train/hamburg/hamburg_000000_104428_leftImg8bit.png,1,158,387,245,463
1551,train/hamburg/hamburg_000000_104428_leftImg8bit.png,1,88,386,217,465
1552,train/hamburg/hamburg_000000_104428_leftImg8bit.png,1,0,386,171,470
1553,train/hamburg/hamburg_000000_104428_leftImg8bit.png,1,0,390,100,474
1554,train/hamburg/hamburg_000000_073549_leftImg8bit.png,3,736,377,820,430
1555,train/hamburg/hamburg_000000_073549_leftImg8bit.png,1,1234,395,1311,450
1556,train/hamburg/hamburg_000000_073549_leftImg8bit.png,1,1277,398,1360,461
1557,train/hamburg/hamburg_000000_073549_leftImg8bit.png,1,1329,399,1386,470
1558,train/hamburg/hamburg_000000_073549_leftImg8bit.png,1,1354,391,1443,477
1559,train/hamburg/hamburg_000000_073549_leftImg8bit.png,1,1404,389,1504,481
1560,train/hamburg/hamburg_000000_073549_leftImg8bit.png,1,1427,388,1564,500
1561,train/hamburg/hamburg_000000_073549_leftImg8bit.png,3,1473,0,2047,608
1562,train/hamburg/hamburg_000000_092850_leftImg8bit.png,1,1057,403,1184,461
1563,train/hamburg/hamburg_000000_092850_leftImg8bit.png,1,1052,314,1206,471
1564,train/hamburg/hamburg_000000_092850_leftImg8bit.png,1,1696,284,2047,819
1565,train/hamburg/hamburg_000000_092850_leftImg8bit.png,1,917,360,1001,438
1566,train/hamburg/hamburg_000000_092850_leftImg8bit.png,1,611,385,819,522
1567,train/hamburg/hamburg_000000_092850_leftImg8bit.png,1,172,403,279,477
1568,train/hamburg/hamburg_000000_092850_leftImg8bit.png,1,218,406,353,487
1569,train/hamburg/hamburg_000000_092850_leftImg8bit.png,1,0,411,91,507
1570,train/hamburg/hamburg_000000_088783_leftImg8bit.png,1,827,381,955,442
1571,train/hamburg/hamburg_000000_088783_leftImg8bit.png,1,864,405,915,461
1572,train/hamburg/hamburg_000000_088783_leftImg8bit.png,1,796,400,892,466
1573,train/hamburg/hamburg_000000_088783_leftImg8bit.png,1,951,387,1049,480
1574,train/hamburg/hamburg_000000_088783_leftImg8bit.png,1,1097,368,1170,438
1575,train/hamburg/hamburg_000000_088783_leftImg8bit.png,1,1096,386,1208,475
1576,train/hamburg/hamburg_000000_088783_leftImg8bit.png,4,1811,357,2047,727
1577,train/hamburg/hamburg_000000_038915_leftImg8bit.png,0,1101,300,1166,496
1578,train/hamburg/hamburg_000000_038915_leftImg8bit.png,0,1163,284,1234,506
1579,train/hamburg/hamburg_000000_038915_leftImg8bit.png,0,1236,300,1294,498
1580,train/hamburg/hamburg_000000_038915_leftImg8bit.png,1,1700,348,1887,422
1581,train/hamburg/hamburg_000000_038915_leftImg8bit.png,1,1481,337,1786,446
1582,train/hamburg/hamburg_000000_038915_leftImg8bit.png,0,1356,284,1465,482
1583,train/hamburg/hamburg_000000_038915_leftImg8bit.png,0,1403,283,1527,487
1584,train/hamburg/hamburg_000000_038915_leftImg8bit.png,0,1743,283,1794,488
1585,train/hamburg/hamburg_000000_038915_leftImg8bit.png,0,1754,288,1869,493
1586,train/hamburg/hamburg_000000_038915_leftImg8bit.png,1,789,378,901,446
1587,train/hamburg/hamburg_000000_038915_leftImg8bit.png,0,845,311,921,468
1588,train/hamburg/hamburg_000000_038915_leftImg8bit.png,0,902,289,978,466
1589,train/hamburg/hamburg_000000_038915_leftImg8bit.png,0,755,313,817,465
1590,train/hamburg/hamburg_000000_038915_leftImg8bit.png,0,787,303,850,463
1591,train/hamburg/hamburg_000000_038915_leftImg8bit.png,4,137,390,215,547
1592,train/hamburg/hamburg_000000_038915_leftImg8bit.png,4,0,427,96,556
1593,train/hamburg/hamburg_000000_071150_leftImg8bit.png,1,59,365,519,548
1594,train/hamburg/hamburg_000000_071150_leftImg8bit.png,4,0,393,148,595
1595,train/hamburg/hamburg_000000_071150_leftImg8bit.png,0,98,290,214,662
1596,train/hamburg/hamburg_000000_071150_leftImg8bit.png,1,821,359,890,415
1597,train/hamburg/hamburg_000000_071150_leftImg8bit.png,1,923,362,1000,425
1598,train/hamburg/hamburg_000000_071150_leftImg8bit.png,3,1203,0,2047,538
1599,train/hamburg/hamburg_000000_073999_leftImg8bit.png,3,587,327,787,436
1600,train/hamburg/hamburg_000000_073999_leftImg8bit.png,1,661,391,737,466
1601,train/hamburg/hamburg_000000_073999_leftImg8bit.png,1,651,391,722,476
1602,train/hamburg/hamburg_000000_073999_leftImg8bit.png,1,601,391,692,488
1603,train/hamburg/hamburg_000000_073999_leftImg8bit.png,1,498,371,638,505
1604,train/hamburg/hamburg_000000_073999_leftImg8bit.png,1,298,355,544,540
1605,train/hamburg/hamburg_000000_073999_leftImg8bit.png,1,81,388,371,582
1606,train/hamburg/hamburg_000000_073999_leftImg8bit.png,1,0,302,123,629
1607,train/hamburg/hamburg_000000_073999_leftImg8bit.png,3,1099,253,1291,467
1608,train/hamburg/hamburg_000000_073999_leftImg8bit.png,3,1241,62,1692,543
1609,train/hamburg/hamburg_000000_106102_leftImg8bit.png,1,722,397,809,464
1610,train/hamburg/hamburg_000000_106102_leftImg8bit.png,1,399,373,593,452
1611,train/hamburg/hamburg_000000_106102_leftImg8bit.png,1,301,387,629,503
1612,train/hamburg/hamburg_000000_106102_leftImg8bit.png,1,361,397,612,517
1613,train/hamburg/hamburg_000000_106102_leftImg8bit.png,1,0,391,130,520
1614,train/hamburg/hamburg_000000_106102_leftImg8bit.png,1,81,388,565,552
1615,train/hamburg/hamburg_000000_106102_leftImg8bit.png,1,1181,376,1361,465
1616,train/hamburg/hamburg_000000_106102_leftImg8bit.png,1,1181,348,1325,504
1617,train/hamburg/hamburg_000000_106102_leftImg8bit.png,1,1226,386,1379,529
1618,train/hamburg/hamburg_000000_106102_leftImg8bit.png,1,1281,382,1496,548
1619,train/hamburg/hamburg_000000_106102_leftImg8bit.png,1,1397,366,1575,529
1620,train/hamburg/hamburg_000000_106102_leftImg8bit.png,1,1417,354,1694,601
1621,train/hamburg/hamburg_000000_106102_leftImg8bit.png,1,1555,293,2047,653
1622,train/hamburg/hamburg_000000_106102_leftImg8bit.png,1,1736,357,2047,700
1623,train/hamburg/hamburg_000000_106102_leftImg8bit.png,0,877,355,938,564
1624,train/hamburg/hamburg_000000_106102_leftImg8bit.png,0,806,342,897,568
1625,train/hamburg/hamburg_000000_027304_leftImg8bit.png,1,887,358,948,413
1626,train/hamburg/hamburg_000000_027304_leftImg8bit.png,0,270,328,330,399
1627,train/hamburg/hamburg_000000_027304_leftImg8bit.png,0,0,304,54,447
1628,train/hamburg/hamburg_000000_027304_leftImg8bit.png,0,53,283,130,385
1629,train/hamburg/hamburg_000000_027304_leftImg8bit.png,4,527,385,580,472
1630,train/hamburg/hamburg_000000_027304_leftImg8bit.png,1,561,367,746,479
1631,train/hamburg/hamburg_000000_027304_leftImg8bit.png,1,320,356,556,540
1632,train/hamburg/hamburg_000000_027304_leftImg8bit.png,1,3,361,379,602
1633,train/hamburg/hamburg_000000_027304_leftImg8bit.png,1,0,387,57,644
1634,train/hamburg/hamburg_000000_027304_leftImg8bit.png,1,1196,355,1266,456
1635,train/hamburg/hamburg_000000_027304_leftImg8bit.png,1,1227,362,1404,476
1636,train/hamburg/hamburg_000000_027304_leftImg8bit.png,0,1477,316,1544,470
1637,train/hamburg/hamburg_000000_027304_leftImg8bit.png,0,1547,316,1624,514
1638,train/hamburg/hamburg_000000_027304_leftImg8bit.png,0,1793,301,1850,386
1639,train/hamburg/hamburg_000000_027304_leftImg8bit.png,0,1754,282,1830,500
1640,train/hamburg/hamburg_000000_027304_leftImg8bit.png,5,1728,308,1939,699
1641,train/hamburg/hamburg_000000_027304_leftImg8bit.png,1,1820,393,2047,822
1642,train/hamburg/hamburg_000000_027304_leftImg8bit.png,4,1491,373,1571,552
1643,train/hamburg/hamburg_000000_027304_leftImg8bit.png,2,967,207,1196,505
1644,train/hamburg/hamburg_000000_053486_leftImg8bit.png,1,273,403,523,522
1645,train/hamburg/hamburg_000000_053486_leftImg8bit.png,1,526,436,604,509
1646,train/hamburg/hamburg_000000_053486_leftImg8bit.png,1,684,424,770,485
1647,train/hamburg/hamburg_000000_053486_leftImg8bit.png,1,1022,403,1110,480
1648,train/hamburg/hamburg_000000_053486_leftImg8bit.png,1,1108,407,1217,479
1649,train/hamburg/hamburg_000000_053486_leftImg8bit.png,0,97,387,162,574
1650,train/hamburg/hamburg_000000_053486_leftImg8bit.png,0,8,395,80,577
1651,train/hamburg/hamburg_000000_053486_leftImg8bit.png,0,0,295,117,754
1652,train/hamburg/hamburg_000000_053486_leftImg8bit.png,0,607,325,754,618
1653,train/hamburg/hamburg_000000_053486_leftImg8bit.png,0,477,389,563,566
1654,train/hamburg/hamburg_000000_053486_leftImg8bit.png,0,502,401,659,627
1655,train/hamburg/hamburg_000000_053486_leftImg8bit.png,0,312,377,363,551
1656,train/hamburg/hamburg_000000_053486_leftImg8bit.png,0,366,375,450,581
1657,train/hamburg/hamburg_000000_053486_leftImg8bit.png,0,388,337,526,651
1658,train/hamburg/hamburg_000000_053486_leftImg8bit.png,0,1885,320,1979,560
1659,train/hamburg/hamburg_000000_053486_leftImg8bit.png,0,1928,326,2027,570
1660,train/hamburg/hamburg_000000_053486_leftImg8bit.png,0,1990,314,2047,576
1661,train/hamburg/hamburg_000000_053486_leftImg8bit.png,0,1781,334,1868,592
1662,train/hamburg/hamburg_000000_053486_leftImg8bit.png,0,1832,296,2000,598
1663,train/hamburg/hamburg_000000_053486_leftImg8bit.png,1,1348,387,1442,483
1664,train/hamburg/hamburg_000000_053486_leftImg8bit.png,0,1568,352,1665,541
1665,train/hamburg/hamburg_000000_053486_leftImg8bit.png,0,1563,358,1681,549
1666,train/hamburg/hamburg_000000_053486_leftImg8bit.png,0,1619,298,1732,625
1667,train/hamburg/hamburg_000000_053486_leftImg8bit.png,0,1680,313,1789,636
1668,train/hamburg/hamburg_000000_053486_leftImg8bit.png,0,1092,345,1171,568
1669,train/hamburg/hamburg_000000_053486_leftImg8bit.png,0,1106,345,1192,578
1670,train/hamburg/hamburg_000000_053486_leftImg8bit.png,0,1126,343,1214,584
1671,train/hamburg/hamburg_000000_053486_leftImg8bit.png,0,1260,366,1343,544
1672,train/hamburg/hamburg_000000_053486_leftImg8bit.png,0,1293,367,1400,551
1673,train/hamburg/hamburg_000000_053486_leftImg8bit.png,0,1331,361,1398,564
1674,train/hamburg/hamburg_000000_053486_leftImg8bit.png,0,1319,346,1424,566
1675,train/hamburg/hamburg_000000_053486_leftImg8bit.png,0,1242,334,1357,577
1676,train/hamburg/hamburg_000000_053486_leftImg8bit.png,0,1142,312,1307,630
1677,train/hamburg/hamburg_000000_053486_leftImg8bit.png,0,1112,285,1334,697
1678,train/hamburg/hamburg_000000_053486_leftImg8bit.png,0,1011,383,1085,572
1679,train/hamburg/hamburg_000000_053486_leftImg8bit.png,0,950,342,1022,581
1680,train/hamburg/hamburg_000000_053486_leftImg8bit.png,0,960,348,1057,585
1681,train/hamburg/hamburg_000000_053486_leftImg8bit.png,0,837,531,1005,670
1682,train/hamburg/hamburg_000000_053486_leftImg8bit.png,0,864,278,1038,671
1683,train/hamburg/hamburg_000000_053486_leftImg8bit.png,0,918,546,999,657
1684,train/hamburg/hamburg_000000_053486_leftImg8bit.png,0,722,317,880,690
1685,train/hamburg/hamburg_000000_053486_leftImg8bit.png,0,783,290,1004,731
1686,train/hamburg/hamburg_000000_053486_leftImg8bit.png,0,754,275,1003,746
1687,train/hamburg/hamburg_000000_053486_leftImg8bit.png,0,527,249,749,719
1688,train/hamburg/hamburg_000000_053486_leftImg8bit.png,0,1401,342,1499,543
1689,train/hamburg/hamburg_000000_035568_leftImg8bit.png,0,187,397,244,489
1690,train/hamburg/hamburg_000000_035568_leftImg8bit.png,1,1264,386,1379,470
1691,train/hamburg/hamburg_000000_079657_leftImg8bit.png,1,1025,350,1107,478
1692,train/hamburg/hamburg_000000_079657_leftImg8bit.png,1,816,336,1048,495
1693,train/hamburg/hamburg_000000_079657_leftImg8bit.png,1,754,356,1022,514
1694,train/hamburg/hamburg_000000_079657_leftImg8bit.png,1,734,375,897,556
1695,train/hamburg/hamburg_000000_079657_leftImg8bit.png,1,411,355,834,619
1696,train/hamburg/hamburg_000000_079657_leftImg8bit.png,1,103,377,787,717
1697,train/hamburg/hamburg_000000_079657_leftImg8bit.png,1,0,365,366,874
1698,train/hamburg/hamburg_000000_079657_leftImg8bit.png,1,1355,386,1442,475
1699,train/hamburg/hamburg_000000_079657_leftImg8bit.png,1,1393,351,1585,484
1700,train/hamburg/hamburg_000000_079657_leftImg8bit.png,1,1466,375,1638,536
1701,train/hamburg/hamburg_000000_079657_leftImg8bit.png,1,1540,361,1690,556
1702,train/hamburg/hamburg_000000_079657_leftImg8bit.png,1,1598,307,2047,590
1703,train/hamburg/hamburg_000000_079657_leftImg8bit.png,1,1735,363,2047,638
1704,train/hamburg/hamburg_000000_079657_leftImg8bit.png,1,1925,398,2047,760
1705,train/hamburg/hamburg_000000_079657_leftImg8bit.png,0,1311,322,1381,563
1706,train/hamburg/hamburg_000000_079657_leftImg8bit.png,0,1404,315,1523,568
1707,train/hamburg/hamburg_000000_006322_leftImg8bit.png,0,1118,376,1174,497
1708,train/hamburg/hamburg_000000_006322_leftImg8bit.png,1,341,381,807,538
1709,train/hamburg/hamburg_000000_006322_leftImg8bit.png,1,1467,401,1547,455
1710,train/hamburg/hamburg_000000_006322_leftImg8bit.png,3,1494,110,2047,596
1711,train/hamburg/hamburg_000000_018592_leftImg8bit.png,1,741,419,804,485
1712,train/hamburg/hamburg_000000_018592_leftImg8bit.png,1,704,435,770,504
1713,train/hamburg/hamburg_000000_018592_leftImg8bit.png,1,656,436,741,515
1714,train/hamburg/hamburg_000000_018592_leftImg8bit.png,1,645,442,723,524
1715,train/hamburg/hamburg_000000_018592_leftImg8bit.png,1,629,441,694,539
1716,train/hamburg/hamburg_000000_018592_leftImg8bit.png,1,576,438,686,562
1717,train/hamburg/hamburg_000000_018592_leftImg8bit.png,0,1436,373,1494,489
1718,train/hamburg/hamburg_000000_018592_leftImg8bit.png,0,366,424,428,500
1719,train/hamburg/hamburg_000000_018592_leftImg8bit.png,1,407,429,648,572
1720,train/hamburg/hamburg_000000_018592_leftImg8bit.png,1,942,423,1032,513
1721,train/hamburg/hamburg_000000_018592_leftImg8bit.png,1,977,429,1073,523
1722,train/hamburg/hamburg_000000_018592_leftImg8bit.png,1,982,437,1070,543
1723,train/hamburg/hamburg_000000_018592_leftImg8bit.png,1,1009,436,1111,560
1724,train/hamburg/hamburg_000000_018592_leftImg8bit.png,1,1051,380,1300,590
1725,train/hamburg/hamburg_000000_018592_leftImg8bit.png,5,1339,416,1428,548
1726,train/hamburg/hamburg_000000_018592_leftImg8bit.png,5,1388,407,1517,587
1727,train/hamburg/hamburg_000000_018592_leftImg8bit.png,4,1716,429,1975,594
1728,train/hamburg/hamburg_000000_018592_leftImg8bit.png,4,1716,430,1825,572
1729,train/hamburg/hamburg_000000_018592_leftImg8bit.png,0,1529,343,1631,599
1730,train/hamburg/hamburg_000000_046510_leftImg8bit.png,1,1384,387,1471,455
1731,train/hamburg/hamburg_000000_046510_leftImg8bit.png,1,1430,381,1541,458
1732,train/hamburg/hamburg_000000_046510_leftImg8bit.png,1,1522,371,1634,471
1733,train/hamburg/hamburg_000000_046510_leftImg8bit.png,5,1816,363,1934,484
1734,train/hamburg/hamburg_000000_046510_leftImg8bit.png,0,1604,262,1662,691
1735,train/hamburg/hamburg_000000_046510_leftImg8bit.png,0,1607,253,1741,717
1736,train/hamburg/hamburg_000000_046510_leftImg8bit.png,0,1969,278,2047,686
1737,train/hamburg/hamburg_000000_046510_leftImg8bit.png,0,1895,296,2047,738
1738,train/hamburg/hamburg_000000_046510_leftImg8bit.png,0,1280,247,1444,662
1739,train/hamburg/hamburg_000000_046510_leftImg8bit.png,0,1280,277,1406,700
1740,train/hamburg/hamburg_000000_046510_leftImg8bit.png,0,1089,414,1195,640
1741,train/hamburg/hamburg_000000_046510_leftImg8bit.png,0,984,250,1193,657
1742,train/hamburg/hamburg_000000_046510_leftImg8bit.png,0,1029,267,1240,672
1743,train/hamburg/hamburg_000000_046510_leftImg8bit.png,0,1150,261,1408,730
1744,train/hamburg/hamburg_000000_046510_leftImg8bit.png,0,498,466,667,649
1745,train/hamburg/hamburg_000000_046510_leftImg8bit.png,0,417,329,594,665
1746,train/hamburg/hamburg_000000_046510_leftImg8bit.png,0,581,314,724,619
1747,train/hamburg/hamburg_000000_046510_leftImg8bit.png,0,515,286,755,716
1748,train/hamburg/hamburg_000000_046510_leftImg8bit.png,0,90,368,180,656
1749,train/hamburg/hamburg_000000_046510_leftImg8bit.png,0,100,318,262,676
1750,train/hamburg/hamburg_000000_046510_leftImg8bit.png,0,243,307,409,689
1751,train/hamburg/hamburg_000000_046510_leftImg8bit.png,0,156,356,314,706
1752,train/hamburg/hamburg_000000_046510_leftImg8bit.png,0,0,375,74,675
1753,train/hamburg/hamburg_000000_046510_leftImg8bit.png,0,431,270,564,752
1754,train/hamburg/hamburg_000000_091900_leftImg8bit.png,5,1518,406,1668,583
1755,train/hamburg/hamburg_000000_091900_leftImg8bit.png,1,1278,363,1384,464
1756,train/hamburg/hamburg_000000_091900_leftImg8bit.png,1,1328,352,1490,484
1757,train/hamburg/hamburg_000000_091900_leftImg8bit.png,1,1103,324,1242,474
1758,train/hamburg/hamburg_000000_091900_leftImg8bit.png,1,890,363,1011,474
1759,train/hamburg/hamburg_000000_091900_leftImg8bit.png,5,633,400,747,545
1760,train/hamburg/hamburg_000000_091900_leftImg8bit.png,1,766,368,946,497
1761,train/hamburg/hamburg_000000_091900_leftImg8bit.png,5,771,377,877,553
1762,train/hamburg/hamburg_000000_054850_leftImg8bit.png,5,1923,400,1988,464
1763,train/hamburg/hamburg_000000_054850_leftImg8bit.png,1,1665,366,1960,491
1764,train/hamburg/hamburg_000000_054850_leftImg8bit.png,0,937,353,998,448
1765,train/hamburg/hamburg_000000_054850_leftImg8bit.png,4,646,401,761,487
1766,train/hamburg/hamburg_000000_054850_leftImg8bit.png,0,878,297,956,569
1767,train/hamburg/hamburg_000000_054850_leftImg8bit.png,0,825,319,909,572
1768,train/hamburg/hamburg_000000_054850_leftImg8bit.png,4,36,410,123,488
1769,train/hamburg/hamburg_000000_054850_leftImg8bit.png,0,0,339,61,516
1770,train/hamburg/hamburg_000000_054850_leftImg8bit.png,4,130,418,256,487
1771,train/hamburg/hamburg_000000_054850_leftImg8bit.png,4,264,389,366,481
1772,train/hamburg/hamburg_000000_054850_leftImg8bit.png,0,212,348,279,508
1773,train/hamburg/hamburg_000000_054850_leftImg8bit.png,0,138,346,231,512
1774,train/hamburg/hamburg_000000_054850_leftImg8bit.png,0,368,345,425,491
1775,train/hamburg/hamburg_000000_054850_leftImg8bit.png,0,415,351,478,491
1776,train/hamburg/hamburg_000000_054850_leftImg8bit.png,0,559,331,634,563
1777,train/hamburg/hamburg_000000_054850_leftImg8bit.png,0,504,309,607,570
1778,train/hamburg/hamburg_000000_054850_leftImg8bit.png,0,1223,287,1434,635
1779,train/hamburg/hamburg_000000_054850_leftImg8bit.png,0,1136,269,1302,645
1780,train/hamburg/hamburg_000000_080438_leftImg8bit.png,1,903,393,969,451
1781,train/hamburg/hamburg_000000_080438_leftImg8bit.png,1,834,398,938,469
1782,train/hamburg/hamburg_000000_080438_leftImg8bit.png,4,479,428,674,532
1783,train/hamburg/hamburg_000000_080438_leftImg8bit.png,4,479,428,674,532
1784,train/hamburg/hamburg_000000_080438_leftImg8bit.png,1,1108,383,1242,448
1785,train/hamburg/hamburg_000000_080438_leftImg8bit.png,1,1115,378,1346,545
1786,train/hamburg/hamburg_000000_080438_leftImg8bit.png,1,1290,306,1937,578
1787,train/hamburg/hamburg_000000_080438_leftImg8bit.png,5,1830,382,1975,614
1788,train/hamburg/hamburg_000000_080438_leftImg8bit.png,5,1384,400,1614,626
1789,train/hamburg/hamburg_000000_080438_leftImg8bit.png,5,1478,368,1739,646
1790,train/hamburg/hamburg_000000_050160_leftImg8bit.png,0,1305,332,1363,425
1791,train/hamburg/hamburg_000000_050160_leftImg8bit.png,0,1418,305,1471,455
1792,train/hamburg/hamburg_000000_050160_leftImg8bit.png,0,1467,308,1535,446
1793,train/hamburg/hamburg_000000_050160_leftImg8bit.png,1,1062,368,1155,424
1794,train/hamburg/hamburg_000000_050160_leftImg8bit.png,1,983,341,1094,404
1795,train/hamburg/hamburg_000000_050160_leftImg8bit.png,1,923,344,1109,505
1796,train/hamburg/hamburg_000000_050160_leftImg8bit.png,1,680,379,876,443
1797,train/hamburg/hamburg_000000_050160_leftImg8bit.png,1,607,385,730,496
1798,train/hamburg/hamburg_000000_050160_leftImg8bit.png,1,504,386,681,522
1799,train/hamburg/hamburg_000000_050160_leftImg8bit.png,0,404,362,463,426
1800,train/hamburg/hamburg_000000_050160_leftImg8bit.png,1,285,385,583,563
1801,train/hamburg/hamburg_000000_050160_leftImg8bit.png,1,0,405,379,638
1802,train/hamburg/hamburg_000000_050160_leftImg8bit.png,1,0,510,89,688
1803,train/hamburg/hamburg_000000_037279_leftImg8bit.png,1,1192,371,1247,425
1804,train/hamburg/hamburg_000000_037279_leftImg8bit.png,3,1348,330,1465,387
1805,train/hamburg/hamburg_000000_037279_leftImg8bit.png,1,1580,360,1661,411
1806,train/hamburg/hamburg_000000_037279_leftImg8bit.png,1,1582,314,1874,514
1807,train/hamburg/hamburg_000000_037279_leftImg8bit.png,1,1762,264,2047,561
1808,train/hamburg/hamburg_000000_037279_leftImg8bit.png,0,1282,343,1334,469
1809,train/hamburg/hamburg_000000_037279_leftImg8bit.png,0,1052,343,1106,479
1810,train/hamburg/hamburg_000000_037279_leftImg8bit.png,0,1075,390,1136,485
1811,train/hamburg/hamburg_000000_037279_leftImg8bit.png,0,1081,322,1163,495
1812,train/hamburg/hamburg_000000_037279_leftImg8bit.png,0,1138,322,1220,488
1813,train/hamburg/hamburg_000000_037279_leftImg8bit.png,0,1103,321,1188,496
1814,train/hamburg/hamburg_000000_037279_leftImg8bit.png,0,826,340,877,476
1815,train/hamburg/hamburg_000000_037279_leftImg8bit.png,0,850,330,934,491
1816,train/hamburg/hamburg_000000_037279_leftImg8bit.png,4,307,411,435,485
1817,train/hamburg/hamburg_000000_037279_leftImg8bit.png,0,417,349,480,495
1818,train/hamburg/hamburg_000000_037279_leftImg8bit.png,0,420,362,482,495
1819,train/hamburg/hamburg_000000_037279_leftImg8bit.png,0,183,357,243,498
1820,train/hamburg/hamburg_000000_037279_leftImg8bit.png,0,0,357,92,509
1821,train/hamburg/hamburg_000000_037279_leftImg8bit.png,0,1340,329,1399,491
1822,train/hamburg/hamburg_000000_037279_leftImg8bit.png,1,1364,329,1632,539
1823,train/hamburg/hamburg_000000_037279_leftImg8bit.png,0,956,335,1037,495
1824,train/hamburg/hamburg_000000_085413_leftImg8bit.png,1,667,363,757,446
1825,train/hamburg/hamburg_000000_085413_leftImg8bit.png,1,674,379,741,448
1826,train/hamburg/hamburg_000000_085413_leftImg8bit.png,1,667,386,727,456
1827,train/hamburg/hamburg_000000_085413_leftImg8bit.png,1,219,345,309,416
1828,train/hamburg/hamburg_000000_085413_leftImg8bit.png,1,576,355,691,471
1829,train/hamburg/hamburg_000000_085413_leftImg8bit.png,1,1023,381,1083,438
1830,train/hamburg/hamburg_000000_085413_leftImg8bit.png,1,497,383,646,492
1831,train/hamburg/hamburg_000000_085413_leftImg8bit.png,1,1040,379,1112,442
1832,train/hamburg/hamburg_000000_085413_leftImg8bit.png,1,1083,378,1150,453
1833,train/hamburg/hamburg_000000_085413_leftImg8bit.png,1,1113,365,1204,467
1834,train/hamburg/hamburg_000000_085413_leftImg8bit.png,1,1148,364,1273,479
1835,train/hamburg/hamburg_000000_085413_leftImg8bit.png,1,1220,359,1339,509
1836,train/hamburg/hamburg_000000_085413_leftImg8bit.png,2,790,351,856,425
1837,train/hamburg/hamburg_000000_085413_leftImg8bit.png,1,1288,294,1575,545
1838,train/hamburg/hamburg_000000_085413_leftImg8bit.png,0,1330,327,1395,557
1839,train/hamburg/hamburg_000000_085413_leftImg8bit.png,0,1424,307,1489,390
1840,train/hamburg/hamburg_000000_085413_leftImg8bit.png,0,1373,316,1449,459
1841,train/hamburg/hamburg_000000_085413_leftImg8bit.png,1,1374,336,1619,605
1842,train/hamburg/hamburg_000000_085413_leftImg8bit.png,1,1491,260,2047,766
1843,train/hamburg/hamburg_000000_085413_leftImg8bit.png,1,427,380,569,514
1844,train/hamburg/hamburg_000000_085413_leftImg8bit.png,1,0,355,333,614
1845,train/hamburg/hamburg_000000_046872_leftImg8bit.png,0,1730,344,1784,479
1846,train/hamburg/hamburg_000000_046872_leftImg8bit.png,1,1961,371,2047,544
1847,train/hamburg/hamburg_000000_046872_leftImg8bit.png,3,706,318,910,458
1848,train/hamburg/hamburg_000000_046872_leftImg8bit.png,1,1133,386,1184,442
1849,train/hamburg/hamburg_000000_046872_leftImg8bit.png,3,896,373,1059,442
1850,train/hamburg/hamburg_000000_046872_leftImg8bit.png,1,902,387,973,449
1851,train/hamburg/hamburg_000000_046872_leftImg8bit.png,1,1043,338,1155,457
1852,train/hamburg/hamburg_000000_046872_leftImg8bit.png,0,168,382,228,548
1853,train/hamburg/hamburg_000000_096063_leftImg8bit.png,1,441,413,539,471
1854,train/hamburg/hamburg_000000_096063_leftImg8bit.png,1,342,416,447,478
1855,train/hamburg/hamburg_000000_096063_leftImg8bit.png,1,192,420,284,486
1856,train/hamburg/hamburg_000000_096063_leftImg8bit.png,1,253,415,379,486
1857,train/hamburg/hamburg_000000_096063_leftImg8bit.png,1,74,424,215,495
1858,train/hamburg/hamburg_000000_096063_leftImg8bit.png,0,633,387,686,473
1859,train/hamburg/hamburg_000000_096063_leftImg8bit.png,0,0,180,304,922
1860,train/hamburg/hamburg_000000_096063_leftImg8bit.png,0,1870,310,1954,474
1861,train/hamburg/hamburg_000000_096063_leftImg8bit.png,0,1802,300,1866,472
1862,train/hamburg/hamburg_000000_096063_leftImg8bit.png,0,1483,210,1714,804
1863,train/hamburg/hamburg_000000_096063_leftImg8bit.png,0,1589,261,1840,851
1864,train/hamburg/hamburg_000000_096063_leftImg8bit.png,0,974,184,1277,891
1865,train/hamburg/hamburg_000000_096063_leftImg8bit.png,0,1137,119,1474,907
1866,train/hamburg/hamburg_000000_008221_leftImg8bit.png,1,1231,355,1442,501
1867,train/hamburg/hamburg_000000_008221_leftImg8bit.png,1,970,282,1121,466
1868,train/hamburg/hamburg_000000_008221_leftImg8bit.png,1,0,310,265,552
1869,train/hamburg/hamburg_000000_008221_leftImg8bit.png,1,59,329,592,671
1870,train/hamburg/hamburg_000000_099109_leftImg8bit.png,0,522,375,593,581
1871,train/hamburg/hamburg_000000_099109_leftImg8bit.png,1,870,401,951,463
1872,train/hamburg/hamburg_000000_099109_leftImg8bit.png,1,871,414,964,502
1873,train/hamburg/hamburg_000000_099109_leftImg8bit.png,1,902,428,961,511
1874,train/hamburg/hamburg_000000_099109_leftImg8bit.png,1,916,420,1060,557
1875,train/hamburg/hamburg_000000_099109_leftImg8bit.png,1,625,428,680,484
1876,train/hamburg/hamburg_000000_099109_leftImg8bit.png,1,599,434,655,489
1877,train/hamburg/hamburg_000000_099109_leftImg8bit.png,1,571,436,633,493
1878,train/hamburg/hamburg_000000_099109_leftImg8bit.png,1,565,439,624,500
1879,train/hamburg/hamburg_000000_099109_leftImg8bit.png,2,0,66,577,705
1880,train/hamburg/hamburg_000000_099109_leftImg8bit.png,0,1295,424,1348,516
1881,train/hamburg/hamburg_000000_099109_leftImg8bit.png,0,1364,437,1433,577
1882,train/hamburg/hamburg_000000_099109_leftImg8bit.png,4,1104,417,1361,600
1883,train/hamburg/hamburg_000000_099109_leftImg8bit.png,0,1418,331,1490,596
1884,train/hamburg/hamburg_000000_099109_leftImg8bit.png,0,1442,336,1561,617
1885,train/hamburg/hamburg_000000_099109_leftImg8bit.png,0,1650,341,1770,663
1886,train/hamburg/hamburg_000000_099109_leftImg8bit.png,0,1836,316,1946,637
1887,train/hamburg/hamburg_000000_099109_leftImg8bit.png,0,1828,344,1930,674
1888,train/hamburg/hamburg_000000_099109_leftImg8bit.png,0,1512,314,1646,674
1889,train/hamburg/hamburg_000000_099109_leftImg8bit.png,0,1340,336,1434,606
1890,train/hamburg/hamburg_000000_099109_leftImg8bit.png,0,1547,289,1699,698
1891,train/hamburg/hamburg_000000_099109_leftImg8bit.png,0,1680,318,1868,710
1892,train/hamburg/hamburg_000000_099109_leftImg8bit.png,0,1877,313,2021,699
1893,train/hamburg/hamburg_000000_052904_leftImg8bit.png,3,672,326,761,435
1894,train/hamburg/hamburg_000000_052904_leftImg8bit.png,0,901,270,1198,804
1895,train/hamburg/hamburg_000000_052904_leftImg8bit.png,0,1473,227,1777,779
1896,train/hamburg/hamburg_000000_052904_leftImg8bit.png,4,394,414,882,715
1897,train/hamburg/hamburg_000000_052904_leftImg8bit.png,0,259,252,515,770
1898,train/hamburg/hamburg_000000_052904_leftImg8bit.png,0,341,216,546,799
1899,train/hamburg/hamburg_000000_032719_leftImg8bit.png,5,1130,392,1275,496
1900,train/hamburg/hamburg_000000_032719_leftImg8bit.png,0,1255,370,1316,500
1901,train/hamburg/hamburg_000000_032719_leftImg8bit.png,5,717,410,840,510
1902,train/hamburg/hamburg_000000_032719_leftImg8bit.png,0,1599,297,1686,551
1903,train/hamburg/hamburg_000000_032719_leftImg8bit.png,1,0,330,529,789
1904,train/hamburg/hamburg_000000_032719_leftImg8bit.png,0,1497,322,1583,563
1905,train/hamburg/hamburg_000000_101724_leftImg8bit.png,1,966,386,1021,440
1906,train/hamburg/hamburg_000000_101724_leftImg8bit.png,1,890,338,997,481
1907,train/hamburg/hamburg_000000_101724_leftImg8bit.png,1,1031,382,1219,543
1908,train/hamburg/hamburg_000000_101724_leftImg8bit.png,0,1426,339,1497,550
1909,train/hamburg/hamburg_000000_101724_leftImg8bit.png,0,1471,326,1537,557
1910,train/hamburg/hamburg_000000_101724_leftImg8bit.png,0,1524,322,1587,545
1911,train/hamburg/hamburg_000000_061468_leftImg8bit.png,0,1757,357,1829,516
1912,train/hamburg/hamburg_000000_061468_leftImg8bit.png,4,1790,437,1850,532
1913,train/hamburg/hamburg_000000_061468_leftImg8bit.png,4,1242,427,1395,519
1914,train/hamburg/hamburg_000000_061468_leftImg8bit.png,1,895,369,961,435
1915,train/hamburg/hamburg_000000_061468_leftImg8bit.png,1,935,395,1074,495
1916,train/hamburg/hamburg_000000_061468_leftImg8bit.png,1,607,385,732,464
1917,train/hamburg/hamburg_000000_061468_leftImg8bit.png,1,0,333,227,765
1918,train/hamburg/hamburg_000000_078407_leftImg8bit.png,3,1061,344,1171,434
1919,train/hamburg/hamburg_000000_078407_leftImg8bit.png,0,1962,296,2031,479
1920,train/hamburg/hamburg_000000_078407_leftImg8bit.png,0,1878,306,1948,483
1921,train/hamburg/hamburg_000000_078407_leftImg8bit.png,1,1156,392,1247,460
1922,train/hamburg/hamburg_000000_078407_leftImg8bit.png,1,1264,373,1488,519
1923,train/hamburg/hamburg_000000_078407_leftImg8bit.png,1,1011,386,1104,461
1924,train/hamburg/hamburg_000000_078407_leftImg8bit.png,1,871,398,956,460
1925,train/hamburg/hamburg_000000_061048_leftImg8bit.png,3,49,330,231,412
1926,train/hamburg/hamburg_000000_061048_leftImg8bit.png,1,101,382,251,438
1927,train/hamburg/hamburg_000000_061048_leftImg8bit.png,1,357,368,510,477
1928,train/hamburg/hamburg_000000_061048_leftImg8bit.png,1,770,381,870,489
1929,train/hamburg/hamburg_000000_061048_leftImg8bit.png,1,998,344,1148,409
1930,train/hamburg/hamburg_000000_061048_leftImg8bit.png,1,553,325,806,523
1931,train/hamburg/hamburg_000000_061048_leftImg8bit.png,1,1365,397,1460,449
1932,train/hamburg/hamburg_000000_061048_leftImg8bit.png,0,1589,358,1643,473
1933,train/hamburg/hamburg_000000_061048_leftImg8bit.png,0,1611,342,1662,497
1934,train/hamburg/hamburg_000000_061048_leftImg8bit.png,1,759,356,1261,714
1935,train/hamburg/hamburg_000000_067338_leftImg8bit.png,0,1752,308,1866,572
1936,train/hamburg/hamburg_000000_067338_leftImg8bit.png,0,1303,321,1363,527
1937,train/hamburg/hamburg_000000_067338_leftImg8bit.png,0,1374,340,1434,521
1938,train/hamburg/hamburg_000000_067338_leftImg8bit.png,0,1438,296,1531,528
1939,train/hamburg/hamburg_000000_067338_leftImg8bit.png,0,1390,318,1494,539
1940,train/hamburg/hamburg_000000_067338_leftImg8bit.png,1,1055,377,1330,566
1941,train/hamburg/hamburg_000000_067338_leftImg8bit.png,4,423,449,510,514
1942,train/hamburg/hamburg_000000_014940_leftImg8bit.png,1,913,451,1110,514
1943,train/hamburg/hamburg_000000_014940_leftImg8bit.png,1,1150,442,1372,509
1944,train/hamburg/hamburg_000000_014940_leftImg8bit.png,0,1161,367,1221,534
1945,train/hamburg/hamburg_000000_014940_leftImg8bit.png,1,1829,414,2047,497
1946,train/hamburg/hamburg_000000_014940_leftImg8bit.png,1,1527,430,1752,501
1947,train/hamburg/hamburg_000000_039420_leftImg8bit.png,0,1449,299,1525,509
1948,train/hamburg/hamburg_000000_039420_leftImg8bit.png,0,1528,303,1606,507
1949,train/hamburg/hamburg_000000_039420_leftImg8bit.png,1,589,367,784,528
1950,train/hamburg/hamburg_000000_039420_leftImg8bit.png,1,47,400,131,463
1951,train/hamburg/hamburg_000000_039420_leftImg8bit.png,1,0,367,66,465
1952,train/hamburg/hamburg_000000_021353_leftImg8bit.png,1,375,391,501,468
1953,train/hamburg/hamburg_000000_021353_leftImg8bit.png,1,118,358,413,553
1954,train/hamburg/hamburg_000000_021353_leftImg8bit.png,1,0,339,153,605
1955,train/hamburg/hamburg_000000_021353_leftImg8bit.png,1,1261,374,1318,448
1956,train/hamburg/hamburg_000000_021353_leftImg8bit.png,1,1279,356,1409,465
1957,train/hamburg/hamburg_000000_021353_leftImg8bit.png,1,1573,281,2047,708
1958,train/hamburg/hamburg_000000_021353_leftImg8bit.png,1,512,378,825,467
1959,train/hamburg/hamburg_000000_021353_leftImg8bit.png,2,1060,267,1214,452
1960,train/hamburg/hamburg_000000_004985_leftImg8bit.png,1,93,339,436,534
1961,train/hamburg/hamburg_000000_004985_leftImg8bit.png,1,0,348,182,570
1962,train/hamburg/hamburg_000000_004985_leftImg8bit.png,1,1331,392,1468,453
1963,train/hamburg/hamburg_000000_004985_leftImg8bit.png,1,1361,395,1515,458
1964,train/hamburg/hamburg_000000_004985_leftImg8bit.png,1,1428,387,1582,478
1965,train/hamburg/hamburg_000000_004985_leftImg8bit.png,1,1449,382,1729,483
1966,train/hamburg/hamburg_000000_004985_leftImg8bit.png,1,1574,389,1850,515
1967,train/hamburg/hamburg_000000_004985_leftImg8bit.png,1,1584,389,1850,515
1968,train/hamburg/hamburg_000000_004985_leftImg8bit.png,1,1645,385,2033,533
1969,train/hamburg/hamburg_000000_004985_leftImg8bit.png,1,1738,392,2047,553
1970,train/hamburg/hamburg_000000_004985_leftImg8bit.png,1,1955,442,2047,585
1971,train/hamburg/hamburg_000000_004985_leftImg8bit.png,1,680,363,799,458
1972,train/hamburg/hamburg_000000_004985_leftImg8bit.png,5,1045,409,1101,485
1973,train/hamburg/hamburg_000000_065055_leftImg8bit.png,1,449,329,555,439
1974,train/hamburg/hamburg_000000_065055_leftImg8bit.png,1,1069,365,1121,420
1975,train/hamburg/hamburg_000000_065055_leftImg8bit.png,1,1085,363,1156,420
1976,train/hamburg/hamburg_000000_065055_leftImg8bit.png,1,1196,372,1293,438
1977,train/hamburg/hamburg_000000_065055_leftImg8bit.png,1,1277,368,1394,451
1978,train/hamburg/hamburg_000000_065055_leftImg8bit.png,1,1351,347,1536,472
1979,train/hamburg/hamburg_000000_065055_leftImg8bit.png,4,1848,398,1949,545
1980,train/hamburg/hamburg_000000_065055_leftImg8bit.png,0,621,264,733,649
1981,train/hamburg/hamburg_000000_065055_leftImg8bit.png,0,818,203,1003,742
1982,train/hamburg/hamburg_000000_071942_leftImg8bit.png,0,311,319,367,496
1983,train/hamburg/hamburg_000000_071942_leftImg8bit.png,1,1285,340,1440,503
1984,train/hamburg/hamburg_000000_071942_leftImg8bit.png,0,1346,357,1440,533
1985,train/hamburg/hamburg_000000_071942_leftImg8bit.png,1,1365,316,1594,529
1986,train/hamburg/hamburg_000000_071942_leftImg8bit.png,1,1609,251,2047,667
1987,train/hamburg/hamburg_000000_071942_leftImg8bit.png,1,806,387,864,461
1988,train/hamburg/hamburg_000000_071942_leftImg8bit.png,1,733,382,838,469
1989,train/hamburg/hamburg_000000_071942_leftImg8bit.png,1,563,338,771,501
1990,train/hamburg/hamburg_000000_071942_leftImg8bit.png,1,417,370,656,523
1991,train/hamburg/hamburg_000000_071942_leftImg8bit.png,2,1065,368,1118,424
1992,train/hamburg/hamburg_000000_071942_leftImg8bit.png,1,0,354,259,678
1993,train/hamburg/hamburg_000000_032266_leftImg8bit.png,1,760,386,930,460
1994,train/hamburg/hamburg_000000_032266_leftImg8bit.png,1,844,394,905,452
1995,train/hamburg/hamburg_000000_032266_leftImg8bit.png,1,809,394,897,460
1996,train/hamburg/hamburg_000000_032266_leftImg8bit.png,1,800,386,879,460
1997,train/hamburg/hamburg_000000_032266_leftImg8bit.png,1,760,385,854,460
1998,train/hamburg/hamburg_000000_032266_leftImg8bit.png,1,501,389,679,507
1999,train/hamburg/hamburg_000000_032266_leftImg8bit.png,1,1119,364,1236,470
2000,train/hamburg/hamburg_000000_032266_leftImg8bit.png,1,1145,364,1235,436
2001,train/hamburg/hamburg_000000_032266_leftImg8bit.png,1,1145,385,1234,466
2002,train/hamburg/hamburg_000000_032266_leftImg8bit.png,1,1172,388,1234,470
2003,train/hamburg/hamburg_000000_032266_leftImg8bit.png,1,1194,369,1280,493
2004,train/hamburg/hamburg_000000_032266_leftImg8bit.png,1,1228,378,1280,483
2005,train/hamburg/hamburg_000000_032266_leftImg8bit.png,1,1252,355,1456,513
2006,train/hamburg/hamburg_000000_032266_leftImg8bit.png,1,1358,268,1650,541
2007,train/hamburg/hamburg_000000_032266_leftImg8bit.png,1,1460,336,1850,611
2008,train/hamburg/hamburg_000000_032266_leftImg8bit.png,1,1657,296,2047,782
2009,train/hamburg/hamburg_000000_032266_leftImg8bit.png,4,511,425,606,573
2010,train/hamburg/hamburg_000000_032266_leftImg8bit.png,4,630,411,686,548
2011,train/hamburg/hamburg_000000_028056_leftImg8bit.png,1,868,382,928,434
2012,train/hamburg/hamburg_000000_028056_leftImg8bit.png,1,660,388,810,489
2013,train/hamburg/hamburg_000000_028056_leftImg8bit.png,0,0,390,84,558
2014,train/hamburg/hamburg_000000_028056_leftImg8bit.png,0,320,336,418,519
2015,train/hamburg/hamburg_000000_028056_leftImg8bit.png,0,267,346,330,532
2016,train/hamburg/hamburg_000000_028056_leftImg8bit.png,0,206,337,279,528
2017,train/hamburg/hamburg_000000_028056_leftImg8bit.png,0,172,350,229,532
2018,train/hamburg/hamburg_000000_028056_leftImg8bit.png,0,206,363,265,539
2019,train/hamburg/hamburg_000000_028056_leftImg8bit.png,0,302,365,366,535
2020,train/hamburg/hamburg_000000_028056_leftImg8bit.png,2,1037,291,1175,467
2021,train/hamburg/hamburg_000000_028056_leftImg8bit.png,1,1266,334,1397,474
2022,train/hamburg/hamburg_000000_028056_leftImg8bit.png,1,1287,349,1459,508
2023,train/hamburg/hamburg_000000_028056_leftImg8bit.png,4,1353,392,1447,529
2024,train/hamburg/hamburg_000000_028056_leftImg8bit.png,1,1395,349,1780,580
2025,train/hamburg/hamburg_000000_028056_leftImg8bit.png,1,1681,318,2047,842
2026,train/hamburg/hamburg_000000_028056_leftImg8bit.png,0,1069,320,1157,546
2027,train/hamburg/hamburg_000000_028056_leftImg8bit.png,0,1214,340,1283,515
2028,train/hamburg/hamburg_000000_032460_leftImg8bit.png,0,1711,332,1770,465
2029,train/hamburg/hamburg_000000_032460_leftImg8bit.png,1,1742,312,2047,729
2030,train/hamburg/hamburg_000000_032460_leftImg8bit.png,4,370,371,597,523
2031,train/hamburg/hamburg_000000_032460_leftImg8bit.png,0,741,331,792,423
2032,train/hamburg/hamburg_000000_032460_leftImg8bit.png,0,1252,253,1351,529
2033,train/hamburg/hamburg_000000_046566_leftImg8bit.png,1,1397,387,1471,444
2034,train/hamburg/hamburg_000000_046566_leftImg8bit.png,1,1433,381,1538,458
2035,train/hamburg/hamburg_000000_046566_leftImg8bit.png,1,1522,376,1598,468
2036,train/hamburg/hamburg_000000_046566_leftImg8bit.png,0,1528,296,1655,665
2037,train/hamburg/hamburg_000000_046566_leftImg8bit.png,0,1512,275,1776,686
2038,train/hamburg/hamburg_000000_046566_leftImg8bit.png,0,972,284,1155,651
2039,train/hamburg/hamburg_000000_046566_leftImg8bit.png,0,951,321,1122,670
2040,train/hamburg/hamburg_000000_046566_leftImg8bit.png,0,687,330,809,618
2041,train/hamburg/hamburg_000000_046566_leftImg8bit.png,0,645,329,777,631
2042,train/hamburg/hamburg_000000_046566_leftImg8bit.png,0,768,277,871,656
2043,train/hamburg/hamburg_000000_046566_leftImg8bit.png,0,811,294,1048,722
2044,train/hamburg/hamburg_000000_046566_leftImg8bit.png,0,752,307,947,754
2045,train/hamburg/hamburg_000000_046566_leftImg8bit.png,0,1237,409,1343,594
2046,train/hamburg/hamburg_000000_046566_leftImg8bit.png,0,1190,270,1313,668
2047,train/hamburg/hamburg_000000_046566_leftImg8bit.png,1,1832,341,2047,512
2048,train/hamburg/hamburg_000000_046566_leftImg8bit.png,4,25,447,88,525
2049,train/hamburg/hamburg_000000_046566_leftImg8bit.png,0,585,333,717,649
2050,train/hamburg/hamburg_000000_046566_leftImg8bit.png,0,387,326,461,631
2051,train/hamburg/hamburg_000000_046566_leftImg8bit.png,0,411,245,623,716
2052,train/hamburg/hamburg_000000_046566_leftImg8bit.png,0,281,356,362,608
2053,train/hamburg/hamburg_000000_046566_leftImg8bit.png,0,232,292,375,751
2054,train/hamburg/hamburg_000000_046566_leftImg8bit.png,0,358,352,524,655
2055,train/hamburg/hamburg_000000_046566_leftImg8bit.png,0,243,422,366,646
2056,train/hamburg/hamburg_000000_046566_leftImg8bit.png,4,0,446,57,526
2057,train/hamburg/hamburg_000000_046566_leftImg8bit.png,0,0,678,51,782
2058,train/hamburg/hamburg_000000_046566_leftImg8bit.png,0,270,278,563,757
2059,train/hamburg/hamburg_000000_046566_leftImg8bit.png,0,115,275,275,743
2060,train/hamburg/hamburg_000000_046566_leftImg8bit.png,0,142,278,425,800
2061,train/hamburg/hamburg_000000_046566_leftImg8bit.png,0,1291,308,1460,635
2062,train/hamburg/hamburg_000000_067587_leftImg8bit.png,0,1209,359,1267,488
2063,train/hamburg/hamburg_000000_067587_leftImg8bit.png,0,1346,303,1448,531
2064,train/hamburg/hamburg_000000_064269_leftImg8bit.png,1,621,420,700,474
2065,train/hamburg/hamburg_000000_064269_leftImg8bit.png,1,447,431,563,485
2066,train/hamburg/hamburg_000000_064269_leftImg8bit.png,1,375,416,467,489
2067,train/hamburg/hamburg_000000_064269_leftImg8bit.png,1,357,433,415,489
2068,train/hamburg/hamburg_000000_064269_leftImg8bit.png,1,198,411,390,489
2069,train/hamburg/hamburg_000000_064269_leftImg8bit.png,1,218,429,345,492
2070,train/hamburg/hamburg_000000_064269_leftImg8bit.png,1,144,431,291,497
2071,train/hamburg/hamburg_000000_064269_leftImg8bit.png,1,68,434,223,502
2072,train/hamburg/hamburg_000000_064269_leftImg8bit.png,1,0,423,104,512
2073,train/hamburg/hamburg_000000_064269_leftImg8bit.png,0,1985,332,2046,476
2074,train/hamburg/hamburg_000000_064269_leftImg8bit.png,0,1944,322,2008,477
2075,train/hamburg/hamburg_000000_064269_leftImg8bit.png,4,1586,393,1642,486
2076,train/hamburg/hamburg_000000_064269_leftImg8bit.png,1,1221,391,1297,451
2077,train/hamburg/hamburg_000000_064269_leftImg8bit.png,1,1024,372,1117,444
2078,train/hamburg/hamburg_000000_064269_leftImg8bit.png,2,1118,353,1204,441
2079,train/hamburg/hamburg_000000_025986_leftImg8bit.png,1,912,352,975,454
2080,train/hamburg/hamburg_000000_025986_leftImg8bit.png,1,936,317,1153,474
2081,train/hamburg/hamburg_000000_025986_leftImg8bit.png,1,1264,366,1318,426
2082,train/hamburg/hamburg_000000_025986_leftImg8bit.png,1,1306,326,1515,443
2083,train/hamburg/hamburg_000000_025986_leftImg8bit.png,1,119,331,218,398
2084,train/hamburg/hamburg_000000_025986_leftImg8bit.png,1,134,334,205,401
2085,train/hamburg/hamburg_000000_025986_leftImg8bit.png,1,62,329,182,409
2086,train/hamburg/hamburg_000000_025986_leftImg8bit.png,1,0,287,70,357
2087,train/hamburg/hamburg_000000_025986_leftImg8bit.png,1,0,327,173,496
2088,train/hamburg/hamburg_000000_025986_leftImg8bit.png,1,216,333,346,431
2089,train/hamburg/hamburg_000000_025986_leftImg8bit.png,1,562,354,635,407
2090,train/hamburg/hamburg_000000_025986_leftImg8bit.png,1,636,325,699,401
2091,train/hamburg/hamburg_000000_025986_leftImg8bit.png,2,657,193,929,504
2092,train/hamburg/hamburg_000000_018878_leftImg8bit.png,1,1153,395,1232,456
2093,train/hamburg/hamburg_000000_018878_leftImg8bit.png,1,1157,397,1256,467
2094,train/hamburg/hamburg_000000_018878_leftImg8bit.png,1,1232,386,1350,508
2095,train/hamburg/hamburg_000000_018878_leftImg8bit.png,1,1293,370,1480,557
2096,train/hamburg/hamburg_000000_018878_leftImg8bit.png,1,1350,343,1722,630
2097,train/hamburg/hamburg_000000_018878_leftImg8bit.png,1,1552,343,2047,824
2098,train/hamburg/hamburg_000000_018878_leftImg8bit.png,1,680,279,910,510
2099,train/hamburg/hamburg_000000_018878_leftImg8bit.png,4,582,379,647,439
2100,train/hamburg/hamburg_000000_018878_leftImg8bit.png,1,134,364,663,669
2101,train/hamburg/hamburg_000000_018878_leftImg8bit.png,0,897,294,1037,606
2102,train/hamburg/hamburg_000000_026675_leftImg8bit.png,1,1405,348,1519,419
2103,train/hamburg/hamburg_000000_026675_leftImg8bit.png,1,983,378,1078,451
2104,train/hamburg/hamburg_000000_026675_leftImg8bit.png,1,929,376,1058,453
2105,train/hamburg/hamburg_000000_026675_leftImg8bit.png,1,541,357,709,513
2106,train/hamburg/hamburg_000000_026675_leftImg8bit.png,1,186,329,605,575
2107,train/hamburg/hamburg_000000_026675_leftImg8bit.png,1,38,354,285,594
2108,train/hamburg/hamburg_000000_026675_leftImg8bit.png,1,0,276,267,817
2109,train/hamburg/hamburg_000000_026675_leftImg8bit.png,0,1696,325,1752,474
2110,train/hamburg/hamburg_000000_026675_leftImg8bit.png,0,1773,295,1837,470
2111,train/hamburg/hamburg_000000_026675_leftImg8bit.png,4,858,387,948,479
2112,train/hamburg/hamburg_000000_026675_leftImg8bit.png,4,764,393,890,493
2113,train/hamburg/hamburg_000000_026675_leftImg8bit.png,4,929,390,1043,487
2114,train/hamburg/hamburg_000000_026675_leftImg8bit.png,2,1073,191,1334,531
2115,train/hamburg/hamburg_000000_026675_leftImg8bit.png,4,974,394,1043,472
2116,train/hamburg/hamburg_000000_042885_leftImg8bit.png,1,65,357,153,461
2117,train/hamburg/hamburg_000000_042885_leftImg8bit.png,1,0,397,109,544
2118,train/hamburg/hamburg_000000_042885_leftImg8bit.png,1,798,389,899,446
2119,train/hamburg/hamburg_000000_042885_leftImg8bit.png,1,1844,395,1996,452
2120,train/hamburg/hamburg_000000_042885_leftImg8bit.png,1,1283,387,1514,537
2121,train/hamburg/hamburg_000000_037741_leftImg8bit.png,1,1326,357,1500,484
2122,train/hamburg/hamburg_000000_037741_leftImg8bit.png,1,1899,356,2032,411
2123,train/hamburg/hamburg_000000_037741_leftImg8bit.png,1,1899,367,2047,442
2124,train/hamburg/hamburg_000000_037741_leftImg8bit.png,0,1956,359,2007,444
2125,train/hamburg/hamburg_000000_037741_leftImg8bit.png,1,1538,307,1937,547
2126,train/hamburg/hamburg_000000_037741_leftImg8bit.png,1,1041,387,1098,441
2127,train/hamburg/hamburg_000000_037741_leftImg8bit.png,1,1070,378,1165,457
2128,train/hamburg/hamburg_000000_037741_leftImg8bit.png,1,1173,352,1387,529
2129,train/hamburg/hamburg_000000_037741_leftImg8bit.png,1,207,395,305,447
2130,train/hamburg/hamburg_000000_037741_leftImg8bit.png,1,324,381,433,457
2131,train/hamburg/hamburg_000000_037741_leftImg8bit.png,3,387,237,803,484
2132,train/hamburg/hamburg_000000_103541_leftImg8bit.png,1,1499,353,1738,498
2133,train/hamburg/hamburg_000000_103541_leftImg8bit.png,0,1843,333,1936,546
2134,train/hamburg/hamburg_000000_103541_leftImg8bit.png,0,1905,332,1966,544
2135,train/hamburg/hamburg_000000_103541_leftImg8bit.png,0,1020,349,1075,472
2136,train/hamburg/hamburg_000000_103541_leftImg8bit.png,0,1177,345,1230,477
2137,train/hamburg/hamburg_000000_103541_leftImg8bit.png,0,1253,355,1318,492
2138,train/hamburg/hamburg_000000_103541_leftImg8bit.png,0,1218,331,1279,497
2139,train/hamburg/hamburg_000000_103541_leftImg8bit.png,0,1292,341,1356,503
2140,train/hamburg/hamburg_000000_103541_leftImg8bit.png,0,1400,322,1476,508
2141,train/hamburg/hamburg_000000_103541_leftImg8bit.png,0,1370,333,1424,509
2142,train/hamburg/hamburg_000000_103541_leftImg8bit.png,0,1567,337,1626,521
2143,train/hamburg/hamburg_000000_103541_leftImg8bit.png,0,1482,333,1552,522
2144,train/hamburg/hamburg_000000_103541_leftImg8bit.png,0,1540,366,1593,523
2145,train/hamburg/hamburg_000000_103541_leftImg8bit.png,4,973,404,1053,508
2146,train/hamburg/hamburg_000000_003904_leftImg8bit.png,1,1757,407,1940,474
2147,train/hamburg/hamburg_000000_003904_leftImg8bit.png,1,986,395,1147,519
2148,train/hamburg/hamburg_000000_104857_leftImg8bit.png,1,203,437,260,498
2149,train/hamburg/hamburg_000000_104857_leftImg8bit.png,1,1958,216,2047,523
2150,train/hamburg/hamburg_000000_104857_leftImg8bit.png,1,766,418,831,474
2151,train/hamburg/hamburg_000000_104857_leftImg8bit.png,0,1702,271,1804,499
2152,train/hamburg/hamburg_000000_104857_leftImg8bit.png,0,1706,245,1802,505
2153,train/hamburg/hamburg_000000_104857_leftImg8bit.png,0,1117,295,1184,486
2154,train/hamburg/hamburg_000000_104857_leftImg8bit.png,0,1014,284,1145,584
2155,train/hamburg/hamburg_000000_104857_leftImg8bit.png,0,1149,288,1261,585
2156,train/hamburg/hamburg_000000_104857_leftImg8bit.png,0,1285,251,1357,503
2157,train/hamburg/hamburg_000000_104857_leftImg8bit.png,0,1390,251,1452,513
2158,train/hamburg/hamburg_000000_104857_leftImg8bit.png,0,1443,243,1525,498
2159,train/hamburg/hamburg_000000_104857_leftImg8bit.png,0,1422,256,1524,519
2160,train/hamburg/hamburg_000000_104857_leftImg8bit.png,0,1338,242,1423,563
2161,train/hamburg/hamburg_000000_104857_leftImg8bit.png,0,1291,257,1391,592
2162,train/hamburg/hamburg_000000_104857_leftImg8bit.png,0,1522,255,1622,503
2163,train/hamburg/hamburg_000000_104857_leftImg8bit.png,0,1562,223,1669,513
2164,train/hamburg/hamburg_000000_104857_leftImg8bit.png,0,1511,251,1596,529
2165,train/hamburg/hamburg_000000_030279_leftImg8bit.png,3,984,350,1305,465
2166,train/hamburg/hamburg_000000_030279_leftImg8bit.png,1,1028,426,1086,479
2167,train/hamburg/hamburg_000000_030279_leftImg8bit.png,1,988,425,1073,486
2168,train/hamburg/hamburg_000000_030279_leftImg8bit.png,1,1386,426,1455,478
2169,train/hamburg/hamburg_000000_074425_leftImg8bit.png,3,1107,330,1170,447
2170,train/hamburg/hamburg_000000_074425_leftImg8bit.png,3,1142,293,1303,475
2171,train/hamburg/hamburg_000000_074425_leftImg8bit.png,1,524,363,815,566
2172,train/hamburg/hamburg_000000_074425_leftImg8bit.png,0,1578,350,1658,492
2173,train/hamburg/hamburg_000000_074425_leftImg8bit.png,0,1659,359,1715,502
2174,train/hamburg/hamburg_000000_074425_leftImg8bit.png,0,1712,367,1772,503
2175,train/hamburg/hamburg_000000_074425_leftImg8bit.png,3,894,359,967,435
2176,train/hamburg/hamburg_000000_039264_leftImg8bit.png,0,804,351,856,488
2177,train/hamburg/hamburg_000000_039264_leftImg8bit.png,0,849,340,904,491
2178,train/hamburg/hamburg_000000_039264_leftImg8bit.png,0,899,352,953,490
2179,train/hamburg/hamburg_000000_039264_leftImg8bit.png,0,708,352,781,503
2180,train/hamburg/hamburg_000000_039264_leftImg8bit.png,0,771,329,830,503
2181,train/hamburg/hamburg_000000_039264_leftImg8bit.png,3,401,313,697,466
2182,train/hamburg/hamburg_000000_039264_leftImg8bit.png,1,1572,371,1786,454
2183,train/hamburg/hamburg_000000_039264_leftImg8bit.png,4,411,441,476,503
2184,train/hamburg/hamburg_000000_039264_leftImg8bit.png,4,529,408,589,498
2185,train/hamburg/hamburg_000000_039264_leftImg8bit.png,1,1781,354,2047,455
2186,train/hamburg/hamburg_000000_039264_leftImg8bit.png,4,103,411,253,468
2187,train/hamburg/hamburg_000000_039264_leftImg8bit.png,1,0,370,270,901
2188,train/hamburg/hamburg_000000_005639_leftImg8bit.png,1,1609,240,2047,935
2189,train/hamburg/hamburg_000000_005639_leftImg8bit.png,1,995,400,1183,521
2190,train/hamburg/hamburg_000000_071016_leftImg8bit.png,0,52,349,106,438
2191,train/hamburg/hamburg_000000_071016_leftImg8bit.png,1,0,395,85,521
2192,train/hamburg/hamburg_000000_071016_leftImg8bit.png,1,569,334,795,557
2193,train/hamburg/hamburg_000000_071016_leftImg8bit.png,1,0,339,623,747
2194,train/hamburg/hamburg_000000_071016_leftImg8bit.png,1,1519,353,1645,427
2195,train/hamburg/hamburg_000000_071016_leftImg8bit.png,3,1064,214,1301,471
2196,train/hamburg/hamburg_000000_071016_leftImg8bit.png,1,800,385,891,449
2197,train/hamburg/hamburg_000000_071016_leftImg8bit.png,1,879,385,960,458
2198,train/hamburg/hamburg_000000_071016_leftImg8bit.png,1,934,386,1056,481
2199,train/hamburg/hamburg_000000_095561_leftImg8bit.png,3,802,371,887,425
2200,train/hamburg/hamburg_000000_095561_leftImg8bit.png,4,1173,382,1245,435
2201,train/hamburg/hamburg_000000_095561_leftImg8bit.png,1,419,399,481,456
2202,train/hamburg/hamburg_000000_095561_leftImg8bit.png,1,273,388,429,479
2203,train/hamburg/hamburg_000000_095561_leftImg8bit.png,1,58,411,180,478
2204,train/hamburg/hamburg_000000_095561_leftImg8bit.png,1,131,410,251,474
2205,train/hamburg/hamburg_000000_095561_leftImg8bit.png,1,472,315,837,489
2206,train/hamburg/hamburg_000000_095561_leftImg8bit.png,1,1862,333,1991,416
2207,train/hamburg/hamburg_000000_095561_leftImg8bit.png,1,1917,334,2047,416
2208,train/hamburg/hamburg_000000_085073_leftImg8bit.png,1,1402,302,1576,467
2209,train/hamburg/hamburg_000000_085073_leftImg8bit.png,1,1429,344,1602,493
2210,train/hamburg/hamburg_000000_085073_leftImg8bit.png,1,1486,341,1791,538
2211,train/hamburg/hamburg_000000_085073_leftImg8bit.png,0,1948,298,2007,430
2212,train/hamburg/hamburg_000000_085073_leftImg8bit.png,0,1818,302,1875,441
2213,train/hamburg/hamburg_000000_085073_leftImg8bit.png,4,1781,400,1987,572
2214,train/hamburg/hamburg_000000_085073_leftImg8bit.png,4,1683,406,1788,587
2215,train/hamburg/hamburg_000000_085073_leftImg8bit.png,0,1146,230,1297,647
2216,train/hamburg/hamburg_000000_085073_leftImg8bit.png,0,1022,282,1240,660
2217,train/hamburg/hamburg_000000_085073_leftImg8bit.png,1,993,377,1064,431
2218,train/hamburg/hamburg_000000_085073_leftImg8bit.png,1,961,375,1020,438
2219,train/hamburg/hamburg_000000_085073_leftImg8bit.png,1,857,352,986,456
2220,train/hamburg/hamburg_000000_085073_leftImg8bit.png,1,588,351,909,543
2221,train/hamburg/hamburg_000000_085073_leftImg8bit.png,1,366,382,554,497
2222,train/hamburg/hamburg_000000_085073_leftImg8bit.png,1,452,374,646,520
2223,train/hamburg/hamburg_000000_085073_leftImg8bit.png,0,581,254,779,673
2224,train/hamburg/hamburg_000000_085073_leftImg8bit.png,4,303,395,391,501
2225,train/hamburg/hamburg_000000_085073_leftImg8bit.png,4,191,424,293,524
2226,train/hamburg/hamburg_000000_085073_leftImg8bit.png,0,702,215,880,687
2227,train/hamburg/hamburg_000000_057816_leftImg8bit.png,2,1208,345,1259,405
2228,train/hamburg/hamburg_000000_057816_leftImg8bit.png,1,1134,367,1233,452
2229,train/hamburg/hamburg_000000_057816_leftImg8bit.png,1,974,379,1076,449
2230,train/hamburg/hamburg_000000_057816_leftImg8bit.png,1,2,367,227,458
2231,train/hamburg/hamburg_000000_057816_leftImg8bit.png,1,831,364,942,451
2232,train/hamburg/hamburg_000000_057816_leftImg8bit.png,1,706,366,865,464
2233,train/hamburg/hamburg_000000_057816_leftImg8bit.png,5,662,404,751,540
2234,train/hamburg/hamburg_000000_057816_leftImg8bit.png,1,249,327,582,533
2235,train/hamburg/hamburg_000000_057816_leftImg8bit.png,1,1886,317,2047,436
2236,train/hamburg/hamburg_000000_057816_leftImg8bit.png,1,1913,312,2047,437
2237,train/hamburg/hamburg_000000_057816_leftImg8bit.png,1,1770,357,1834,413
2238,train/hamburg/hamburg_000000_029378_leftImg8bit.png,3,956,325,1022,390
2239,train/hamburg/hamburg_000000_029378_leftImg8bit.png,0,939,359,1034,436
2240,train/hamburg/hamburg_000000_029378_leftImg8bit.png,1,965,361,1034,428
2241,train/hamburg/hamburg_000000_029378_leftImg8bit.png,3,647,268,901,442
2242,train/hamburg/hamburg_000000_029378_leftImg8bit.png,1,198,355,336,425
2243,train/hamburg/hamburg_000000_029378_leftImg8bit.png,0,901,329,977,453
2244,train/hamburg/hamburg_000000_029378_leftImg8bit.png,0,1451,325,1526,461
2245,train/hamburg/hamburg_000000_029378_leftImg8bit.png,0,1758,324,1824,474
2246,train/hamburg/hamburg_000000_029378_leftImg8bit.png,4,1215,382,1334,478
2247,train/hamburg/hamburg_000000_029378_leftImg8bit.png,4,927,382,991,458
2248,train/hamburg/hamburg_000000_029378_leftImg8bit.png,1,269,333,462,512
2249,train/hamburg/hamburg_000000_029378_leftImg8bit.png,1,394,285,776,604
2250,train/hamburg/hamburg_000000_029378_leftImg8bit.png,0,1744,325,1836,479
2251,train/hamburg/hamburg_000000_048750_leftImg8bit.png,1,770,393,843,470
2252,train/hamburg/hamburg_000000_048750_leftImg8bit.png,1,781,393,852,480
2253,train/hamburg/hamburg_000000_048750_leftImg8bit.png,1,809,379,962,501
2254,train/hamburg/hamburg_000000_048750_leftImg8bit.png,1,842,393,1019,525
2255,train/hamburg/hamburg_000000_048750_leftImg8bit.png,4,1135,406,1218,524
2256,train/hamburg/hamburg_000000_048750_leftImg8bit.png,0,1332,337,1418,514
2257,train/hamburg/hamburg_000000_048750_leftImg8bit.png,4,1447,416,1523,514
2258,train/hamburg/hamburg_000000_048750_leftImg8bit.png,0,1393,344,1468,572
2259,train/hamburg/hamburg_000000_048750_leftImg8bit.png,0,1827,359,1927,618
2260,train/hamburg/hamburg_000000_048750_leftImg8bit.png,0,1770,344,1879,626
2261,train/hamburg/hamburg_000000_048750_leftImg8bit.png,1,488,378,575,468
2262,train/hamburg/hamburg_000000_048750_leftImg8bit.png,1,409,367,529,478
2263,train/hamburg/hamburg_000000_048750_leftImg8bit.png,1,404,368,500,500
2264,train/hamburg/hamburg_000000_048750_leftImg8bit.png,1,260,371,458,517
2265,train/hamburg/hamburg_000000_044996_leftImg8bit.png,1,161,398,332,471
2266,train/hamburg/hamburg_000000_044996_leftImg8bit.png,1,329,392,490,474
2267,train/hamburg/hamburg_000000_044996_leftImg8bit.png,1,540,390,752,476
2268,train/hamburg/hamburg_000000_044996_leftImg8bit.png,1,796,370,1019,480
2269,train/hamburg/hamburg_000000_044996_leftImg8bit.png,1,1084,378,1416,484
2270,train/hamburg/hamburg_000000_044996_leftImg8bit.png,1,1471,341,1855,496
2271,train/hamburg/hamburg_000000_044996_leftImg8bit.png,1,1862,349,2047,493
2272,train/hamburg/hamburg_000000_044996_leftImg8bit.png,0,747,278,845,623
2273,train/hamburg/hamburg_000000_044996_leftImg8bit.png,0,808,292,940,637
2274,train/hamburg/hamburg_000000_044996_leftImg8bit.png,0,597,237,785,649
2275,train/hamburg/hamburg_000000_044996_leftImg8bit.png,0,436,313,589,681
2276,train/hamburg/hamburg_000000_044996_leftImg8bit.png,1,0,386,262,503
2277,train/hamburg/hamburg_000000_044996_leftImg8bit.png,4,1226,439,1901,860
2278,train/hamburg/hamburg_000000_044996_leftImg8bit.png,0,0,335,74,651
2279,train/hamburg/hamburg_000000_074545_leftImg8bit.png,1,937,387,1019,449
2280,train/hamburg/hamburg_000000_074545_leftImg8bit.png,3,578,257,840,477
2281,train/hamburg/hamburg_000000_074545_leftImg8bit.png,3,1248,44,1667,554
2282,train/hamburg/hamburg_000000_074545_leftImg8bit.png,3,1526,0,2047,759
2283,train/hamburg/hamburg_000000_103367_leftImg8bit.png,0,1572,354,1635,470
2284,train/hamburg/hamburg_000000_103367_leftImg8bit.png,0,1682,256,1797,491
2285,train/hamburg/hamburg_000000_103367_leftImg8bit.png,0,1637,280,1705,495
2286,train/hamburg/hamburg_000000_103367_leftImg8bit.png,0,1467,241,1565,533
2287,train/hamburg/hamburg_000000_103367_leftImg8bit.png,0,1574,241,1683,524
2288,train/hamburg/hamburg_000000_103367_leftImg8bit.png,0,0,387,56,522
2289,train/hamburg/hamburg_000000_103367_leftImg8bit.png,0,84,381,141,517
2290,train/hamburg/hamburg_000000_103367_leftImg8bit.png,3,450,331,659,501
2291,train/hamburg/hamburg_000000_103367_leftImg8bit.png,4,1221,418,1389,734
2292,train/hamburg/hamburg_000000_040021_leftImg8bit.png,2,145,346,256,406
2293,train/hamburg/hamburg_000000_040021_leftImg8bit.png,0,1506,265,1672,710
2294,train/hamburg/hamburg_000000_040021_leftImg8bit.png,1,0,363,168,514
2295,train/hamburg/hamburg_000000_040021_leftImg8bit.png,1,589,367,901,488
2296,train/hamburg/hamburg_000000_040021_leftImg8bit.png,0,1003,299,1195,629
2297,train/hamburg/hamburg_000000_102574_leftImg8bit.png,0,1853,207,2047,735
2298,train/hamburg/hamburg_000000_102574_leftImg8bit.png,4,1434,428,1502,520
2299,train/hamburg/hamburg_000000_102574_leftImg8bit.png,0,967,352,1022,481
2300,train/hamburg/hamburg_000000_102574_leftImg8bit.png,0,1015,350,1069,479
2301,train/hamburg/hamburg_000000_102574_leftImg8bit.png,4,1127,439,1296,561
2302,train/hamburg/hamburg_000000_102574_leftImg8bit.png,0,1070,284,1209,620
2303,train/hamburg/hamburg_000000_102574_leftImg8bit.png,0,1032,265,1182,647
2304,train/hamburg/hamburg_000000_102574_leftImg8bit.png,0,1156,214,1312,764
2305,train/hamburg/hamburg_000000_102574_leftImg8bit.png,0,1289,219,1468,776
2306,train/hamburg/hamburg_000000_102574_leftImg8bit.png,4,598,423,753,589
2307,train/hamburg/hamburg_000000_102574_leftImg8bit.png,0,676,168,948,907
2308,train/hamburg/hamburg_000000_102574_leftImg8bit.png,0,620,192,979,940
2309,train/hamburg/hamburg_000000_024251_leftImg8bit.png,1,1754,417,1863,489
2310,train/hamburg/hamburg_000000_024251_leftImg8bit.png,1,1648,427,1720,480
2311,train/hamburg/hamburg_000000_024251_leftImg8bit.png,1,1683,429,1755,483
2312,train/hamburg/hamburg_000000_024251_leftImg8bit.png,1,570,369,704,465
2313,train/hamburg/hamburg_000000_024251_leftImg8bit.png,1,611,412,687,470
2314,train/hamburg/hamburg_000000_024251_leftImg8bit.png,1,168,395,303,475
2315,train/hamburg/hamburg_000000_024251_leftImg8bit.png,1,272,377,460,449
2316,train/hamburg/hamburg_000000_024251_leftImg8bit.png,1,446,394,627,479
2317,train/hamburg/hamburg_000000_024251_leftImg8bit.png,1,232,400,407,476
2318,train/hamburg/hamburg_000000_024251_leftImg8bit.png,1,0,367,106,478
2319,train/hamburg/hamburg_000000_024251_leftImg8bit.png,1,1823,431,1895,493
2320,train/hamburg/hamburg_000000_024251_leftImg8bit.png,0,1868,357,1929,501
2321,train/hamburg/hamburg_000000_024251_leftImg8bit.png,0,1961,375,2033,533
2322,train/hamburg/hamburg_000000_024251_leftImg8bit.png,4,1382,437,1513,511
2323,train/hamburg/hamburg_000000_066706_leftImg8bit.png,4,1961,495,2047,662
2324,train/hamburg/hamburg_000000_066706_leftImg8bit.png,0,546,363,614,461
2325,train/hamburg/hamburg_000000_066706_leftImg8bit.png,4,1415,423,1599,523
2326,train/hamburg/hamburg_000000_066706_leftImg8bit.png,0,1473,278,1646,717
2327,train/hamburg/hamburg_000000_066706_leftImg8bit.png,1,1235,315,1306,475
2328,train/hamburg/hamburg_000000_066706_leftImg8bit.png,0,1266,230,1436,716
2329,train/hamburg/hamburg_000000_066706_leftImg8bit.png,1,938,401,989,478
2330,train/hamburg/hamburg_000000_066706_leftImg8bit.png,1,871,390,971,495
2331,train/hamburg/hamburg_000000_066706_leftImg8bit.png,1,827,391,944,504
2332,train/hamburg/hamburg_000000_066706_leftImg8bit.png,1,661,383,902,566
2333,train/hamburg/hamburg_000000_066706_leftImg8bit.png,1,100,371,700,727
2334,train/hamburg/hamburg_000000_098616_leftImg8bit.png,0,1220,332,1300,521
2335,train/hamburg/hamburg_000000_098616_leftImg8bit.png,0,1132,318,1232,536
2336,train/hamburg/hamburg_000000_098616_leftImg8bit.png,0,1059,362,1125,525
2337,train/hamburg/hamburg_000000_039546_leftImg8bit.png,1,196,393,280,458
2338,train/hamburg/hamburg_000000_039546_leftImg8bit.png,1,250,390,370,465
2339,train/hamburg/hamburg_000000_039546_leftImg8bit.png,1,33,382,194,465
2340,train/hamburg/hamburg_000000_039546_leftImg8bit.png,0,47,352,100,472
2341,train/hamburg/hamburg_000000_039546_leftImg8bit.png,0,0,352,58,474
2342,train/hamburg/hamburg_000000_039546_leftImg8bit.png,0,169,362,237,474
2343,train/hamburg/hamburg_000000_039546_leftImg8bit.png,0,713,362,771,485
2344,train/hamburg/hamburg_000000_039546_leftImg8bit.png,0,1130,363,1185,495
2345,train/hamburg/hamburg_000000_039546_leftImg8bit.png,0,1291,387,1348,495
2346,train/hamburg/hamburg_000000_039546_leftImg8bit.png,0,1301,382,1353,501
2347,train/hamburg/hamburg_000000_039546_leftImg8bit.png,0,768,363,820,427
2348,train/hamburg/hamburg_000000_039546_leftImg8bit.png,1,318,319,624,564
2349,train/hamburg/hamburg_000000_039546_leftImg8bit.png,1,777,359,1002,555
2350,train/hamburg/hamburg_000000_039546_leftImg8bit.png,0,1335,346,1413,521
2351,train/hamburg/hamburg_000000_039546_leftImg8bit.png,0,1800,338,1893,552
2352,train/hamburg/hamburg_000000_039546_leftImg8bit.png,0,1730,360,1806,547
2353,train/hamburg/hamburg_000000_039546_leftImg8bit.png,4,1975,463,2045,514
2354,train/hamburg/hamburg_000000_039546_leftImg8bit.png,0,686,354,738,487
2355,train/hamburg/hamburg_000000_076966_leftImg8bit.png,1,1733,387,1863,458
2356,train/hamburg/hamburg_000000_076966_leftImg8bit.png,1,1536,414,1671,495
2357,train/hamburg/hamburg_000000_076966_leftImg8bit.png,1,1551,348,2047,858
2358,train/hamburg/hamburg_000000_029144_leftImg8bit.png,3,269,261,474,533
2359,train/hamburg/hamburg_000000_029144_leftImg8bit.png,2,0,0,422,815
2360,train/hamburg/hamburg_000000_029144_leftImg8bit.png,1,367,390,602,582
2361,train/hamburg/hamburg_000000_029144_leftImg8bit.png,0,1306,361,1363,523
2362,train/hamburg/hamburg_000000_029144_leftImg8bit.png,0,1453,397,1509,504
2363,train/hamburg/hamburg_000000_029144_leftImg8bit.png,0,1596,405,1653,513
2364,train/hamburg/hamburg_000000_029144_leftImg8bit.png,1,734,379,1293,581
2365,train/hamburg/hamburg_000000_028439_leftImg8bit.png,1,1029,337,1099,425
2366,train/hamburg/hamburg_000000_028439_leftImg8bit.png,2,751,329,836,416
2367,train/hamburg/hamburg_000000_028439_leftImg8bit.png,1,755,367,832,440
2368,train/hamburg/hamburg_000000_028439_leftImg8bit.png,1,682,343,785,454
2369,train/hamburg/hamburg_000000_028439_leftImg8bit.png,0,331,288,391,465
2370,train/hamburg/hamburg_000000_028439_leftImg8bit.png,0,50,273,160,500
2371,train/hamburg/hamburg_000000_028439_leftImg8bit.png,1,0,368,63,641
2372,train/hamburg/hamburg_000000_028439_leftImg8bit.png,0,691,314,759,497
2373,train/hamburg/hamburg_000000_028439_leftImg8bit.png,0,637,304,718,499
2374,train/hamburg/hamburg_000000_028439_leftImg8bit.png,1,1503,342,2047,686
2375,train/hamburg/hamburg_000000_028439_leftImg8bit.png,1,1122,378,1188,437
2376,train/hamburg/hamburg_000000_028439_leftImg8bit.png,1,1174,344,1279,459
2377,train/hamburg/hamburg_000000_028439_leftImg8bit.png,1,1243,277,1479,505
2378,train/hamburg/hamburg_000000_028439_leftImg8bit.png,0,1289,336,1363,511
2379,train/hamburg/hamburg_000000_028439_leftImg8bit.png,4,369,375,540,484
2380,train/hamburg/hamburg_000000_089491_leftImg8bit.png,1,725,375,798,452
2381,train/hamburg/hamburg_000000_089491_leftImg8bit.png,1,548,352,746,444
2382,train/hamburg/hamburg_000000_089491_leftImg8bit.png,1,624,420,735,477
2383,train/hamburg/hamburg_000000_089491_leftImg8bit.png,1,474,357,703,480
2384,train/hamburg/hamburg_000000_089491_leftImg8bit.png,4,703,389,765,515
2385,train/hamburg/hamburg_000000_089491_leftImg8bit.png,1,463,371,664,487
2386,train/hamburg/hamburg_000000_089491_leftImg8bit.png,1,269,346,529,521
2387,train/hamburg/hamburg_000000_089491_leftImg8bit.png,1,87,333,314,455
2388,train/hamburg/hamburg_000000_089491_leftImg8bit.png,1,0,351,215,450
2389,train/hamburg/hamburg_000000_089491_leftImg8bit.png,1,0,359,649,1023
2390,train/hamburg/hamburg_000000_089491_leftImg8bit.png,1,1111,0,1673,608
2391,train/hamburg/hamburg_000000_034049_leftImg8bit.png,0,1575,278,1697,696
2392,train/hamburg/hamburg_000000_032906_leftImg8bit.png,4,0,413,244,585
2393,train/hamburg/hamburg_000000_032906_leftImg8bit.png,2,247,260,490,515
2394,train/hamburg/hamburg_000000_032906_leftImg8bit.png,1,675,393,780,507
2395,train/hamburg/hamburg_000000_032906_leftImg8bit.png,1,687,393,780,507
2396,train/hamburg/hamburg_000000_032906_leftImg8bit.png,1,744,324,1063,569
2397,train/hamburg/hamburg_000000_032906_leftImg8bit.png,0,1088,355,1168,536
2398,train/hamburg/hamburg_000000_032906_leftImg8bit.png,0,1159,314,1254,620
2399,train/hamburg/hamburg_000000_032906_leftImg8bit.png,0,1515,291,1644,623
2400,train/hamburg/hamburg_000000_032906_leftImg8bit.png,0,1266,289,1369,636
2401,train/hamburg/hamburg_000000_032906_leftImg8bit.png,0,1388,324,1508,581
2402,train/hamburg/hamburg_000000_032906_leftImg8bit.png,0,1515,315,1585,608
2403,train/hamburg/hamburg_000000_032906_leftImg8bit.png,0,1528,308,1644,623
2404,train/hamburg/hamburg_000000_032906_leftImg8bit.png,0,1174,319,1254,620
2405,train/hamburg/hamburg_000000_032906_leftImg8bit.png,0,1088,355,1168,536
2406,train/hamburg/hamburg_000000_032906_leftImg8bit.png,4,184,419,244,520
2407,train/hamburg/hamburg_000000_065604_leftImg8bit.png,1,208,357,284,408
2408,train/hamburg/hamburg_000000_065604_leftImg8bit.png,1,210,355,301,420
2409,train/hamburg/hamburg_000000_065604_leftImg8bit.png,2,1135,353,1222,443
2410,train/hamburg/hamburg_000000_065604_leftImg8bit.png,2,1233,365,1315,431
2411,train/hamburg/hamburg_000000_065604_leftImg8bit.png,0,1599,350,1655,438
2412,train/hamburg/hamburg_000000_065604_leftImg8bit.png,0,1693,332,1771,467
2413,train/hamburg/hamburg_000000_065604_leftImg8bit.png,0,1751,330,1804,454
2414,train/hamburg/hamburg_000000_065604_leftImg8bit.png,0,1860,362,1941,446
2415,train/hamburg/hamburg_000000_065604_leftImg8bit.png,0,1934,360,1993,487
2416,train/hamburg/hamburg_000000_065604_leftImg8bit.png,4,1430,386,1800,560
2417,train/hamburg/hamburg_000000_065604_leftImg8bit.png,1,618,385,671,438
2418,train/hamburg/hamburg_000000_065604_leftImg8bit.png,1,646,382,727,439
2419,train/hamburg/hamburg_000000_065604_leftImg8bit.png,1,537,378,639,449
2420,train/hamburg/hamburg_000000_065604_leftImg8bit.png,2,0,298,93,417
2421,train/hamburg/hamburg_000000_065604_leftImg8bit.png,1,319,347,400,424
2422,train/hamburg/hamburg_000000_065604_leftImg8bit.png,1,311,377,500,484
2423,train/hamburg/hamburg_000000_065604_leftImg8bit.png,1,0,400,73,477
2424,train/hamburg/hamburg_000000_090398_leftImg8bit.png,2,1100,363,1154,416
2425,train/hamburg/hamburg_000000_090398_leftImg8bit.png,1,1278,365,1353,444
2426,train/hamburg/hamburg_000000_090398_leftImg8bit.png,1,1000,360,1070,424
2427,train/hamburg/hamburg_000000_090398_leftImg8bit.png,1,929,368,996,425
2428,train/hamburg/hamburg_000000_090398_leftImg8bit.png,1,921,376,980,430
2429,train/hamburg/hamburg_000000_090398_leftImg8bit.png,1,855,368,948,431
2430,train/hamburg/hamburg_000000_090398_leftImg8bit.png,5,831,381,905,439
2431,train/hamburg/hamburg_000000_090398_leftImg8bit.png,1,661,362,789,477
2432,train/hamburg/hamburg_000000_090398_leftImg8bit.png,1,604,360,725,493
2433,train/hamburg/hamburg_000000_090398_leftImg8bit.png,0,365,313,431,378
2434,train/hamburg/hamburg_000000_090398_leftImg8bit.png,1,417,348,661,531
2435,train/hamburg/hamburg_000000_090398_leftImg8bit.png,0,142,277,232,371
2436,train/hamburg/hamburg_000000_090398_leftImg8bit.png,1,152,341,465,553
2437,train/hamburg/hamburg_000000_090398_leftImg8bit.png,0,14,278,84,370
2438,train/hamburg/hamburg_000000_090398_leftImg8bit.png,1,0,313,144,415
2439,train/hamburg/hamburg_000000_090398_leftImg8bit.png,1,0,334,408,924
2440,train/hamburg/hamburg_000000_090398_leftImg8bit.png,1,1152,349,1340,499
2441,train/hamburg/hamburg_000000_090398_leftImg8bit.png,1,1343,351,1451,484
2442,train/hamburg/hamburg_000000_090398_leftImg8bit.png,0,1623,332,1677,389
2443,train/hamburg/hamburg_000000_090398_leftImg8bit.png,1,1386,341,1598,507
2444,train/hamburg/hamburg_000000_090398_leftImg8bit.png,1,1440,363,1738,545
2445,train/hamburg/hamburg_000000_090398_leftImg8bit.png,1,1612,281,2047,727
2446,train/hamburg/hamburg_000000_000629_leftImg8bit.png,1,234,365,401,424
2447,train/hamburg/hamburg_000000_000629_leftImg8bit.png,1,619,361,672,462
2448,train/hamburg/hamburg_000000_000629_leftImg8bit.png,1,912,349,1066,467
2449,train/hamburg/hamburg_000000_000629_leftImg8bit.png,1,646,270,934,551
2450,train/hamburg/hamburg_000000_000629_leftImg8bit.png,1,991,356,1191,484
2451,train/hamburg/hamburg_000000_000629_leftImg8bit.png,1,1116,349,1367,516
2452,train/hamburg/hamburg_000000_000629_leftImg8bit.png,1,1259,309,1723,612
2453,train/hamburg/hamburg_000000_088197_leftImg8bit.png,1,805,405,906,473
2454,train/hamburg/hamburg_000000_088197_leftImg8bit.png,1,602,401,704,499
2455,train/hamburg/hamburg_000000_088197_leftImg8bit.png,1,598,403,666,521
2456,train/hamburg/hamburg_000000_088197_leftImg8bit.png,1,292,303,611,491
2457,train/hamburg/hamburg_000000_088197_leftImg8bit.png,1,0,381,252,660
2458,train/hamburg/hamburg_000000_088197_leftImg8bit.png,1,194,374,661,654
2459,train/hamburg/hamburg_000000_088197_leftImg8bit.png,5,749,394,832,512
2460,train/hamburg/hamburg_000000_088197_leftImg8bit.png,1,1857,355,2028,538
2461,train/hamburg/hamburg_000000_088197_leftImg8bit.png,1,1245,397,1326,500
2462,train/hamburg/hamburg_000000_088197_leftImg8bit.png,1,1300,358,1509,508
2463,train/hamburg/hamburg_000000_088197_leftImg8bit.png,1,1441,320,1934,646
2464,train/hamburg/hamburg_000000_088197_leftImg8bit.png,1,1801,361,2047,731
2465,train/hamburg/hamburg_000000_036003_leftImg8bit.png,1,0,404,160,508
2466,train/hamburg/hamburg_000000_036003_leftImg8bit.png,3,803,252,1239,538
2467,train/hamburg/hamburg_000000_036003_leftImg8bit.png,1,515,424,566,480
2468,train/hamburg/hamburg_000000_036003_leftImg8bit.png,1,547,390,666,487
2469,train/hamburg/hamburg_000000_036003_leftImg8bit.png,1,360,408,456,494
2470,train/hamburg/hamburg_000000_036003_leftImg8bit.png,1,126,375,389,526
2471,train/hamburg/hamburg_000000_036003_leftImg8bit.png,3,1260,375,1388,470
2472,train/hamburg/hamburg_000000_036003_leftImg8bit.png,1,1300,433,1386,486
2473,train/hamburg/hamburg_000000_036003_leftImg8bit.png,1,1506,415,1749,519
2474,train/hamburg/hamburg_000000_067223_leftImg8bit.png,1,1170,395,1244,470
2475,train/hamburg/hamburg_000000_067223_leftImg8bit.png,1,1234,314,1356,410
2476,train/hamburg/hamburg_000000_067223_leftImg8bit.png,1,1203,401,1260,493
2477,train/hamburg/hamburg_000000_067223_leftImg8bit.png,1,1220,355,1362,510
2478,train/hamburg/hamburg_000000_067223_leftImg8bit.png,1,1276,392,1407,532
2479,train/hamburg/hamburg_000000_067223_leftImg8bit.png,1,1346,379,1560,565
2480,train/hamburg/hamburg_000000_067223_leftImg8bit.png,1,1422,391,1704,618
2481,train/hamburg/hamburg_000000_067223_leftImg8bit.png,1,1520,361,2047,771
2482,train/hamburg/hamburg_000000_067223_leftImg8bit.png,1,753,411,828,485
2483,train/hamburg/hamburg_000000_067223_leftImg8bit.png,1,719,403,785,493
2484,train/hamburg/hamburg_000000_067223_leftImg8bit.png,1,631,395,745,508
2485,train/hamburg/hamburg_000000_067223_leftImg8bit.png,1,617,413,714,522
2486,train/hamburg/hamburg_000000_067223_leftImg8bit.png,1,470,392,657,550
2487,train/hamburg/hamburg_000000_067223_leftImg8bit.png,1,320,382,522,594
2488,train/hamburg/hamburg_000000_067223_leftImg8bit.png,1,101,379,403,647
2489,train/hamburg/hamburg_000000_067223_leftImg8bit.png,1,0,394,249,710
2490,train/hamburg/hamburg_000000_103856_leftImg8bit.png,1,156,350,395,498
2491,train/hamburg/hamburg_000000_103856_leftImg8bit.png,0,1982,188,2038,287
2492,train/hamburg/hamburg_000000_103856_leftImg8bit.png,0,1986,235,2047,519
2493,train/hamburg/hamburg_000000_103856_leftImg8bit.png,0,1571,284,1634,338
2494,train/hamburg/hamburg_000000_103856_leftImg8bit.png,1,1444,290,1874,601
2495,train/hamburg/hamburg_000000_087216_leftImg8bit.png,1,1041,456,1191,520
2496,train/hamburg/hamburg_000000_087216_leftImg8bit.png,1,1698,419,1755,478
2497,train/hamburg/hamburg_000000_087216_leftImg8bit.png,1,1595,422,1675,504
2498,train/hamburg/hamburg_000000_087216_leftImg8bit.png,1,1699,453,1760,507
2499,train/hamburg/hamburg_000000_087216_leftImg8bit.png,1,1608,439,1731,526
2500,train/hamburg/hamburg_000000_087216_leftImg8bit.png,1,1280,468,1355,526
2501,train/hamburg/hamburg_000000_087216_leftImg8bit.png,1,1017,402,1242,519
2502,train/hamburg/hamburg_000000_087216_leftImg8bit.png,1,1043,450,1205,526
2503,train/hamburg/hamburg_000000_087216_leftImg8bit.png,1,1154,466,1306,529
2504,train/hamburg/hamburg_000000_087216_leftImg8bit.png,0,578,425,638,540
2505,train/hamburg/hamburg_000000_087216_leftImg8bit.png,0,277,418,328,536
2506,train/hamburg/hamburg_000000_087216_leftImg8bit.png,0,11,416,92,483
2507,train/hamburg/hamburg_000000_087216_leftImg8bit.png,4,0,474,147,625
2508,train/hamburg/hamburg_000000_087216_leftImg8bit.png,1,0,502,66,775
2509,train/hamburg/hamburg_000000_016928_leftImg8bit.png,1,1642,388,1707,444
2510,train/hamburg/hamburg_000000_016928_leftImg8bit.png,2,1504,336,1648,449
2511,train/hamburg/hamburg_000000_016928_leftImg8bit.png,1,1301,392,1434,471
2512,train/hamburg/hamburg_000000_016928_leftImg8bit.png,0,1373,371,1447,496
2513,train/hamburg/hamburg_000000_016928_leftImg8bit.png,0,1420,269,1592,757
2514,train/hamburg/hamburg_000000_016928_leftImg8bit.png,0,1733,239,1930,806
2515,train/hamburg/hamburg_000000_016928_leftImg8bit.png,0,334,236,800,943
2516,train/hamburg/hamburg_000000_016928_leftImg8bit.png,1,0,414,256,569
2517,train/hamburg/hamburg_000000_043944_leftImg8bit.png,0,261,411,313,468
2518,train/hamburg/hamburg_000000_043944_leftImg8bit.png,1,811,387,877,439
2519,train/hamburg/hamburg_000000_043944_leftImg8bit.png,1,749,397,815,455
2520,train/hamburg/hamburg_000000_043944_leftImg8bit.png,1,697,400,790,463
2521,train/hamburg/hamburg_000000_043944_leftImg8bit.png,1,1154,393,1234,446
2522,train/hamburg/hamburg_000000_043944_leftImg8bit.png,1,1239,389,1337,479
2523,train/hamburg/hamburg_000000_043944_leftImg8bit.png,1,1272,387,1370,485
2524,train/hamburg/hamburg_000000_043944_leftImg8bit.png,1,1302,379,1441,506
2525,train/hamburg/hamburg_000000_043944_leftImg8bit.png,1,1361,356,1572,534
2526,train/hamburg/hamburg_000000_043944_leftImg8bit.png,1,1452,351,1852,585
2527,train/hamburg/hamburg_000000_043944_leftImg8bit.png,1,1722,327,2047,683
2528,train/hamburg/hamburg_000000_080169_leftImg8bit.png,1,671,386,789,471
2529,train/hamburg/hamburg_000000_080169_leftImg8bit.png,1,785,330,882,441
2530,train/hamburg/hamburg_000000_080169_leftImg8bit.png,0,1483,325,1569,529
2531,train/hamburg/hamburg_000000_002095_leftImg8bit.png,1,1095,373,1360,509
2532,train/hamburg/hamburg_000000_002095_leftImg8bit.png,4,1224,404,1343,526
2533,train/hamburg/hamburg_000000_002095_leftImg8bit.png,4,1280,437,1452,544
2534,train/hamburg/hamburg_000000_002095_leftImg8bit.png,1,277,391,362,442
2535,train/hamburg/hamburg_000000_002095_leftImg8bit.png,1,420,394,560,478
2536,train/hamburg/hamburg_000000_067799_leftImg8bit.png,1,1242,340,1307,398
2537,train/hamburg/hamburg_000000_067799_leftImg8bit.png,1,1803,351,2047,479
2538,train/hamburg/hamburg_000000_067799_leftImg8bit.png,2,1303,222,1582,444
2539,train/hamburg/hamburg_000000_073672_leftImg8bit.png,3,0,306,100,431
2540,train/hamburg/hamburg_000000_073672_leftImg8bit.png,1,33,358,180,438
2541,train/hamburg/hamburg_000000_073672_leftImg8bit.png,1,120,380,221,447
2542,train/hamburg/hamburg_000000_073672_leftImg8bit.png,4,1526,361,1582,443
2543,train/hamburg/hamburg_000000_073672_leftImg8bit.png,3,943,314,1299,404
2544,train/hamburg/hamburg_000000_073672_leftImg8bit.png,4,1527,361,1582,443
2545,train/hamburg/hamburg_000000_073672_leftImg8bit.png,0,1299,315,1370,477
2546,train/hamburg/hamburg_000000_073672_leftImg8bit.png,0,1458,297,1520,465
2547,train/hamburg/hamburg_000000_073672_leftImg8bit.png,0,1775,283,1854,475
2548,train/hamburg/hamburg_000000_073672_leftImg8bit.png,0,1869,267,1939,474
2549,train/hamburg/hamburg_000000_014030_leftImg8bit.png,1,81,358,562,661
2550,train/hamburg/hamburg_000000_014030_leftImg8bit.png,1,809,346,944,453
2551,train/hamburg/hamburg_000000_014030_leftImg8bit.png,1,797,398,875,476
2552,train/hamburg/hamburg_000000_014030_leftImg8bit.png,1,741,397,827,499
2553,train/hamburg/hamburg_000000_014030_leftImg8bit.png,1,588,389,775,534
2554,train/hamburg/hamburg_000000_014030_leftImg8bit.png,1,1585,343,2047,754
2555,train/hamburg/hamburg_000000_014030_leftImg8bit.png,1,1797,416,2047,867
2556,train/hamburg/hamburg_000000_014030_leftImg8bit.png,0,1456,358,1507,480
2557,train/hamburg/hamburg_000000_014030_leftImg8bit.png,1,1123,371,1212,449
2558,train/hamburg/hamburg_000000_014030_leftImg8bit.png,1,1136,386,1215,456
2559,train/hamburg/hamburg_000000_014030_leftImg8bit.png,1,1156,391,1228,461
2560,train/hamburg/hamburg_000000_014030_leftImg8bit.png,1,1173,392,1247,490
2561,train/hamburg/hamburg_000000_014030_leftImg8bit.png,1,1205,392,1287,504
2562,train/hamburg/hamburg_000000_014030_leftImg8bit.png,1,1234,378,1450,527
2563,train/hamburg/hamburg_000000_031971_leftImg8bit.png,1,864,387,1080,466
2564,train/hamburg/hamburg_000000_031971_leftImg8bit.png,0,470,369,535,473
2565,train/hamburg/hamburg_000000_031971_leftImg8bit.png,0,404,322,496,478
2566,train/hamburg/hamburg_000000_031971_leftImg8bit.png,0,439,322,496,455
2567,train/hamburg/hamburg_000000_031971_leftImg8bit.png,0,148,330,214,486
2568,train/hamburg/hamburg_000000_031971_leftImg8bit.png,1,1329,356,1556,456
2569,train/hamburg/hamburg_000000_031971_leftImg8bit.png,1,1991,331,2047,505
2570,train/hamburg/hamburg_000000_031971_leftImg8bit.png,1,1001,387,1059,455
2571,train/hamburg/hamburg_000000_031971_leftImg8bit.png,0,0,363,66,478
2572,train/hamburg/hamburg_000000_031971_leftImg8bit.png,0,80,365,153,476
2573,train/hamburg/hamburg_000000_031971_leftImg8bit.png,0,688,356,755,475
2574,train/hamburg/hamburg_000000_031971_leftImg8bit.png,0,756,366,821,478
2575,train/hamburg/hamburg_000000_031971_leftImg8bit.png,1,988,388,1044,457
2576,train/hamburg/hamburg_000000_031971_leftImg8bit.png,0,809,333,888,479
2577,train/hamburg/hamburg_000000_031971_leftImg8bit.png,0,802,252,1047,711
2578,train/hamburg/hamburg_000000_031971_leftImg8bit.png,0,1863,332,2047,520
2579,train/hamburg/hamburg_000000_031971_leftImg8bit.png,0,1877,369,2047,519
2580,train/hamburg/hamburg_000000_031971_leftImg8bit.png,0,1765,260,1850,523
2581,train/hamburg/hamburg_000000_031971_leftImg8bit.png,1,1372,358,1458,450
2582,train/hamburg/hamburg_000000_031971_leftImg8bit.png,0,80,367,136,476
2583,train/hamburg/hamburg_000000_031971_leftImg8bit.png,0,0,363,65,478
2584,train/hamburg/hamburg_000000_031971_leftImg8bit.png,1,1398,364,1487,450
2585,train/hamburg/hamburg_000000_031971_leftImg8bit.png,1,1408,362,1556,456
2586,train/hamburg/hamburg_000000_048494_leftImg8bit.png,1,869,378,997,429
2587,train/hamburg/hamburg_000000_048494_leftImg8bit.png,1,706,381,898,516
2588,train/hamburg/hamburg_000000_048494_leftImg8bit.png,4,507,424,562,529
2589,train/hamburg/hamburg_000000_048494_leftImg8bit.png,1,1163,373,1240,449
2590,train/hamburg/hamburg_000000_048494_leftImg8bit.png,1,1163,383,1226,449
2591,train/hamburg/hamburg_000000_048494_leftImg8bit.png,1,1182,375,1275,453
2592,train/hamburg/hamburg_000000_048494_leftImg8bit.png,1,1186,385,1322,483
2593,train/hamburg/hamburg_000000_048494_leftImg8bit.png,1,1040,382,1134,454
2594,train/hamburg/hamburg_000000_048494_leftImg8bit.png,0,1443,342,1504,480
2595,train/hamburg/hamburg_000000_048494_leftImg8bit.png,0,1514,349,1567,483
2596,train/hamburg/hamburg_000000_085321_leftImg8bit.png,1,749,395,812,467
2597,train/hamburg/hamburg_000000_085321_leftImg8bit.png,1,655,380,780,474
2598,train/hamburg/hamburg_000000_085321_leftImg8bit.png,1,887,399,972,460
2599,train/hamburg/hamburg_000000_085321_leftImg8bit.png,1,0,355,261,598
2600,train/hamburg/hamburg_000000_085321_leftImg8bit.png,1,1154,367,1266,471
2601,train/hamburg/hamburg_000000_085321_leftImg8bit.png,4,1247,420,1364,479
2602,train/hamburg/hamburg_000000_085321_leftImg8bit.png,4,1346,418,1442,521
2603,train/hamburg/hamburg_000000_085321_leftImg8bit.png,1,1415,363,1682,588
2604,train/hamburg/hamburg_000000_085321_leftImg8bit.png,1,1551,319,2047,675
2605,train/hamburg/hamburg_000000_085321_leftImg8bit.png,1,1849,435,2047,770
2606,train/hamburg/hamburg_000000_047108_leftImg8bit.png,0,267,373,324,544
2607,train/hamburg/hamburg_000000_047108_leftImg8bit.png,5,318,452,416,517
2608,train/hamburg/hamburg_000000_047108_leftImg8bit.png,0,346,398,397,548
2609,train/hamburg/hamburg_000000_047108_leftImg8bit.png,0,398,376,458,548
2610,train/hamburg/hamburg_000000_047108_leftImg8bit.png,0,506,379,563,559
2611,train/hamburg/hamburg_000000_047108_leftImg8bit.png,0,449,378,507,558
2612,train/hamburg/hamburg_000000_047108_leftImg8bit.png,0,577,392,638,542
2613,train/hamburg/hamburg_000000_047108_leftImg8bit.png,0,596,370,651,567
2614,train/hamburg/hamburg_000000_047108_leftImg8bit.png,0,634,375,686,566
2615,train/hamburg/hamburg_000000_047108_leftImg8bit.png,0,768,379,847,582
2616,train/hamburg/hamburg_000000_047108_leftImg8bit.png,0,828,378,896,583
2617,train/hamburg/hamburg_000000_047108_leftImg8bit.png,0,923,378,975,558
2618,train/hamburg/hamburg_000000_047108_leftImg8bit.png,0,1068,381,1150,531
2619,train/hamburg/hamburg_000000_047108_leftImg8bit.png,0,1127,352,1223,578
2620,train/hamburg/hamburg_000000_047108_leftImg8bit.png,0,1192,359,1283,602
2621,train/hamburg/hamburg_000000_047108_leftImg8bit.png,0,1359,373,1422,436
2622,train/hamburg/hamburg_000000_047108_leftImg8bit.png,0,1357,386,1414,577
2623,train/hamburg/hamburg_000000_047108_leftImg8bit.png,0,1539,359,1609,578
2624,train/hamburg/hamburg_000000_047108_leftImg8bit.png,0,1318,340,1417,605
2625,train/hamburg/hamburg_000000_047108_leftImg8bit.png,0,1876,346,2016,607
2626,train/hamburg/hamburg_000000_047108_leftImg8bit.png,0,1410,318,1503,613
2627,train/hamburg/hamburg_000000_047108_leftImg8bit.png,0,1478,344,1574,616
2628,train/hamburg/hamburg_000000_047108_leftImg8bit.png,0,1593,354,1670,575
2629,train/hamburg/hamburg_000000_092476_leftImg8bit.png,1,1080,362,1262,453
2630,train/hamburg/hamburg_000000_092476_leftImg8bit.png,4,1599,413,1709,547
2631,train/hamburg/hamburg_000000_092476_leftImg8bit.png,1,1130,380,1272,439
2632,train/hamburg/hamburg_000000_092476_leftImg8bit.png,1,1088,398,1328,476
2633,train/hamburg/hamburg_000000_092476_leftImg8bit.png,1,880,400,960,469
2634,train/hamburg/hamburg_000000_092476_leftImg8bit.png,1,327,400,454,466
2635,train/hamburg/hamburg_000000_077642_leftImg8bit.png,1,892,365,1004,449
2636,train/hamburg/hamburg_000000_077642_leftImg8bit.png,1,730,385,846,474
2637,train/hamburg/hamburg_000000_077642_leftImg8bit.png,1,697,388,814,486
2638,train/hamburg/hamburg_000000_077642_leftImg8bit.png,1,652,391,775,507
2639,train/hamburg/hamburg_000000_077642_leftImg8bit.png,1,497,388,717,530
2640,train/hamburg/hamburg_000000_077642_leftImg8bit.png,0,557,324,664,565
2641,train/hamburg/hamburg_000000_077642_leftImg8bit.png,1,192,405,555,631
2642,train/hamburg/hamburg_000000_077642_leftImg8bit.png,1,0,377,235,694
2643,train/hamburg/hamburg_000000_077642_leftImg8bit.png,1,1188,381,1242,450
2644,train/hamburg/hamburg_000000_077642_leftImg8bit.png,1,1234,368,1361,500
2645,train/hamburg/hamburg_000000_077642_leftImg8bit.png,1,1298,365,1437,520
2646,train/hamburg/hamburg_000000_077642_leftImg8bit.png,1,1351,335,1602,557
2647,train/hamburg/hamburg_000000_077642_leftImg8bit.png,1,1445,291,1850,623
2648,train/hamburg/hamburg_000000_077642_leftImg8bit.png,1,1706,315,2047,781
2649,train/hamburg/hamburg_000000_021961_leftImg8bit.png,1,850,401,1013,497
2650,train/hamburg/hamburg_000000_021961_leftImg8bit.png,2,983,169,1264,520
2651,train/hamburg/hamburg_000000_021961_leftImg8bit.png,4,245,418,309,485
2652,train/hamburg/hamburg_000000_103186_leftImg8bit.png,4,12,390,114,451
2653,train/hamburg/hamburg_000000_103186_leftImg8bit.png,1,672,338,758,400
2654,train/hamburg/hamburg_000000_103186_leftImg8bit.png,1,1397,263,1555,428
2655,train/hamburg/hamburg_000000_103186_leftImg8bit.png,0,1629,296,1682,484
2656,train/hamburg/hamburg_000000_103186_leftImg8bit.png,0,1519,301,1573,495
2657,train/hamburg/hamburg_000000_103186_leftImg8bit.png,0,1562,267,1638,550
2658,train/hamburg/hamburg_000000_103186_leftImg8bit.png,1,1693,235,2012,512
2659,train/hamburg/hamburg_000000_103186_leftImg8bit.png,0,1649,293,1730,544
2660,train/hamburg/hamburg_000000_103186_leftImg8bit.png,0,1755,272,1888,576
2661,train/hamburg/hamburg_000000_103186_leftImg8bit.png,0,1707,293,1803,576
2662,train/hamburg/hamburg_000000_103186_leftImg8bit.png,0,1662,287,1792,586
2663,train/hamburg/hamburg_000000_103186_leftImg8bit.png,0,1864,297,1959,570
2664,train/hamburg/hamburg_000000_103186_leftImg8bit.png,0,1815,288,1892,583
2665,train/hamburg/hamburg_000000_103186_leftImg8bit.png,0,1941,269,2047,596
2666,train/hamburg/hamburg_000000_103186_leftImg8bit.png,0,1826,284,1942,607
2667,train/hamburg/hamburg_000000_103186_leftImg8bit.png,0,1889,272,2047,665
2668,train/hamburg/hamburg_000000_103186_leftImg8bit.png,0,1434,282,1544,552
2669,train/hamburg/hamburg_000000_077756_leftImg8bit.png,0,462,342,522,441
2670,train/hamburg/hamburg_000000_077756_leftImg8bit.png,1,674,327,816,461
2671,train/hamburg/hamburg_000000_077756_leftImg8bit.png,1,651,382,755,467
2672,train/hamburg/hamburg_000000_077756_leftImg8bit.png,4,619,391,687,472
2673,train/hamburg/hamburg_000000_077756_leftImg8bit.png,0,771,284,923,575
2674,train/hamburg/hamburg_000000_077756_leftImg8bit.png,0,720,258,884,588
2675,train/hamburg/hamburg_000000_077756_leftImg8bit.png,1,0,183,517,841
2676,train/hamburg/hamburg_000000_077756_leftImg8bit.png,1,1050,367,1107,418
2677,train/hamburg/hamburg_000000_077756_leftImg8bit.png,1,1098,378,1166,446
2678,train/hamburg/hamburg_000000_077756_leftImg8bit.png,1,1116,380,1181,453
2679,train/hamburg/hamburg_000000_077756_leftImg8bit.png,4,1346,386,1407,471
2680,train/hamburg/hamburg_000000_077756_leftImg8bit.png,4,1594,363,2033,713
2681,train/hamburg/hamburg_000000_077756_leftImg8bit.png,4,1600,363,2033,713
2682,train/hamburg/hamburg_000000_077756_leftImg8bit.png,4,1797,363,2038,713
2683,train/hamburg/hamburg_000000_007737_leftImg8bit.png,1,295,397,436,453
2684,train/hamburg/hamburg_000000_007737_leftImg8bit.png,1,0,388,93,456
2685,train/hamburg/hamburg_000000_007737_leftImg8bit.png,0,726,339,799,559
2686,train/hamburg/hamburg_000000_007737_leftImg8bit.png,4,1979,399,2041,490
2687,train/hamburg/hamburg_000000_016447_leftImg8bit.png,1,595,438,647,517
2688,train/hamburg/hamburg_000000_016447_leftImg8bit.png,1,622,401,885,570
2689,train/hamburg/hamburg_000000_016447_leftImg8bit.png,1,355,449,472,504
2690,train/hamburg/hamburg_000000_016447_leftImg8bit.png,1,156,450,297,516
2691,train/hamburg/hamburg_000000_016447_leftImg8bit.png,1,0,380,100,525
2692,train/hamburg/hamburg_000000_016447_leftImg8bit.png,1,1127,434,1196,514
2693,train/hamburg/hamburg_000000_016447_leftImg8bit.png,1,1155,449,1240,524
2694,train/hamburg/hamburg_000000_016447_leftImg8bit.png,4,1284,477,1395,550
2695,train/hamburg/hamburg_000000_016447_leftImg8bit.png,4,1666,479,1783,547
2696,train/hamburg/hamburg_000000_016447_leftImg8bit.png,4,1955,484,2047,550
2697,train/hamburg/hamburg_000000_036527_leftImg8bit.png,3,1315,375,1387,454
2698,train/hamburg/hamburg_000000_036527_leftImg8bit.png,0,1440,407,1493,501
2699,train/hamburg/hamburg_000000_036527_leftImg8bit.png,4,1413,437,1515,503
2700,train/hamburg/hamburg_000000_036527_leftImg8bit.png,0,1552,403,1612,505
2701,train/hamburg/hamburg_000000_036527_leftImg8bit.png,0,1687,257,1797,670
2702,train/hamburg/hamburg_000000_036527_leftImg8bit.png,0,1781,298,2005,692
2703,train/hamburg/hamburg_000000_036527_leftImg8bit.png,0,1827,277,1938,738
2704,train/hamburg/hamburg_000000_036527_leftImg8bit.png,0,1696,218,1926,752
2705,train/hamburg/hamburg_000000_036527_leftImg8bit.png,0,1256,297,1378,668
2706,train/hamburg/hamburg_000000_036527_leftImg8bit.png,0,1157,268,1340,680
2707,train/hamburg/hamburg_000000_036527_leftImg8bit.png,0,933,320,1066,652
2708,train/hamburg/hamburg_000000_036527_leftImg8bit.png,0,631,290,771,654
2709,train/hamburg/hamburg_000000_036527_leftImg8bit.png,1,597,402,659,486
2710,train/hamburg/hamburg_000000_036527_leftImg8bit.png,0,635,288,763,694
2711,train/hamburg/hamburg_000000_036527_leftImg8bit.png,0,353,269,509,664
2712,train/hamburg/hamburg_000000_036527_leftImg8bit.png,0,471,293,634,680
2713,train/hamburg/hamburg_000000_036527_leftImg8bit.png,4,492,408,961,743
2714,train/hamburg/hamburg_000000_036527_leftImg8bit.png,0,286,293,410,676
2715,train/hamburg/hamburg_000000_006192_leftImg8bit.png,2,1965,385,2047,449
2716,train/hamburg/hamburg_000000_006192_leftImg8bit.png,1,1912,412,1996,473
2717,train/hamburg/hamburg_000000_006192_leftImg8bit.png,1,245,375,423,428
2718,train/hamburg/hamburg_000000_006192_leftImg8bit.png,3,513,330,973,451
2719,train/hamburg/hamburg_000000_006192_leftImg8bit.png,1,405,386,599,442
2720,train/hamburg/hamburg_000000_006192_leftImg8bit.png,5,1704,426,1791,568
2721,train/hamburg/hamburg_000000_105296_leftImg8bit.png,2,1471,355,1605,420
2722,train/hamburg/hamburg_000000_105296_leftImg8bit.png,1,1472,385,1574,448
2723,train/hamburg/hamburg_000000_105296_leftImg8bit.png,1,1472,385,1616,487
2724,train/hamburg/hamburg_000000_105296_leftImg8bit.png,0,1991,293,2047,717
2725,train/hamburg/hamburg_000000_105296_leftImg8bit.png,0,1547,284,1693,659
2726,train/hamburg/hamburg_000000_105296_leftImg8bit.png,0,1705,338,1897,657
2727,train/hamburg/hamburg_000000_105296_leftImg8bit.png,1,1106,383,1209,437
2728,train/hamburg/hamburg_000000_105296_leftImg8bit.png,1,1005,397,1073,450
2729,train/hamburg/hamburg_000000_105296_leftImg8bit.png,1,890,397,1049,459
2730,train/hamburg/hamburg_000000_105296_leftImg8bit.png,1,1210,386,1285,451
2731,train/hamburg/hamburg_000000_105296_leftImg8bit.png,0,951,388,1003,486
2732,train/hamburg/hamburg_000000_105296_leftImg8bit.png,0,861,380,913,491
2733,train/hamburg/hamburg_000000_105296_leftImg8bit.png,0,586,363,642,487
2734,train/hamburg/hamburg_000000_011641_leftImg8bit.png,1,1417,320,1770,659
2735,train/hamburg/hamburg_000000_011641_leftImg8bit.png,1,1507,297,2047,905
2736,train/hamburg/hamburg_000000_011641_leftImg8bit.png,3,940,216,1314,526
2737,train/hamburg/hamburg_000000_091155_leftImg8bit.png,1,268,372,448,431
2738,train/hamburg/hamburg_000000_091155_leftImg8bit.png,1,1301,289,1369,368
2739,train/hamburg/hamburg_000000_091155_leftImg8bit.png,0,1741,259,1818,456
2740,train/hamburg/hamburg_000000_091155_leftImg8bit.png,0,1726,274,1802,436
2741,train/hamburg/hamburg_000000_091155_leftImg8bit.png,0,1906,236,1989,416
2742,train/hamburg/hamburg_000000_091155_leftImg8bit.png,1,1817,306,2047,646
2743,train/hamburg/hamburg_000000_091155_leftImg8bit.png,5,1356,390,1519,624
2744,train/hamburg/hamburg_000000_091155_leftImg8bit.png,5,1083,383,1262,624
2745,train/hamburg/hamburg_000000_091155_leftImg8bit.png,1,165,363,292,449
2746,train/hamburg/hamburg_000000_091155_leftImg8bit.png,1,0,367,185,454
2747,train/hamburg/hamburg_000000_091155_leftImg8bit.png,1,883,346,987,415
2748,train/hamburg/hamburg_000000_077927_leftImg8bit.png,1,296,312,567,588
2749,train/hamburg/hamburg_000000_077927_leftImg8bit.png,1,651,410,723,487
2750,train/hamburg/hamburg_000000_077927_leftImg8bit.png,1,697,382,847,492
2751,train/hamburg/hamburg_000000_077927_leftImg8bit.png,1,897,386,1138,532
2752,train/hamburg/hamburg_000000_077927_leftImg8bit.png,1,1150,239,1708,646
2753,train/hamburg/hamburg_000000_077927_leftImg8bit.png,0,1553,315,1607,386
2754,train/hamburg/hamburg_000000_077927_leftImg8bit.png,0,1427,345,1572,652
2755,train/hamburg/hamburg_000000_077927_leftImg8bit.png,0,1242,314,1348,664
2756,train/hamburg/hamburg_000000_077927_leftImg8bit.png,0,1282,281,1392,674
2757,train/hamburg/hamburg_000000_077927_leftImg8bit.png,1,1462,188,2047,859
2758,train/hamburg/hamburg_000000_096624_leftImg8bit.png,0,1467,414,1545,569
2759,train/hamburg/hamburg_000000_096624_leftImg8bit.png,0,1535,400,1604,571
2760,train/hamburg/hamburg_000000_074694_leftImg8bit.png,1,1221,356,1486,451
2761,train/hamburg/hamburg_000000_074694_leftImg8bit.png,1,1568,355,1875,444
2762,train/hamburg/hamburg_000000_074694_leftImg8bit.png,1,662,397,806,467
2763,train/hamburg/hamburg_000000_074694_leftImg8bit.png,1,766,367,1051,467
2764,train/hamburg/hamburg_000000_074694_leftImg8bit.png,1,120,342,461,483
2765,train/hamburg/hamburg_000000_074694_leftImg8bit.png,0,353,319,472,604
2766,train/hamburg/hamburg_000000_074694_leftImg8bit.png,0,916,330,1068,575
2767,train/hamburg/hamburg_000000_086636_leftImg8bit.png,1,1060,387,1118,438
2768,train/hamburg/hamburg_000000_086636_leftImg8bit.png,1,965,382,1053,449
2769,train/hamburg/hamburg_000000_086636_leftImg8bit.png,1,926,388,1000,455
2770,train/hamburg/hamburg_000000_086636_leftImg8bit.png,1,833,385,960,465
2771,train/hamburg/hamburg_000000_086636_leftImg8bit.png,4,229,419,337,503
2772,train/hamburg/hamburg_000000_086636_leftImg8bit.png,0,1423,328,1482,415
2773,train/hamburg/hamburg_000000_086636_leftImg8bit.png,4,463,417,550,495
2774,train/hamburg/hamburg_000000_029676_leftImg8bit.png,1,0,406,137,507
2775,train/hamburg/hamburg_000000_029676_leftImg8bit.png,0,389,275,489,637
2776,train/hamburg/hamburg_000000_029676_leftImg8bit.png,0,180,288,265,602
2777,train/hamburg/hamburg_000000_029676_leftImg8bit.png,0,265,282,340,594
2778,train/hamburg/hamburg_000000_029676_leftImg8bit.png,0,224,216,465,666
2779,train/hamburg/hamburg_000000_029676_leftImg8bit.png,0,543,270,679,587
2780,train/hamburg/hamburg_000000_029676_leftImg8bit.png,0,646,285,748,578
2781,train/hamburg/hamburg_000000_029676_leftImg8bit.png,0,1246,321,1343,424
2782,train/hamburg/hamburg_000000_029676_leftImg8bit.png,0,1468,308,1544,427
2783,train/hamburg/hamburg_000000_029676_leftImg8bit.png,0,550,314,665,585
2784,train/hamburg/hamburg_000000_069096_leftImg8bit.png,3,1426,336,1503,431
2785,train/hamburg/hamburg_000000_069096_leftImg8bit.png,1,1364,381,1421,443
2786,train/hamburg/hamburg_000000_069096_leftImg8bit.png,3,975,364,1066,429
2787,train/hamburg/hamburg_000000_069096_leftImg8bit.png,1,788,404,890,455
2788,train/hamburg/hamburg_000000_069096_leftImg8bit.png,1,196,378,293,502
2789,train/hamburg/hamburg_000000_069096_leftImg8bit.png,1,0,363,241,594
2790,train/hamburg/hamburg_000000_069096_leftImg8bit.png,0,631,361,683,454
2791,train/hamburg/hamburg_000000_069096_leftImg8bit.png,1,220,259,724,659
2792,train/hamburg/hamburg_000000_069096_leftImg8bit.png,1,1462,398,1549,479
2793,train/hamburg/hamburg_000000_069096_leftImg8bit.png,0,1780,367,1853,512
2794,train/hamburg/hamburg_000000_069096_leftImg8bit.png,0,1731,358,1794,515
2795,train/hamburg/hamburg_000000_069096_leftImg8bit.png,0,1549,366,1607,516
2796,train/hamburg/hamburg_000000_069096_leftImg8bit.png,0,1523,376,1581,517
2797,train/hamburg/hamburg_000000_105123_leftImg8bit.png,0,1412,332,1466,412
2798,train/hamburg/hamburg_000000_105123_leftImg8bit.png,0,1503,341,1562,429
2799,train/hamburg/hamburg_000000_105123_leftImg8bit.png,0,1618,340,1674,428
2800,train/hamburg/hamburg_000000_105123_leftImg8bit.png,0,1657,336,1709,405
2801,train/hamburg/hamburg_000000_105123_leftImg8bit.png,0,1266,308,1345,448
2802,train/hamburg/hamburg_000000_105123_leftImg8bit.png,0,272,379,330,448
2803,train/hamburg/hamburg_000000_105123_leftImg8bit.png,0,0,301,61,512
2804,train/hamburg/hamburg_000000_105123_leftImg8bit.png,0,154,353,216,462
2805,train/hamburg/hamburg_000000_105123_leftImg8bit.png,0,109,301,161,475
2806,train/hamburg/hamburg_000000_105123_leftImg8bit.png,0,227,368,282,451
2807,train/hamburg/hamburg_000000_105123_leftImg8bit.png,0,261,300,340,463
2808,train/hamburg/hamburg_000000_105123_leftImg8bit.png,0,442,296,505,443
2809,train/hamburg/hamburg_000000_105123_leftImg8bit.png,0,1065,304,1130,450
2810,train/hamburg/hamburg_000000_105123_leftImg8bit.png,0,956,300,1013,456
2811,train/hamburg/hamburg_000000_065843_leftImg8bit.png,1,1250,401,1338,479
2812,train/hamburg/hamburg_000000_065843_leftImg8bit.png,1,1242,418,1310,479
2813,train/hamburg/hamburg_000000_065843_leftImg8bit.png,1,1176,413,1280,481
2814,train/hamburg/hamburg_000000_065843_leftImg8bit.png,1,1108,405,1229,486
2815,train/hamburg/hamburg_000000_065843_leftImg8bit.png,1,979,393,1153,494
2816,train/hamburg/hamburg_000000_065843_leftImg8bit.png,1,558,322,860,568
2817,train/hamburg/hamburg_000000_065843_leftImg8bit.png,0,1822,292,1906,350
2818,train/hamburg/hamburg_000000_065843_leftImg8bit.png,0,1837,273,1974,433
2819,train/hamburg/hamburg_000000_065843_leftImg8bit.png,0,1977,296,2047,434
2820,train/hamburg/hamburg_000000_065843_leftImg8bit.png,0,1965,277,2047,497
2821,train/hamburg/hamburg_000000_065843_leftImg8bit.png,1,1881,446,2047,862
2822,train/hamburg/hamburg_000000_065843_leftImg8bit.png,1,1321,368,1561,562
2823,train/hamburg/hamburg_000000_065843_leftImg8bit.png,1,1430,322,2031,671
2824,train/hamburg/hamburg_000000_003488_leftImg8bit.png,1,200,414,338,473
2825,train/hamburg/hamburg_000000_003488_leftImg8bit.png,1,1139,380,1247,461
2826,train/hamburg/hamburg_000000_003488_leftImg8bit.png,1,633,403,724,467
2827,train/hamburg/hamburg_000000_003488_leftImg8bit.png,4,424,434,505,498
2828,train/hamburg/hamburg_000000_003488_leftImg8bit.png,4,342,430,439,500
2829,train/hamburg/hamburg_000000_003488_leftImg8bit.png,1,985,385,1077,465
2830,train/hamburg/hamburg_000000_003488_leftImg8bit.png,5,1613,351,1715,452
2831,train/hamburg/hamburg_000000_041667_leftImg8bit.png,0,1255,340,1327,521
2832,train/hamburg/hamburg_000000_041667_leftImg8bit.png,1,1489,351,1634,422
2833,train/hamburg/hamburg_000000_041667_leftImg8bit.png,0,1599,319,1655,425
2834,train/hamburg/hamburg_000000_041667_leftImg8bit.png,0,1534,327,1618,454
2835,train/hamburg/hamburg_000000_041667_leftImg8bit.png,0,1675,302,1730,375
2836,train/hamburg/hamburg_000000_041667_leftImg8bit.png,0,1299,303,1362,533
2837,train/hamburg/hamburg_000000_041667_leftImg8bit.png,0,1144,322,1244,526
2838,train/hamburg/hamburg_000000_041667_leftImg8bit.png,1,972,373,1125,427
2839,train/hamburg/hamburg_000000_041667_leftImg8bit.png,0,1035,332,1136,536
2840,train/hamburg/hamburg_000000_041667_leftImg8bit.png,1,670,362,741,416
2841,train/hamburg/hamburg_000000_041667_leftImg8bit.png,0,545,338,626,531
2842,train/hamburg/hamburg_000000_041667_leftImg8bit.png,1,382,389,515,444
2843,train/hamburg/hamburg_000000_041667_leftImg8bit.png,0,520,341,586,521
2844,train/hamburg/hamburg_000000_041667_leftImg8bit.png,0,550,341,640,536
2845,train/hamburg/hamburg_000000_041667_leftImg8bit.png,1,1533,297,2047,698
2846,train/hamburg/hamburg_000000_041667_leftImg8bit.png,1,649,376,852,439
