0,train/hanover/hanover_000000_012675_leftImg8bit.png,0,942,353,998,507
1,train/hanover/hanover_000000_012675_leftImg8bit.png,1,156,377,322,485
2,train/hanover/hanover_000000_012675_leftImg8bit.png,2,458,288,597,470
3,train/hanover/hanover_000000_012675_leftImg8bit.png,1,310,280,560,515
4,train/hanover/hanover_000000_012675_leftImg8bit.png,0,1460,348,1527,528
5,train/hanover/hanover_000000_012675_leftImg8bit.png,1,1801,260,2047,480
6,train/hanover/hanover_000000_012675_leftImg8bit.png,1,0,264,197,520
7,train/hanover/hanover_000000_042581_leftImg8bit.png,0,601,379,658,499
8,train/hanover/hanover_000000_042581_leftImg8bit.png,0,471,370,554,487
9,train/hanover/hanover_000000_042581_leftImg8bit.png,0,124,366,216,517
10,train/hanover/hanover_000000_018213_leftImg8bit.png,1,61,371,224,439
11,train/hanover/hanover_000000_018213_leftImg8bit.png,1,1246,385,1329,443
12,train/hanover/hanover_000000_018213_leftImg8bit.png,1,488,355,871,585
13,train/hanover/hanover_000000_018213_leftImg8bit.png,1,1120,376,1273,491
14,train/hanover/hanover_000000_018213_leftImg8bit.png,1,1376,281,1705,576
15,train/hanover/hanover_000000_042255_leftImg8bit.png,1,1343,397,1425,449
16,train/hanover/hanover_000000_042255_leftImg8bit.png,1,1331,397,1435,552
17,train/hanover/hanover_000000_042255_leftImg8bit.png,1,1362,340,1578,607
18,train/hanover/hanover_000000_042255_leftImg8bit.png,1,1459,256,2047,736
19,train/hanover/hanover_000000_042255_leftImg8bit.png,1,1739,387,2047,916
20,train/hanover/hanover_000000_042255_leftImg8bit.png,1,1184,398,1252,452
21,train/hanover/hanover_000000_042255_leftImg8bit.png,1,1183,385,1285,481
22,train/hanover/hanover_000000_042255_leftImg8bit.png,1,779,370,939,498
23,train/hanover/hanover_000000_042255_leftImg8bit.png,1,780,366,907,485
24,train/hanover/hanover_000000_042255_leftImg8bit.png,1,777,365,883,521
25,train/hanover/hanover_000000_042255_leftImg8bit.png,1,379,297,815,561
26,train/hanover/hanover_000000_042255_leftImg8bit.png,1,576,366,785,572
27,train/hanover/hanover_000000_042255_leftImg8bit.png,0,735,330,824,599
28,train/hanover/hanover_000000_042255_leftImg8bit.png,0,629,320,747,585
29,train/hanover/hanover_000000_042255_leftImg8bit.png,1,315,326,673,479
30,train/hanover/hanover_000000_042255_leftImg8bit.png,0,508,316,589,420
31,train/hanover/hanover_000000_042255_leftImg8bit.png,1,330,338,676,647
32,train/hanover/hanover_000000_042255_leftImg8bit.png,1,0,282,500,790
33,train/hanover/hanover_000000_038773_leftImg8bit.png,0,1485,371,1549,471
34,train/hanover/hanover_000000_038773_leftImg8bit.png,0,1479,335,1601,525
35,train/hanover/hanover_000000_038773_leftImg8bit.png,0,1715,367,1784,507
36,train/hanover/hanover_000000_038773_leftImg8bit.png,0,1808,368,1873,507
37,train/hanover/hanover_000000_038773_leftImg8bit.png,0,1994,346,2047,509
38,train/hanover/hanover_000000_038773_leftImg8bit.png,4,145,427,289,509
39,train/hanover/hanover_000000_038773_leftImg8bit.png,0,270,376,335,518
40,train/hanover/hanover_000000_038773_leftImg8bit.png,0,321,392,373,520
41,train/hanover/hanover_000000_026183_leftImg8bit.png,1,763,427,839,488
42,train/hanover/hanover_000000_026183_leftImg8bit.png,1,674,414,759,540
43,train/hanover/hanover_000000_026183_leftImg8bit.png,1,425,369,743,606
44,train/hanover/hanover_000000_026183_leftImg8bit.png,0,1385,337,1487,528
45,train/hanover/hanover_000000_026183_leftImg8bit.png,0,1497,334,1583,569
46,train/hanover/hanover_000000_026183_leftImg8bit.png,0,1447,345,1523,572
47,train/hanover/hanover_000000_042770_leftImg8bit.png,1,1142,391,1208,443
48,train/hanover/hanover_000000_042770_leftImg8bit.png,1,986,405,1087,461
49,train/hanover/hanover_000000_042770_leftImg8bit.png,1,1441,370,1556,519
50,train/hanover/hanover_000000_042770_leftImg8bit.png,4,1728,390,1794,441
51,train/hanover/hanover_000000_042770_leftImg8bit.png,1,1458,368,1773,583
52,train/hanover/hanover_000000_042770_leftImg8bit.png,1,1726,349,2047,770
53,train/hanover/hanover_000000_042770_leftImg8bit.png,5,195,424,359,576
54,train/hanover/hanover_000000_042770_leftImg8bit.png,5,59,428,271,586
55,train/hanover/hanover_000000_042770_leftImg8bit.png,5,4,429,180,601
56,train/hanover/hanover_000000_042770_leftImg8bit.png,5,0,488,100,610
57,train/hanover/hanover_000000_008200_leftImg8bit.png,0,224,412,290,504
58,train/hanover/hanover_000000_008200_leftImg8bit.png,1,917,393,1113,455
59,train/hanover/hanover_000000_008200_leftImg8bit.png,1,955,373,1086,489
60,train/hanover/hanover_000000_008200_leftImg8bit.png,1,1332,381,1383,443
61,train/hanover/hanover_000000_008200_leftImg8bit.png,0,1476,312,1529,543
62,train/hanover/hanover_000000_008200_leftImg8bit.png,0,1354,272,1496,589
63,train/hanover/hanover_000000_041493_leftImg8bit.png,1,0,283,112,370
64,train/hanover/hanover_000000_041493_leftImg8bit.png,1,581,328,813,426
65,train/hanover/hanover_000000_041493_leftImg8bit.png,1,828,382,1044,464
66,train/hanover/hanover_000000_041493_leftImg8bit.png,1,502,380,699,493
67,train/hanover/hanover_000000_041493_leftImg8bit.png,1,308,344,562,527
68,train/hanover/hanover_000000_041493_leftImg8bit.png,1,310,367,521,553
69,train/hanover/hanover_000000_041493_leftImg8bit.png,1,0,333,436,602
70,train/hanover/hanover_000000_041493_leftImg8bit.png,1,0,349,200,638
71,train/hanover/hanover_000000_041493_leftImg8bit.png,1,1136,389,1236,483
72,train/hanover/hanover_000000_041493_leftImg8bit.png,1,1135,389,1223,483
73,train/hanover/hanover_000000_041493_leftImg8bit.png,1,1190,363,1348,503
74,train/hanover/hanover_000000_041493_leftImg8bit.png,1,1287,364,1498,543
75,train/hanover/hanover_000000_041493_leftImg8bit.png,1,1337,368,1729,627
76,train/hanover/hanover_000000_041493_leftImg8bit.png,1,1602,240,2047,903
77,train/hanover/hanover_000000_009420_leftImg8bit.png,3,390,365,563,448
78,train/hanover/hanover_000000_009420_leftImg8bit.png,1,860,391,947,442
79,train/hanover/hanover_000000_009420_leftImg8bit.png,3,612,364,822,444
80,train/hanover/hanover_000000_009420_leftImg8bit.png,1,686,395,760,455
81,train/hanover/hanover_000000_009420_leftImg8bit.png,4,456,415,515,472
82,train/hanover/hanover_000000_009420_leftImg8bit.png,1,1092,391,1203,446
83,train/hanover/hanover_000000_009420_leftImg8bit.png,1,926,395,1036,470
84,train/hanover/hanover_000000_009420_leftImg8bit.png,1,1004,401,1125,488
85,train/hanover/hanover_000000_009420_leftImg8bit.png,0,1355,352,1449,505
86,train/hanover/hanover_000000_009420_leftImg8bit.png,0,1514,340,1613,566
87,train/hanover/hanover_000000_009420_leftImg8bit.png,0,1344,355,1427,504
88,train/hanover/hanover_000000_051271_leftImg8bit.png,1,1597,409,1781,460
89,train/hanover/hanover_000000_051271_leftImg8bit.png,1,1887,413,2010,467
90,train/hanover/hanover_000000_051271_leftImg8bit.png,1,1986,414,2041,471
91,train/hanover/hanover_000000_051271_leftImg8bit.png,3,1010,342,1349,434
92,train/hanover/hanover_000000_051271_leftImg8bit.png,1,1287,371,1385,448
93,train/hanover/hanover_000000_051271_leftImg8bit.png,1,1334,371,1592,547
94,train/hanover/hanover_000000_051271_leftImg8bit.png,1,1177,382,1255,441
95,train/hanover/hanover_000000_051271_leftImg8bit.png,1,971,364,1162,516
96,train/hanover/hanover_000000_051271_leftImg8bit.png,1,548,361,643,428
97,train/hanover/hanover_000000_018546_leftImg8bit.png,1,883,399,949,454
98,train/hanover/hanover_000000_018546_leftImg8bit.png,1,815,397,918,485
99,train/hanover/hanover_000000_018546_leftImg8bit.png,1,724,383,875,522
100,train/hanover/hanover_000000_018546_leftImg8bit.png,1,1119,393,1268,447
101,train/hanover/hanover_000000_018546_leftImg8bit.png,1,204,256,768,649
102,train/hanover/hanover_000000_053437_leftImg8bit.png,1,700,370,856,432
103,train/hanover/hanover_000000_053437_leftImg8bit.png,1,259,392,373,468
104,train/hanover/hanover_000000_053437_leftImg8bit.png,0,46,404,102,552
105,train/hanover/hanover_000000_053437_leftImg8bit.png,1,489,385,632,463
106,train/hanover/hanover_000000_053437_leftImg8bit.png,1,1084,351,1256,432
107,train/hanover/hanover_000000_053437_leftImg8bit.png,1,1105,354,1291,438
108,train/hanover/hanover_000000_053437_leftImg8bit.png,1,1135,382,1291,455
109,train/hanover/hanover_000000_053437_leftImg8bit.png,1,1430,354,1509,426
110,train/hanover/hanover_000000_053437_leftImg8bit.png,1,1161,383,1311,461
111,train/hanover/hanover_000000_053437_leftImg8bit.png,1,1178,375,1451,481
112,train/hanover/hanover_000000_053437_leftImg8bit.png,4,1322,413,1400,488
113,train/hanover/hanover_000000_053437_leftImg8bit.png,4,1210,409,1494,572
114,train/hanover/hanover_000000_053437_leftImg8bit.png,4,660,438,718,491
115,train/hanover/hanover_000000_053437_leftImg8bit.png,4,480,435,550,495
116,train/hanover/hanover_000000_053437_leftImg8bit.png,4,1934,381,2020,450
117,train/hanover/hanover_000000_053437_leftImg8bit.png,4,1916,437,2047,840
118,train/hanover/hanover_000000_053437_leftImg8bit.png,1,1539,344,1645,429
119,train/hanover/hanover_000000_053437_leftImg8bit.png,1,1681,336,1915,486
120,train/hanover/hanover_000000_053437_leftImg8bit.png,1,1454,352,1577,460
121,train/hanover/hanover_000000_053437_leftImg8bit.png,1,1007,383,1075,440
122,train/hanover/hanover_000000_053437_leftImg8bit.png,1,1031,381,1095,434
123,train/hanover/hanover_000000_053437_leftImg8bit.png,1,1021,400,1131,479
124,train/hanover/hanover_000000_053437_leftImg8bit.png,0,1029,373,1094,499
125,train/hanover/hanover_000000_053437_leftImg8bit.png,4,583,436,764,578
126,train/hanover/hanover_000000_035606_leftImg8bit.png,4,1239,392,1327,515
127,train/hanover/hanover_000000_035606_leftImg8bit.png,1,259,202,757,635
128,train/hanover/hanover_000000_035606_leftImg8bit.png,1,0,349,515,858
129,train/hanover/hanover_000000_019938_leftImg8bit.png,1,118,375,197,436
130,train/hanover/hanover_000000_019938_leftImg8bit.png,1,114,354,635,749
131,train/hanover/hanover_000000_019938_leftImg8bit.png,1,0,318,272,964
132,train/hanover/hanover_000000_019938_leftImg8bit.png,1,1428,367,1580,508
133,train/hanover/hanover_000000_019938_leftImg8bit.png,1,1807,362,2047,502
134,train/hanover/hanover_000000_019938_leftImg8bit.png,1,931,344,1308,511
135,train/hanover/hanover_000000_019938_leftImg8bit.png,1,1487,355,1868,633
136,train/hanover/hanover_000000_002357_leftImg8bit.png,1,1265,383,1364,511
137,train/hanover/hanover_000000_002357_leftImg8bit.png,1,1293,309,1534,546
138,train/hanover/hanover_000000_002357_leftImg8bit.png,0,1379,393,1452,548
139,train/hanover/hanover_000000_002357_leftImg8bit.png,1,1161,387,1249,455
140,train/hanover/hanover_000000_002357_leftImg8bit.png,4,53,432,180,517
141,train/hanover/hanover_000000_002357_leftImg8bit.png,1,279,413,451,501
142,train/hanover/hanover_000000_002357_leftImg8bit.png,1,556,368,675,465
143,train/hanover/hanover_000000_002357_leftImg8bit.png,1,718,402,773,455
144,train/hanover/hanover_000000_002357_leftImg8bit.png,1,590,392,737,500
145,train/hanover/hanover_000000_002357_leftImg8bit.png,1,919,393,1011,450
146,train/hanover/hanover_000000_002357_leftImg8bit.png,1,760,301,966,508
147,train/hanover/hanover_000000_047499_leftImg8bit.png,1,0,275,601,748
148,train/hanover/hanover_000000_047499_leftImg8bit.png,1,1309,394,1430,479
149,train/hanover/hanover_000000_047499_leftImg8bit.png,1,1059,373,1219,483
150,train/hanover/hanover_000000_047499_leftImg8bit.png,1,1076,383,1354,595
151,train/hanover/hanover_000000_047499_leftImg8bit.png,4,622,400,678,490
152,train/hanover/hanover_000000_047499_leftImg8bit.png,1,1475,411,1537,473
153,train/hanover/hanover_000000_047499_leftImg8bit.png,1,1504,388,1642,486
154,train/hanover/hanover_000000_026014_leftImg8bit.png,1,1326,380,1411,447
155,train/hanover/hanover_000000_026014_leftImg8bit.png,1,1133,383,1249,451
156,train/hanover/hanover_000000_026014_leftImg8bit.png,1,1083,368,1178,455
157,train/hanover/hanover_000000_026014_leftImg8bit.png,1,983,385,1119,470
158,train/hanover/hanover_000000_026014_leftImg8bit.png,1,1293,387,1647,561
159,train/hanover/hanover_000000_026014_leftImg8bit.png,1,843,381,1004,493
160,train/hanover/hanover_000000_026014_leftImg8bit.png,1,353,308,737,589
161,train/hanover/hanover_000000_026014_leftImg8bit.png,1,1571,400,1900,647
162,train/hanover/hanover_000000_026014_leftImg8bit.png,1,1770,355,2047,826
163,train/hanover/hanover_000000_023975_leftImg8bit.png,1,1179,420,1239,487
164,train/hanover/hanover_000000_023975_leftImg8bit.png,1,1195,405,1331,491
165,train/hanover/hanover_000000_023975_leftImg8bit.png,1,1204,405,1323,492
166,train/hanover/hanover_000000_023975_leftImg8bit.png,1,1258,419,1322,490
167,train/hanover/hanover_000000_023975_leftImg8bit.png,1,1282,404,1419,507
168,train/hanover/hanover_000000_023975_leftImg8bit.png,1,1284,414,1383,507
169,train/hanover/hanover_000000_023975_leftImg8bit.png,1,1327,413,1419,512
170,train/hanover/hanover_000000_023975_leftImg8bit.png,1,1369,404,1466,520
171,train/hanover/hanover_000000_023975_leftImg8bit.png,1,1390,401,1592,527
172,train/hanover/hanover_000000_023975_leftImg8bit.png,1,1429,400,1594,557
173,train/hanover/hanover_000000_023975_leftImg8bit.png,1,1541,387,1735,575
174,train/hanover/hanover_000000_023975_leftImg8bit.png,1,1588,332,2047,624
175,train/hanover/hanover_000000_023975_leftImg8bit.png,0,1593,307,1717,622
176,train/hanover/hanover_000000_023975_leftImg8bit.png,0,1687,296,1796,632
177,train/hanover/hanover_000000_023975_leftImg8bit.png,1,700,439,766,493
178,train/hanover/hanover_000000_023975_leftImg8bit.png,1,656,434,745,500
179,train/hanover/hanover_000000_023975_leftImg8bit.png,1,590,428,692,507
180,train/hanover/hanover_000000_023975_leftImg8bit.png,1,566,437,659,516
181,train/hanover/hanover_000000_023975_leftImg8bit.png,1,454,420,592,531
182,train/hanover/hanover_000000_023975_leftImg8bit.png,1,268,419,498,560
183,train/hanover/hanover_000000_050228_leftImg8bit.png,1,88,370,609,698
184,train/hanover/hanover_000000_050228_leftImg8bit.png,1,867,397,972,474
185,train/hanover/hanover_000000_050228_leftImg8bit.png,1,651,387,877,546
186,train/hanover/hanover_000000_050228_leftImg8bit.png,1,1059,389,1168,478
187,train/hanover/hanover_000000_018800_leftImg8bit.png,1,1321,381,1508,434
188,train/hanover/hanover_000000_018800_leftImg8bit.png,1,1351,387,1494,449
189,train/hanover/hanover_000000_018800_leftImg8bit.png,1,1321,381,1508,434
190,train/hanover/hanover_000000_018800_leftImg8bit.png,1,1351,387,1494,449
191,train/hanover/hanover_000000_018800_leftImg8bit.png,1,399,406,643,496
192,train/hanover/hanover_000000_018800_leftImg8bit.png,1,197,409,487,504
193,train/hanover/hanover_000000_018800_leftImg8bit.png,4,1036,422,1114,481
194,train/hanover/hanover_000000_018800_leftImg8bit.png,4,877,410,958,467
195,train/hanover/hanover_000000_023276_leftImg8bit.png,1,172,307,265,365
196,train/hanover/hanover_000000_023276_leftImg8bit.png,1,0,332,58,425
197,train/hanover/hanover_000000_023276_leftImg8bit.png,1,1212,318,1313,373
198,train/hanover/hanover_000000_023276_leftImg8bit.png,1,1282,308,1406,389
199,train/hanover/hanover_000000_023276_leftImg8bit.png,0,1411,316,1462,454
200,train/hanover/hanover_000000_046398_leftImg8bit.png,4,265,413,325,504
201,train/hanover/hanover_000000_046398_leftImg8bit.png,0,350,367,423,500
202,train/hanover/hanover_000000_046398_leftImg8bit.png,0,429,359,483,481
203,train/hanover/hanover_000000_046398_leftImg8bit.png,0,1873,344,1948,501
204,train/hanover/hanover_000000_046398_leftImg8bit.png,1,1834,472,2047,758
205,train/hanover/hanover_000000_046398_leftImg8bit.png,4,480,405,559,566
206,train/hanover/hanover_000000_046398_leftImg8bit.png,1,1312,369,1423,451
207,train/hanover/hanover_000000_046398_leftImg8bit.png,1,909,371,973,424
208,train/hanover/hanover_000000_046398_leftImg8bit.png,1,1222,370,1299,427
209,train/hanover/hanover_000000_055592_leftImg8bit.png,1,0,411,314,602
210,train/hanover/hanover_000000_055592_leftImg8bit.png,4,1625,418,1692,557
211,train/hanover/hanover_000000_058189_leftImg8bit.png,1,1711,358,1828,412
212,train/hanover/hanover_000000_058189_leftImg8bit.png,1,298,414,497,481
213,train/hanover/hanover_000000_058189_leftImg8bit.png,4,758,411,1188,678
214,train/hanover/hanover_000000_043236_leftImg8bit.png,1,752,346,822,476
215,train/hanover/hanover_000000_043236_leftImg8bit.png,1,613,400,673,462
216,train/hanover/hanover_000000_043236_leftImg8bit.png,0,554,344,662,562
217,train/hanover/hanover_000000_043236_leftImg8bit.png,0,745,326,848,586
218,train/hanover/hanover_000000_043236_leftImg8bit.png,0,831,309,975,592
219,train/hanover/hanover_000000_043236_leftImg8bit.png,0,842,309,975,592
220,train/hanover/hanover_000000_043236_leftImg8bit.png,0,771,297,937,609
221,train/hanover/hanover_000000_043236_leftImg8bit.png,0,561,343,649,580
222,train/hanover/hanover_000000_043236_leftImg8bit.png,0,582,333,686,578
223,train/hanover/hanover_000000_043236_leftImg8bit.png,1,1795,370,2047,708
224,train/hanover/hanover_000000_043236_leftImg8bit.png,0,242,391,296,481
225,train/hanover/hanover_000000_043236_leftImg8bit.png,0,196,385,256,480
226,train/hanover/hanover_000000_043236_leftImg8bit.png,0,4,361,187,642
227,train/hanover/hanover_000000_043236_leftImg8bit.png,0,1125,332,1232,559
228,train/hanover/hanover_000000_024989_leftImg8bit.png,1,1119,391,1196,458
229,train/hanover/hanover_000000_024989_leftImg8bit.png,0,1608,332,1675,419
230,train/hanover/hanover_000000_024989_leftImg8bit.png,0,1647,371,1710,502
231,train/hanover/hanover_000000_024989_leftImg8bit.png,1,1273,364,1472,539
232,train/hanover/hanover_000000_024989_leftImg8bit.png,1,1322,364,1678,595
233,train/hanover/hanover_000000_024989_leftImg8bit.png,1,1625,314,2047,885
234,train/hanover/hanover_000000_024989_leftImg8bit.png,1,989,388,1053,481
235,train/hanover/hanover_000000_024989_leftImg8bit.png,1,995,375,1130,491
236,train/hanover/hanover_000000_024989_leftImg8bit.png,4,1090,409,1215,509
237,train/hanover/hanover_000000_024989_leftImg8bit.png,1,395,409,487,484
238,train/hanover/hanover_000000_024989_leftImg8bit.png,1,353,394,460,485
239,train/hanover/hanover_000000_024989_leftImg8bit.png,1,329,395,449,488
240,train/hanover/hanover_000000_024989_leftImg8bit.png,1,352,438,405,496
241,train/hanover/hanover_000000_024989_leftImg8bit.png,1,0,249,373,660
242,train/hanover/hanover_000000_024989_leftImg8bit.png,2,694,245,950,520
243,train/hanover/hanover_000000_019282_leftImg8bit.png,1,1169,352,1278,453
244,train/hanover/hanover_000000_019282_leftImg8bit.png,1,1183,376,1271,467
245,train/hanover/hanover_000000_019282_leftImg8bit.png,1,1219,370,1307,480
246,train/hanover/hanover_000000_019282_leftImg8bit.png,1,1255,357,1440,500
247,train/hanover/hanover_000000_019282_leftImg8bit.png,1,742,385,846,455
248,train/hanover/hanover_000000_019282_leftImg8bit.png,1,637,386,726,479
249,train/hanover/hanover_000000_019282_leftImg8bit.png,1,583,383,676,497
250,train/hanover/hanover_000000_019282_leftImg8bit.png,1,369,366,610,523
251,train/hanover/hanover_000000_019282_leftImg8bit.png,4,359,404,460,543
252,train/hanover/hanover_000000_019282_leftImg8bit.png,4,325,464,430,557
253,train/hanover/hanover_000000_019282_leftImg8bit.png,4,265,416,387,558
254,train/hanover/hanover_000000_019282_leftImg8bit.png,1,0,58,244,753
255,train/hanover/hanover_000000_037516_leftImg8bit.png,1,1768,387,1986,455
256,train/hanover/hanover_000000_037516_leftImg8bit.png,0,1898,277,2047,634
257,train/hanover/hanover_000000_037516_leftImg8bit.png,4,1395,430,1664,612
258,train/hanover/hanover_000000_037516_leftImg8bit.png,0,1550,294,1751,668
259,train/hanover/hanover_000000_037516_leftImg8bit.png,0,947,202,1193,757
260,train/hanover/hanover_000000_040133_leftImg8bit.png,0,1750,282,1825,498
261,train/hanover/hanover_000000_040133_leftImg8bit.png,0,1788,261,1929,600
262,train/hanover/hanover_000000_040133_leftImg8bit.png,0,1545,296,1699,563
263,train/hanover/hanover_000000_040133_leftImg8bit.png,1,671,391,805,474
264,train/hanover/hanover_000000_040133_leftImg8bit.png,0,1395,322,1467,504
265,train/hanover/hanover_000000_040133_leftImg8bit.png,0,1317,326,1379,510
266,train/hanover/hanover_000000_043550_leftImg8bit.png,1,1138,385,1214,447
267,train/hanover/hanover_000000_043550_leftImg8bit.png,0,403,345,467,502
268,train/hanover/hanover_000000_043550_leftImg8bit.png,0,1448,354,1511,450
269,train/hanover/hanover_000000_043550_leftImg8bit.png,1,1070,388,1173,449
270,train/hanover/hanover_000000_043550_leftImg8bit.png,0,1134,351,1185,451
271,train/hanover/hanover_000000_043550_leftImg8bit.png,0,415,351,467,503
272,train/hanover/hanover_000000_043822_leftImg8bit.png,0,1996,248,2047,557
273,train/hanover/hanover_000000_043822_leftImg8bit.png,0,68,369,130,477
274,train/hanover/hanover_000000_043822_leftImg8bit.png,0,310,340,442,575
275,train/hanover/hanover_000000_043822_leftImg8bit.png,0,463,337,604,595
276,train/hanover/hanover_000000_043822_leftImg8bit.png,1,692,380,875,475
277,train/hanover/hanover_000000_043822_leftImg8bit.png,1,825,366,1134,487
278,train/hanover/hanover_000000_043822_leftImg8bit.png,1,988,364,1337,502
279,train/hanover/hanover_000000_043822_leftImg8bit.png,4,913,404,1129,540
280,train/hanover/hanover_000000_043822_leftImg8bit.png,0,865,334,931,568
281,train/hanover/hanover_000000_043822_leftImg8bit.png,4,1631,397,1720,452
282,train/hanover/hanover_000000_043822_leftImg8bit.png,0,1668,363,1724,458
283,train/hanover/hanover_000000_043822_leftImg8bit.png,0,1531,298,1698,639
284,train/hanover/hanover_000000_004230_leftImg8bit.png,1,1289,366,1352,417
285,train/hanover/hanover_000000_004230_leftImg8bit.png,1,1338,325,1431,435
286,train/hanover/hanover_000000_004230_leftImg8bit.png,1,1718,317,2002,446
287,train/hanover/hanover_000000_004230_leftImg8bit.png,1,1841,328,2047,489
288,train/hanover/hanover_000000_004230_leftImg8bit.png,1,1441,320,1827,596
289,train/hanover/hanover_000000_004230_leftImg8bit.png,1,865,362,921,449
290,train/hanover/hanover_000000_004230_leftImg8bit.png,1,880,290,1061,471
291,train/hanover/hanover_000000_004230_leftImg8bit.png,1,707,366,853,480
292,train/hanover/hanover_000000_004230_leftImg8bit.png,1,631,341,792,499
293,train/hanover/hanover_000000_004230_leftImg8bit.png,1,471,354,705,532
294,train/hanover/hanover_000000_004230_leftImg8bit.png,1,207,337,561,572
295,train/hanover/hanover_000000_004230_leftImg8bit.png,2,0,135,361,633
296,train/hanover/hanover_000000_004230_leftImg8bit.png,0,1181,350,1239,444
297,train/hanover/hanover_000000_034935_leftImg8bit.png,1,1185,386,1258,460
298,train/hanover/hanover_000000_034935_leftImg8bit.png,1,1392,265,1992,600
299,train/hanover/hanover_000000_034935_leftImg8bit.png,1,1714,324,2047,680
300,train/hanover/hanover_000000_034935_leftImg8bit.png,1,741,381,929,503
301,train/hanover/hanover_000000_034935_leftImg8bit.png,1,871,317,1242,647
302,train/hanover/hanover_000000_034935_leftImg8bit.png,1,404,389,715,480
303,train/hanover/hanover_000000_034935_leftImg8bit.png,1,0,230,280,651
304,train/hanover/hanover_000000_034935_leftImg8bit.png,4,577,418,646,547
305,train/hanover/hanover_000000_005970_leftImg8bit.png,1,637,374,819,462
306,train/hanover/hanover_000000_005970_leftImg8bit.png,1,1026,385,1193,442
307,train/hanover/hanover_000000_005970_leftImg8bit.png,2,1229,309,1553,439
308,train/hanover/hanover_000000_005970_leftImg8bit.png,2,0,159,293,536
309,train/hanover/hanover_000000_005970_leftImg8bit.png,1,0,409,130,623
310,train/hanover/hanover_000000_005970_leftImg8bit.png,4,505,429,561,500
311,train/hanover/hanover_000000_005970_leftImg8bit.png,4,733,425,812,512
312,train/hanover/hanover_000000_005970_leftImg8bit.png,4,1181,420,1320,550
313,train/hanover/hanover_000000_005970_leftImg8bit.png,0,1424,310,1537,612
314,train/hanover/hanover_000000_005970_leftImg8bit.png,0,1570,321,1644,621
315,train/hanover/hanover_000000_005970_leftImg8bit.png,0,1661,242,1824,666
316,train/hanover/hanover_000000_005970_leftImg8bit.png,0,1886,278,2007,703
317,train/hanover/hanover_000000_005970_leftImg8bit.png,0,1808,193,1925,722
318,train/hanover/hanover_000000_055800_leftImg8bit.png,1,68,336,330,493
319,train/hanover/hanover_000000_055800_leftImg8bit.png,1,415,340,676,539
320,train/hanover/hanover_000000_055800_leftImg8bit.png,1,271,377,622,608
321,train/hanover/hanover_000000_055800_leftImg8bit.png,2,1076,387,1154,450
322,train/hanover/hanover_000000_055800_leftImg8bit.png,1,1012,394,1125,479
323,train/hanover/hanover_000000_055800_leftImg8bit.png,1,1360,394,1512,495
324,train/hanover/hanover_000000_055800_leftImg8bit.png,5,1953,431,2047,493
325,train/hanover/hanover_000000_055800_leftImg8bit.png,1,0,232,404,941
326,train/hanover/hanover_000000_038927_leftImg8bit.png,1,0,389,155,534
327,train/hanover/hanover_000000_038927_leftImg8bit.png,5,194,414,307,521
328,train/hanover/hanover_000000_038927_leftImg8bit.png,2,1785,0,2047,771
329,train/hanover/hanover_000000_050398_leftImg8bit.png,1,1339,374,1416,426
330,train/hanover/hanover_000000_050398_leftImg8bit.png,1,1223,364,1389,488
331,train/hanover/hanover_000000_050398_leftImg8bit.png,1,1460,363,1669,490
332,train/hanover/hanover_000000_050398_leftImg8bit.png,1,1702,332,1949,495
333,train/hanover/hanover_000000_050398_leftImg8bit.png,1,834,356,986,423
334,train/hanover/hanover_000000_050398_leftImg8bit.png,1,993,339,1162,442
335,train/hanover/hanover_000000_050398_leftImg8bit.png,1,938,348,1169,539
336,train/hanover/hanover_000000_050398_leftImg8bit.png,1,1865,346,2047,536
337,train/hanover/hanover_000000_021337_leftImg8bit.png,4,1426,399,1478,490
338,train/hanover/hanover_000000_026743_leftImg8bit.png,1,1302,373,1429,491
339,train/hanover/hanover_000000_026743_leftImg8bit.png,1,1340,370,1541,519
340,train/hanover/hanover_000000_026743_leftImg8bit.png,5,1444,382,1602,540
341,train/hanover/hanover_000000_026743_leftImg8bit.png,5,1541,395,1669,557
342,train/hanover/hanover_000000_026743_leftImg8bit.png,1,1056,375,1148,449
343,train/hanover/hanover_000000_026743_leftImg8bit.png,1,753,402,809,456
344,train/hanover/hanover_000000_026743_leftImg8bit.png,1,692,393,784,466
345,train/hanover/hanover_000000_026743_leftImg8bit.png,1,810,385,887,451
346,train/hanover/hanover_000000_026743_leftImg8bit.png,4,441,419,548,485
347,train/hanover/hanover_000000_011170_leftImg8bit.png,2,967,317,1071,427
348,train/hanover/hanover_000000_011170_leftImg8bit.png,2,968,316,1071,427
349,train/hanover/hanover_000000_005288_leftImg8bit.png,1,1138,354,1333,458
350,train/hanover/hanover_000000_005288_leftImg8bit.png,1,1198,373,1351,462
351,train/hanover/hanover_000000_005288_leftImg8bit.png,1,1211,370,1478,474
352,train/hanover/hanover_000000_005288_leftImg8bit.png,1,781,393,836,446
353,train/hanover/hanover_000000_005288_leftImg8bit.png,1,737,395,810,456
354,train/hanover/hanover_000000_005288_leftImg8bit.png,1,654,398,775,480
355,train/hanover/hanover_000000_005288_leftImg8bit.png,1,0,379,249,641
356,train/hanover/hanover_000000_005288_leftImg8bit.png,4,1364,394,1548,493
357,train/hanover/hanover_000000_027282_leftImg8bit.png,1,1249,374,1325,465
358,train/hanover/hanover_000000_027282_leftImg8bit.png,1,1248,373,1329,483
359,train/hanover/hanover_000000_027282_leftImg8bit.png,1,1266,374,1334,497
360,train/hanover/hanover_000000_027282_leftImg8bit.png,1,1278,365,1379,519
361,train/hanover/hanover_000000_027282_leftImg8bit.png,1,1309,331,1581,559
362,train/hanover/hanover_000000_027282_leftImg8bit.png,1,938,403,1004,470
363,train/hanover/hanover_000000_027282_leftImg8bit.png,1,926,393,986,484
364,train/hanover/hanover_000000_027282_leftImg8bit.png,1,848,373,962,502
365,train/hanover/hanover_000000_027282_leftImg8bit.png,1,791,373,914,514
366,train/hanover/hanover_000000_027282_leftImg8bit.png,1,643,345,853,529
367,train/hanover/hanover_000000_027282_leftImg8bit.png,4,337,383,418,480
368,train/hanover/hanover_000000_027282_leftImg8bit.png,1,359,346,813,568
369,train/hanover/hanover_000000_027282_leftImg8bit.png,0,411,294,543,596
370,train/hanover/hanover_000000_030346_leftImg8bit.png,1,137,359,243,415
371,train/hanover/hanover_000000_030346_leftImg8bit.png,4,1779,415,1861,478
372,train/hanover/hanover_000000_030346_leftImg8bit.png,1,385,368,653,527
373,train/hanover/hanover_000000_003411_leftImg8bit.png,1,1143,386,1218,462
374,train/hanover/hanover_000000_003411_leftImg8bit.png,1,1183,367,1328,496
375,train/hanover/hanover_000000_003411_leftImg8bit.png,1,1217,391,1399,517
376,train/hanover/hanover_000000_003411_leftImg8bit.png,1,1338,343,1743,624
377,train/hanover/hanover_000000_003411_leftImg8bit.png,1,1520,332,2047,817
378,train/hanover/hanover_000000_003411_leftImg8bit.png,1,1034,363,1096,437
379,train/hanover/hanover_000000_003411_leftImg8bit.png,1,665,345,776,454
380,train/hanover/hanover_000000_003411_leftImg8bit.png,1,719,338,991,472
381,train/hanover/hanover_000000_003411_leftImg8bit.png,4,393,405,453,492
382,train/hanover/hanover_000000_015587_leftImg8bit.png,1,1108,349,1180,431
383,train/hanover/hanover_000000_015587_leftImg8bit.png,1,1044,359,1177,476
384,train/hanover/hanover_000000_015587_leftImg8bit.png,2,1229,154,1463,489
385,train/hanover/hanover_000000_015587_leftImg8bit.png,1,1372,309,1670,551
386,train/hanover/hanover_000000_015587_leftImg8bit.png,1,1568,322,2047,710
387,train/hanover/hanover_000000_015587_leftImg8bit.png,1,1044,359,1177,476
388,train/hanover/hanover_000000_019672_leftImg8bit.png,1,800,402,865,461
389,train/hanover/hanover_000000_019672_leftImg8bit.png,1,765,407,848,471
390,train/hanover/hanover_000000_019672_leftImg8bit.png,1,709,411,778,491
391,train/hanover/hanover_000000_019672_leftImg8bit.png,1,654,404,751,512
392,train/hanover/hanover_000000_019672_leftImg8bit.png,1,611,406,702,531
393,train/hanover/hanover_000000_019672_leftImg8bit.png,1,446,380,647,558
394,train/hanover/hanover_000000_019672_leftImg8bit.png,1,294,409,568,615
395,train/hanover/hanover_000000_019672_leftImg8bit.png,1,0,391,363,716
396,train/hanover/hanover_000000_019672_leftImg8bit.png,1,0,367,107,799
397,train/hanover/hanover_000000_019672_leftImg8bit.png,1,1135,401,1219,519
398,train/hanover/hanover_000000_019672_leftImg8bit.png,1,1162,391,1381,538
399,train/hanover/hanover_000000_019672_leftImg8bit.png,0,1369,353,1425,502
400,train/hanover/hanover_000000_019672_leftImg8bit.png,0,1119,359,1188,534
401,train/hanover/hanover_000000_040221_leftImg8bit.png,0,2,333,63,513
402,train/hanover/hanover_000000_040221_leftImg8bit.png,0,69,329,124,511
403,train/hanover/hanover_000000_040221_leftImg8bit.png,0,574,381,654,491
404,train/hanover/hanover_000000_040221_leftImg8bit.png,0,659,321,757,504
405,train/hanover/hanover_000000_040221_leftImg8bit.png,0,741,305,813,504
406,train/hanover/hanover_000000_040221_leftImg8bit.png,0,734,326,838,510
407,train/hanover/hanover_000000_040221_leftImg8bit.png,0,1269,312,1326,490
408,train/hanover/hanover_000000_040221_leftImg8bit.png,0,1291,326,1372,493
409,train/hanover/hanover_000000_040221_leftImg8bit.png,0,1468,336,1535,473
410,train/hanover/hanover_000000_040221_leftImg8bit.png,0,1495,331,1562,475
411,train/hanover/hanover_000000_040221_leftImg8bit.png,0,1830,383,1882,452
412,train/hanover/hanover_000000_040221_leftImg8bit.png,0,1860,334,1939,458
413,train/hanover/hanover_000000_040221_leftImg8bit.png,0,1840,324,1895,462
414,train/hanover/hanover_000000_040221_leftImg8bit.png,0,1644,322,1700,470
415,train/hanover/hanover_000000_052887_leftImg8bit.png,4,1195,398,1258,524
416,train/hanover/hanover_000000_052887_leftImg8bit.png,1,1631,265,1988,482
417,train/hanover/hanover_000000_052887_leftImg8bit.png,0,1700,263,1821,553
418,train/hanover/hanover_000000_052887_leftImg8bit.png,0,1547,260,1642,559
419,train/hanover/hanover_000000_052887_leftImg8bit.png,0,1435,223,1556,568
420,train/hanover/hanover_000000_052887_leftImg8bit.png,1,483,341,613,440
421,train/hanover/hanover_000000_052887_leftImg8bit.png,2,264,345,520,519
422,train/hanover/hanover_000000_052887_leftImg8bit.png,1,488,394,668,507
423,train/hanover/hanover_000000_052887_leftImg8bit.png,1,0,424,98,545
424,train/hanover/hanover_000000_013814_leftImg8bit.png,3,1100,363,1156,443
425,train/hanover/hanover_000000_013814_leftImg8bit.png,1,1123,393,1376,476
426,train/hanover/hanover_000000_013814_leftImg8bit.png,4,1315,410,1398,476
427,train/hanover/hanover_000000_013814_leftImg8bit.png,0,1239,317,1340,560
428,train/hanover/hanover_000000_013814_leftImg8bit.png,1,353,403,522,495
429,train/hanover/hanover_000000_013814_leftImg8bit.png,0,462,358,602,599
430,train/hanover/hanover_000000_013814_leftImg8bit.png,0,257,298,391,665
431,train/hanover/hanover_000000_013814_leftImg8bit.png,0,878,321,980,600
432,train/hanover/hanover_000000_056800_leftImg8bit.png,1,878,401,955,461
433,train/hanover/hanover_000000_056800_leftImg8bit.png,1,782,405,900,486
434,train/hanover/hanover_000000_056800_leftImg8bit.png,4,1439,377,1523,521
435,train/hanover/hanover_000000_056800_leftImg8bit.png,4,1496,370,1588,538
436,train/hanover/hanover_000000_056800_leftImg8bit.png,4,1623,364,1814,615
437,train/hanover/hanover_000000_056800_leftImg8bit.png,4,1968,493,2047,709
438,train/hanover/hanover_000000_056800_leftImg8bit.png,1,1089,390,1146,447
439,train/hanover/hanover_000000_056800_leftImg8bit.png,1,947,397,1058,480
440,train/hanover/hanover_000000_056800_leftImg8bit.png,1,393,399,674,578
441,train/hanover/hanover_000000_044344_leftImg8bit.png,1,922,386,1003,458
442,train/hanover/hanover_000000_044344_leftImg8bit.png,1,879,393,972,472
443,train/hanover/hanover_000000_044344_leftImg8bit.png,1,979,343,1124,478
444,train/hanover/hanover_000000_044344_leftImg8bit.png,1,813,391,936,483
445,train/hanover/hanover_000000_044344_leftImg8bit.png,0,522,344,610,580
446,train/hanover/hanover_000000_044344_leftImg8bit.png,4,254,438,501,596
447,train/hanover/hanover_000000_044344_leftImg8bit.png,1,0,355,406,712
448,train/hanover/hanover_000000_032559_leftImg8bit.png,1,875,317,1031,477
449,train/hanover/hanover_000000_032559_leftImg8bit.png,1,568,344,868,458
450,train/hanover/hanover_000000_032559_leftImg8bit.png,1,552,366,818,500
451,train/hanover/hanover_000000_032559_leftImg8bit.png,4,354,367,409,425
452,train/hanover/hanover_000000_032559_leftImg8bit.png,1,334,366,752,512
453,train/hanover/hanover_000000_032559_leftImg8bit.png,1,1064,378,1174,464
454,train/hanover/hanover_000000_032559_leftImg8bit.png,1,1193,369,1265,437
455,train/hanover/hanover_000000_032559_leftImg8bit.png,1,1200,348,1437,455
456,train/hanover/hanover_000000_032559_leftImg8bit.png,1,1302,419,1400,484
457,train/hanover/hanover_000000_032559_leftImg8bit.png,1,1355,414,1479,485
458,train/hanover/hanover_000000_032559_leftImg8bit.png,1,1414,185,2047,584
459,train/hanover/hanover_000000_032559_leftImg8bit.png,1,1838,381,2047,625
460,train/hanover/hanover_000000_056142_leftImg8bit.png,1,1026,370,1168,478
461,train/hanover/hanover_000000_056142_leftImg8bit.png,0,1565,353,1620,503
462,train/hanover/hanover_000000_056142_leftImg8bit.png,0,1616,296,1727,559
463,train/hanover/hanover_000000_048379_leftImg8bit.png,0,209,382,269,504
464,train/hanover/hanover_000000_048379_leftImg8bit.png,1,1040,395,1144,479
465,train/hanover/hanover_000000_048379_leftImg8bit.png,3,1277,341,1383,463
466,train/hanover/hanover_000000_048379_leftImg8bit.png,0,1561,369,1623,505
467,train/hanover/hanover_000000_048379_leftImg8bit.png,0,1646,370,1698,522
468,train/hanover/hanover_000000_048379_leftImg8bit.png,0,1709,345,1766,514
469,train/hanover/hanover_000000_048379_leftImg8bit.png,4,1791,405,1965,533
470,train/hanover/hanover_000000_033457_leftImg8bit.png,1,1196,415,1268,505
471,train/hanover/hanover_000000_033457_leftImg8bit.png,1,1233,405,1289,509
472,train/hanover/hanover_000000_033457_leftImg8bit.png,1,1253,388,1368,523
473,train/hanover/hanover_000000_033457_leftImg8bit.png,1,1315,377,1475,546
474,train/hanover/hanover_000000_033457_leftImg8bit.png,1,1376,378,1706,589
475,train/hanover/hanover_000000_033457_leftImg8bit.png,1,1509,324,2043,676
476,train/hanover/hanover_000000_033457_leftImg8bit.png,1,1886,470,2047,768
477,train/hanover/hanover_000000_054965_leftImg8bit.png,1,737,404,825,464
478,train/hanover/hanover_000000_054965_leftImg8bit.png,1,646,402,763,488
479,train/hanover/hanover_000000_054965_leftImg8bit.png,1,500,413,598,468
480,train/hanover/hanover_000000_054965_leftImg8bit.png,2,0,161,515,570
481,train/hanover/hanover_000000_053604_leftImg8bit.png,4,1716,412,1809,493
482,train/hanover/hanover_000000_053604_leftImg8bit.png,4,1740,398,1838,466
483,train/hanover/hanover_000000_053604_leftImg8bit.png,4,1606,399,1745,511
484,train/hanover/hanover_000000_053604_leftImg8bit.png,4,1691,418,1819,529
485,train/hanover/hanover_000000_053604_leftImg8bit.png,4,1744,422,1868,537
486,train/hanover/hanover_000000_053604_leftImg8bit.png,4,1801,415,1970,549
487,train/hanover/hanover_000000_053604_leftImg8bit.png,4,1820,407,2021,564
488,train/hanover/hanover_000000_053604_leftImg8bit.png,4,1952,425,2047,588
489,train/hanover/hanover_000000_053604_leftImg8bit.png,1,28,358,472,537
490,train/hanover/hanover_000000_053604_leftImg8bit.png,1,37,371,297,548
491,train/hanover/hanover_000000_053604_leftImg8bit.png,1,0,365,123,557
492,train/hanover/hanover_000000_014713_leftImg8bit.png,0,1086,385,1141,477
493,train/hanover/hanover_000000_014713_leftImg8bit.png,1,816,406,990,468
494,train/hanover/hanover_000000_014713_leftImg8bit.png,1,507,407,663,513
495,train/hanover/hanover_000000_014713_leftImg8bit.png,1,205,362,522,562
496,train/hanover/hanover_000000_014713_leftImg8bit.png,1,1233,394,1375,528
497,train/hanover/hanover_000000_014713_leftImg8bit.png,1,1320,376,1633,587
498,train/hanover/hanover_000000_003853_leftImg8bit.png,1,653,399,714,458
499,train/hanover/hanover_000000_003853_leftImg8bit.png,1,610,397,679,464
500,train/hanover/hanover_000000_003853_leftImg8bit.png,1,536,398,656,474
501,train/hanover/hanover_000000_003853_leftImg8bit.png,1,1002,388,1097,462
502,train/hanover/hanover_000000_003853_leftImg8bit.png,4,1258,402,1378,485
503,train/hanover/hanover_000000_003853_leftImg8bit.png,1,1700,364,2046,495
504,train/hanover/hanover_000000_001620_leftImg8bit.png,1,136,401,223,460
505,train/hanover/hanover_000000_001620_leftImg8bit.png,1,0,401,151,480
506,train/hanover/hanover_000000_001620_leftImg8bit.png,1,0,365,646,620
507,train/hanover/hanover_000000_001620_leftImg8bit.png,1,185,326,1332,703
508,train/hanover/hanover_000000_001620_leftImg8bit.png,5,1504,386,1866,607
509,train/hanover/hanover_000000_027007_leftImg8bit.png,1,561,391,650,451
510,train/hanover/hanover_000000_027007_leftImg8bit.png,1,0,403,187,619
511,train/hanover/hanover_000000_027007_leftImg8bit.png,0,505,376,590,551
512,train/hanover/hanover_000000_027007_leftImg8bit.png,1,1470,339,1858,593
513,train/hanover/hanover_000000_027007_leftImg8bit.png,1,1687,258,2047,724
514,train/hanover/hanover_000000_027007_leftImg8bit.png,1,1098,378,1172,434
515,train/hanover/hanover_000000_027007_leftImg8bit.png,4,1267,378,1367,438
516,train/hanover/hanover_000000_041232_leftImg8bit.png,0,1755,302,1884,593
517,train/hanover/hanover_000000_041232_leftImg8bit.png,1,1076,401,1136,470
518,train/hanover/hanover_000000_041232_leftImg8bit.png,1,1093,400,1192,476
519,train/hanover/hanover_000000_041232_leftImg8bit.png,1,1174,382,1360,510
520,train/hanover/hanover_000000_041232_leftImg8bit.png,0,1454,327,1517,500
521,train/hanover/hanover_000000_041232_leftImg8bit.png,2,533,348,684,407
522,train/hanover/hanover_000000_041232_leftImg8bit.png,2,683,397,867,478
523,train/hanover/hanover_000000_041232_leftImg8bit.png,1,688,397,777,464
524,train/hanover/hanover_000000_041232_leftImg8bit.png,1,685,393,760,484
525,train/hanover/hanover_000000_041232_leftImg8bit.png,1,642,390,720,491
526,train/hanover/hanover_000000_041232_leftImg8bit.png,1,612,390,712,500
527,train/hanover/hanover_000000_041232_leftImg8bit.png,1,537,385,662,507
528,train/hanover/hanover_000000_041232_leftImg8bit.png,1,257,374,415,436
529,train/hanover/hanover_000000_041232_leftImg8bit.png,1,211,391,357,443
530,train/hanover/hanover_000000_041232_leftImg8bit.png,1,53,376,339,493
531,train/hanover/hanover_000000_041232_leftImg8bit.png,1,0,387,103,519
532,train/hanover/hanover_000000_041232_leftImg8bit.png,1,232,382,621,517
533,train/hanover/hanover_000000_041232_leftImg8bit.png,4,365,411,513,531
534,train/hanover/hanover_000000_047870_leftImg8bit.png,1,1444,74,2047,692
535,train/hanover/hanover_000000_047870_leftImg8bit.png,1,1444,74,2047,692
536,train/hanover/hanover_000000_047870_leftImg8bit.png,2,1146,237,1375,480
537,train/hanover/hanover_000000_047870_leftImg8bit.png,1,1257,357,1458,517
538,train/hanover/hanover_000000_047870_leftImg8bit.png,1,976,367,1136,500
539,train/hanover/hanover_000000_047870_leftImg8bit.png,1,0,420,72,484
540,train/hanover/hanover_000000_047870_leftImg8bit.png,1,846,377,946,473
541,train/hanover/hanover_000000_047870_leftImg8bit.png,1,780,386,921,490
542,train/hanover/hanover_000000_053027_leftImg8bit.png,3,734,332,938,428
543,train/hanover/hanover_000000_053027_leftImg8bit.png,0,1410,330,1491,491
544,train/hanover/hanover_000000_053027_leftImg8bit.png,0,1471,370,1544,540
545,train/hanover/hanover_000000_053027_leftImg8bit.png,0,1539,281,1678,535
546,train/hanover/hanover_000000_053027_leftImg8bit.png,0,1474,253,1623,574
547,train/hanover/hanover_000000_053027_leftImg8bit.png,0,1662,278,1794,556
548,train/hanover/hanover_000000_053027_leftImg8bit.png,4,1292,398,1389,596
549,train/hanover/hanover_000000_040294_leftImg8bit.png,0,1620,331,1674,495
550,train/hanover/hanover_000000_040294_leftImg8bit.png,0,1645,326,1724,513
551,train/hanover/hanover_000000_040294_leftImg8bit.png,0,61,378,114,486
552,train/hanover/hanover_000000_040294_leftImg8bit.png,0,363,357,447,499
553,train/hanover/hanover_000000_040294_leftImg8bit.png,4,558,405,617,500
554,train/hanover/hanover_000000_040294_leftImg8bit.png,0,245,355,302,513
555,train/hanover/hanover_000000_040294_leftImg8bit.png,0,181,381,236,513
556,train/hanover/hanover_000000_040294_leftImg8bit.png,0,220,367,291,522
557,train/hanover/hanover_000000_040294_leftImg8bit.png,0,1361,348,1416,483
558,train/hanover/hanover_000000_040294_leftImg8bit.png,1,1121,395,1206,454
559,train/hanover/hanover_000000_040294_leftImg8bit.png,0,468,369,524,492
560,train/hanover/hanover_000000_023614_leftImg8bit.png,0,1963,362,2019,496
561,train/hanover/hanover_000000_023614_leftImg8bit.png,1,897,402,968,458
562,train/hanover/hanover_000000_023614_leftImg8bit.png,1,864,406,918,464
563,train/hanover/hanover_000000_023614_leftImg8bit.png,1,817,401,887,470
564,train/hanover/hanover_000000_023614_leftImg8bit.png,1,739,405,843,479
565,train/hanover/hanover_000000_023614_leftImg8bit.png,1,1144,406,1233,465
566,train/hanover/hanover_000000_023614_leftImg8bit.png,1,1121,409,1223,485
567,train/hanover/hanover_000000_023614_leftImg8bit.png,4,926,438,984,507
568,train/hanover/hanover_000000_045657_leftImg8bit.png,1,0,264,421,611
569,train/hanover/hanover_000000_045657_leftImg8bit.png,4,510,419,665,619
570,train/hanover/hanover_000000_004646_leftImg8bit.png,1,1272,377,1348,490
571,train/hanover/hanover_000000_004646_leftImg8bit.png,1,1294,370,1459,522
572,train/hanover/hanover_000000_004646_leftImg8bit.png,1,1376,328,1710,559
573,train/hanover/hanover_000000_004646_leftImg8bit.png,1,1536,249,2047,734
574,train/hanover/hanover_000000_004646_leftImg8bit.png,1,531,382,711,535
575,train/hanover/hanover_000000_004646_leftImg8bit.png,1,350,401,620,574
576,train/hanover/hanover_000000_004646_leftImg8bit.png,1,66,366,437,644
577,train/hanover/hanover_000000_004646_leftImg8bit.png,1,0,398,138,698
578,train/hanover/hanover_000000_027766_leftImg8bit.png,0,1527,329,1588,466
579,train/hanover/hanover_000000_027766_leftImg8bit.png,0,1812,307,1917,510
580,train/hanover/hanover_000000_027766_leftImg8bit.png,0,1933,208,2047,625
581,train/hanover/hanover_000000_027766_leftImg8bit.png,0,1733,263,1846,562
582,train/hanover/hanover_000000_027766_leftImg8bit.png,0,1647,349,1722,473
583,train/hanover/hanover_000000_027766_leftImg8bit.png,0,1707,308,1830,587
584,train/hanover/hanover_000000_027766_leftImg8bit.png,0,1858,385,1978,588
585,train/hanover/hanover_000000_027766_leftImg8bit.png,0,415,361,481,522
586,train/hanover/hanover_000000_027766_leftImg8bit.png,0,576,343,630,500
587,train/hanover/hanover_000000_027766_leftImg8bit.png,0,736,342,836,538
588,train/hanover/hanover_000000_027766_leftImg8bit.png,0,924,363,978,485
589,train/hanover/hanover_000000_027766_leftImg8bit.png,0,1047,314,1126,533
590,train/hanover/hanover_000000_027766_leftImg8bit.png,0,208,328,283,533
591,train/hanover/hanover_000000_027766_leftImg8bit.png,0,60,337,173,573
592,train/hanover/hanover_000000_027766_leftImg8bit.png,4,218,383,362,588
593,train/hanover/hanover_000000_048765_leftImg8bit.png,0,1507,353,1570,499
594,train/hanover/hanover_000000_048765_leftImg8bit.png,1,922,391,1027,442
595,train/hanover/hanover_000000_048765_leftImg8bit.png,1,696,399,830,450
596,train/hanover/hanover_000000_037039_leftImg8bit.png,1,591,408,665,472
597,train/hanover/hanover_000000_037039_leftImg8bit.png,1,556,411,634,479
598,train/hanover/hanover_000000_037039_leftImg8bit.png,1,496,387,593,487
599,train/hanover/hanover_000000_037039_leftImg8bit.png,1,433,398,559,501
600,train/hanover/hanover_000000_037039_leftImg8bit.png,0,139,381,199,504
601,train/hanover/hanover_000000_037039_leftImg8bit.png,1,0,405,168,605
602,train/hanover/hanover_000000_037039_leftImg8bit.png,1,95,387,529,634
603,train/hanover/hanover_000000_037039_leftImg8bit.png,1,1256,365,1435,458
604,train/hanover/hanover_000000_040456_leftImg8bit.png,0,265,304,337,407
605,train/hanover/hanover_000000_040456_leftImg8bit.png,1,877,395,950,474
606,train/hanover/hanover_000000_040456_leftImg8bit.png,1,837,389,923,486
607,train/hanover/hanover_000000_040456_leftImg8bit.png,1,815,391,895,505
608,train/hanover/hanover_000000_040456_leftImg8bit.png,1,734,386,886,527
609,train/hanover/hanover_000000_040456_leftImg8bit.png,1,575,373,824,566
610,train/hanover/hanover_000000_040456_leftImg8bit.png,1,246,364,686,656
611,train/hanover/hanover_000000_040456_leftImg8bit.png,1,0,308,391,869
612,train/hanover/hanover_000000_040456_leftImg8bit.png,1,1151,392,1230,465
613,train/hanover/hanover_000000_040456_leftImg8bit.png,1,1160,391,1230,472
614,train/hanover/hanover_000000_040456_leftImg8bit.png,1,1170,385,1276,508
615,train/hanover/hanover_000000_040456_leftImg8bit.png,1,1220,380,1354,536
616,train/hanover/hanover_000000_040456_leftImg8bit.png,1,1299,351,1604,593
617,train/hanover/hanover_000000_040456_leftImg8bit.png,1,1425,340,2047,733
618,train/hanover/hanover_000000_040456_leftImg8bit.png,1,1878,492,2047,953
619,train/hanover/hanover_000000_032681_leftImg8bit.png,1,974,371,1090,471
620,train/hanover/hanover_000000_032681_leftImg8bit.png,1,1191,327,1264,418
621,train/hanover/hanover_000000_032681_leftImg8bit.png,1,1233,277,1612,489
622,train/hanover/hanover_000000_032681_leftImg8bit.png,1,1280,313,1609,510
623,train/hanover/hanover_000000_032681_leftImg8bit.png,1,1422,166,2047,633
624,train/hanover/hanover_000000_032681_leftImg8bit.png,1,1765,361,2047,657
625,train/hanover/hanover_000000_032681_leftImg8bit.png,1,1071,374,1288,536
626,train/hanover/hanover_000000_032681_leftImg8bit.png,1,742,370,852,448
627,train/hanover/hanover_000000_032681_leftImg8bit.png,1,734,382,801,449
628,train/hanover/hanover_000000_032681_leftImg8bit.png,1,551,351,779,468
629,train/hanover/hanover_000000_032681_leftImg8bit.png,1,399,364,637,489
630,train/hanover/hanover_000000_032681_leftImg8bit.png,1,399,364,619,489
631,train/hanover/hanover_000000_044622_leftImg8bit.png,1,367,364,450,463
632,train/hanover/hanover_000000_044622_leftImg8bit.png,1,284,362,424,480
633,train/hanover/hanover_000000_044622_leftImg8bit.png,1,103,376,349,509
634,train/hanover/hanover_000000_044622_leftImg8bit.png,1,0,336,187,551
635,train/hanover/hanover_000000_044622_leftImg8bit.png,1,716,373,868,446
636,train/hanover/hanover_000000_044622_leftImg8bit.png,1,833,361,988,460
637,train/hanover/hanover_000000_044622_leftImg8bit.png,1,983,375,1088,484
638,train/hanover/hanover_000000_044622_leftImg8bit.png,1,1007,375,1220,519
639,train/hanover/hanover_000000_044622_leftImg8bit.png,4,1888,429,2047,635
640,train/hanover/hanover_000000_044622_leftImg8bit.png,1,520,362,647,431
641,train/hanover/hanover_000000_036051_leftImg8bit.png,1,1199,400,1324,488
642,train/hanover/hanover_000000_036051_leftImg8bit.png,1,1356,414,1425,468
643,train/hanover/hanover_000000_036051_leftImg8bit.png,2,1372,302,1545,476
644,train/hanover/hanover_000000_036051_leftImg8bit.png,1,1879,403,1991,457
645,train/hanover/hanover_000000_036051_leftImg8bit.png,1,872,379,1098,531
646,train/hanover/hanover_000000_036051_leftImg8bit.png,0,472,332,553,534
647,train/hanover/hanover_000000_036051_leftImg8bit.png,0,545,340,623,537
648,train/hanover/hanover_000000_036051_leftImg8bit.png,0,613,398,675,542
649,train/hanover/hanover_000000_032351_leftImg8bit.png,1,743,376,810,446
650,train/hanover/hanover_000000_032351_leftImg8bit.png,1,548,348,787,412
651,train/hanover/hanover_000000_032351_leftImg8bit.png,1,595,368,794,478
652,train/hanover/hanover_000000_032351_leftImg8bit.png,1,327,370,763,497
653,train/hanover/hanover_000000_032351_leftImg8bit.png,1,328,370,748,497
654,train/hanover/hanover_000000_032351_leftImg8bit.png,1,978,383,1069,455
655,train/hanover/hanover_000000_032351_leftImg8bit.png,1,0,337,387,595
656,train/hanover/hanover_000000_032351_leftImg8bit.png,4,0,413,164,593
657,train/hanover/hanover_000000_032351_leftImg8bit.png,1,1084,367,1221,429
658,train/hanover/hanover_000000_032351_leftImg8bit.png,1,1177,388,1344,455
659,train/hanover/hanover_000000_032351_leftImg8bit.png,0,1793,350,1850,405
660,train/hanover/hanover_000000_032351_leftImg8bit.png,1,1222,375,1460,474
661,train/hanover/hanover_000000_032351_leftImg8bit.png,1,1252,371,1594,520
662,train/hanover/hanover_000000_032351_leftImg8bit.png,1,1309,363,1959,556
663,train/hanover/hanover_000000_032351_leftImg8bit.png,1,1319,363,1959,556
664,train/hanover/hanover_000000_051536_leftImg8bit.png,1,1845,404,1943,470
665,train/hanover/hanover_000000_051536_leftImg8bit.png,3,1327,306,1500,454
666,train/hanover/hanover_000000_051536_leftImg8bit.png,1,938,390,1027,465
667,train/hanover/hanover_000000_051536_leftImg8bit.png,1,746,374,837,426
668,train/hanover/hanover_000000_051536_leftImg8bit.png,1,721,380,795,431
669,train/hanover/hanover_000000_051536_leftImg8bit.png,1,564,379,793,484
670,train/hanover/hanover_000000_051536_leftImg8bit.png,1,777,383,976,488
671,train/hanover/hanover_000000_051536_leftImg8bit.png,1,1145,395,1238,463
672,train/hanover/hanover_000000_051536_leftImg8bit.png,1,988,393,1180,501
673,train/hanover/hanover_000000_009004_leftImg8bit.png,2,1322,379,1417,430
674,train/hanover/hanover_000000_009004_leftImg8bit.png,1,1048,407,1163,460
675,train/hanover/hanover_000000_009004_leftImg8bit.png,1,967,392,1070,468
676,train/hanover/hanover_000000_009004_leftImg8bit.png,1,858,394,1000,480
677,train/hanover/hanover_000000_009004_leftImg8bit.png,4,726,412,785,493
678,train/hanover/hanover_000000_009004_leftImg8bit.png,1,0,266,427,922
679,train/hanover/hanover_000000_052013_leftImg8bit.png,1,611,399,772,500
680,train/hanover/hanover_000000_052013_leftImg8bit.png,4,562,436,645,564
681,train/hanover/hanover_000000_052013_leftImg8bit.png,1,318,399,581,564
682,train/hanover/hanover_000000_052013_leftImg8bit.png,4,111,464,178,553
683,train/hanover/hanover_000000_052013_leftImg8bit.png,1,0,326,126,683
684,train/hanover/hanover_000000_052013_leftImg8bit.png,1,1158,380,1219,450
685,train/hanover/hanover_000000_052013_leftImg8bit.png,1,1200,332,1331,473
686,train/hanover/hanover_000000_052013_leftImg8bit.png,1,1308,378,1537,533
687,train/hanover/hanover_000000_052013_leftImg8bit.png,4,1808,366,1889,525
688,train/hanover/hanover_000000_052013_leftImg8bit.png,4,1637,398,1844,519
689,train/hanover/hanover_000000_052013_leftImg8bit.png,1,1752,332,2047,722
690,train/hanover/hanover_000000_003224_leftImg8bit.png,0,1160,326,1226,508
691,train/hanover/hanover_000000_003224_leftImg8bit.png,1,0,369,107,447
692,train/hanover/hanover_000000_003224_leftImg8bit.png,1,195,268,397,503
693,train/hanover/hanover_000000_003224_leftImg8bit.png,5,588,364,735,491
694,train/hanover/hanover_000000_003224_leftImg8bit.png,4,654,390,755,511
695,train/hanover/hanover_000000_007342_leftImg8bit.png,1,724,392,831,459
696,train/hanover/hanover_000000_007342_leftImg8bit.png,1,1083,379,1139,436
697,train/hanover/hanover_000000_007342_leftImg8bit.png,1,1171,387,1235,438
698,train/hanover/hanover_000000_007342_leftImg8bit.png,1,1527,367,1618,437
699,train/hanover/hanover_000000_007342_leftImg8bit.png,1,1541,380,1614,438
700,train/hanover/hanover_000000_007342_leftImg8bit.png,1,1570,352,1829,446
701,train/hanover/hanover_000000_002458_leftImg8bit.png,1,1171,381,1497,489
702,train/hanover/hanover_000000_002458_leftImg8bit.png,1,1183,381,1398,489
703,train/hanover/hanover_000000_002458_leftImg8bit.png,1,1193,381,1382,488
704,train/hanover/hanover_000000_002458_leftImg8bit.png,1,1240,381,1497,489
705,train/hanover/hanover_000000_002458_leftImg8bit.png,4,1350,392,1486,495
706,train/hanover/hanover_000000_002458_leftImg8bit.png,1,1022,385,1075,447
707,train/hanover/hanover_000000_002458_leftImg8bit.png,1,723,295,928,517
708,train/hanover/hanover_000000_002458_leftImg8bit.png,4,1428,407,1708,571
709,train/hanover/hanover_000000_002458_leftImg8bit.png,4,1413,434,1680,584
710,train/hanover/hanover_000000_042992_leftImg8bit.png,1,442,407,522,483
711,train/hanover/hanover_000000_042992_leftImg8bit.png,1,435,419,510,489
712,train/hanover/hanover_000000_042992_leftImg8bit.png,1,425,419,510,489
713,train/hanover/hanover_000000_042992_leftImg8bit.png,1,365,417,487,498
714,train/hanover/hanover_000000_042992_leftImg8bit.png,1,792,400,865,451
715,train/hanover/hanover_000000_042992_leftImg8bit.png,1,919,389,1062,461
716,train/hanover/hanover_000000_042992_leftImg8bit.png,1,993,404,1157,468
717,train/hanover/hanover_000000_040793_leftImg8bit.png,1,1096,414,1172,488
718,train/hanover/hanover_000000_040793_leftImg8bit.png,1,1142,411,1238,497
719,train/hanover/hanover_000000_040793_leftImg8bit.png,1,1178,417,1278,515
720,train/hanover/hanover_000000_040793_leftImg8bit.png,0,1442,370,1510,525
721,train/hanover/hanover_000000_040793_leftImg8bit.png,1,1227,405,1475,568
722,train/hanover/hanover_000000_040793_leftImg8bit.png,1,737,379,864,455
723,train/hanover/hanover_000000_040793_leftImg8bit.png,1,760,401,845,465
724,train/hanover/hanover_000000_040793_leftImg8bit.png,1,757,400,831,471
725,train/hanover/hanover_000000_040793_leftImg8bit.png,1,719,388,815,473
726,train/hanover/hanover_000000_040793_leftImg8bit.png,1,622,378,793,460
727,train/hanover/hanover_000000_040793_leftImg8bit.png,1,642,385,783,476
728,train/hanover/hanover_000000_040793_leftImg8bit.png,1,636,387,761,490
729,train/hanover/hanover_000000_040793_leftImg8bit.png,1,606,387,708,495
730,train/hanover/hanover_000000_040793_leftImg8bit.png,1,599,377,684,478
731,train/hanover/hanover_000000_040793_leftImg8bit.png,1,416,355,666,509
732,train/hanover/hanover_000000_040793_leftImg8bit.png,1,417,371,590,517
733,train/hanover/hanover_000000_040793_leftImg8bit.png,1,321,359,537,541
734,train/hanover/hanover_000000_040793_leftImg8bit.png,1,160,314,414,557
735,train/hanover/hanover_000000_040793_leftImg8bit.png,1,0,255,242,617
736,train/hanover/hanover_000000_040793_leftImg8bit.png,1,850,341,967,478
737,train/hanover/hanover_000000_040793_leftImg8bit.png,0,1096,374,1147,526
738,train/hanover/hanover_000000_049465_leftImg8bit.png,1,0,379,398,566
739,train/hanover/hanover_000000_049465_leftImg8bit.png,1,1716,359,2000,477
740,train/hanover/hanover_000000_049465_leftImg8bit.png,0,1644,353,1699,456
741,train/hanover/hanover_000000_049465_leftImg8bit.png,4,1358,424,1503,536
742,train/hanover/hanover_000000_049465_leftImg8bit.png,0,1361,325,1485,490
743,train/hanover/hanover_000000_049465_leftImg8bit.png,1,775,338,928,490
744,train/hanover/hanover_000000_049465_leftImg8bit.png,4,723,401,995,624
745,train/hanover/hanover_000000_049465_leftImg8bit.png,0,918,387,972,493
746,train/hanover/hanover_000000_049465_leftImg8bit.png,0,756,296,939,547
747,train/hanover/hanover_000000_049465_leftImg8bit.png,0,1005,367,1064,487
748,train/hanover/hanover_000000_034015_leftImg8bit.png,1,1022,269,1151,359
749,train/hanover/hanover_000000_034015_leftImg8bit.png,3,1485,268,1620,367
750,train/hanover/hanover_000000_034015_leftImg8bit.png,0,1514,312,1594,531
751,train/hanover/hanover_000000_034015_leftImg8bit.png,1,692,362,871,491
752,train/hanover/hanover_000000_034015_leftImg8bit.png,1,501,359,776,566
753,train/hanover/hanover_000000_034015_leftImg8bit.png,1,787,327,1391,806
754,train/hanover/hanover_000000_034015_leftImg8bit.png,1,50,351,647,674
755,train/hanover/hanover_000000_034015_leftImg8bit.png,1,50,351,647,674
756,train/hanover/hanover_000000_052649_leftImg8bit.png,0,1734,375,1787,479
757,train/hanover/hanover_000000_052649_leftImg8bit.png,0,1346,379,1397,481
758,train/hanover/hanover_000000_052649_leftImg8bit.png,5,1074,417,1148,471
759,train/hanover/hanover_000000_052649_leftImg8bit.png,1,81,409,328,532
760,train/hanover/hanover_000000_052649_leftImg8bit.png,1,0,348,119,631
761,train/hanover/hanover_000000_052649_leftImg8bit.png,1,565,417,662,481
762,train/hanover/hanover_000000_052649_leftImg8bit.png,1,331,390,596,561
763,train/hanover/hanover_000000_052649_leftImg8bit.png,1,828,405,936,496
764,train/hanover/hanover_000000_046200_leftImg8bit.png,1,0,351,92,413
765,train/hanover/hanover_000000_046200_leftImg8bit.png,1,0,368,88,423
766,train/hanover/hanover_000000_046200_leftImg8bit.png,1,4,327,265,470
767,train/hanover/hanover_000000_046200_leftImg8bit.png,1,23,322,471,460
768,train/hanover/hanover_000000_046200_leftImg8bit.png,0,952,270,1027,419
769,train/hanover/hanover_000000_046200_leftImg8bit.png,0,1114,251,1271,468
770,train/hanover/hanover_000000_046200_leftImg8bit.png,0,1322,293,1392,558
771,train/hanover/hanover_000000_044195_leftImg8bit.png,1,1648,308,1791,434
772,train/hanover/hanover_000000_044195_leftImg8bit.png,4,600,416,653,489
773,train/hanover/hanover_000000_044195_leftImg8bit.png,0,316,389,399,514
774,train/hanover/hanover_000000_044195_leftImg8bit.png,1,1117,354,1178,411
775,train/hanover/hanover_000000_044195_leftImg8bit.png,1,938,376,1010,434
776,train/hanover/hanover_000000_044195_leftImg8bit.png,1,895,386,976,444
777,train/hanover/hanover_000000_044195_leftImg8bit.png,1,853,389,916,453
778,train/hanover/hanover_000000_044195_leftImg8bit.png,1,790,376,889,461
779,train/hanover/hanover_000000_044195_leftImg8bit.png,1,731,386,858,483
780,train/hanover/hanover_000000_044195_leftImg8bit.png,0,385,390,444,513
781,train/hanover/hanover_000000_045446_leftImg8bit.png,1,566,330,774,428
782,train/hanover/hanover_000000_045446_leftImg8bit.png,1,1253,360,1413,423
783,train/hanover/hanover_000000_045446_leftImg8bit.png,1,1268,363,1402,447
784,train/hanover/hanover_000000_045446_leftImg8bit.png,1,1399,334,1482,435
785,train/hanover/hanover_000000_045446_leftImg8bit.png,1,1273,321,1498,481
786,train/hanover/hanover_000000_045446_leftImg8bit.png,1,820,332,1010,406
787,train/hanover/hanover_000000_045446_leftImg8bit.png,1,673,335,850,431
788,train/hanover/hanover_000000_045446_leftImg8bit.png,1,684,337,830,444
789,train/hanover/hanover_000000_045446_leftImg8bit.png,1,571,342,773,441
790,train/hanover/hanover_000000_045446_leftImg8bit.png,1,490,338,762,473
791,train/hanover/hanover_000000_045446_leftImg8bit.png,1,0,335,549,520
792,train/hanover/hanover_000000_045446_leftImg8bit.png,1,1457,307,1696,512
793,train/hanover/hanover_000000_045446_leftImg8bit.png,1,1641,271,2047,573
794,train/hanover/hanover_000000_027390_leftImg8bit.png,0,830,353,882,451
795,train/hanover/hanover_000000_027390_leftImg8bit.png,4,837,391,915,467
796,train/hanover/hanover_000000_027390_leftImg8bit.png,4,986,391,1086,460
797,train/hanover/hanover_000000_027390_leftImg8bit.png,4,606,388,698,456
798,train/hanover/hanover_000000_027390_leftImg8bit.png,4,712,404,791,466
799,train/hanover/hanover_000000_027390_leftImg8bit.png,0,650,330,726,508
800,train/hanover/hanover_000000_027390_leftImg8bit.png,5,465,368,636,625
801,train/hanover/hanover_000000_027390_leftImg8bit.png,5,46,336,225,438
802,train/hanover/hanover_000000_027390_leftImg8bit.png,5,66,329,231,550
803,train/hanover/hanover_000000_027390_leftImg8bit.png,5,187,327,363,570
804,train/hanover/hanover_000000_027390_leftImg8bit.png,5,324,357,493,597
805,train/hanover/hanover_000000_027390_leftImg8bit.png,0,1127,346,1198,503
806,train/hanover/hanover_000000_027390_leftImg8bit.png,1,1333,307,1644,600
807,train/hanover/hanover_000000_027390_leftImg8bit.png,1,1480,245,2047,761
808,train/hanover/hanover_000000_027390_leftImg8bit.png,1,1766,328,2047,931
809,train/hanover/hanover_000000_004752_leftImg8bit.png,5,922,405,1017,478
810,train/hanover/hanover_000000_004752_leftImg8bit.png,4,1051,415,1183,496
811,train/hanover/hanover_000000_004752_leftImg8bit.png,0,1614,394,1743,516
812,train/hanover/hanover_000000_004752_leftImg8bit.png,4,1811,430,1929,585
813,train/hanover/hanover_000000_004752_leftImg8bit.png,4,1430,427,1576,557
814,train/hanover/hanover_000000_004752_leftImg8bit.png,4,1497,425,1609,557
815,train/hanover/hanover_000000_004752_leftImg8bit.png,4,13,412,88,481
816,train/hanover/hanover_000000_004752_leftImg8bit.png,1,270,398,365,484
817,train/hanover/hanover_000000_004752_leftImg8bit.png,1,62,387,316,569
818,train/hanover/hanover_000000_004752_leftImg8bit.png,1,340,401,486,498
819,train/hanover/hanover_000000_005599_leftImg8bit.png,2,1090,355,1240,407
820,train/hanover/hanover_000000_005599_leftImg8bit.png,4,1974,389,2047,479
821,train/hanover/hanover_000000_005599_leftImg8bit.png,4,1987,446,2047,537
822,train/hanover/hanover_000000_005599_leftImg8bit.png,1,1316,272,1785,511
823,train/hanover/hanover_000000_005599_leftImg8bit.png,1,1453,377,1643,525
824,train/hanover/hanover_000000_005599_leftImg8bit.png,1,1558,359,2021,540
825,train/hanover/hanover_000000_005599_leftImg8bit.png,2,799,319,895,438
826,train/hanover/hanover_000000_005599_leftImg8bit.png,1,809,390,864,450
827,train/hanover/hanover_000000_005599_leftImg8bit.png,1,760,391,836,472
828,train/hanover/hanover_000000_005599_leftImg8bit.png,1,739,392,816,483
829,train/hanover/hanover_000000_005599_leftImg8bit.png,1,0,348,292,476
830,train/hanover/hanover_000000_005599_leftImg8bit.png,2,252,181,785,581
831,train/hanover/hanover_000000_005599_leftImg8bit.png,1,916,358,1028,418
832,train/hanover/hanover_000000_005599_leftImg8bit.png,1,890,356,1107,539
833,train/hanover/hanover_000000_005599_leftImg8bit.png,1,0,362,379,836
834,train/hanover/hanover_000000_005732_leftImg8bit.png,2,939,338,1149,413
835,train/hanover/hanover_000000_005732_leftImg8bit.png,2,0,145,407,460
836,train/hanover/hanover_000000_005732_leftImg8bit.png,1,415,334,621,519
837,train/hanover/hanover_000000_005732_leftImg8bit.png,1,0,230,476,681
838,train/hanover/hanover_000000_005732_leftImg8bit.png,1,956,392,1050,443
839,train/hanover/hanover_000000_005732_leftImg8bit.png,0,1817,308,1895,473
840,train/hanover/hanover_000000_000712_leftImg8bit.png,1,796,385,856,447
841,train/hanover/hanover_000000_000712_leftImg8bit.png,1,694,377,810,464
842,train/hanover/hanover_000000_000712_leftImg8bit.png,1,942,380,1012,431
843,train/hanover/hanover_000000_000712_leftImg8bit.png,1,837,367,955,465
844,train/hanover/hanover_000000_000712_leftImg8bit.png,1,242,386,599,548
845,train/hanover/hanover_000000_000712_leftImg8bit.png,1,1088,379,1177,440
846,train/hanover/hanover_000000_000712_leftImg8bit.png,1,1185,370,1264,475
847,train/hanover/hanover_000000_000712_leftImg8bit.png,1,1199,362,1362,498
848,train/hanover/hanover_000000_000712_leftImg8bit.png,5,1255,423,1341,514
849,train/hanover/hanover_000000_000712_leftImg8bit.png,1,1292,295,1565,547
850,train/hanover/hanover_000000_000712_leftImg8bit.png,1,1389,341,1869,608
851,train/hanover/hanover_000000_000712_leftImg8bit.png,1,0,327,352,670
852,train/hanover/hanover_000000_019116_leftImg8bit.png,0,1326,416,1377,476
853,train/hanover/hanover_000000_012347_leftImg8bit.png,4,1297,380,1379,523
854,train/hanover/hanover_000000_012347_leftImg8bit.png,2,624,210,903,501
855,train/hanover/hanover_000000_012347_leftImg8bit.png,1,495,361,767,581
856,train/hanover/hanover_000000_012347_leftImg8bit.png,1,0,349,198,543
857,train/hanover/hanover_000000_012347_leftImg8bit.png,1,40,367,624,682
858,train/hanover/hanover_000000_012347_leftImg8bit.png,1,0,388,157,870
859,train/hanover/hanover_000000_012347_leftImg8bit.png,1,915,236,1147,537
860,train/hanover/hanover_000000_012347_leftImg8bit.png,0,1802,294,1878,485
861,train/hanover/hanover_000000_048274_leftImg8bit.png,1,1305,394,1368,454
862,train/hanover/hanover_000000_048274_leftImg8bit.png,1,1239,389,1348,479
863,train/hanover/hanover_000000_048274_leftImg8bit.png,1,1122,373,1266,500
864,train/hanover/hanover_000000_048274_leftImg8bit.png,1,1318,393,1559,527
865,train/hanover/hanover_000000_048274_leftImg8bit.png,1,1475,391,1790,617
866,train/hanover/hanover_000000_048274_leftImg8bit.png,2,1659,0,2047,877
867,train/hanover/hanover_000000_048274_leftImg8bit.png,1,812,350,1059,554
868,train/hanover/hanover_000000_027650_leftImg8bit.png,0,1670,368,1746,444
869,train/hanover/hanover_000000_027650_leftImg8bit.png,0,1949,235,2047,721
870,train/hanover/hanover_000000_027650_leftImg8bit.png,1,739,385,863,534
871,train/hanover/hanover_000000_027650_leftImg8bit.png,5,1247,403,1321,460
872,train/hanover/hanover_000000_027650_leftImg8bit.png,1,529,359,800,576
873,train/hanover/hanover_000000_027650_leftImg8bit.png,0,1118,354,1170,476
874,train/hanover/hanover_000000_027650_leftImg8bit.png,0,1191,333,1269,493
875,train/hanover/hanover_000000_027650_leftImg8bit.png,1,175,370,675,687
876,train/hanover/hanover_000000_027650_leftImg8bit.png,1,0,285,398,866
877,train/hanover/hanover_000000_036562_leftImg8bit.png,0,1558,343,1613,520
878,train/hanover/hanover_000000_036562_leftImg8bit.png,1,1937,471,2047,637
879,train/hanover/hanover_000000_036562_leftImg8bit.png,2,961,300,1122,465
880,train/hanover/hanover_000000_036562_leftImg8bit.png,0,517,356,591,539
881,train/hanover/hanover_000000_036562_leftImg8bit.png,0,351,335,425,468
882,train/hanover/hanover_000000_036562_leftImg8bit.png,0,431,351,501,529
883,train/hanover/hanover_000000_036562_leftImg8bit.png,4,665,416,736,578
884,train/hanover/hanover_000000_036562_leftImg8bit.png,1,0,348,479,882
885,train/hanover/hanover_000000_024441_leftImg8bit.png,1,629,374,812,448
886,train/hanover/hanover_000000_024441_leftImg8bit.png,1,887,374,956,446
887,train/hanover/hanover_000000_024441_leftImg8bit.png,1,926,375,993,455
888,train/hanover/hanover_000000_024441_leftImg8bit.png,1,937,376,1010,462
889,train/hanover/hanover_000000_024441_leftImg8bit.png,1,946,369,1047,496
890,train/hanover/hanover_000000_024441_leftImg8bit.png,1,1021,333,1227,521
891,train/hanover/hanover_000000_024441_leftImg8bit.png,1,1174,146,1949,727
892,train/hanover/hanover_000000_024441_leftImg8bit.png,1,330,368,418,437
893,train/hanover/hanover_000000_024441_leftImg8bit.png,1,160,365,374,551
894,train/hanover/hanover_000000_024441_leftImg8bit.png,1,0,350,242,647
895,train/hanover/hanover_000000_024441_leftImg8bit.png,4,406,401,477,576
896,train/hanover/hanover_000000_026804_leftImg8bit.png,1,512,379,631,477
897,train/hanover/hanover_000000_026804_leftImg8bit.png,1,193,389,373,532
898,train/hanover/hanover_000000_026804_leftImg8bit.png,1,256,382,563,549
899,train/hanover/hanover_000000_026804_leftImg8bit.png,1,843,388,894,455
900,train/hanover/hanover_000000_026804_leftImg8bit.png,0,779,295,912,609
901,train/hanover/hanover_000000_026804_leftImg8bit.png,1,906,398,971,450
902,train/hanover/hanover_000000_026804_leftImg8bit.png,1,948,395,1038,452
903,train/hanover/hanover_000000_026804_leftImg8bit.png,5,1014,393,1080,456
904,train/hanover/hanover_000000_026804_leftImg8bit.png,5,1066,397,1122,461
905,train/hanover/hanover_000000_026804_leftImg8bit.png,5,1094,385,1156,458
906,train/hanover/hanover_000000_026804_leftImg8bit.png,0,1938,295,1998,428
907,train/hanover/hanover_000000_026804_leftImg8bit.png,4,1116,398,1168,461
908,train/hanover/hanover_000000_026804_leftImg8bit.png,4,1191,398,1293,461
909,train/hanover/hanover_000000_026804_leftImg8bit.png,4,1194,399,1282,463
910,train/hanover/hanover_000000_026804_leftImg8bit.png,0,1142,295,1227,590
911,train/hanover/hanover_000000_026804_leftImg8bit.png,0,1453,318,1511,471
912,train/hanover/hanover_000000_026804_leftImg8bit.png,0,1716,316,1790,441
913,train/hanover/hanover_000000_026804_leftImg8bit.png,4,1658,366,1715,460
914,train/hanover/hanover_000000_026804_leftImg8bit.png,4,1715,356,1776,471
915,train/hanover/hanover_000000_026804_leftImg8bit.png,0,1884,313,1939,447
916,train/hanover/hanover_000000_026804_leftImg8bit.png,1,1861,440,2047,839
917,train/hanover/hanover_000000_026804_leftImg8bit.png,0,1541,304,1606,478
918,train/hanover/hanover_000000_027481_leftImg8bit.png,0,1892,385,1962,503
919,train/hanover/hanover_000000_027481_leftImg8bit.png,0,1458,375,1521,531
920,train/hanover/hanover_000000_027481_leftImg8bit.png,4,1582,414,1696,526
921,train/hanover/hanover_000000_027481_leftImg8bit.png,0,124,362,179,430
922,train/hanover/hanover_000000_027481_leftImg8bit.png,0,191,353,242,423
923,train/hanover/hanover_000000_027481_leftImg8bit.png,0,132,388,191,448
924,train/hanover/hanover_000000_027481_leftImg8bit.png,0,8,341,59,441
925,train/hanover/hanover_000000_027481_leftImg8bit.png,0,86,388,187,515
926,train/hanover/hanover_000000_027481_leftImg8bit.png,0,173,389,230,519
927,train/hanover/hanover_000000_027481_leftImg8bit.png,0,526,353,594,475
928,train/hanover/hanover_000000_027481_leftImg8bit.png,0,767,359,819,502
929,train/hanover/hanover_000000_027481_leftImg8bit.png,4,870,401,959,523
930,train/hanover/hanover_000000_027481_leftImg8bit.png,4,1070,418,1124,523
931,train/hanover/hanover_000000_027481_leftImg8bit.png,4,1174,413,1284,572
932,train/hanover/hanover_000000_027481_leftImg8bit.png,4,578,393,716,572
933,train/hanover/hanover_000000_020655_leftImg8bit.png,1,1496,313,1580,401
934,train/hanover/hanover_000000_020655_leftImg8bit.png,1,0,352,109,449
935,train/hanover/hanover_000000_020655_leftImg8bit.png,1,170,353,373,423
936,train/hanover/hanover_000000_020655_leftImg8bit.png,1,346,333,636,450
937,train/hanover/hanover_000000_020655_leftImg8bit.png,1,881,358,1135,415
938,train/hanover/hanover_000000_020655_leftImg8bit.png,1,1315,371,1440,451
939,train/hanover/hanover_000000_020655_leftImg8bit.png,1,1098,353,1357,461
940,train/hanover/hanover_000000_020655_leftImg8bit.png,1,840,371,1138,464
941,train/hanover/hanover_000000_020655_leftImg8bit.png,1,1755,375,1964,455
942,train/hanover/hanover_000000_020655_leftImg8bit.png,1,1578,382,1951,488
943,train/hanover/hanover_000000_020655_leftImg8bit.png,1,0,428,60,608
944,train/hanover/hanover_000000_020655_leftImg8bit.png,5,12,386,596,691
945,train/hanover/hanover_000000_051059_leftImg8bit.png,1,772,380,909,495
946,train/hanover/hanover_000000_051059_leftImg8bit.png,1,1442,367,1541,508
947,train/hanover/hanover_000000_051059_leftImg8bit.png,1,1964,392,2047,569
948,train/hanover/hanover_000000_051059_leftImg8bit.png,1,1170,338,1511,563
949,train/hanover/hanover_000000_051059_leftImg8bit.png,1,829,344,1285,722
950,train/hanover/hanover_000000_051059_leftImg8bit.png,1,73,411,241,473
951,train/hanover/hanover_000000_028202_leftImg8bit.png,4,0,358,89,449
952,train/hanover/hanover_000000_028202_leftImg8bit.png,0,94,302,198,516
953,train/hanover/hanover_000000_028202_leftImg8bit.png,0,390,409,467,485
954,train/hanover/hanover_000000_028202_leftImg8bit.png,0,419,329,484,511
955,train/hanover/hanover_000000_028202_leftImg8bit.png,0,336,321,412,509
956,train/hanover/hanover_000000_028202_leftImg8bit.png,4,832,401,909,468
957,train/hanover/hanover_000000_028202_leftImg8bit.png,0,651,345,708,473
958,train/hanover/hanover_000000_028202_leftImg8bit.png,4,1852,386,2028,486
959,train/hanover/hanover_000000_028202_leftImg8bit.png,0,1979,276,2047,596
960,train/hanover/hanover_000000_056361_leftImg8bit.png,1,925,386,1001,437
961,train/hanover/hanover_000000_056361_leftImg8bit.png,1,691,359,824,447
962,train/hanover/hanover_000000_056361_leftImg8bit.png,1,544,388,662,467
963,train/hanover/hanover_000000_056361_leftImg8bit.png,1,655,362,818,489
964,train/hanover/hanover_000000_056361_leftImg8bit.png,1,110,385,209,451
965,train/hanover/hanover_000000_056361_leftImg8bit.png,3,0,228,183,519
966,train/hanover/hanover_000000_056361_leftImg8bit.png,1,216,367,532,532
967,train/hanover/hanover_000000_056361_leftImg8bit.png,0,1801,319,1857,484
968,train/hanover/hanover_000000_024719_leftImg8bit.png,1,237,407,1133,715
969,train/hanover/hanover_000000_024719_leftImg8bit.png,1,1486,430,2047,723
970,train/hanover/hanover_000000_024719_leftImg8bit.png,4,792,455,1304,817
971,train/hanover/hanover_000000_056457_leftImg8bit.png,3,1098,366,1167,431
972,train/hanover/hanover_000000_056457_leftImg8bit.png,1,757,395,825,446
973,train/hanover/hanover_000000_056457_leftImg8bit.png,1,829,377,928,461
974,train/hanover/hanover_000000_056457_leftImg8bit.png,1,565,412,654,467
975,train/hanover/hanover_000000_056457_leftImg8bit.png,1,412,413,526,484
976,train/hanover/hanover_000000_056457_leftImg8bit.png,1,168,385,460,528
977,train/hanover/hanover_000000_056457_leftImg8bit.png,1,0,373,278,657
978,train/hanover/hanover_000000_056457_leftImg8bit.png,0,1546,381,1604,455
979,train/hanover/hanover_000000_023881_leftImg8bit.png,0,1771,350,1832,495
980,train/hanover/hanover_000000_023881_leftImg8bit.png,0,1257,366,1331,508
981,train/hanover/hanover_000000_023881_leftImg8bit.png,5,934,414,1015,510
982,train/hanover/hanover_000000_023881_leftImg8bit.png,0,722,349,807,539
983,train/hanover/hanover_000000_023881_leftImg8bit.png,0,632,320,796,667
984,train/hanover/hanover_000000_023881_leftImg8bit.png,0,1081,309,1258,683
985,train/hanover/hanover_000000_023881_leftImg8bit.png,0,843,369,939,625
986,train/hanover/hanover_000000_007780_leftImg8bit.png,4,488,412,605,485
987,train/hanover/hanover_000000_007780_leftImg8bit.png,1,0,337,338,691
988,train/hanover/hanover_000000_007780_leftImg8bit.png,5,739,398,790,487
989,train/hanover/hanover_000000_007780_leftImg8bit.png,1,1698,343,1956,528
990,train/hanover/hanover_000000_015849_leftImg8bit.png,3,1425,366,1609,418
991,train/hanover/hanover_000000_015849_leftImg8bit.png,1,1444,395,1527,454
992,train/hanover/hanover_000000_015849_leftImg8bit.png,1,1085,367,1143,453
993,train/hanover/hanover_000000_015849_leftImg8bit.png,4,650,404,797,519
994,train/hanover/hanover_000000_015849_leftImg8bit.png,1,921,365,1131,525
995,train/hanover/hanover_000000_015849_leftImg8bit.png,1,1117,275,1455,611
996,train/hanover/hanover_000000_015849_leftImg8bit.png,0,623,329,682,541
997,train/hanover/hanover_000000_015849_leftImg8bit.png,0,670,336,723,537
998,train/hanover/hanover_000000_015849_leftImg8bit.png,0,615,331,711,547
999,train/hanover/hanover_000000_015849_leftImg8bit.png,0,580,338,645,556
1000,train/hanover/hanover_000000_015849_leftImg8bit.png,1,480,420,557,475
1001,train/hanover/hanover_000000_015849_leftImg8bit.png,0,545,334,614,561
1002,train/hanover/hanover_000000_015849_leftImg8bit.png,1,1562,397,1668,460
1003,train/hanover/hanover_000000_015849_leftImg8bit.png,1,1646,343,2047,622
1004,train/hanover/hanover_000000_034347_leftImg8bit.png,1,490,403,665,526
1005,train/hanover/hanover_000000_034347_leftImg8bit.png,1,259,383,543,564
1006,train/hanover/hanover_000000_034347_leftImg8bit.png,0,184,390,236,515
1007,train/hanover/hanover_000000_034347_leftImg8bit.png,1,0,399,208,624
1008,train/hanover/hanover_000000_034347_leftImg8bit.png,0,1528,361,1585,499
1009,train/hanover/hanover_000000_025437_leftImg8bit.png,1,1022,377,1123,443
1010,train/hanover/hanover_000000_025437_leftImg8bit.png,1,1206,342,1511,464
1011,train/hanover/hanover_000000_025437_leftImg8bit.png,0,1124,278,1278,586
1012,train/hanover/hanover_000000_025437_leftImg8bit.png,1,1327,340,1704,478
1013,train/hanover/hanover_000000_025437_leftImg8bit.png,0,1369,290,1514,593
1014,train/hanover/hanover_000000_025437_leftImg8bit.png,0,1293,247,1460,617
1015,train/hanover/hanover_000000_025437_leftImg8bit.png,0,1779,296,1878,535
1016,train/hanover/hanover_000000_025437_leftImg8bit.png,0,1838,284,1946,539
1017,train/hanover/hanover_000000_025437_leftImg8bit.png,1,1952,373,2047,460
1018,train/hanover/hanover_000000_025437_leftImg8bit.png,1,822,373,881,429
1019,train/hanover/hanover_000000_025437_leftImg8bit.png,1,686,367,784,453
1020,train/hanover/hanover_000000_025437_leftImg8bit.png,1,644,370,736,464
1021,train/hanover/hanover_000000_025437_leftImg8bit.png,4,261,380,451,509
1022,train/hanover/hanover_000000_025437_leftImg8bit.png,4,864,414,1104,562
1023,train/hanover/hanover_000000_009128_leftImg8bit.png,0,1388,317,1463,476
1024,train/hanover/hanover_000000_009128_leftImg8bit.png,4,1599,357,1770,645
1025,train/hanover/hanover_000000_009128_leftImg8bit.png,2,813,364,878,422
1026,train/hanover/hanover_000000_009128_leftImg8bit.png,2,630,350,800,428
1027,train/hanover/hanover_000000_009128_leftImg8bit.png,1,625,377,697,439
1028,train/hanover/hanover_000000_009128_leftImg8bit.png,1,583,388,658,443
1029,train/hanover/hanover_000000_009128_leftImg8bit.png,1,537,388,602,452
1030,train/hanover/hanover_000000_009128_leftImg8bit.png,1,444,375,564,456
1031,train/hanover/hanover_000000_009128_leftImg8bit.png,1,420,390,501,464
1032,train/hanover/hanover_000000_009128_leftImg8bit.png,1,305,377,452,478
1033,train/hanover/hanover_000000_009128_leftImg8bit.png,1,198,394,349,495
1034,train/hanover/hanover_000000_009128_leftImg8bit.png,1,62,373,233,514
1035,train/hanover/hanover_000000_009128_leftImg8bit.png,1,0,343,101,529
1036,train/hanover/hanover_000000_009128_leftImg8bit.png,4,1309,367,1433,495
1037,train/hanover/hanover_000000_009128_leftImg8bit.png,4,1240,377,1308,471
1038,train/hanover/hanover_000000_000164_leftImg8bit.png,1,1151,404,1254,490
1039,train/hanover/hanover_000000_000164_leftImg8bit.png,1,733,414,853,505
1040,train/hanover/hanover_000000_000164_leftImg8bit.png,1,819,377,1125,629
1041,train/hanover/hanover_000000_019456_leftImg8bit.png,1,822,346,909,424
1042,train/hanover/hanover_000000_019456_leftImg8bit.png,1,712,343,828,447
1043,train/hanover/hanover_000000_019456_leftImg8bit.png,1,718,365,793,460
1044,train/hanover/hanover_000000_019456_leftImg8bit.png,1,661,362,749,479
1045,train/hanover/hanover_000000_019456_leftImg8bit.png,1,563,358,710,504
1046,train/hanover/hanover_000000_019456_leftImg8bit.png,1,371,359,621,547
1047,train/hanover/hanover_000000_019456_leftImg8bit.png,1,0,348,432,657
1048,train/hanover/hanover_000000_019456_leftImg8bit.png,1,1046,343,1163,455
1049,train/hanover/hanover_000000_019456_leftImg8bit.png,1,1057,357,1212,474
1050,train/hanover/hanover_000000_019456_leftImg8bit.png,1,1448,300,1717,460
1051,train/hanover/hanover_000000_019456_leftImg8bit.png,1,1473,329,1702,496
1052,train/hanover/hanover_000000_019456_leftImg8bit.png,1,1548,309,1906,513
1053,train/hanover/hanover_000000_019456_leftImg8bit.png,1,1602,322,1938,549
1054,train/hanover/hanover_000000_019456_leftImg8bit.png,1,1825,301,2047,576
1055,train/hanover/hanover_000000_029325_leftImg8bit.png,4,211,383,280,441
1056,train/hanover/hanover_000000_029325_leftImg8bit.png,4,137,388,215,463
1057,train/hanover/hanover_000000_029325_leftImg8bit.png,1,0,363,129,524
1058,train/hanover/hanover_000000_029325_leftImg8bit.png,1,478,373,781,501
1059,train/hanover/hanover_000000_029325_leftImg8bit.png,3,1153,297,1393,473
1060,train/hanover/hanover_000000_029325_leftImg8bit.png,1,1400,410,1473,461
1061,train/hanover/hanover_000000_054276_leftImg8bit.png,4,1963,392,2047,466
1062,train/hanover/hanover_000000_054276_leftImg8bit.png,0,1686,257,1802,659
1063,train/hanover/hanover_000000_054276_leftImg8bit.png,0,1803,255,2003,739
1064,train/hanover/hanover_000000_054276_leftImg8bit.png,1,729,361,1254,556
1065,train/hanover/hanover_000000_013205_leftImg8bit.png,1,1037,383,1111,453
1066,train/hanover/hanover_000000_013205_leftImg8bit.png,1,849,407,923,458
1067,train/hanover/hanover_000000_013205_leftImg8bit.png,1,1220,389,1306,474
1068,train/hanover/hanover_000000_013205_leftImg8bit.png,1,1265,378,1431,515
1069,train/hanover/hanover_000000_013205_leftImg8bit.png,1,1331,375,1594,548
1070,train/hanover/hanover_000000_013205_leftImg8bit.png,4,538,424,631,495
1071,train/hanover/hanover_000000_013205_leftImg8bit.png,0,522,371,586,560
1072,train/hanover/hanover_000000_030546_leftImg8bit.png,2,86,265,491,460
1073,train/hanover/hanover_000000_030546_leftImg8bit.png,4,218,398,346,479
1074,train/hanover/hanover_000000_030546_leftImg8bit.png,1,968,393,1069,462
1075,train/hanover/hanover_000000_030546_leftImg8bit.png,4,1504,406,1556,496
1076,train/hanover/hanover_000000_030546_leftImg8bit.png,1,1266,366,1503,526
1077,train/hanover/hanover_000000_030546_leftImg8bit.png,2,550,264,770,474
1078,train/hanover/hanover_000000_030546_leftImg8bit.png,0,395,293,486,610
1079,train/hanover/hanover_000000_030546_leftImg8bit.png,0,1813,370,1868,501
1080,train/hanover/hanover_000000_030546_leftImg8bit.png,1,1795,317,2047,844
1081,train/hanover/hanover_000000_045188_leftImg8bit.png,0,1680,351,1748,465
1082,train/hanover/hanover_000000_045188_leftImg8bit.png,1,763,405,934,463
1083,train/hanover/hanover_000000_045188_leftImg8bit.png,1,632,407,912,503
1084,train/hanover/hanover_000000_045188_leftImg8bit.png,1,129,416,239,502
1085,train/hanover/hanover_000000_045188_leftImg8bit.png,1,233,426,316,491
1086,train/hanover/hanover_000000_045188_leftImg8bit.png,4,44,463,178,593
1087,train/hanover/hanover_000000_045188_leftImg8bit.png,1,216,412,495,600
1088,train/hanover/hanover_000000_045188_leftImg8bit.png,0,928,390,1005,516
1089,train/hanover/hanover_000000_045188_leftImg8bit.png,1,1138,379,1276,438
1090,train/hanover/hanover_000000_045188_leftImg8bit.png,1,1187,379,1287,441
1091,train/hanover/hanover_000000_045188_leftImg8bit.png,1,1212,380,1303,442
1092,train/hanover/hanover_000000_045188_leftImg8bit.png,1,1248,382,1418,444
1093,train/hanover/hanover_000000_045188_leftImg8bit.png,1,1240,397,1417,453
1094,train/hanover/hanover_000000_045188_leftImg8bit.png,1,1407,325,1750,615
1095,train/hanover/hanover_000000_029455_leftImg8bit.png,1,852,369,922,422
1096,train/hanover/hanover_000000_029455_leftImg8bit.png,0,409,334,481,493
1097,train/hanover/hanover_000000_029455_leftImg8bit.png,0,661,343,726,507
1098,train/hanover/hanover_000000_029455_leftImg8bit.png,0,674,337,775,512
1099,train/hanover/hanover_000000_029455_leftImg8bit.png,0,505,313,722,659
1100,train/hanover/hanover_000000_029455_leftImg8bit.png,0,200,315,300,483
1101,train/hanover/hanover_000000_029455_leftImg8bit.png,0,129,266,231,549
1102,train/hanover/hanover_000000_029455_leftImg8bit.png,0,0,305,73,464
1103,train/hanover/hanover_000000_029455_leftImg8bit.png,0,290,310,365,536
1104,train/hanover/hanover_000000_029455_leftImg8bit.png,4,0,450,94,717
1105,train/hanover/hanover_000000_029455_leftImg8bit.png,0,840,342,917,501
1106,train/hanover/hanover_000000_029455_leftImg8bit.png,0,1418,387,1473,466
1107,train/hanover/hanover_000000_029455_leftImg8bit.png,0,1321,348,1383,519
1108,train/hanover/hanover_000000_029455_leftImg8bit.png,0,1218,328,1288,526
1109,train/hanover/hanover_000000_029455_leftImg8bit.png,0,1232,354,1327,533
1110,train/hanover/hanover_000000_029455_leftImg8bit.png,0,862,354,925,503
1111,train/hanover/hanover_000000_029455_leftImg8bit.png,0,1160,340,1222,516
1112,train/hanover/hanover_000000_029455_leftImg8bit.png,4,1082,427,1146,493
1113,train/hanover/hanover_000000_029455_leftImg8bit.png,0,1102,336,1181,526
1114,train/hanover/hanover_000000_029455_leftImg8bit.png,0,911,326,972,520
1115,train/hanover/hanover_000000_029455_leftImg8bit.png,0,902,348,986,524
1116,train/hanover/hanover_000000_029455_leftImg8bit.png,0,1003,339,1093,523
1117,train/hanover/hanover_000000_029455_leftImg8bit.png,0,976,342,1050,526
1118,train/hanover/hanover_000000_029455_leftImg8bit.png,0,974,327,1075,531
1119,train/hanover/hanover_000000_045004_leftImg8bit.png,0,1802,328,1861,487
1120,train/hanover/hanover_000000_045004_leftImg8bit.png,4,1837,386,2047,556
1121,train/hanover/hanover_000000_045004_leftImg8bit.png,5,1913,330,2047,562
1122,train/hanover/hanover_000000_045004_leftImg8bit.png,1,1503,358,1715,484
1123,train/hanover/hanover_000000_045004_leftImg8bit.png,1,1311,327,1555,531
1124,train/hanover/hanover_000000_045004_leftImg8bit.png,1,1097,364,1171,420
1125,train/hanover/hanover_000000_045004_leftImg8bit.png,5,944,364,1003,459
1126,train/hanover/hanover_000000_006355_leftImg8bit.png,3,658,354,787,412
1127,train/hanover/hanover_000000_006355_leftImg8bit.png,1,673,381,767,435
1128,train/hanover/hanover_000000_006355_leftImg8bit.png,4,627,389,697,448
1129,train/hanover/hanover_000000_006355_leftImg8bit.png,1,461,389,578,449
1130,train/hanover/hanover_000000_006355_leftImg8bit.png,4,533,395,604,449
1131,train/hanover/hanover_000000_006355_leftImg8bit.png,1,1004,331,1405,477
1132,train/hanover/hanover_000000_006355_leftImg8bit.png,1,1428,305,1865,486
1133,train/hanover/hanover_000000_006355_leftImg8bit.png,1,0,345,245,477
1134,train/hanover/hanover_000000_006355_leftImg8bit.png,1,50,368,444,509
1135,train/hanover/hanover_000000_006355_leftImg8bit.png,1,1894,344,2047,459
1136,train/hanover/hanover_000000_037298_leftImg8bit.png,2,910,344,999,446
1137,train/hanover/hanover_000000_037298_leftImg8bit.png,1,1258,362,1533,536
1138,train/hanover/hanover_000000_037298_leftImg8bit.png,1,1375,343,1716,599
1139,train/hanover/hanover_000000_037298_leftImg8bit.png,4,1797,425,1855,503
1140,train/hanover/hanover_000000_037298_leftImg8bit.png,4,1843,431,1952,591
1141,train/hanover/hanover_000000_057532_leftImg8bit.png,1,921,363,974,458
1142,train/hanover/hanover_000000_057532_leftImg8bit.png,1,940,285,1258,608
1143,train/hanover/hanover_000000_057532_leftImg8bit.png,1,1517,400,1741,479
1144,train/hanover/hanover_000000_057532_leftImg8bit.png,1,1991,417,2047,486
1145,train/hanover/hanover_000000_030889_leftImg8bit.png,0,1738,340,1843,529
1146,train/hanover/hanover_000000_030889_leftImg8bit.png,0,1627,345,1728,523
1147,train/hanover/hanover_000000_030889_leftImg8bit.png,0,1564,340,1669,528
1148,train/hanover/hanover_000000_030889_leftImg8bit.png,0,1020,323,1083,517
1149,train/hanover/hanover_000000_030889_leftImg8bit.png,0,1086,335,1155,517
1150,train/hanover/hanover_000000_030889_leftImg8bit.png,0,872,324,943,520
1151,train/hanover/hanover_000000_030889_leftImg8bit.png,0,507,347,558,457
1152,train/hanover/hanover_000000_052729_leftImg8bit.png,1,807,333,878,397
1153,train/hanover/hanover_000000_052729_leftImg8bit.png,2,570,329,625,382
1154,train/hanover/hanover_000000_052729_leftImg8bit.png,1,599,356,698,428
1155,train/hanover/hanover_000000_052729_leftImg8bit.png,1,491,353,588,427
1156,train/hanover/hanover_000000_052729_leftImg8bit.png,1,471,368,535,434
1157,train/hanover/hanover_000000_052729_leftImg8bit.png,1,135,368,354,480
1158,train/hanover/hanover_000000_052729_leftImg8bit.png,1,283,356,510,481
1159,train/hanover/hanover_000000_052729_leftImg8bit.png,0,1425,288,1487,390
1160,train/hanover/hanover_000000_052729_leftImg8bit.png,2,807,342,869,397
1161,train/hanover/hanover_000000_005175_leftImg8bit.png,1,208,412,363,492
1162,train/hanover/hanover_000000_005175_leftImg8bit.png,1,212,432,273,496
1163,train/hanover/hanover_000000_005175_leftImg8bit.png,1,112,427,249,501
1164,train/hanover/hanover_000000_005175_leftImg8bit.png,1,78,439,179,505
1165,train/hanover/hanover_000000_005175_leftImg8bit.png,1,0,431,114,513
1166,train/hanover/hanover_000000_005175_leftImg8bit.png,1,0,441,53,517
1167,train/hanover/hanover_000000_005175_leftImg8bit.png,1,547,418,729,526
1168,train/hanover/hanover_000000_005175_leftImg8bit.png,1,857,416,925,470
1169,train/hanover/hanover_000000_005175_leftImg8bit.png,1,742,414,842,487
1170,train/hanover/hanover_000000_005175_leftImg8bit.png,1,548,419,729,527
1171,train/hanover/hanover_000000_005175_leftImg8bit.png,0,1905,357,1958,470
1172,train/hanover/hanover_000000_005175_leftImg8bit.png,1,1155,410,1224,463
1173,train/hanover/hanover_000000_005175_leftImg8bit.png,1,1169,404,1246,462
1174,train/hanover/hanover_000000_005175_leftImg8bit.png,1,1212,362,1533,511
1175,train/hanover/hanover_000000_005175_leftImg8bit.png,1,1277,391,1588,491
1176,train/hanover/hanover_000000_014919_leftImg8bit.png,2,40,341,235,453
1177,train/hanover/hanover_000000_014919_leftImg8bit.png,0,1367,324,1436,541
1178,train/hanover/hanover_000000_014919_leftImg8bit.png,1,985,351,1168,517
1179,train/hanover/hanover_000000_046732_leftImg8bit.png,1,0,312,297,742
1180,train/hanover/hanover_000000_046732_leftImg8bit.png,0,1374,285,1456,505
1181,train/hanover/hanover_000000_046732_leftImg8bit.png,1,508,415,600,481
1182,train/hanover/hanover_000000_046732_leftImg8bit.png,1,650,414,721,468
1183,train/hanover/hanover_000000_044085_leftImg8bit.png,0,1313,400,1364,566
1184,train/hanover/hanover_000000_044085_leftImg8bit.png,0,1373,412,1428,560
1185,train/hanover/hanover_000000_044085_leftImg8bit.png,0,1800,471,1852,522
1186,train/hanover/hanover_000000_044085_leftImg8bit.png,0,1812,375,1879,576
1187,train/hanover/hanover_000000_044085_leftImg8bit.png,0,1948,366,2045,570
1188,train/hanover/hanover_000000_031856_leftImg8bit.png,1,1258,398,1314,457
1189,train/hanover/hanover_000000_031856_leftImg8bit.png,1,1151,391,1289,484
1190,train/hanover/hanover_000000_031856_leftImg8bit.png,1,1319,360,1646,586
1191,train/hanover/hanover_000000_031856_leftImg8bit.png,1,750,408,859,487
1192,train/hanover/hanover_000000_031856_leftImg8bit.png,1,498,396,773,555
1193,train/hanover/hanover_000000_030781_leftImg8bit.png,1,1977,441,2047,526
1194,train/hanover/hanover_000000_030781_leftImg8bit.png,4,108,390,172,458
1195,train/hanover/hanover_000000_030781_leftImg8bit.png,4,58,390,156,459
1196,train/hanover/hanover_000000_030781_leftImg8bit.png,1,945,390,1117,525
1197,train/hanover/hanover_000000_030781_leftImg8bit.png,1,1285,414,1558,508
1198,train/hanover/hanover_000000_024136_leftImg8bit.png,3,1227,324,1406,404
1199,train/hanover/hanover_000000_024136_leftImg8bit.png,3,1154,343,1214,419
1200,train/hanover/hanover_000000_024136_leftImg8bit.png,1,595,409,671,468
1201,train/hanover/hanover_000000_024136_leftImg8bit.png,1,569,412,627,475
1202,train/hanover/hanover_000000_024136_leftImg8bit.png,1,448,405,600,496
1203,train/hanover/hanover_000000_024136_leftImg8bit.png,1,207,392,389,539
1204,train/hanover/hanover_000000_024136_leftImg8bit.png,1,0,390,268,588
1205,train/hanover/hanover_000000_024136_leftImg8bit.png,0,1654,349,1712,504
1206,train/hanover/hanover_000000_024136_leftImg8bit.png,1,1085,400,1174,463
1207,train/hanover/hanover_000000_024136_leftImg8bit.png,1,1150,397,1209,465
1208,train/hanover/hanover_000000_024136_leftImg8bit.png,1,1264,385,1502,493
1209,train/hanover/hanover_000000_024136_leftImg8bit.png,0,1015,374,1074,513
1210,train/hanover/hanover_000000_010553_leftImg8bit.png,1,1009,359,1081,418
1211,train/hanover/hanover_000000_010553_leftImg8bit.png,4,1449,434,1608,729
1212,train/hanover/hanover_000000_010553_leftImg8bit.png,0,354,340,434,529
1213,train/hanover/hanover_000000_029043_leftImg8bit.png,4,749,414,808,467
1214,train/hanover/hanover_000000_029043_leftImg8bit.png,4,1195,404,1288,473
1215,train/hanover/hanover_000000_029043_leftImg8bit.png,3,1748,285,2047,484
1216,train/hanover/hanover_000000_029043_leftImg8bit.png,0,1491,371,1546,476
1217,train/hanover/hanover_000000_029043_leftImg8bit.png,1,0,426,56,499
1218,train/hanover/hanover_000000_029043_leftImg8bit.png,1,34,399,278,499
1219,train/hanover/hanover_000000_029043_leftImg8bit.png,1,381,410,582,497
1220,train/hanover/hanover_000000_029043_leftImg8bit.png,1,178,405,403,498
1221,train/hanover/hanover_000000_032210_leftImg8bit.png,1,1167,400,1250,454
1222,train/hanover/hanover_000000_032210_leftImg8bit.png,1,1264,364,1589,480
1223,train/hanover/hanover_000000_032210_leftImg8bit.png,1,1241,385,1545,494
1224,train/hanover/hanover_000000_032210_leftImg8bit.png,1,1921,354,2027,441
1225,train/hanover/hanover_000000_032210_leftImg8bit.png,1,756,407,873,491
1226,train/hanover/hanover_000000_032210_leftImg8bit.png,1,684,407,843,492
1227,train/hanover/hanover_000000_032210_leftImg8bit.png,1,626,415,818,500
1228,train/hanover/hanover_000000_032210_leftImg8bit.png,4,524,428,683,526
1229,train/hanover/hanover_000000_032210_leftImg8bit.png,0,429,390,480,499
1230,train/hanover/hanover_000000_032210_leftImg8bit.png,0,84,360,169,554
1231,train/hanover/hanover_000000_032210_leftImg8bit.png,1,1027,396,1116,475
1232,train/hanover/hanover_000000_032210_leftImg8bit.png,0,1648,316,1739,568
1233,train/hanover/hanover_000000_013094_leftImg8bit.png,1,610,400,744,496
1234,train/hanover/hanover_000000_013094_leftImg8bit.png,1,714,379,837,464
1235,train/hanover/hanover_000000_013094_leftImg8bit.png,1,1133,390,1187,451
1236,train/hanover/hanover_000000_013094_leftImg8bit.png,1,1166,390,1255,452
1237,train/hanover/hanover_000000_013094_leftImg8bit.png,1,877,392,951,486
1238,train/hanover/hanover_000000_013094_leftImg8bit.png,1,882,393,951,486
1239,train/hanover/hanover_000000_013094_leftImg8bit.png,1,753,387,928,514
1240,train/hanover/hanover_000000_013094_leftImg8bit.png,4,0,450,173,604
1241,train/hanover/hanover_000000_013094_leftImg8bit.png,1,1004,367,1114,466
1242,train/hanover/hanover_000000_025335_leftImg8bit.png,1,19,391,246,483
1243,train/hanover/hanover_000000_025335_leftImg8bit.png,0,1528,314,1592,546
1244,train/hanover/hanover_000000_025335_leftImg8bit.png,1,599,397,662,448
1245,train/hanover/hanover_000000_025335_leftImg8bit.png,0,573,387,633,475
1246,train/hanover/hanover_000000_025335_leftImg8bit.png,0,459,383,513,478
1247,train/hanover/hanover_000000_025335_leftImg8bit.png,4,838,406,909,461
1248,train/hanover/hanover_000000_046572_leftImg8bit.png,1,655,417,814,485
1249,train/hanover/hanover_000000_046572_leftImg8bit.png,4,1227,412,1282,491
1250,train/hanover/hanover_000000_046572_leftImg8bit.png,4,1619,415,1685,485
1251,train/hanover/hanover_000000_046572_leftImg8bit.png,0,1657,341,1754,532
1252,train/hanover/hanover_000000_046572_leftImg8bit.png,0,1581,328,1663,536
1253,train/hanover/hanover_000000_002140_leftImg8bit.png,2,1329,290,1509,456
1254,train/hanover/hanover_000000_002140_leftImg8bit.png,0,1480,136,1537,212
1255,train/hanover/hanover_000000_002140_leftImg8bit.png,1,610,261,874,540
1256,train/hanover/hanover_000000_002140_leftImg8bit.png,2,942,310,1080,467
1257,train/hanover/hanover_000000_002140_leftImg8bit.png,4,1184,402,1314,484
1258,train/hanover/hanover_000000_007897_leftImg8bit.png,1,503,410,561,464
1259,train/hanover/hanover_000000_007897_leftImg8bit.png,1,447,397,534,472
1260,train/hanover/hanover_000000_007897_leftImg8bit.png,0,1285,290,1381,585
1261,train/hanover/hanover_000000_007897_leftImg8bit.png,0,1167,308,1259,594
1262,train/hanover/hanover_000000_007897_leftImg8bit.png,1,0,361,342,838
1263,train/hanover/hanover_000000_007897_leftImg8bit.png,1,583,373,757,526
1264,train/hanover/hanover_000000_007897_leftImg8bit.png,1,791,406,849,473
1265,train/hanover/hanover_000000_007897_leftImg8bit.png,1,803,383,943,502
1266,train/hanover/hanover_000000_030276_leftImg8bit.png,1,29,351,95,404
1267,train/hanover/hanover_000000_030276_leftImg8bit.png,1,735,357,1090,609
1268,train/hanover/hanover_000000_030276_leftImg8bit.png,1,1877,405,2012,459
1269,train/hanover/hanover_000000_030276_leftImg8bit.png,1,1514,373,1692,451
1270,train/hanover/hanover_000000_030276_leftImg8bit.png,1,1691,379,1873,453
1271,train/hanover/hanover_000000_041610_leftImg8bit.png,1,259,362,491,463
1272,train/hanover/hanover_000000_041610_leftImg8bit.png,1,1294,413,1390,467
1273,train/hanover/hanover_000000_041610_leftImg8bit.png,1,1306,383,1618,490
1274,train/hanover/hanover_000000_041610_leftImg8bit.png,1,1928,417,2047,498
1275,train/hanover/hanover_000000_041610_leftImg8bit.png,0,1959,343,2036,553
1276,train/hanover/hanover_000000_041610_leftImg8bit.png,1,895,412,990,477
1277,train/hanover/hanover_000000_041610_leftImg8bit.png,1,787,379,947,461
1278,train/hanover/hanover_000000_041610_leftImg8bit.png,1,345,266,817,471
1279,train/hanover/hanover_000000_041610_leftImg8bit.png,1,341,368,668,467
1280,train/hanover/hanover_000000_041610_leftImg8bit.png,1,54,348,253,441
1281,train/hanover/hanover_000000_041610_leftImg8bit.png,1,0,340,224,490
1282,train/hanover/hanover_000000_041610_leftImg8bit.png,1,1790,390,1976,498
1283,train/hanover/hanover_000000_022645_leftImg8bit.png,1,1138,418,1224,480
1284,train/hanover/hanover_000000_022645_leftImg8bit.png,1,1221,400,1304,500
1285,train/hanover/hanover_000000_022645_leftImg8bit.png,1,1263,394,1361,521
1286,train/hanover/hanover_000000_022645_leftImg8bit.png,1,1301,249,1825,601
1287,train/hanover/hanover_000000_022645_leftImg8bit.png,1,1301,249,1825,601
1288,train/hanover/hanover_000000_022645_leftImg8bit.png,1,1574,354,2047,754
1289,train/hanover/hanover_000000_022645_leftImg8bit.png,1,1574,354,2047,754
1290,train/hanover/hanover_000000_022645_leftImg8bit.png,1,985,403,1118,499
1291,train/hanover/hanover_000000_022645_leftImg8bit.png,1,990,403,1118,499
1292,train/hanover/hanover_000000_022645_leftImg8bit.png,1,840,399,910,497
1293,train/hanover/hanover_000000_022645_leftImg8bit.png,1,710,392,874,510
1294,train/hanover/hanover_000000_022645_leftImg8bit.png,2,419,354,564,461
1295,train/hanover/hanover_000000_022645_leftImg8bit.png,1,499,406,587,463
1296,train/hanover/hanover_000000_022645_leftImg8bit.png,1,318,404,443,468
1297,train/hanover/hanover_000000_022645_leftImg8bit.png,1,93,406,216,463
1298,train/hanover/hanover_000000_022645_leftImg8bit.png,1,985,403,1118,499
1299,train/hanover/hanover_000000_014537_leftImg8bit.png,1,1307,373,1496,565
1300,train/hanover/hanover_000000_014537_leftImg8bit.png,1,1404,352,1840,648
1301,train/hanover/hanover_000000_014537_leftImg8bit.png,1,1980,565,2047,931
1302,train/hanover/hanover_000000_014537_leftImg8bit.png,1,781,398,858,454
1303,train/hanover/hanover_000000_014537_leftImg8bit.png,1,781,398,858,454
1304,train/hanover/hanover_000000_014537_leftImg8bit.png,5,334,377,529,515
1305,train/hanover/hanover_000000_014537_leftImg8bit.png,1,154,431,227,495
1306,train/hanover/hanover_000000_042382_leftImg8bit.png,1,1415,377,1502,435
1307,train/hanover/hanover_000000_042382_leftImg8bit.png,1,1714,376,1832,435
1308,train/hanover/hanover_000000_042382_leftImg8bit.png,0,1478,348,1531,452
1309,train/hanover/hanover_000000_042382_leftImg8bit.png,0,1442,341,1496,497
1310,train/hanover/hanover_000000_042382_leftImg8bit.png,1,1257,363,1424,484
1311,train/hanover/hanover_000000_042382_leftImg8bit.png,0,1378,346,1439,502
1312,train/hanover/hanover_000000_042382_leftImg8bit.png,1,1119,376,1218,444
1313,train/hanover/hanover_000000_042382_leftImg8bit.png,4,562,397,698,480
1314,train/hanover/hanover_000000_042382_leftImg8bit.png,0,685,346,758,514
1315,train/hanover/hanover_000000_042382_leftImg8bit.png,0,383,328,451,517
1316,train/hanover/hanover_000000_042382_leftImg8bit.png,4,339,400,524,517
1317,train/hanover/hanover_000000_049269_leftImg8bit.png,1,1745,352,1942,418
1318,train/hanover/hanover_000000_049269_leftImg8bit.png,1,306,186,571,527
1319,train/hanover/hanover_000000_049269_leftImg8bit.png,4,1576,420,1683,588
1320,train/hanover/hanover_000000_035491_leftImg8bit.png,0,1233,365,1285,536
1321,train/hanover/hanover_000000_035491_leftImg8bit.png,4,1356,425,1533,529
1322,train/hanover/hanover_000000_035491_leftImg8bit.png,0,1495,352,1602,545
1323,train/hanover/hanover_000000_035491_leftImg8bit.png,4,1503,417,1738,564
1324,train/hanover/hanover_000000_035491_leftImg8bit.png,0,1961,357,2013,510
1325,train/hanover/hanover_000000_035491_leftImg8bit.png,1,789,370,888,474
1326,train/hanover/hanover_000000_035491_leftImg8bit.png,1,738,403,871,498
1327,train/hanover/hanover_000000_035491_leftImg8bit.png,0,403,387,454,517
1328,train/hanover/hanover_000000_016558_leftImg8bit.png,1,171,420,351,497
1329,train/hanover/hanover_000000_016558_leftImg8bit.png,1,720,412,833,463
1330,train/hanover/hanover_000000_016558_leftImg8bit.png,1,511,417,655,475
1331,train/hanover/hanover_000000_016558_leftImg8bit.png,1,1242,363,1399,481
1332,train/hanover/hanover_000000_016558_leftImg8bit.png,1,1617,391,1685,450
1333,train/hanover/hanover_000000_016558_leftImg8bit.png,1,1571,381,1663,450
1334,train/hanover/hanover_000000_016558_leftImg8bit.png,1,1751,352,1875,428
1335,train/hanover/hanover_000000_016558_leftImg8bit.png,2,1919,126,2047,398
1336,train/hanover/hanover_000000_016558_leftImg8bit.png,1,1416,386,1700,569
1337,train/hanover/hanover_000000_016558_leftImg8bit.png,1,1866,493,2047,916
1338,train/hanover/hanover_000000_035768_leftImg8bit.png,4,1887,371,1958,425
1339,train/hanover/hanover_000000_035768_leftImg8bit.png,0,1150,365,1212,468
1340,train/hanover/hanover_000000_035768_leftImg8bit.png,0,1498,333,1566,499
1341,train/hanover/hanover_000000_035768_leftImg8bit.png,1,1307,351,1533,517
1342,train/hanover/hanover_000000_035768_leftImg8bit.png,0,1966,356,2018,465
1343,train/hanover/hanover_000000_035768_leftImg8bit.png,4,1721,382,1858,504
1344,train/hanover/hanover_000000_035768_leftImg8bit.png,4,1874,381,2010,498
1345,train/hanover/hanover_000000_035768_leftImg8bit.png,4,1748,373,1937,518
1346,train/hanover/hanover_000000_035768_leftImg8bit.png,0,923,382,975,466
1347,train/hanover/hanover_000000_035768_leftImg8bit.png,0,782,367,841,504
1348,train/hanover/hanover_000000_035768_leftImg8bit.png,0,850,352,909,496
1349,train/hanover/hanover_000000_043653_leftImg8bit.png,1,65,406,363,627
1350,train/hanover/hanover_000000_043653_leftImg8bit.png,1,0,421,138,672
1351,train/hanover/hanover_000000_043653_leftImg8bit.png,0,1963,283,2047,523
1352,train/hanover/hanover_000000_043653_leftImg8bit.png,0,1760,298,1846,528
1353,train/hanover/hanover_000000_043653_leftImg8bit.png,1,136,417,596,697
1354,train/hanover/hanover_000000_011971_leftImg8bit.png,2,1300,363,1352,418
1355,train/hanover/hanover_000000_011971_leftImg8bit.png,1,1251,365,1340,449
1356,train/hanover/hanover_000000_011971_leftImg8bit.png,1,1422,345,1546,468
1357,train/hanover/hanover_000000_011971_leftImg8bit.png,1,1458,378,1619,496
1358,train/hanover/hanover_000000_011971_leftImg8bit.png,1,0,9,865,682
1359,train/hanover/hanover_000000_049005_leftImg8bit.png,1,1623,321,1850,429
1360,train/hanover/hanover_000000_049005_leftImg8bit.png,1,1673,321,1754,411
1361,train/hanover/hanover_000000_049005_leftImg8bit.png,1,1685,314,1807,426
1362,train/hanover/hanover_000000_049005_leftImg8bit.png,1,1716,295,2047,443
1363,train/hanover/hanover_000000_049005_leftImg8bit.png,1,0,401,112,541
1364,train/hanover/hanover_000000_049005_leftImg8bit.png,1,1281,370,1345,425
1365,train/hanover/hanover_000000_049005_leftImg8bit.png,0,1961,272,2047,451
1366,train/hanover/hanover_000000_045841_leftImg8bit.png,4,724,487,1052,816
1367,train/hanover/hanover_000000_045841_leftImg8bit.png,1,1489,420,1667,473
1368,train/hanover/hanover_000000_045841_leftImg8bit.png,0,1101,318,1268,582
1369,train/hanover/hanover_000000_046954_leftImg8bit.png,1,708,390,849,442
1370,train/hanover/hanover_000000_046954_leftImg8bit.png,1,849,385,1012,461
1371,train/hanover/hanover_000000_046954_leftImg8bit.png,1,963,362,1156,597
1372,train/hanover/hanover_000000_046954_leftImg8bit.png,1,1430,403,1512,460
1373,train/hanover/hanover_000000_046954_leftImg8bit.png,1,1451,377,1754,592
1374,train/hanover/hanover_000000_046954_leftImg8bit.png,1,11,379,134,454
1375,train/hanover/hanover_000000_046954_leftImg8bit.png,1,960,358,1534,780
1376,train/hanover/hanover_000000_027998_leftImg8bit.png,5,321,426,393,486
1377,train/hanover/hanover_000000_027998_leftImg8bit.png,0,20,361,93,536
1378,train/hanover/hanover_000000_027998_leftImg8bit.png,0,162,354,243,533
1379,train/hanover/hanover_000000_027998_leftImg8bit.png,1,657,386,885,553
1380,train/hanover/hanover_000000_027998_leftImg8bit.png,0,1600,373,1673,481
1381,train/hanover/hanover_000000_027998_leftImg8bit.png,0,1502,379,1560,480
1382,train/hanover/hanover_000000_027998_leftImg8bit.png,0,1617,379,1825,619
1383,train/hanover/hanover_000000_027998_leftImg8bit.png,0,1923,234,2047,647
1384,train/hanover/hanover_000000_027998_leftImg8bit.png,0,1452,389,1564,510
1385,train/hanover/hanover_000000_029769_leftImg8bit.png,0,154,259,405,820
1386,train/hanover/hanover_000000_029769_leftImg8bit.png,0,84,188,355,906
1387,train/hanover/hanover_000000_029769_leftImg8bit.png,0,556,351,662,532
1388,train/hanover/hanover_000000_029769_leftImg8bit.png,0,581,388,684,538
1389,train/hanover/hanover_000000_029769_leftImg8bit.png,1,1857,390,1996,461
1390,train/hanover/hanover_000000_029769_leftImg8bit.png,0,1511,391,1571,476
1391,train/hanover/hanover_000000_029769_leftImg8bit.png,0,1755,353,1808,532
1392,train/hanover/hanover_000000_029769_leftImg8bit.png,0,1334,340,1428,537
1393,train/hanover/hanover_000000_029769_leftImg8bit.png,0,1413,318,1520,581
1394,train/hanover/hanover_000000_029769_leftImg8bit.png,0,937,332,1063,556
1395,train/hanover/hanover_000000_029769_leftImg8bit.png,0,952,338,1035,568
1396,train/hanover/hanover_000000_029769_leftImg8bit.png,4,1584,411,1651,504
1397,train/hanover/hanover_000000_047629_leftImg8bit.png,1,913,350,1223,520
1398,train/hanover/hanover_000000_047629_leftImg8bit.png,1,354,380,417,451
1399,train/hanover/hanover_000000_047629_leftImg8bit.png,1,608,342,816,478
1400,train/hanover/hanover_000000_047629_leftImg8bit.png,1,378,375,505,473
1401,train/hanover/hanover_000000_047629_leftImg8bit.png,1,432,373,617,497
1402,train/hanover/hanover_000000_047629_leftImg8bit.png,1,565,375,629,454
1403,train/hanover/hanover_000000_047629_leftImg8bit.png,0,508,278,687,712
1404,train/hanover/hanover_000000_034560_leftImg8bit.png,1,1126,387,1266,491
1405,train/hanover/hanover_000000_020089_leftImg8bit.png,1,1600,345,1665,402
1406,train/hanover/hanover_000000_020089_leftImg8bit.png,1,1621,348,1686,401
1407,train/hanover/hanover_000000_020089_leftImg8bit.png,1,1660,316,1742,423
1408,train/hanover/hanover_000000_020089_leftImg8bit.png,1,1760,348,1825,456
1409,train/hanover/hanover_000000_020089_leftImg8bit.png,1,1793,253,1905,471
1410,train/hanover/hanover_000000_020089_leftImg8bit.png,1,1816,212,2047,562
1411,train/hanover/hanover_000000_020089_leftImg8bit.png,1,1273,341,1393,431
1412,train/hanover/hanover_000000_020089_leftImg8bit.png,0,1344,283,1450,583
1413,train/hanover/hanover_000000_020089_leftImg8bit.png,2,0,0,1304,643
1414,train/hanover/hanover_000000_055124_leftImg8bit.png,1,209,53,400,106
1415,train/hanover/hanover_000000_055124_leftImg8bit.png,4,1504,383,1616,477
1416,train/hanover/hanover_000000_055124_leftImg8bit.png,1,963,374,1156,523
1417,train/hanover/hanover_000000_055124_leftImg8bit.png,0,512,363,568,509
1418,train/hanover/hanover_000000_055124_leftImg8bit.png,0,521,366,578,515
1419,train/hanover/hanover_000000_010403_leftImg8bit.png,1,511,387,648,470
1420,train/hanover/hanover_000000_010403_leftImg8bit.png,1,708,381,789,442
1421,train/hanover/hanover_000000_010403_leftImg8bit.png,1,792,407,913,486
1422,train/hanover/hanover_000000_010403_leftImg8bit.png,1,919,373,1024,429
1423,train/hanover/hanover_000000_010403_leftImg8bit.png,1,887,391,1025,501
1424,train/hanover/hanover_000000_010403_leftImg8bit.png,1,1041,381,1124,447
1425,train/hanover/hanover_000000_010403_leftImg8bit.png,1,1122,366,1219,427
1426,train/hanover/hanover_000000_010403_leftImg8bit.png,1,1136,356,1306,438
1427,train/hanover/hanover_000000_010403_leftImg8bit.png,1,1168,370,1365,448
1428,train/hanover/hanover_000000_010403_leftImg8bit.png,1,1153,389,1325,483
1429,train/hanover/hanover_000000_010403_leftImg8bit.png,1,1561,355,1671,420
1430,train/hanover/hanover_000000_010403_leftImg8bit.png,1,1496,363,1590,447
1431,train/hanover/hanover_000000_010403_leftImg8bit.png,3,0,332,342,526
1432,train/hanover/hanover_000000_010403_leftImg8bit.png,1,1630,355,1775,437
1433,train/hanover/hanover_000000_010403_leftImg8bit.png,0,1559,350,1610,497
1434,train/hanover/hanover_000000_010403_leftImg8bit.png,1,1200,320,1598,505
1435,train/hanover/hanover_000000_010403_leftImg8bit.png,1,1650,332,2032,500
1436,train/hanover/hanover_000000_010403_leftImg8bit.png,1,1861,350,2047,615
1437,train/hanover/hanover_000000_034720_leftImg8bit.png,1,1028,402,1131,479
1438,train/hanover/hanover_000000_034720_leftImg8bit.png,1,1151,381,1264,470
1439,train/hanover/hanover_000000_034720_leftImg8bit.png,1,1233,354,1390,493
1440,train/hanover/hanover_000000_034720_leftImg8bit.png,1,1307,386,1461,516
1441,train/hanover/hanover_000000_034720_leftImg8bit.png,1,1657,122,2047,747
1442,train/hanover/hanover_000000_034720_leftImg8bit.png,1,829,407,902,459
1443,train/hanover/hanover_000000_034720_leftImg8bit.png,1,735,398,837,475
1444,train/hanover/hanover_000000_034720_leftImg8bit.png,1,197,316,535,553
1445,train/hanover/hanover_000000_040051_leftImg8bit.png,1,34,355,233,521
1446,train/hanover/hanover_000000_040051_leftImg8bit.png,1,2,392,141,576
1447,train/hanover/hanover_000000_040051_leftImg8bit.png,1,0,381,130,841
1448,train/hanover/hanover_000000_040051_leftImg8bit.png,1,233,407,381,497
1449,train/hanover/hanover_000000_040051_leftImg8bit.png,0,587,373,641,485
1450,train/hanover/hanover_000000_040051_leftImg8bit.png,0,1625,267,1696,436
1451,train/hanover/hanover_000000_040051_leftImg8bit.png,5,1545,374,1681,594
1452,train/hanover/hanover_000000_008017_leftImg8bit.png,1,93,352,160,432
1453,train/hanover/hanover_000000_008017_leftImg8bit.png,1,552,378,735,476
1454,train/hanover/hanover_000000_008017_leftImg8bit.png,1,414,371,608,527
1455,train/hanover/hanover_000000_008017_leftImg8bit.png,1,133,345,478,570
1456,train/hanover/hanover_000000_008017_leftImg8bit.png,1,0,389,267,649
1457,train/hanover/hanover_000000_008017_leftImg8bit.png,1,1056,365,1174,471
1458,train/hanover/hanover_000000_008017_leftImg8bit.png,4,571,412,637,549
1459,train/hanover/hanover_000000_008017_leftImg8bit.png,1,1239,389,1409,500
1460,train/hanover/hanover_000000_008017_leftImg8bit.png,1,1315,366,1531,575
1461,train/hanover/hanover_000000_008017_leftImg8bit.png,1,1446,249,1987,670
1462,train/hanover/hanover_000000_008017_leftImg8bit.png,1,1656,322,2047,838
1463,train/hanover/hanover_000000_046646_leftImg8bit.png,1,1178,398,1242,451
1464,train/hanover/hanover_000000_046646_leftImg8bit.png,1,1149,402,1208,456
1465,train/hanover/hanover_000000_046646_leftImg8bit.png,1,1100,401,1186,461
1466,train/hanover/hanover_000000_052512_leftImg8bit.png,1,35,316,602,731
1467,train/hanover/hanover_000000_052512_leftImg8bit.png,1,513,363,615,534
1468,train/hanover/hanover_000000_052512_leftImg8bit.png,1,669,394,739,447
1469,train/hanover/hanover_000000_052512_leftImg8bit.png,1,715,389,822,467
1470,train/hanover/hanover_000000_052512_leftImg8bit.png,1,792,365,993,517
1471,train/hanover/hanover_000000_052512_leftImg8bit.png,0,1590,284,1685,515
1472,train/hanover/hanover_000000_011471_leftImg8bit.png,1,1406,364,1580,425
1473,train/hanover/hanover_000000_011471_leftImg8bit.png,1,419,397,632,460
1474,train/hanover/hanover_000000_011471_leftImg8bit.png,1,649,383,832,472
1475,train/hanover/hanover_000000_011471_leftImg8bit.png,1,1057,369,1264,442
1476,train/hanover/hanover_000000_011471_leftImg8bit.png,0,1755,210,1931,679
1477,train/hanover/hanover_000000_026356_leftImg8bit.png,1,819,395,949,450
1478,train/hanover/hanover_000000_026356_leftImg8bit.png,5,1807,349,1892,435
1479,train/hanover/hanover_000000_026356_leftImg8bit.png,4,1474,429,1534,607
1480,train/hanover/hanover_000000_026356_leftImg8bit.png,4,1389,425,1448,556
1481,train/hanover/hanover_000000_026356_leftImg8bit.png,1,819,395,949,450
1482,train/hanover/hanover_000000_026356_leftImg8bit.png,1,650,391,789,462
1483,train/hanover/hanover_000000_026356_leftImg8bit.png,1,993,341,1233,537
1484,train/hanover/hanover_000000_026356_leftImg8bit.png,1,691,387,818,470
1485,train/hanover/hanover_000000_026356_leftImg8bit.png,1,613,400,741,474
1486,train/hanover/hanover_000000_026356_leftImg8bit.png,1,578,398,707,479
1487,train/hanover/hanover_000000_026356_leftImg8bit.png,1,439,397,667,485
1488,train/hanover/hanover_000000_026356_leftImg8bit.png,4,324,416,382,491
1489,train/hanover/hanover_000000_026356_leftImg8bit.png,0,146,365,203,515
1490,train/hanover/hanover_000000_026356_leftImg8bit.png,0,195,364,259,516
1491,train/hanover/hanover_000000_026356_leftImg8bit.png,0,0,371,52,497
1492,train/hanover/hanover_000000_031144_leftImg8bit.png,1,760,389,885,484
1493,train/hanover/hanover_000000_031144_leftImg8bit.png,0,727,370,798,507
1494,train/hanover/hanover_000000_031144_leftImg8bit.png,0,968,366,1053,507
1495,train/hanover/hanover_000000_031144_leftImg8bit.png,0,1083,331,1146,513
1496,train/hanover/hanover_000000_031144_leftImg8bit.png,0,1372,339,1477,519
1497,train/hanover/hanover_000000_031144_leftImg8bit.png,0,1281,336,1388,530
1498,train/hanover/hanover_000000_031144_leftImg8bit.png,0,1403,339,1465,528
1499,train/hanover/hanover_000000_031144_leftImg8bit.png,0,1607,328,1676,529
1500,train/hanover/hanover_000000_031144_leftImg8bit.png,1,0,341,601,994
1501,train/hanover/hanover_000000_031144_leftImg8bit.png,1,1644,320,2047,760
1502,train/hanover/hanover_000000_038855_leftImg8bit.png,0,1313,322,1395,493
1503,train/hanover/hanover_000000_038855_leftImg8bit.png,0,784,337,852,438
1504,train/hanover/hanover_000000_038855_leftImg8bit.png,0,1128,308,1201,455
1505,train/hanover/hanover_000000_038855_leftImg8bit.png,5,428,382,580,476
1506,train/hanover/hanover_000000_038855_leftImg8bit.png,5,531,392,654,495
1507,train/hanover/hanover_000000_038855_leftImg8bit.png,4,593,435,691,501
1508,train/hanover/hanover_000000_038855_leftImg8bit.png,4,997,382,1282,574
1509,train/hanover/hanover_000000_038855_leftImg8bit.png,4,1073,412,1318,577
1510,train/hanover/hanover_000000_038855_leftImg8bit.png,2,190,235,441,488
1511,train/hanover/hanover_000000_056601_leftImg8bit.png,1,1181,391,1247,448
1512,train/hanover/hanover_000000_056601_leftImg8bit.png,3,1294,265,1679,497
1513,train/hanover/hanover_000000_056601_leftImg8bit.png,1,1377,388,1618,552
1514,train/hanover/hanover_000000_056601_leftImg8bit.png,1,830,392,992,508
1515,train/hanover/hanover_000000_056601_leftImg8bit.png,1,670,405,752,459
1516,train/hanover/hanover_000000_056601_leftImg8bit.png,1,349,410,451,479
1517,train/hanover/hanover_000000_056601_leftImg8bit.png,1,475,385,588,441
1518,train/hanover/hanover_000000_056601_leftImg8bit.png,1,285,407,388,463
1519,train/hanover/hanover_000000_056601_leftImg8bit.png,1,361,410,459,475
1520,train/hanover/hanover_000000_056601_leftImg8bit.png,1,137,414,277,486
1521,train/hanover/hanover_000000_056601_leftImg8bit.png,1,0,418,101,487
1522,train/hanover/hanover_000000_056601_leftImg8bit.png,4,1744,401,1795,504
1523,train/hanover/hanover_000000_056601_leftImg8bit.png,1,1801,386,1974,458
1524,train/hanover/hanover_000000_056601_leftImg8bit.png,1,1874,383,2047,459
1525,train/hanover/hanover_000000_056601_leftImg8bit.png,1,1918,387,2047,460
1526,train/hanover/hanover_000000_056601_leftImg8bit.png,0,1766,342,1831,500
1527,train/hanover/hanover_000000_056601_leftImg8bit.png,1,147,422,401,545
1528,train/hanover/hanover_000000_056601_leftImg8bit.png,1,381,402,658,551
1529,train/hanover/hanover_000000_057710_leftImg8bit.png,1,1246,334,1318,447
1530,train/hanover/hanover_000000_057710_leftImg8bit.png,1,986,281,1281,575
1531,train/hanover/hanover_000000_057710_leftImg8bit.png,1,369,402,493,472
1532,train/hanover/hanover_000000_057710_leftImg8bit.png,1,556,395,631,452
1533,train/hanover/hanover_000000_057710_leftImg8bit.png,1,610,398,719,464
1534,train/hanover/hanover_000000_057710_leftImg8bit.png,1,696,392,747,468
1535,train/hanover/hanover_000000_057710_leftImg8bit.png,1,724,314,878,484
1536,train/hanover/hanover_000000_057710_leftImg8bit.png,1,468,391,587,476
1537,train/hanover/hanover_000000_001173_leftImg8bit.png,1,898,376,980,453
1538,train/hanover/hanover_000000_001173_leftImg8bit.png,1,1013,386,1092,454
1539,train/hanover/hanover_000000_001173_leftImg8bit.png,1,1107,389,1161,442
1540,train/hanover/hanover_000000_001173_leftImg8bit.png,1,1119,393,1173,446
1541,train/hanover/hanover_000000_001173_leftImg8bit.png,1,1171,387,1234,480
1542,train/hanover/hanover_000000_001173_leftImg8bit.png,1,1216,357,1330,490
1543,train/hanover/hanover_000000_001173_leftImg8bit.png,1,1228,362,1382,515
1544,train/hanover/hanover_000000_001173_leftImg8bit.png,0,1427,359,1492,426
1545,train/hanover/hanover_000000_001173_leftImg8bit.png,1,1260,382,1484,536
1546,train/hanover/hanover_000000_001173_leftImg8bit.png,1,1473,269,1965,668
1547,train/hanover/hanover_000000_001173_leftImg8bit.png,1,820,389,952,481
1548,train/hanover/hanover_000000_001173_leftImg8bit.png,1,883,391,944,475
1549,train/hanover/hanover_000000_001173_leftImg8bit.png,1,837,389,927,481
1550,train/hanover/hanover_000000_001173_leftImg8bit.png,1,758,382,880,513
1551,train/hanover/hanover_000000_001173_leftImg8bit.png,1,577,353,814,563
1552,train/hanover/hanover_000000_001173_leftImg8bit.png,1,304,295,663,658
1553,train/hanover/hanover_000000_001173_leftImg8bit.png,1,0,337,481,883
1554,train/hanover/hanover_000000_039021_leftImg8bit.png,1,344,387,514,470
1555,train/hanover/hanover_000000_039021_leftImg8bit.png,0,35,362,101,493
1556,train/hanover/hanover_000000_039021_leftImg8bit.png,0,118,367,174,507
1557,train/hanover/hanover_000000_039021_leftImg8bit.png,0,60,358,146,507
1558,train/hanover/hanover_000000_039021_leftImg8bit.png,0,86,365,164,514
1559,train/hanover/hanover_000000_039021_leftImg8bit.png,1,565,387,699,452
1560,train/hanover/hanover_000000_039021_leftImg8bit.png,0,1436,352,1496,499
1561,train/hanover/hanover_000000_039021_leftImg8bit.png,0,1499,363,1576,505
1562,train/hanover/hanover_000000_039021_leftImg8bit.png,0,1642,353,1710,478
1563,train/hanover/hanover_000000_039021_leftImg8bit.png,0,1936,329,2015,479
1564,train/hanover/hanover_000000_039021_leftImg8bit.png,0,1848,346,1919,477
1565,train/hanover/hanover_000000_039021_leftImg8bit.png,0,1879,332,1956,509
1566,train/hanover/hanover_000000_039021_leftImg8bit.png,0,1850,312,1910,510
1567,train/hanover/hanover_000000_039021_leftImg8bit.png,1,1172,379,1257,440
1568,train/hanover/hanover_000000_039021_leftImg8bit.png,0,961,338,1071,524
1569,train/hanover/hanover_000000_034141_leftImg8bit.png,3,1597,230,2047,432
1570,train/hanover/hanover_000000_034141_leftImg8bit.png,1,719,359,806,426
1571,train/hanover/hanover_000000_034141_leftImg8bit.png,1,783,342,948,453
1572,train/hanover/hanover_000000_034141_leftImg8bit.png,1,1016,359,1172,422
1573,train/hanover/hanover_000000_034141_leftImg8bit.png,1,1942,336,2047,431
1574,train/hanover/hanover_000000_034141_leftImg8bit.png,1,511,351,563,458
1575,train/hanover/hanover_000000_034141_leftImg8bit.png,1,523,300,744,476
1576,train/hanover/hanover_000000_034141_leftImg8bit.png,1,373,359,486,438
1577,train/hanover/hanover_000000_034141_leftImg8bit.png,1,272,346,387,449
1578,train/hanover/hanover_000000_034141_leftImg8bit.png,1,0,280,363,604
1579,train/hanover/hanover_000000_034141_leftImg8bit.png,1,0,417,119,785
1580,train/hanover/hanover_000000_034141_leftImg8bit.png,1,0,417,119,785
1581,train/hanover/hanover_000000_051152_leftImg8bit.png,1,1246,382,1362,476
1582,train/hanover/hanover_000000_051152_leftImg8bit.png,1,1390,400,1463,468
1583,train/hanover/hanover_000000_051152_leftImg8bit.png,1,1321,339,2047,749
1584,train/hanover/hanover_000000_051152_leftImg8bit.png,4,386,417,486,476
1585,train/hanover/hanover_000000_051152_leftImg8bit.png,1,495,394,804,584
1586,train/hanover/hanover_000000_051152_leftImg8bit.png,1,155,386,392,523
1587,train/hanover/hanover_000000_051152_leftImg8bit.png,1,0,398,229,552
1588,train/hanover/hanover_000000_028460_leftImg8bit.png,1,1751,377,2047,481
1589,train/hanover/hanover_000000_028460_leftImg8bit.png,1,1500,364,2047,573
1590,train/hanover/hanover_000000_028460_leftImg8bit.png,1,0,431,195,501
1591,train/hanover/hanover_000000_028460_leftImg8bit.png,1,557,399,970,548
1592,train/hanover/hanover_000000_028460_leftImg8bit.png,1,200,369,706,564
1593,train/hanover/hanover_000000_028460_leftImg8bit.png,0,376,305,615,710
1594,train/hanover/hanover_000000_028460_leftImg8bit.png,0,646,298,804,680
1595,train/hanover/hanover_000000_028460_leftImg8bit.png,0,773,328,948,705
1596,train/hanover/hanover_000000_028460_leftImg8bit.png,0,803,284,937,742
1597,train/hanover/hanover_000000_027561_leftImg8bit.png,0,1680,369,1731,467
1598,train/hanover/hanover_000000_027561_leftImg8bit.png,0,1203,377,1256,484
1599,train/hanover/hanover_000000_027561_leftImg8bit.png,4,1394,417,1629,718
1600,train/hanover/hanover_000000_027561_leftImg8bit.png,0,961,413,1050,498
1601,train/hanover/hanover_000000_027561_leftImg8bit.png,0,1092,334,1227,565
1602,train/hanover/hanover_000000_027561_leftImg8bit.png,0,824,378,877,510
1603,train/hanover/hanover_000000_027561_leftImg8bit.png,4,647,419,788,476
1604,train/hanover/hanover_000000_027561_leftImg8bit.png,0,392,395,467,549
1605,train/hanover/hanover_000000_027561_leftImg8bit.png,0,1758,393,1823,454
1606,train/hanover/hanover_000000_017041_leftImg8bit.png,1,1009,391,1099,463
1607,train/hanover/hanover_000000_017041_leftImg8bit.png,1,1123,380,1185,440
1608,train/hanover/hanover_000000_017041_leftImg8bit.png,1,1132,383,1195,446
1609,train/hanover/hanover_000000_017041_leftImg8bit.png,1,1168,397,1253,463
1610,train/hanover/hanover_000000_017041_leftImg8bit.png,1,1228,392,1374,496
1611,train/hanover/hanover_000000_017041_leftImg8bit.png,1,1387,373,1726,592
1612,train/hanover/hanover_000000_017041_leftImg8bit.png,1,790,392,916,485
1613,train/hanover/hanover_000000_055937_leftImg8bit.png,1,967,391,1071,461
1614,train/hanover/hanover_000000_055937_leftImg8bit.png,0,478,318,533,495
1615,train/hanover/hanover_000000_055937_leftImg8bit.png,2,496,257,890,517
1616,train/hanover/hanover_000000_055937_leftImg8bit.png,4,1689,398,1778,523
1617,train/hanover/hanover_000000_000381_leftImg8bit.png,1,1178,395,1252,487
1618,train/hanover/hanover_000000_000381_leftImg8bit.png,1,1200,410,1257,496
1619,train/hanover/hanover_000000_000381_leftImg8bit.png,1,1220,390,1352,509
1620,train/hanover/hanover_000000_000381_leftImg8bit.png,1,1257,403,1365,528
1621,train/hanover/hanover_000000_000381_leftImg8bit.png,1,1296,397,1447,559
1622,train/hanover/hanover_000000_000381_leftImg8bit.png,1,1358,385,1612,609
1623,train/hanover/hanover_000000_000381_leftImg8bit.png,1,1473,376,2032,717
1624,train/hanover/hanover_000000_000381_leftImg8bit.png,1,1768,390,2047,858
1625,train/hanover/hanover_000000_000381_leftImg8bit.png,1,867,412,943,472
1626,train/hanover/hanover_000000_000381_leftImg8bit.png,1,857,412,914,480
1627,train/hanover/hanover_000000_000381_leftImg8bit.png,1,813,397,883,498
1628,train/hanover/hanover_000000_000381_leftImg8bit.png,1,724,397,857,510
1629,train/hanover/hanover_000000_000381_leftImg8bit.png,1,639,397,765,557
1630,train/hanover/hanover_000000_000381_leftImg8bit.png,1,346,343,693,611
1631,train/hanover/hanover_000000_000381_leftImg8bit.png,1,0,406,475,709
1632,train/hanover/hanover_000000_023239_leftImg8bit.png,1,966,415,1096,495
1633,train/hanover/hanover_000000_023239_leftImg8bit.png,1,779,417,974,511
1634,train/hanover/hanover_000000_023239_leftImg8bit.png,1,1015,410,1186,503
1635,train/hanover/hanover_000000_023239_leftImg8bit.png,1,1144,337,1389,503
1636,train/hanover/hanover_000000_023239_leftImg8bit.png,0,788,406,861,525
1637,train/hanover/hanover_000000_023239_leftImg8bit.png,0,805,382,868,535
1638,train/hanover/hanover_000000_023239_leftImg8bit.png,0,849,405,918,519
1639,train/hanover/hanover_000000_023239_leftImg8bit.png,0,697,399,763,523
1640,train/hanover/hanover_000000_023239_leftImg8bit.png,0,632,395,707,532
1641,train/hanover/hanover_000000_039470_leftImg8bit.png,1,1478,377,1584,465
1642,train/hanover/hanover_000000_039470_leftImg8bit.png,1,1519,386,1635,473
1643,train/hanover/hanover_000000_039470_leftImg8bit.png,1,1951,350,2047,601
1644,train/hanover/hanover_000000_039470_leftImg8bit.png,1,967,351,1363,682
1645,train/hanover/hanover_000000_039470_leftImg8bit.png,4,1644,415,1744,478
1646,train/hanover/hanover_000000_039470_leftImg8bit.png,1,564,386,627,454
1647,train/hanover/hanover_000000_039470_leftImg8bit.png,0,522,373,597,536
1648,train/hanover/hanover_000000_016038_leftImg8bit.png,1,1654,382,1793,448
1649,train/hanover/hanover_000000_016038_leftImg8bit.png,4,520,417,621,507
1650,train/hanover/hanover_000000_016038_leftImg8bit.png,4,703,437,818,503
1651,train/hanover/hanover_000000_016038_leftImg8bit.png,3,882,329,1560,464
1652,train/hanover/hanover_000000_016038_leftImg8bit.png,4,1441,418,1535,488
1653,train/hanover/hanover_000000_016038_leftImg8bit.png,1,1787,354,2047,639
1654,train/hanover/hanover_000000_016038_leftImg8bit.png,4,1363,417,1462,497
1655,train/hanover/hanover_000000_029404_leftImg8bit.png,0,1913,328,1992,541
1656,train/hanover/hanover_000000_029404_leftImg8bit.png,0,1758,178,1931,682
1657,train/hanover/hanover_000000_029404_leftImg8bit.png,0,1299,357,1378,531
1658,train/hanover/hanover_000000_029404_leftImg8bit.png,4,1334,402,1531,543
1659,train/hanover/hanover_000000_029404_leftImg8bit.png,0,1454,280,1594,594
1660,train/hanover/hanover_000000_029404_leftImg8bit.png,0,624,359,681,474
1661,train/hanover/hanover_000000_029404_leftImg8bit.png,0,735,358,795,479
1662,train/hanover/hanover_000000_029404_leftImg8bit.png,0,735,358,797,485
1663,train/hanover/hanover_000000_029404_leftImg8bit.png,0,697,352,759,490
1664,train/hanover/hanover_000000_029404_leftImg8bit.png,0,765,359,831,485
1665,train/hanover/hanover_000000_029404_leftImg8bit.png,0,860,358,936,498
1666,train/hanover/hanover_000000_029404_leftImg8bit.png,0,875,336,968,502
1667,train/hanover/hanover_000000_029404_leftImg8bit.png,0,784,340,881,515
1668,train/hanover/hanover_000000_014319_leftImg8bit.png,4,1035,443,1089,517
1669,train/hanover/hanover_000000_014319_leftImg8bit.png,1,1331,426,1409,492
1670,train/hanover/hanover_000000_014319_leftImg8bit.png,1,1272,428,1386,503
1671,train/hanover/hanover_000000_014319_leftImg8bit.png,0,729,391,784,552
1672,train/hanover/hanover_000000_014319_leftImg8bit.png,0,378,407,432,568
1673,train/hanover/hanover_000000_014319_leftImg8bit.png,3,1825,337,1922,460
1674,train/hanover/hanover_000000_014319_leftImg8bit.png,1,1909,417,2011,473
1675,train/hanover/hanover_000000_014319_leftImg8bit.png,4,776,448,917,535
1676,train/hanover/hanover_000000_043102_leftImg8bit.png,1,749,391,887,443
1677,train/hanover/hanover_000000_043102_leftImg8bit.png,1,1001,393,1113,455
1678,train/hanover/hanover_000000_043102_leftImg8bit.png,1,1081,353,1280,428
1679,train/hanover/hanover_000000_043102_leftImg8bit.png,1,1050,394,1146,461
1680,train/hanover/hanover_000000_043102_leftImg8bit.png,1,179,406,409,545
1681,train/hanover/hanover_000000_043102_leftImg8bit.png,4,326,437,418,565
1682,train/hanover/hanover_000000_043102_leftImg8bit.png,1,0,403,199,610
1683,train/hanover/hanover_000000_043102_leftImg8bit.png,1,748,391,888,443
1684,train/hanover/hanover_000000_043102_leftImg8bit.png,1,1000,394,1102,455
1685,train/hanover/hanover_000000_043102_leftImg8bit.png,1,1050,394,1154,461
1686,train/hanover/hanover_000000_043102_leftImg8bit.png,1,1187,364,1363,481
1687,train/hanover/hanover_000000_043102_leftImg8bit.png,4,1264,415,1326,535
1688,train/hanover/hanover_000000_043102_leftImg8bit.png,1,1125,379,1254,477
1689,train/hanover/hanover_000000_043102_leftImg8bit.png,1,1305,385,1466,510
1690,train/hanover/hanover_000000_043102_leftImg8bit.png,1,1411,362,1695,539
1691,train/hanover/hanover_000000_043102_leftImg8bit.png,1,1411,367,1609,539
1692,train/hanover/hanover_000000_043102_leftImg8bit.png,1,1501,361,1733,559
1693,train/hanover/hanover_000000_043102_leftImg8bit.png,1,1636,367,1763,585
1694,train/hanover/hanover_000000_043102_leftImg8bit.png,1,1707,254,2047,626
1695,train/hanover/hanover_000000_051842_leftImg8bit.png,4,1533,399,1659,500
1696,train/hanover/hanover_000000_051842_leftImg8bit.png,4,1545,389,1722,501
1697,train/hanover/hanover_000000_051842_leftImg8bit.png,1,1202,393,1265,474
1698,train/hanover/hanover_000000_051842_leftImg8bit.png,1,1236,383,1368,503
1699,train/hanover/hanover_000000_051842_leftImg8bit.png,1,1264,397,1472,522
1700,train/hanover/hanover_000000_051842_leftImg8bit.png,1,613,404,759,497
1701,train/hanover/hanover_000000_051842_leftImg8bit.png,4,480,418,578,481
1702,train/hanover/hanover_000000_051842_leftImg8bit.png,2,0,233,480,612
1703,train/hanover/hanover_000000_051842_leftImg8bit.png,1,0,233,480,612
1704,train/hanover/hanover_000000_024276_leftImg8bit.png,1,546,402,626,492
1705,train/hanover/hanover_000000_024276_leftImg8bit.png,1,486,398,602,519
1706,train/hanover/hanover_000000_024276_leftImg8bit.png,1,351,397,564,543
1707,train/hanover/hanover_000000_024276_leftImg8bit.png,1,39,403,391,578
1708,train/hanover/hanover_000000_024276_leftImg8bit.png,1,0,444,127,629
1709,train/hanover/hanover_000000_024276_leftImg8bit.png,0,441,363,515,561
1710,train/hanover/hanover_000000_024276_leftImg8bit.png,4,222,441,375,623
1711,train/hanover/hanover_000000_024276_leftImg8bit.png,1,1004,392,1125,489
1712,train/hanover/hanover_000000_024276_leftImg8bit.png,1,1075,379,1313,531
