0,val/munster/munster_000148_000019_leftImg8bit.png,1,113,432,172,490
1,val/munster/munster_000148_000019_leftImg8bit.png,1,126,436,204,494
2,val/munster/munster_000148_000019_leftImg8bit.png,0,1335,414,1400,601
3,val/munster/munster_000148_000019_leftImg8bit.png,4,1,476,74,615
4,val/munster/munster_000148_000019_leftImg8bit.png,4,1086,464,1167,553
5,val/munster/munster_000148_000019_leftImg8bit.png,1,831,413,1107,588
6,val/munster/munster_000148_000019_leftImg8bit.png,0,1294,416,1345,601
7,val/munster/munster_000156_000019_leftImg8bit.png,1,1542,445,1709,498
8,val/munster/munster_000156_000019_leftImg8bit.png,1,1707,449,1834,511
9,val/munster/munster_000156_000019_leftImg8bit.png,4,932,440,985,494
10,val/munster/munster_000156_000019_leftImg8bit.png,4,258,445,489,700
11,val/munster/munster_000156_000019_leftImg8bit.png,1,986,440,1254,625
12,val/munster/munster_000140_000019_leftImg8bit.png,0,1281,377,1344,499
13,val/munster/munster_000140_000019_leftImg8bit.png,0,798,382,850,518
14,val/munster/munster_000140_000019_leftImg8bit.png,0,550,392,606,547
15,val/munster/munster_000140_000019_leftImg8bit.png,0,642,381,699,550
16,val/munster/munster_000140_000019_leftImg8bit.png,0,691,360,747,555
17,val/munster/munster_000140_000019_leftImg8bit.png,0,1488,359,1582,440
18,val/munster/munster_000140_000019_leftImg8bit.png,1,1052,401,1227,558
19,val/munster/munster_000140_000019_leftImg8bit.png,4,687,450,761,616
20,val/munster/munster_000140_000019_leftImg8bit.png,4,840,456,900,605
21,val/munster/munster_000140_000019_leftImg8bit.png,4,1432,428,1510,505
22,val/munster/munster_000140_000019_leftImg8bit.png,4,1595,400,1741,561
23,val/munster/munster_000140_000019_leftImg8bit.png,4,1408,418,1626,595
24,val/munster/munster_000140_000019_leftImg8bit.png,4,1422,426,1639,653
25,val/munster/munster_000140_000019_leftImg8bit.png,4,1585,452,1731,721
26,val/munster/munster_000140_000019_leftImg8bit.png,4,1742,441,1864,563
27,val/munster/munster_000140_000019_leftImg8bit.png,4,1608,403,1830,765
28,val/munster/munster_000140_000019_leftImg8bit.png,4,1850,383,2048,763
29,val/munster/munster_000140_000019_leftImg8bit.png,4,1781,421,1946,769
30,val/munster/munster_000164_000019_leftImg8bit.png,3,1041,373,1096,448
31,val/munster/munster_000164_000019_leftImg8bit.png,1,896,424,958,477
32,val/munster/munster_000164_000019_leftImg8bit.png,1,737,429,862,520
33,val/munster/munster_000121_000019_leftImg8bit.png,1,865,424,954,499
34,val/munster/munster_000121_000019_leftImg8bit.png,1,867,427,971,513
35,val/munster/munster_000121_000019_leftImg8bit.png,1,706,415,849,562
36,val/munster/munster_000121_000019_leftImg8bit.png,1,518,414,790,591
37,val/munster/munster_000121_000019_leftImg8bit.png,1,1158,427,1210,480
38,val/munster/munster_000121_000019_leftImg8bit.png,1,1253,424,1316,495
39,val/munster/munster_000005_000019_leftImg8bit.png,4,422,453,494,542
40,val/munster/munster_000005_000019_leftImg8bit.png,0,191,410,258,580
41,val/munster/munster_000135_000019_leftImg8bit.png,1,969,503,1063,569
42,val/munster/munster_000135_000019_leftImg8bit.png,3,595,409,993,599
43,val/munster/munster_000135_000019_leftImg8bit.png,4,1769,479,1905,561
44,val/munster/munster_000102_000019_leftImg8bit.png,4,565,469,617,549
45,val/munster/munster_000102_000019_leftImg8bit.png,0,379,435,430,559
46,val/munster/munster_000102_000019_leftImg8bit.png,1,1245,445,1318,514
47,val/munster/munster_000102_000019_leftImg8bit.png,1,1176,441,1266,518
48,val/munster/munster_000102_000019_leftImg8bit.png,1,1102,441,1217,517
49,val/munster/munster_000102_000019_leftImg8bit.png,1,1077,442,1179,541
50,val/munster/munster_000102_000019_leftImg8bit.png,1,948,433,1120,549
51,val/munster/munster_000102_000019_leftImg8bit.png,0,755,277,974,803
52,val/munster/munster_000102_000019_leftImg8bit.png,4,146,476,241,549
53,val/munster/munster_000102_000019_leftImg8bit.png,4,610,470,692,562
54,val/munster/munster_000098_000019_leftImg8bit.png,1,907,419,960,495
55,val/munster/munster_000098_000019_leftImg8bit.png,4,346,423,458,575
56,val/munster/munster_000098_000019_leftImg8bit.png,1,884,420,953,503
57,val/munster/munster_000098_000019_leftImg8bit.png,1,859,420,931,517
58,val/munster/munster_000098_000019_leftImg8bit.png,1,802,420,904,540
59,val/munster/munster_000098_000019_leftImg8bit.png,1,795,414,861,558
60,val/munster/munster_000098_000019_leftImg8bit.png,1,585,393,849,618
61,val/munster/munster_000098_000019_leftImg8bit.png,1,0,353,523,1024
62,val/munster/munster_000098_000019_leftImg8bit.png,1,1093,409,1162,481
63,val/munster/munster_000098_000019_leftImg8bit.png,1,1105,415,1161,503
64,val/munster/munster_000098_000019_leftImg8bit.png,1,1128,412,1241,514
65,val/munster/munster_000098_000019_leftImg8bit.png,4,1192,418,1284,540
66,val/munster/munster_000098_000019_leftImg8bit.png,1,1228,393,1412,601
67,val/munster/munster_000098_000019_leftImg8bit.png,1,1324,352,1614,678
68,val/munster/munster_000098_000019_leftImg8bit.png,1,1496,197,2048,893
69,val/munster/munster_000020_000019_leftImg8bit.png,1,631,439,755,506
70,val/munster/munster_000020_000019_leftImg8bit.png,1,1076,417,1134,473
71,val/munster/munster_000020_000019_leftImg8bit.png,1,1047,422,1107,479
72,val/munster/munster_000020_000019_leftImg8bit.png,1,976,424,1066,488
73,val/munster/munster_000020_000019_leftImg8bit.png,1,903,423,978,500
74,val/munster/munster_000020_000019_leftImg8bit.png,1,798,418,927,516
75,val/munster/munster_000020_000019_leftImg8bit.png,1,1219,415,1308,475
76,val/munster/munster_000020_000019_leftImg8bit.png,1,0,408,109,697
77,val/munster/munster_000020_000019_leftImg8bit.png,4,1620,413,1685,525
78,val/munster/munster_000152_000019_leftImg8bit.png,1,1386,419,1465,518
79,val/munster/munster_000152_000019_leftImg8bit.png,1,1397,422,1467,546
80,val/munster/munster_000152_000019_leftImg8bit.png,1,1420,390,1646,591
81,val/munster/munster_000152_000019_leftImg8bit.png,1,1682,335,2048,896
82,val/munster/munster_000132_000019_leftImg8bit.png,1,890,436,956,506
83,val/munster/munster_000132_000019_leftImg8bit.png,1,818,438,935,536
84,val/munster/munster_000132_000019_leftImg8bit.png,1,1976,416,2045,472
85,val/munster/munster_000132_000019_leftImg8bit.png,1,983,393,1200,593
86,val/munster/munster_000132_000019_leftImg8bit.png,1,198,381,700,726
87,val/munster/munster_000132_000019_leftImg8bit.png,1,1458,308,1993,681
88,val/munster/munster_000122_000019_leftImg8bit.png,4,683,469,747,585
89,val/munster/munster_000122_000019_leftImg8bit.png,1,883,407,967,503
90,val/munster/munster_000122_000019_leftImg8bit.png,1,826,437,957,538
91,val/munster/munster_000122_000019_leftImg8bit.png,1,1154,438,1273,535
92,val/munster/munster_000021_000019_leftImg8bit.png,1,1241,406,1298,475
93,val/munster/munster_000021_000019_leftImg8bit.png,1,1167,425,1279,523
94,val/munster/munster_000021_000019_leftImg8bit.png,1,1637,421,1743,490
95,val/munster/munster_000021_000019_leftImg8bit.png,3,975,356,1119,504
96,val/munster/munster_000021_000019_leftImg8bit.png,1,885,433,953,505
97,val/munster/munster_000021_000019_leftImg8bit.png,1,804,425,904,515
98,val/munster/munster_000021_000019_leftImg8bit.png,1,720,431,855,533
99,val/munster/munster_000021_000019_leftImg8bit.png,1,364,428,601,599
100,val/munster/munster_000021_000019_leftImg8bit.png,1,10,433,447,679
101,val/munster/munster_000119_000019_leftImg8bit.png,1,169,420,307,516
102,val/munster/munster_000119_000019_leftImg8bit.png,1,224,413,575,570
103,val/munster/munster_000119_000019_leftImg8bit.png,4,1261,424,1314,499
104,val/munster/munster_000069_000019_leftImg8bit.png,1,954,416,1038,494
105,val/munster/munster_000069_000019_leftImg8bit.png,1,912,408,1026,503
106,val/munster/munster_000069_000019_leftImg8bit.png,1,795,391,895,485
107,val/munster/munster_000069_000019_leftImg8bit.png,1,1297,418,1486,539
108,val/munster/munster_000069_000019_leftImg8bit.png,1,1563,394,1902,619
109,val/munster/munster_000069_000019_leftImg8bit.png,1,1739,385,2047,704
110,val/munster/munster_000069_000019_leftImg8bit.png,1,0,329,424,796
111,val/munster/munster_000069_000019_leftImg8bit.png,4,1482,446,1604,662
112,val/munster/munster_000073_000019_leftImg8bit.png,4,521,441,577,521
113,val/munster/munster_000073_000019_leftImg8bit.png,1,852,417,940,468
114,val/munster/munster_000073_000019_leftImg8bit.png,1,877,422,1039,479
115,val/munster/munster_000073_000019_leftImg8bit.png,1,851,422,910,507
116,val/munster/munster_000073_000019_leftImg8bit.png,1,791,398,878,521
117,val/munster/munster_000073_000019_leftImg8bit.png,1,715,425,840,536
118,val/munster/munster_000073_000019_leftImg8bit.png,1,707,435,821,554
119,val/munster/munster_000073_000019_leftImg8bit.png,0,332,390,397,513
120,val/munster/munster_000073_000019_leftImg8bit.png,1,1119,416,1285,470
121,val/munster/munster_000073_000019_leftImg8bit.png,4,451,436,511,519
122,val/munster/munster_000073_000019_leftImg8bit.png,1,1197,433,1258,506
123,val/munster/munster_000073_000019_leftImg8bit.png,1,1219,427,1320,515
124,val/munster/munster_000073_000019_leftImg8bit.png,1,1271,424,1430,550
125,val/munster/munster_000073_000019_leftImg8bit.png,1,1318,433,1434,573
126,val/munster/munster_000073_000019_leftImg8bit.png,4,561,434,621,514
127,val/munster/munster_000073_000019_leftImg8bit.png,1,570,432,768,581
128,val/munster/munster_000073_000019_leftImg8bit.png,4,421,438,478,515
129,val/munster/munster_000073_000019_leftImg8bit.png,4,1627,436,1690,532
130,val/munster/munster_000073_000019_leftImg8bit.png,1,1376,414,1661,616
131,val/munster/munster_000073_000019_leftImg8bit.png,1,1633,353,2048,838
132,val/munster/munster_000003_000019_leftImg8bit.png,0,1759,355,1814,498
133,val/munster/munster_000003_000019_leftImg8bit.png,1,621,401,743,490
134,val/munster/munster_000003_000019_leftImg8bit.png,1,422,403,554,490
135,val/munster/munster_000003_000019_leftImg8bit.png,1,539,406,692,503
136,val/munster/munster_000003_000019_leftImg8bit.png,4,1651,408,1705,510
137,val/munster/munster_000003_000019_leftImg8bit.png,4,1813,404,1894,488
138,val/munster/munster_000023_000019_leftImg8bit.png,1,629,404,699,462
139,val/munster/munster_000023_000019_leftImg8bit.png,4,1067,395,1121,461
140,val/munster/munster_000023_000019_leftImg8bit.png,1,768,372,897,495
141,val/munster/munster_000023_000019_leftImg8bit.png,1,785,403,913,510
142,val/munster/munster_000023_000019_leftImg8bit.png,4,1241,416,1298,486
143,val/munster/munster_000023_000019_leftImg8bit.png,0,1182,367,1272,590
144,val/munster/munster_000023_000019_leftImg8bit.png,4,1528,399,1661,525
145,val/munster/munster_000023_000019_leftImg8bit.png,4,1965,373,2048,584
146,val/munster/munster_000023_000019_leftImg8bit.png,4,1161,448,1218,529
147,val/munster/munster_000114_000019_leftImg8bit.png,1,1028,406,1179,541
148,val/munster/munster_000006_000019_leftImg8bit.png,1,1183,426,1249,477
149,val/munster/munster_000006_000019_leftImg8bit.png,0,1351,371,1458,536
150,val/munster/munster_000006_000019_leftImg8bit.png,1,1038,422,1155,507
151,val/munster/munster_000006_000019_leftImg8bit.png,1,362,463,423,571
152,val/munster/munster_000006_000019_leftImg8bit.png,1,498,413,779,538
153,val/munster/munster_000030_000019_leftImg8bit.png,1,498,414,568,473
154,val/munster/munster_000030_000019_leftImg8bit.png,1,539,401,647,473
155,val/munster/munster_000030_000019_leftImg8bit.png,4,1231,420,1313,562
156,val/munster/munster_000092_000019_leftImg8bit.png,1,1106,415,1171,483
157,val/munster/munster_000092_000019_leftImg8bit.png,1,1121,421,1172,492
158,val/munster/munster_000092_000019_leftImg8bit.png,1,1149,413,1227,503
159,val/munster/munster_000092_000019_leftImg8bit.png,1,1430,395,1546,482
160,val/munster/munster_000092_000019_leftImg8bit.png,1,1500,381,1626,489
161,val/munster/munster_000092_000019_leftImg8bit.png,0,1498,353,1593,472
162,val/munster/munster_000092_000019_leftImg8bit.png,1,1954,347,2048,531
163,val/munster/munster_000092_000019_leftImg8bit.png,1,1222,408,1364,533
164,val/munster/munster_000092_000019_leftImg8bit.png,1,1263,410,1484,562
165,val/munster/munster_000092_000019_leftImg8bit.png,1,1508,351,2048,738
166,val/munster/munster_000092_000019_leftImg8bit.png,1,952,418,1097,536
167,val/munster/munster_000092_000019_leftImg8bit.png,1,753,436,831,496
168,val/munster/munster_000092_000019_leftImg8bit.png,1,560,434,647,497
169,val/munster/munster_000092_000019_leftImg8bit.png,1,641,415,769,522
170,val/munster/munster_000092_000019_leftImg8bit.png,1,477,423,559,510
171,val/munster/munster_000092_000019_leftImg8bit.png,1,351,422,500,520
172,val/munster/munster_000092_000019_leftImg8bit.png,1,113,417,333,549
173,val/munster/munster_000092_000019_leftImg8bit.png,1,0,427,153,574
174,val/munster/munster_000161_000019_leftImg8bit.png,4,594,430,656,520
175,val/munster/munster_000161_000019_leftImg8bit.png,4,266,430,356,560
176,val/munster/munster_000161_000019_leftImg8bit.png,4,108,444,221,575
177,val/munster/munster_000115_000019_leftImg8bit.png,1,129,432,249,508
178,val/munster/munster_000115_000019_leftImg8bit.png,1,574,433,756,501
179,val/munster/munster_000115_000019_leftImg8bit.png,1,746,414,905,516
180,val/munster/munster_000115_000019_leftImg8bit.png,1,1041,420,1120,500
181,val/munster/munster_000115_000019_leftImg8bit.png,1,956,413,1063,500
182,val/munster/munster_000115_000019_leftImg8bit.png,1,908,417,1057,518
183,val/munster/munster_000115_000019_leftImg8bit.png,1,1271,421,1328,487
184,val/munster/munster_000115_000019_leftImg8bit.png,1,1197,410,1299,498
185,val/munster/munster_000115_000019_leftImg8bit.png,1,1115,395,1214,501
186,val/munster/munster_000115_000019_leftImg8bit.png,4,458,447,545,502
187,val/munster/munster_000115_000019_leftImg8bit.png,4,1085,442,1167,526
188,val/munster/munster_000115_000019_leftImg8bit.png,4,1491,420,1653,521
189,val/munster/munster_000085_000019_leftImg8bit.png,1,1170,425,1267,511
190,val/munster/munster_000085_000019_leftImg8bit.png,1,902,446,963,523
191,val/munster/munster_000085_000019_leftImg8bit.png,1,924,412,1074,544
192,val/munster/munster_000085_000019_leftImg8bit.png,4,867,478,947,551
193,val/munster/munster_000085_000019_leftImg8bit.png,1,817,446,890,544
194,val/munster/munster_000085_000019_leftImg8bit.png,1,639,446,879,570
195,val/munster/munster_000085_000019_leftImg8bit.png,4,1891,463,1970,549
196,val/munster/munster_000085_000019_leftImg8bit.png,0,1595,401,1652,573
197,val/munster/munster_000085_000019_leftImg8bit.png,0,1542,389,1604,574
198,val/munster/munster_000085_000019_leftImg8bit.png,0,1302,427,1353,523
199,val/munster/munster_000085_000019_leftImg8bit.png,4,745,498,849,604
200,val/munster/munster_000085_000019_leftImg8bit.png,4,730,516,812,606
201,val/munster/munster_000085_000019_leftImg8bit.png,1,506,440,775,629
202,val/munster/munster_000085_000019_leftImg8bit.png,1,78,442,641,656
203,val/munster/munster_000085_000019_leftImg8bit.png,4,0,478,374,755
204,val/munster/munster_000116_000019_leftImg8bit.png,1,1172,407,1229,476
205,val/munster/munster_000116_000019_leftImg8bit.png,1,1197,399,1254,494
206,val/munster/munster_000116_000019_leftImg8bit.png,2,961,310,1135,375
207,val/munster/munster_000116_000019_leftImg8bit.png,1,904,360,1217,642
208,val/munster/munster_000116_000019_leftImg8bit.png,3,1314,313,1571,495
209,val/munster/munster_000116_000019_leftImg8bit.png,1,1229,382,1373,510
210,val/munster/munster_000116_000019_leftImg8bit.png,0,1690,353,1741,485
211,val/munster/munster_000116_000019_leftImg8bit.png,4,1801,410,1858,467
212,val/munster/munster_000048_000019_leftImg8bit.png,3,1375,367,1844,487
213,val/munster/munster_000048_000019_leftImg8bit.png,3,1396,397,1751,481
214,val/munster/munster_000048_000019_leftImg8bit.png,1,894,449,945,511
215,val/munster/munster_000048_000019_leftImg8bit.png,0,573,419,635,521
216,val/munster/munster_000048_000019_leftImg8bit.png,0,323,391,392,566
217,val/munster/munster_000048_000019_leftImg8bit.png,0,194,397,252,568
218,val/munster/munster_000048_000019_leftImg8bit.png,0,239,405,298,587
219,val/munster/munster_000048_000019_leftImg8bit.png,0,268,410,344,595
220,val/munster/munster_000048_000019_leftImg8bit.png,0,76,405,136,577
221,val/munster/munster_000048_000019_leftImg8bit.png,1,846,451,919,527
222,val/munster/munster_000048_000019_leftImg8bit.png,1,802,438,868,550
223,val/munster/munster_000048_000019_leftImg8bit.png,1,599,406,829,592
224,val/munster/munster_000048_000019_leftImg8bit.png,0,905,369,1030,589
225,val/munster/munster_000048_000019_leftImg8bit.png,1,1014,412,1173,546
226,val/munster/munster_000048_000019_leftImg8bit.png,0,1869,314,1965,507
227,val/munster/munster_000048_000019_leftImg8bit.png,0,1958,308,2048,501
228,val/munster/munster_000048_000019_leftImg8bit.png,0,1900,342,2009,681
229,val/munster/munster_000048_000019_leftImg8bit.png,4,0,447,170,721
230,val/munster/munster_000048_000019_leftImg8bit.png,4,1692,414,2048,706
231,val/munster/munster_000048_000019_leftImg8bit.png,0,1761,272,1941,711
232,val/munster/munster_000026_000019_leftImg8bit.png,1,478,422,646,481
233,val/munster/munster_000026_000019_leftImg8bit.png,0,0,335,84,588
234,val/munster/munster_000026_000019_leftImg8bit.png,1,1405,452,1462,514
235,val/munster/munster_000026_000019_leftImg8bit.png,2,1151,343,1346,512
236,val/munster/munster_000026_000019_leftImg8bit.png,1,1307,449,1415,518
237,val/munster/munster_000026_000019_leftImg8bit.png,1,1724,393,1881,551
238,val/munster/munster_000026_000019_leftImg8bit.png,4,965,479,1398,749
239,val/munster/munster_000026_000019_leftImg8bit.png,4,54,478,215,725
240,val/munster/munster_000026_000019_leftImg8bit.png,4,0,563,136,764
241,val/munster/munster_000070_000019_leftImg8bit.png,1,2,461,168,547
242,val/munster/munster_000070_000019_leftImg8bit.png,3,908,362,1302,476
243,val/munster/munster_000070_000019_leftImg8bit.png,1,1893,353,1970,429
244,val/munster/munster_000070_000019_leftImg8bit.png,1,1266,392,1434,466
245,val/munster/munster_000070_000019_leftImg8bit.png,1,1322,391,1456,458
246,val/munster/munster_000070_000019_leftImg8bit.png,1,1353,379,1564,464
247,val/munster/munster_000070_000019_leftImg8bit.png,1,1366,386,1587,474
248,val/munster/munster_000070_000019_leftImg8bit.png,1,1475,370,1652,474
249,val/munster/munster_000070_000019_leftImg8bit.png,1,1492,370,1654,489
250,val/munster/munster_000070_000019_leftImg8bit.png,1,1535,335,1912,498
251,val/munster/munster_000070_000019_leftImg8bit.png,1,795,398,884,485
252,val/munster/munster_000070_000019_leftImg8bit.png,1,976,421,1043,503
253,val/munster/munster_000070_000019_leftImg8bit.png,1,842,408,1027,545
254,val/munster/munster_000070_000019_leftImg8bit.png,1,717,414,829,518
255,val/munster/munster_000070_000019_leftImg8bit.png,4,1804,403,1855,503
256,val/munster/munster_000070_000019_leftImg8bit.png,4,170,475,227,527
257,val/munster/munster_000063_000019_leftImg8bit.png,0,1327,391,1441,495
258,val/munster/munster_000063_000019_leftImg8bit.png,0,1473,375,1532,450
259,val/munster/munster_000063_000019_leftImg8bit.png,0,1603,353,1695,446
260,val/munster/munster_000063_000019_leftImg8bit.png,0,507,416,571,541
261,val/munster/munster_000063_000019_leftImg8bit.png,0,357,396,431,550
262,val/munster/munster_000063_000019_leftImg8bit.png,3,575,268,940,561
263,val/munster/munster_000063_000019_leftImg8bit.png,4,107,455,280,555
264,val/munster/munster_000063_000019_leftImg8bit.png,0,184,393,246,570
265,val/munster/munster_000063_000019_leftImg8bit.png,0,45,358,174,640
266,val/munster/munster_000063_000019_leftImg8bit.png,4,1187,462,1262,652
267,val/munster/munster_000166_000019_leftImg8bit.png,3,279,404,547,484
268,val/munster/munster_000166_000019_leftImg8bit.png,1,674,393,758,481
269,val/munster/munster_000166_000019_leftImg8bit.png,1,536,394,756,486
270,val/munster/munster_000166_000019_leftImg8bit.png,1,34,430,115,504
271,val/munster/munster_000166_000019_leftImg8bit.png,1,68,417,308,506
272,val/munster/munster_000166_000019_leftImg8bit.png,1,1657,383,1851,467
273,val/munster/munster_000166_000019_leftImg8bit.png,1,1120,371,1357,468
274,val/munster/munster_000166_000019_leftImg8bit.png,0,1075,377,1132,516
275,val/munster/munster_000166_000019_leftImg8bit.png,0,1045,367,1142,518
276,val/munster/munster_000166_000019_leftImg8bit.png,0,934,358,1010,520
277,val/munster/munster_000166_000019_leftImg8bit.png,0,962,368,1024,524
278,val/munster/munster_000166_000019_leftImg8bit.png,1,1991,550,2048,904
279,val/munster/munster_000166_000019_leftImg8bit.png,1,1413,374,1700,591
280,val/munster/munster_000166_000019_leftImg8bit.png,4,1708,404,1825,473
281,val/munster/munster_000166_000019_leftImg8bit.png,4,1980,376,2048,540
282,val/munster/munster_000049_000019_leftImg8bit.png,0,0,359,65,570
283,val/munster/munster_000049_000019_leftImg8bit.png,4,821,437,902,502
284,val/munster/munster_000049_000019_leftImg8bit.png,1,1343,384,1422,522
285,val/munster/munster_000049_000019_leftImg8bit.png,1,1367,355,1700,619
286,val/munster/munster_000049_000019_leftImg8bit.png,4,1811,407,1897,469
287,val/munster/munster_000049_000019_leftImg8bit.png,4,1859,401,1944,475
288,val/munster/munster_000027_000019_leftImg8bit.png,1,1214,395,1315,488
289,val/munster/munster_000027_000019_leftImg8bit.png,1,1309,401,1384,523
290,val/munster/munster_000027_000019_leftImg8bit.png,1,1321,379,1590,606
291,val/munster/munster_000027_000019_leftImg8bit.png,1,894,401,956,472
292,val/munster/munster_000027_000019_leftImg8bit.png,1,590,446,674,517
293,val/munster/munster_000027_000019_leftImg8bit.png,5,378,431,455,537
294,val/munster/munster_000027_000019_leftImg8bit.png,1,1013,409,1182,541
295,val/munster/munster_000027_000019_leftImg8bit.png,1,1467,340,2048,713
296,val/munster/munster_000027_000019_leftImg8bit.png,4,191,449,290,555
297,val/munster/munster_000027_000019_leftImg8bit.png,4,277,446,354,544
298,val/munster/munster_000027_000019_leftImg8bit.png,4,0,455,89,569
299,val/munster/munster_000027_000019_leftImg8bit.png,4,19,449,165,610
300,val/munster/munster_000039_000019_leftImg8bit.png,4,1817,443,1876,512
301,val/munster/munster_000039_000019_leftImg8bit.png,4,1973,563,2048,773
302,val/munster/munster_000039_000019_leftImg8bit.png,1,158,398,549,635
303,val/munster/munster_000039_000019_leftImg8bit.png,0,743,416,808,492
304,val/munster/munster_000039_000019_leftImg8bit.png,0,1293,392,1348,528
305,val/munster/munster_000039_000019_leftImg8bit.png,4,1261,428,1391,531
306,val/munster/munster_000039_000019_leftImg8bit.png,4,1140,460,1283,623
307,val/munster/munster_000064_000019_leftImg8bit.png,2,1258,238,1468,496
308,val/munster/munster_000064_000019_leftImg8bit.png,1,1367,386,1459,559
309,val/munster/munster_000064_000019_leftImg8bit.png,1,1397,367,1703,575
310,val/munster/munster_000100_000019_leftImg8bit.png,1,319,301,842,533
311,val/munster/munster_000082_000019_leftImg8bit.png,1,885,424,950,522
312,val/munster/munster_000082_000019_leftImg8bit.png,1,685,365,913,559
313,val/munster/munster_000082_000019_leftImg8bit.png,1,646,411,838,595
314,val/munster/munster_000082_000019_leftImg8bit.png,1,517,415,777,649
315,val/munster/munster_000082_000019_leftImg8bit.png,1,71,372,643,790
316,val/munster/munster_000082_000019_leftImg8bit.png,1,0,448,360,963
317,val/munster/munster_000082_000019_leftImg8bit.png,4,1162,419,1215,485
318,val/munster/munster_000082_000019_leftImg8bit.png,1,1197,371,1387,537
319,val/munster/munster_000082_000019_leftImg8bit.png,1,1252,399,1417,548
320,val/munster/munster_000082_000019_leftImg8bit.png,1,1291,402,1533,591
321,val/munster/munster_000082_000019_leftImg8bit.png,1,1442,375,1930,729
322,val/munster/munster_000082_000019_leftImg8bit.png,1,1709,358,2048,923
323,val/munster/munster_000118_000019_leftImg8bit.png,3,1137,335,1299,477
324,val/munster/munster_000118_000019_leftImg8bit.png,1,898,407,980,468
325,val/munster/munster_000118_000019_leftImg8bit.png,1,698,353,881,520
326,val/munster/munster_000118_000019_leftImg8bit.png,1,1387,362,1669,579
327,val/munster/munster_000062_000019_leftImg8bit.png,0,272,413,329,579
328,val/munster/munster_000062_000019_leftImg8bit.png,0,227,407,280,597
329,val/munster/munster_000062_000019_leftImg8bit.png,0,152,405,204,602
330,val/munster/munster_000062_000019_leftImg8bit.png,0,39,409,93,623
331,val/munster/munster_000062_000019_leftImg8bit.png,0,8,399,79,659
332,val/munster/munster_000062_000019_leftImg8bit.png,0,57,410,128,664
333,val/munster/munster_000062_000019_leftImg8bit.png,0,72,412,172,679
334,val/munster/munster_000062_000019_leftImg8bit.png,0,0,408,98,719
335,val/munster/munster_000062_000019_leftImg8bit.png,0,341,399,408,559
336,val/munster/munster_000062_000019_leftImg8bit.png,0,168,415,249,604
337,val/munster/munster_000062_000019_leftImg8bit.png,0,1476,337,1579,559
338,val/munster/munster_000062_000019_leftImg8bit.png,0,1327,353,1387,529
339,val/munster/munster_000062_000019_leftImg8bit.png,0,1203,387,1260,531
340,val/munster/munster_000019_000019_leftImg8bit.png,1,917,431,968,483
341,val/munster/munster_000019_000019_leftImg8bit.png,1,958,426,1039,485
342,val/munster/munster_000019_000019_leftImg8bit.png,1,727,394,832,515
343,val/munster/munster_000019_000019_leftImg8bit.png,1,802,406,945,522
344,val/munster/munster_000019_000019_leftImg8bit.png,1,64,408,277,642
345,val/munster/munster_000019_000019_leftImg8bit.png,1,203,223,748,690
346,val/munster/munster_000019_000019_leftImg8bit.png,1,1584,375,1680,433
347,val/munster/munster_000019_000019_leftImg8bit.png,1,1805,267,2048,488
348,val/munster/munster_000019_000019_leftImg8bit.png,1,1344,390,1713,608
349,val/munster/munster_000033_000019_leftImg8bit.png,1,990,442,1061,497
350,val/munster/munster_000033_000019_leftImg8bit.png,1,894,433,978,506
351,val/munster/munster_000033_000019_leftImg8bit.png,0,1539,403,1607,541
352,val/munster/munster_000033_000019_leftImg8bit.png,3,1162,364,1359,500
353,val/munster/munster_000033_000019_leftImg8bit.png,1,1007,405,1379,699
354,val/munster/munster_000033_000019_leftImg8bit.png,3,437,285,873,584
355,val/munster/munster_000033_000019_leftImg8bit.png,4,1698,440,1774,541
356,val/munster/munster_000033_000019_leftImg8bit.png,4,1668,434,1738,544
357,val/munster/munster_000123_000019_leftImg8bit.png,1,1066,459,1150,510
358,val/munster/munster_000123_000019_leftImg8bit.png,1,1064,488,1119,547
359,val/munster/munster_000123_000019_leftImg8bit.png,1,1109,446,1288,562
360,val/munster/munster_000123_000019_leftImg8bit.png,1,1103,454,1453,579
361,val/munster/munster_000123_000019_leftImg8bit.png,1,1155,452,1470,591
362,val/munster/munster_000109_000019_leftImg8bit.png,1,1651,405,2047,564
363,val/munster/munster_000109_000019_leftImg8bit.png,1,745,445,1080,561
364,val/munster/munster_000109_000019_leftImg8bit.png,1,574,460,640,514
365,val/munster/munster_000109_000019_leftImg8bit.png,1,565,470,632,526
366,val/munster/munster_000109_000019_leftImg8bit.png,1,375,465,470,530
367,val/munster/munster_000109_000019_leftImg8bit.png,1,250,463,381,546
368,val/munster/munster_000109_000019_leftImg8bit.png,1,462,459,604,555
369,val/munster/munster_000109_000019_leftImg8bit.png,1,1480,450,1645,521
370,val/munster/munster_000077_000019_leftImg8bit.png,1,772,350,910,488
371,val/munster/munster_000077_000019_leftImg8bit.png,1,1939,388,2048,489
372,val/munster/munster_000077_000019_leftImg8bit.png,4,164,426,221,496
373,val/munster/munster_000077_000019_leftImg8bit.png,4,198,405,281,497
374,val/munster/munster_000077_000019_leftImg8bit.png,4,312,424,381,491
375,val/munster/munster_000077_000019_leftImg8bit.png,4,1210,412,1351,503
376,val/munster/munster_000043_000019_leftImg8bit.png,1,1124,376,1380,568
377,val/munster/munster_000043_000019_leftImg8bit.png,0,887,364,956,551
378,val/munster/munster_000043_000019_leftImg8bit.png,0,608,299,710,607
379,val/munster/munster_000043_000019_leftImg8bit.png,1,1614,337,1818,564
380,val/munster/munster_000043_000019_leftImg8bit.png,1,1616,433,1724,519
381,val/munster/munster_000043_000019_leftImg8bit.png,1,1604,437,1719,637
382,val/munster/munster_000043_000019_leftImg8bit.png,1,1639,396,1948,718
383,val/munster/munster_000043_000019_leftImg8bit.png,1,1741,400,2048,903
384,val/munster/munster_000043_000019_leftImg8bit.png,4,980,453,1105,644
385,val/munster/munster_000043_000019_leftImg8bit.png,4,659,412,814,650
386,val/munster/munster_000087_000019_leftImg8bit.png,1,1293,422,1416,536
387,val/munster/munster_000087_000019_leftImg8bit.png,1,1363,410,1529,589
388,val/munster/munster_000087_000019_leftImg8bit.png,1,1453,394,1679,645
389,val/munster/munster_000087_000019_leftImg8bit.png,1,1554,384,2048,768
390,val/munster/munster_000087_000019_leftImg8bit.png,1,1145,401,1213,477
391,val/munster/munster_000087_000019_leftImg8bit.png,1,941,424,1034,518
392,val/munster/munster_000087_000019_leftImg8bit.png,1,876,420,971,550
393,val/munster/munster_000087_000019_leftImg8bit.png,1,735,419,923,588
394,val/munster/munster_000087_000019_leftImg8bit.png,1,223,346,815,766
395,val/munster/munster_000110_000019_leftImg8bit.png,1,739,436,828,511
396,val/munster/munster_000110_000019_leftImg8bit.png,1,621,435,758,534
397,val/munster/munster_000110_000019_leftImg8bit.png,1,835,430,962,521
398,val/munster/munster_000110_000019_leftImg8bit.png,1,294,429,551,606
399,val/munster/munster_000110_000019_leftImg8bit.png,1,0,433,343,677
400,val/munster/munster_000110_000019_leftImg8bit.png,1,1113,430,1171,482
401,val/munster/munster_000110_000019_leftImg8bit.png,1,1152,429,1209,498
402,val/munster/munster_000110_000019_leftImg8bit.png,1,1175,424,1229,516
403,val/munster/munster_000110_000019_leftImg8bit.png,1,1198,416,1337,525
404,val/munster/munster_000110_000019_leftImg8bit.png,1,1312,389,1504,605
405,val/munster/munster_000110_000019_leftImg8bit.png,1,1437,289,1941,710
406,val/munster/munster_000024_000019_leftImg8bit.png,1,382,413,638,562
407,val/munster/munster_000024_000019_leftImg8bit.png,1,1763,343,1949,443
408,val/munster/munster_000024_000019_leftImg8bit.png,1,1807,359,1971,455
409,val/munster/munster_000024_000019_leftImg8bit.png,1,1459,394,1534,451
410,val/munster/munster_000024_000019_leftImg8bit.png,1,1375,391,1455,464
411,val/munster/munster_000024_000019_leftImg8bit.png,1,1356,393,1423,477
412,val/munster/munster_000024_000019_leftImg8bit.png,1,1153,378,1220,432
413,val/munster/munster_000024_000019_leftImg8bit.png,1,1083,386,1201,486
414,val/munster/munster_000024_000019_leftImg8bit.png,1,1050,395,1160,504
415,val/munster/munster_000024_000019_leftImg8bit.png,1,840,352,1085,540
416,val/munster/munster_000024_000019_leftImg8bit.png,1,1176,374,1382,558
417,val/munster/munster_000045_000019_leftImg8bit.png,1,708,422,814,561
418,val/munster/munster_000045_000019_leftImg8bit.png,1,367,302,723,626
419,val/munster/munster_000045_000019_leftImg8bit.png,1,0,426,314,837
420,val/munster/munster_000103_000019_leftImg8bit.png,2,700,358,896,550
421,val/munster/munster_000103_000019_leftImg8bit.png,1,1763,437,1898,488
422,val/munster/munster_000103_000019_leftImg8bit.png,0,103,424,160,480
423,val/munster/munster_000103_000019_leftImg8bit.png,1,503,444,655,593
424,val/munster/munster_000103_000019_leftImg8bit.png,1,427,472,601,617
425,val/munster/munster_000103_000019_leftImg8bit.png,1,185,459,470,673
426,val/munster/munster_000103_000019_leftImg8bit.png,1,0,457,250,755
427,val/munster/munster_000103_000019_leftImg8bit.png,1,1197,448,1323,575
428,val/munster/munster_000103_000019_leftImg8bit.png,1,1257,434,1401,596
429,val/munster/munster_000103_000019_leftImg8bit.png,1,1318,423,1470,631
430,val/munster/munster_000103_000019_leftImg8bit.png,1,1394,391,1830,696
431,val/munster/munster_000145_000019_leftImg8bit.png,1,1472,384,1693,550
432,val/munster/munster_000145_000019_leftImg8bit.png,0,1669,355,1743,596
433,val/munster/munster_000145_000019_leftImg8bit.png,4,1590,447,1675,563
434,val/munster/munster_000145_000019_leftImg8bit.png,0,1841,369,1902,475
435,val/munster/munster_000145_000019_leftImg8bit.png,4,1741,427,1906,599
436,val/munster/munster_000145_000019_leftImg8bit.png,4,1623,435,1850,602
437,val/munster/munster_000145_000019_leftImg8bit.png,4,1926,425,2045,536
438,val/munster/munster_000145_000019_leftImg8bit.png,0,1928,440,1985,516
439,val/munster/munster_000145_000019_leftImg8bit.png,0,1879,433,1958,542
440,val/munster/munster_000145_000019_leftImg8bit.png,4,408,410,461,499
441,val/munster/munster_000145_000019_leftImg8bit.png,0,207,365,290,569
442,val/munster/munster_000145_000019_leftImg8bit.png,0,1447,377,1501,574
443,val/munster/munster_000145_000019_leftImg8bit.png,0,1494,339,1576,602
444,val/munster/munster_000076_000019_leftImg8bit.png,1,1272,375,1492,541
445,val/munster/munster_000076_000019_leftImg8bit.png,1,1296,406,1525,588
446,val/munster/munster_000076_000019_leftImg8bit.png,1,1004,420,1119,513
447,val/munster/munster_000111_000019_leftImg8bit.png,1,996,435,1071,498
448,val/munster/munster_000111_000019_leftImg8bit.png,1,1357,416,1417,480
449,val/munster/munster_000111_000019_leftImg8bit.png,1,1754,361,2046,526
450,val/munster/munster_000111_000019_leftImg8bit.png,1,1989,393,2047,512
451,val/munster/munster_000111_000019_leftImg8bit.png,0,902,444,976,544
452,val/munster/munster_000111_000019_leftImg8bit.png,4,580,463,632,515
453,val/munster/munster_000032_000019_leftImg8bit.png,3,632,389,735,467
454,val/munster/munster_000032_000019_leftImg8bit.png,1,272,427,523,588
455,val/munster/munster_000032_000019_leftImg8bit.png,1,551,422,687,522
456,val/munster/munster_000032_000019_leftImg8bit.png,1,0,417,135,663
457,val/munster/munster_000032_000019_leftImg8bit.png,1,911,406,998,486
458,val/munster/munster_000032_000019_leftImg8bit.png,1,924,417,987,494
459,val/munster/munster_000032_000019_leftImg8bit.png,1,937,414,1009,513
460,val/munster/munster_000032_000019_leftImg8bit.png,3,1110,308,1401,517
461,val/munster/munster_000032_000019_leftImg8bit.png,0,1323,385,1411,553
462,val/munster/munster_000032_000019_leftImg8bit.png,0,1287,371,1362,555
463,val/munster/munster_000032_000019_leftImg8bit.png,1,956,408,1132,542
464,val/munster/munster_000032_000019_leftImg8bit.png,4,1706,401,1781,505
465,val/munster/munster_000032_000019_leftImg8bit.png,4,1758,407,1846,510
466,val/munster/munster_000138_000019_leftImg8bit.png,4,1769,397,1873,465
467,val/munster/munster_000138_000019_leftImg8bit.png,4,235,444,330,514
468,val/munster/munster_000138_000019_leftImg8bit.png,4,704,451,758,572
469,val/munster/munster_000138_000019_leftImg8bit.png,4,1606,418,1663,492
470,val/munster/munster_000138_000019_leftImg8bit.png,1,1262,407,1426,527
471,val/munster/munster_000131_000019_leftImg8bit.png,1,1098,396,1163,453
472,val/munster/munster_000131_000019_leftImg8bit.png,1,1114,399,1202,469
473,val/munster/munster_000131_000019_leftImg8bit.png,1,901,406,965,458
474,val/munster/munster_000131_000019_leftImg8bit.png,4,1665,430,1720,575
475,val/munster/munster_000090_000019_leftImg8bit.png,2,997,377,1132,498
476,val/munster/munster_000090_000019_leftImg8bit.png,1,1057,407,1209,532
477,val/munster/munster_000090_000019_leftImg8bit.png,1,507,405,680,483
478,val/munster/munster_000090_000019_leftImg8bit.png,4,284,450,352,561
479,val/munster/munster_000090_000019_leftImg8bit.png,0,711,430,776,532
480,val/munster/munster_000090_000019_leftImg8bit.png,1,0,438,244,686
481,val/munster/munster_000141_000019_leftImg8bit.png,0,338,385,401,508
482,val/munster/munster_000141_000019_leftImg8bit.png,4,608,459,739,530
483,val/munster/munster_000141_000019_leftImg8bit.png,4,581,434,699,576
484,val/munster/munster_000141_000019_leftImg8bit.png,4,429,457,666,593
485,val/munster/munster_000141_000019_leftImg8bit.png,1,1028,408,1259,552
486,val/munster/munster_000141_000019_leftImg8bit.png,4,1382,429,1445,540
487,val/munster/munster_000141_000019_leftImg8bit.png,4,1382,429,1445,540
488,val/munster/munster_000141_000019_leftImg8bit.png,4,1427,429,1486,501
489,val/munster/munster_000141_000019_leftImg8bit.png,4,1427,430,1510,545
490,val/munster/munster_000141_000019_leftImg8bit.png,4,1529,441,1612,547
491,val/munster/munster_000141_000019_leftImg8bit.png,4,1633,433,1700,554
492,val/munster/munster_000141_000019_leftImg8bit.png,0,698,377,802,607
493,val/munster/munster_000141_000019_leftImg8bit.png,4,1658,436,1724,544
494,val/munster/munster_000141_000019_leftImg8bit.png,4,1683,421,1750,554
495,val/munster/munster_000141_000019_leftImg8bit.png,4,1870,422,1988,536
496,val/munster/munster_000141_000019_leftImg8bit.png,4,1943,429,2047,535
497,val/munster/munster_000141_000019_leftImg8bit.png,0,725,346,941,748
498,val/munster/munster_000141_000019_leftImg8bit.png,4,292,445,520,659
499,val/munster/munster_000141_000019_leftImg8bit.png,4,164,434,467,696
500,val/munster/munster_000141_000019_leftImg8bit.png,4,101,429,445,713
501,val/munster/munster_000141_000019_leftImg8bit.png,4,128,450,334,728
502,val/munster/munster_000141_000019_leftImg8bit.png,4,1,560,213,944
503,val/munster/munster_000141_000019_leftImg8bit.png,0,1724,264,1921,804
504,val/munster/munster_000050_000019_leftImg8bit.png,2,1274,375,1354,482
505,val/munster/munster_000050_000019_leftImg8bit.png,0,406,381,473,544
506,val/munster/munster_000050_000019_leftImg8bit.png,1,0,372,308,634
507,val/munster/munster_000050_000019_leftImg8bit.png,0,1707,409,1769,535
508,val/munster/munster_000050_000019_leftImg8bit.png,0,1768,412,1831,533
509,val/munster/munster_000050_000019_leftImg8bit.png,4,735,442,792,543
510,val/munster/munster_000149_000019_leftImg8bit.png,1,842,406,900,492
511,val/munster/munster_000149_000019_leftImg8bit.png,1,797,394,876,508
512,val/munster/munster_000149_000019_leftImg8bit.png,1,726,394,858,532
513,val/munster/munster_000149_000019_leftImg8bit.png,1,624,398,849,569
514,val/munster/munster_000149_000019_leftImg8bit.png,1,436,431,756,641
515,val/munster/munster_000149_000019_leftImg8bit.png,0,1761,328,1849,613
516,val/munster/munster_000149_000019_leftImg8bit.png,4,1245,421,1320,513
517,val/munster/munster_000149_000019_leftImg8bit.png,4,1362,422,1445,537
518,val/munster/munster_000149_000019_leftImg8bit.png,4,1500,424,1593,564
519,val/munster/munster_000149_000019_leftImg8bit.png,4,1523,418,1694,580
520,val/munster/munster_000149_000019_leftImg8bit.png,4,111,431,297,643
521,val/munster/munster_000149_000019_leftImg8bit.png,4,0,536,85,709
522,val/munster/munster_000149_000019_leftImg8bit.png,0,14,365,173,740
523,val/munster/munster_000146_000019_leftImg8bit.png,4,1906,434,1969,496
524,val/munster/munster_000146_000019_leftImg8bit.png,0,1841,380,1895,518
525,val/munster/munster_000146_000019_leftImg8bit.png,0,1888,373,1940,514
526,val/munster/munster_000146_000019_leftImg8bit.png,4,186,429,257,511
527,val/munster/munster_000146_000019_leftImg8bit.png,4,67,445,190,536
528,val/munster/munster_000146_000019_leftImg8bit.png,4,6,429,147,537
529,val/munster/munster_000146_000019_leftImg8bit.png,4,1144,448,1265,528
530,val/munster/munster_000146_000019_leftImg8bit.png,4,1187,457,1269,529
531,val/munster/munster_000146_000019_leftImg8bit.png,4,1230,444,1320,539
532,val/munster/munster_000146_000019_leftImg8bit.png,4,1249,446,1342,541
533,val/munster/munster_000146_000019_leftImg8bit.png,4,1299,439,1375,542
534,val/munster/munster_000146_000019_leftImg8bit.png,4,1669,408,1815,511
535,val/munster/munster_000146_000019_leftImg8bit.png,4,1973,392,2048,496
536,val/munster/munster_000028_000019_leftImg8bit.png,4,143,464,209,529
537,val/munster/munster_000028_000019_leftImg8bit.png,1,1101,440,1219,525
538,val/munster/munster_000028_000019_leftImg8bit.png,1,761,439,835,503
539,val/munster/munster_000028_000019_leftImg8bit.png,1,733,455,789,518
540,val/munster/munster_000028_000019_leftImg8bit.png,1,631,443,747,532
541,val/munster/munster_000028_000019_leftImg8bit.png,4,511,455,574,537
542,val/munster/munster_000028_000019_leftImg8bit.png,4,307,453,380,517
543,val/munster/munster_000028_000019_leftImg8bit.png,5,261,453,356,520
544,val/munster/munster_000028_000019_leftImg8bit.png,4,246,462,333,522
545,val/munster/munster_000028_000019_leftImg8bit.png,4,0,469,52,559
546,val/munster/munster_000028_000019_leftImg8bit.png,4,371,462,425,590
547,val/munster/munster_000038_000019_leftImg8bit.png,1,8,421,132,487
548,val/munster/munster_000038_000019_leftImg8bit.png,1,103,413,223,487
549,val/munster/munster_000038_000019_leftImg8bit.png,1,126,424,386,504
550,val/munster/munster_000038_000019_leftImg8bit.png,1,370,427,501,532
551,val/munster/munster_000038_000019_leftImg8bit.png,1,1049,441,1178,500
552,val/munster/munster_000038_000019_leftImg8bit.png,1,951,438,1005,494
553,val/munster/munster_000038_000019_leftImg8bit.png,1,487,242,977,612
554,val/munster/munster_000038_000019_leftImg8bit.png,0,1416,423,1480,565
555,val/munster/munster_000038_000019_leftImg8bit.png,4,1470,443,1731,664
556,val/munster/munster_000038_000019_leftImg8bit.png,4,1273,485,1393,580
557,val/munster/munster_000038_000019_leftImg8bit.png,4,1197,453,1379,633
558,val/munster/munster_000125_000019_leftImg8bit.png,3,786,423,1058,488
559,val/munster/munster_000125_000019_leftImg8bit.png,2,574,388,713,504
560,val/munster/munster_000125_000019_leftImg8bit.png,1,569,440,666,527
561,val/munster/munster_000125_000019_leftImg8bit.png,1,904,459,975,535
562,val/munster/munster_000125_000019_leftImg8bit.png,1,756,429,927,585
563,val/munster/munster_000125_000019_leftImg8bit.png,1,603,431,862,632
564,val/munster/munster_000125_000019_leftImg8bit.png,1,0,377,360,974
565,val/munster/munster_000072_000019_leftImg8bit.png,1,725,408,851,478
566,val/munster/munster_000072_000019_leftImg8bit.png,1,552,403,709,514
567,val/munster/munster_000072_000019_leftImg8bit.png,1,505,410,701,523
568,val/munster/munster_000072_000019_leftImg8bit.png,1,486,422,609,530
569,val/munster/munster_000072_000019_leftImg8bit.png,1,400,418,626,548
570,val/munster/munster_000072_000019_leftImg8bit.png,1,210,418,476,576
571,val/munster/munster_000072_000019_leftImg8bit.png,1,173,427,389,595
572,val/munster/munster_000072_000019_leftImg8bit.png,1,0,424,326,620
573,val/munster/munster_000072_000019_leftImg8bit.png,1,1065,394,1142,468
574,val/munster/munster_000072_000019_leftImg8bit.png,1,865,403,982,488
575,val/munster/munster_000072_000019_leftImg8bit.png,1,1175,380,1245,458
576,val/munster/munster_000072_000019_leftImg8bit.png,1,1201,381,1346,476
577,val/munster/munster_000072_000019_leftImg8bit.png,1,1234,393,1353,494
578,val/munster/munster_000072_000019_leftImg8bit.png,1,1274,384,1450,505
579,val/munster/munster_000072_000019_leftImg8bit.png,1,1307,394,1405,504
580,val/munster/munster_000072_000019_leftImg8bit.png,1,1325,384,1473,550
581,val/munster/munster_000072_000019_leftImg8bit.png,1,1376,369,1839,583
582,val/munster/munster_000130_000019_leftImg8bit.png,2,1330,343,1552,429
583,val/munster/munster_000130_000019_leftImg8bit.png,1,1277,394,1374,463
584,val/munster/munster_000130_000019_leftImg8bit.png,1,1187,403,1290,475
585,val/munster/munster_000130_000019_leftImg8bit.png,1,1096,404,1209,489
586,val/munster/munster_000130_000019_leftImg8bit.png,1,991,411,1117,512
587,val/munster/munster_000130_000019_leftImg8bit.png,1,822,407,1033,539
588,val/munster/munster_000130_000019_leftImg8bit.png,1,1747,368,1836,454
589,val/munster/munster_000130_000019_leftImg8bit.png,1,1802,356,1966,495
590,val/munster/munster_000130_000019_leftImg8bit.png,1,1892,337,2047,554
591,val/munster/munster_000163_000019_leftImg8bit.png,1,706,416,850,531
592,val/munster/munster_000163_000019_leftImg8bit.png,1,924,412,1024,485
593,val/munster/munster_000163_000019_leftImg8bit.png,1,460,380,731,643
594,val/munster/munster_000163_000019_leftImg8bit.png,1,0,369,596,906
595,val/munster/munster_000044_000019_leftImg8bit.png,1,1455,444,1506,507
596,val/munster/munster_000044_000019_leftImg8bit.png,1,1430,443,1483,519
597,val/munster/munster_000044_000019_leftImg8bit.png,1,1385,441,1464,529
598,val/munster/munster_000044_000019_leftImg8bit.png,1,1385,441,1449,537
599,val/munster/munster_000044_000019_leftImg8bit.png,1,1319,435,1438,565
600,val/munster/munster_000044_000019_leftImg8bit.png,1,112,374,260,529
601,val/munster/munster_000044_000019_leftImg8bit.png,4,661,422,830,534
602,val/munster/munster_000044_000019_leftImg8bit.png,1,211,405,656,556
603,val/munster/munster_000044_000019_leftImg8bit.png,0,0,308,74,660
604,val/munster/munster_000044_000019_leftImg8bit.png,0,0,282,152,688
605,val/munster/munster_000044_000019_leftImg8bit.png,1,1650,443,1711,513
606,val/munster/munster_000044_000019_leftImg8bit.png,1,1679,417,1815,540
607,val/munster/munster_000044_000019_leftImg8bit.png,1,1698,438,1834,585
608,val/munster/munster_000044_000019_leftImg8bit.png,1,1760,444,1967,627
609,val/munster/munster_000044_000019_leftImg8bit.png,1,1970,519,2048,867
610,val/munster/munster_000044_000019_leftImg8bit.png,4,1069,445,1130,536
611,val/munster/munster_000044_000019_leftImg8bit.png,4,1043,437,1097,541
612,val/munster/munster_000044_000019_leftImg8bit.png,4,1131,441,1372,615
613,val/munster/munster_000044_000019_leftImg8bit.png,4,1599,406,1651,547
614,val/munster/munster_000044_000019_leftImg8bit.png,4,1644,469,1925,676
615,val/munster/munster_000044_000019_leftImg8bit.png,4,822,423,966,543
616,val/munster/munster_000167_000019_leftImg8bit.png,1,1814,412,1873,464
617,val/munster/munster_000167_000019_leftImg8bit.png,0,1765,349,1852,563
618,val/munster/munster_000167_000019_leftImg8bit.png,0,1463,333,1530,605
619,val/munster/munster_000167_000019_leftImg8bit.png,0,1615,345,1704,575
620,val/munster/munster_000167_000019_leftImg8bit.png,1,159,426,244,482
621,val/munster/munster_000167_000019_leftImg8bit.png,1,607,422,746,532
622,val/munster/munster_000167_000019_leftImg8bit.png,1,394,408,671,576
623,val/munster/munster_000167_000019_leftImg8bit.png,1,186,423,339,581
624,val/munster/munster_000167_000019_leftImg8bit.png,0,267,335,361,643
625,val/munster/munster_000167_000019_leftImg8bit.png,0,294,315,403,662
626,val/munster/munster_000167_000019_leftImg8bit.png,0,505,365,602,600
627,val/munster/munster_000167_000019_leftImg8bit.png,0,898,369,999,587
628,val/munster/munster_000167_000019_leftImg8bit.png,0,816,336,907,614
629,val/munster/munster_000167_000019_leftImg8bit.png,0,770,340,883,622
630,val/munster/munster_000167_000019_leftImg8bit.png,0,1088,353,1147,603
631,val/munster/munster_000167_000019_leftImg8bit.png,4,194,444,533,672
632,val/munster/munster_000167_000019_leftImg8bit.png,4,962,451,1259,630
633,val/munster/munster_000167_000019_leftImg8bit.png,4,1352,428,1694,650
634,val/munster/munster_000167_000019_leftImg8bit.png,4,1549,460,1958,704
635,val/munster/munster_000167_000019_leftImg8bit.png,4,1974,386,2048,622
636,val/munster/munster_000002_000019_leftImg8bit.png,1,731,448,816,511
637,val/munster/munster_000002_000019_leftImg8bit.png,1,612,463,695,518
638,val/munster/munster_000002_000019_leftImg8bit.png,1,312,450,482,557
639,val/munster/munster_000002_000019_leftImg8bit.png,5,546,462,599,540
640,val/munster/munster_000054_000019_leftImg8bit.png,1,180,460,303,524
641,val/munster/munster_000054_000019_leftImg8bit.png,1,0,456,153,547
642,val/munster/munster_000054_000019_leftImg8bit.png,1,753,416,805,477
643,val/munster/munster_000054_000019_leftImg8bit.png,1,952,378,1021,506
644,val/munster/munster_000054_000019_leftImg8bit.png,1,963,364,1242,603
645,val/munster/munster_000054_000019_leftImg8bit.png,1,719,420,784,479
646,val/munster/munster_000054_000019_leftImg8bit.png,1,670,417,769,491
647,val/munster/munster_000054_000019_leftImg8bit.png,1,586,433,642,485
648,val/munster/munster_000054_000019_leftImg8bit.png,1,530,436,626,495
649,val/munster/munster_000054_000019_leftImg8bit.png,4,1607,387,1763,537
650,val/munster/munster_000054_000019_leftImg8bit.png,4,1621,383,1810,543
651,val/munster/munster_000054_000019_leftImg8bit.png,4,1667,378,1835,549
652,val/munster/munster_000010_000019_leftImg8bit.png,1,1380,378,1448,451
653,val/munster/munster_000010_000019_leftImg8bit.png,4,1491,439,1625,523
654,val/munster/munster_000010_000019_leftImg8bit.png,1,1253,401,1360,491
655,val/munster/munster_000010_000019_leftImg8bit.png,1,1100,387,1162,439
656,val/munster/munster_000010_000019_leftImg8bit.png,1,1078,395,1145,463
657,val/munster/munster_000010_000019_leftImg8bit.png,1,992,393,1116,470
658,val/munster/munster_000010_000019_leftImg8bit.png,1,212,386,335,471
659,val/munster/munster_000010_000019_leftImg8bit.png,1,0,358,81,456
660,val/munster/munster_000010_000019_leftImg8bit.png,1,311,267,813,515
661,val/munster/munster_000010_000019_leftImg8bit.png,0,970,418,1035,488
662,val/munster/munster_000010_000019_leftImg8bit.png,0,889,339,992,596
663,val/munster/munster_000010_000019_leftImg8bit.png,4,641,421,863,578
664,val/munster/munster_000010_000019_leftImg8bit.png,0,694,329,791,573
665,val/munster/munster_000010_000019_leftImg8bit.png,0,1099,335,1259,640
666,val/munster/munster_000010_000019_leftImg8bit.png,4,117,382,237,507
667,val/munster/munster_000010_000019_leftImg8bit.png,4,976,417,1097,499
668,val/munster/munster_000010_000019_leftImg8bit.png,0,982,416,1036,468
669,val/munster/munster_000071_000019_leftImg8bit.png,1,689,394,835,543
670,val/munster/munster_000071_000019_leftImg8bit.png,1,438,391,745,597
671,val/munster/munster_000071_000019_leftImg8bit.png,1,1047,405,1098,456
672,val/munster/munster_000071_000019_leftImg8bit.png,1,1072,402,1140,465
673,val/munster/munster_000071_000019_leftImg8bit.png,1,1107,407,1158,485
674,val/munster/munster_000071_000019_leftImg8bit.png,1,1123,396,1236,497
675,val/munster/munster_000071_000019_leftImg8bit.png,4,1185,425,1245,495
676,val/munster/munster_000071_000019_leftImg8bit.png,4,1666,389,1737,484
677,val/munster/munster_000071_000019_leftImg8bit.png,4,1278,423,1344,524
678,val/munster/munster_000058_000019_leftImg8bit.png,5,1486,387,1595,538
679,val/munster/munster_000058_000019_leftImg8bit.png,1,0,439,264,600
680,val/munster/munster_000058_000019_leftImg8bit.png,1,927,421,1040,513
681,val/munster/munster_000058_000019_leftImg8bit.png,1,1012,391,1206,557
682,val/munster/munster_000058_000019_leftImg8bit.png,1,302,431,486,529
683,val/munster/munster_000058_000019_leftImg8bit.png,4,1612,392,1688,547
684,val/munster/munster_000058_000019_leftImg8bit.png,0,1662,383,1787,568
685,val/munster/munster_000134_000019_leftImg8bit.png,3,385,324,726,548
686,val/munster/munster_000134_000019_leftImg8bit.png,0,1771,357,1827,536
687,val/munster/munster_000134_000019_leftImg8bit.png,1,760,441,849,508
688,val/munster/munster_000134_000019_leftImg8bit.png,4,1492,427,1576,515
689,val/munster/munster_000165_000019_leftImg8bit.png,1,1147,421,1209,474
690,val/munster/munster_000165_000019_leftImg8bit.png,1,1203,421,1271,491
691,val/munster/munster_000165_000019_leftImg8bit.png,1,1224,423,1288,498
692,val/munster/munster_000165_000019_leftImg8bit.png,1,1239,425,1320,513
693,val/munster/munster_000165_000019_leftImg8bit.png,0,1792,366,1876,441
694,val/munster/munster_000165_000019_leftImg8bit.png,0,1867,358,1957,472
695,val/munster/munster_000165_000019_leftImg8bit.png,1,1282,429,1361,529
696,val/munster/munster_000165_000019_leftImg8bit.png,1,1308,421,1441,547
697,val/munster/munster_000165_000019_leftImg8bit.png,1,1383,418,1606,581
698,val/munster/munster_000165_000019_leftImg8bit.png,1,1525,420,1991,671
699,val/munster/munster_000165_000019_leftImg8bit.png,1,1793,459,2048,781
700,val/munster/munster_000165_000019_leftImg8bit.png,1,989,408,1121,512
701,val/munster/munster_000008_000019_leftImg8bit.png,1,1136,424,1192,481
702,val/munster/munster_000008_000019_leftImg8bit.png,1,931,417,998,506
703,val/munster/munster_000008_000019_leftImg8bit.png,1,1164,428,1221,500
704,val/munster/munster_000008_000019_leftImg8bit.png,1,1190,425,1245,517
705,val/munster/munster_000008_000019_leftImg8bit.png,1,1216,412,1306,528
706,val/munster/munster_000008_000019_leftImg8bit.png,1,1228,415,1358,550
707,val/munster/munster_000008_000019_leftImg8bit.png,1,814,422,958,540
708,val/munster/munster_000008_000019_leftImg8bit.png,1,602,406,859,627
709,val/munster/munster_000008_000019_leftImg8bit.png,1,1535,415,1687,527
710,val/munster/munster_000008_000019_leftImg8bit.png,1,1701,406,1854,523
711,val/munster/munster_000008_000019_leftImg8bit.png,1,1279,409,1591,622
712,val/munster/munster_000008_000019_leftImg8bit.png,1,0,369,637,951
713,val/munster/munster_000081_000019_leftImg8bit.png,1,1068,418,1137,492
714,val/munster/munster_000081_000019_leftImg8bit.png,1,1087,416,1139,503
715,val/munster/munster_000081_000019_leftImg8bit.png,1,1109,401,1238,522
716,val/munster/munster_000081_000019_leftImg8bit.png,1,1132,415,1255,550
717,val/munster/munster_000081_000019_leftImg8bit.png,1,1208,396,1347,563
718,val/munster/munster_000081_000019_leftImg8bit.png,1,1237,384,1497,624
719,val/munster/munster_000081_000019_leftImg8bit.png,1,1380,323,2048,812
720,val/munster/munster_000081_000019_leftImg8bit.png,1,1899,530,2048,1024
721,val/munster/munster_000081_000019_leftImg8bit.png,1,841,423,899,496
722,val/munster/munster_000081_000019_leftImg8bit.png,1,791,417,882,513
723,val/munster/munster_000081_000019_leftImg8bit.png,1,781,414,854,523
724,val/munster/munster_000081_000019_leftImg8bit.png,1,744,407,849,556
725,val/munster/munster_000081_000019_leftImg8bit.png,1,700,404,803,540
726,val/munster/munster_000081_000019_leftImg8bit.png,1,689,402,782,526
727,val/munster/munster_000081_000019_leftImg8bit.png,1,596,394,790,636
728,val/munster/munster_000081_000019_leftImg8bit.png,1,9,263,684,758
729,val/munster/munster_000158_000019_leftImg8bit.png,1,1295,407,1423,462
730,val/munster/munster_000158_000019_leftImg8bit.png,1,1418,402,1570,454
731,val/munster/munster_000158_000019_leftImg8bit.png,1,1708,350,1989,436
732,val/munster/munster_000158_000019_leftImg8bit.png,1,555,447,631,527
733,val/munster/munster_000158_000019_leftImg8bit.png,1,455,445,590,537
734,val/munster/munster_000158_000019_leftImg8bit.png,1,749,440,847,518
735,val/munster/munster_000158_000019_leftImg8bit.png,1,588,435,764,572
736,val/munster/munster_000158_000019_leftImg8bit.png,1,189,442,377,594
737,val/munster/munster_000158_000019_leftImg8bit.png,1,0,436,242,635
738,val/munster/munster_000047_000019_leftImg8bit.png,4,300,449,404,505
739,val/munster/munster_000047_000019_leftImg8bit.png,0,68,380,157,574
740,val/munster/munster_000047_000019_leftImg8bit.png,1,907,408,1024,504
741,val/munster/munster_000047_000019_leftImg8bit.png,0,1373,360,1426,448
742,val/munster/munster_000047_000019_leftImg8bit.png,0,1684,332,1753,509
743,val/munster/munster_000047_000019_leftImg8bit.png,0,1154,354,1264,658
744,val/munster/munster_000047_000019_leftImg8bit.png,0,340,388,402,530
745,val/munster/munster_000047_000019_leftImg8bit.png,4,1068,447,1398,652
746,val/munster/munster_000120_000019_leftImg8bit.png,1,1081,376,1160,452
747,val/munster/munster_000120_000019_leftImg8bit.png,1,899,408,964,459
748,val/munster/munster_000120_000019_leftImg8bit.png,1,783,408,851,477
749,val/munster/munster_000120_000019_leftImg8bit.png,1,692,386,798,496
750,val/munster/munster_000120_000019_leftImg8bit.png,1,605,403,726,528
751,val/munster/munster_000120_000019_leftImg8bit.png,1,476,404,691,551
752,val/munster/munster_000120_000019_leftImg8bit.png,1,1052,412,1168,524
753,val/munster/munster_000120_000019_leftImg8bit.png,1,1133,394,1295,540
754,val/munster/munster_000067_000019_leftImg8bit.png,1,1220,439,1352,538
755,val/munster/munster_000067_000019_leftImg8bit.png,1,817,419,961,523
756,val/munster/munster_000067_000019_leftImg8bit.png,1,758,415,877,522
757,val/munster/munster_000067_000019_leftImg8bit.png,1,708,406,866,533
758,val/munster/munster_000067_000019_leftImg8bit.png,1,474,377,753,583
759,val/munster/munster_000067_000019_leftImg8bit.png,1,520,394,700,616
760,val/munster/munster_000067_000019_leftImg8bit.png,1,275,364,649,664
761,val/munster/munster_000067_000019_leftImg8bit.png,1,1,341,473,739
762,val/munster/munster_000067_000019_leftImg8bit.png,1,1337,430,1602,626
763,val/munster/munster_000031_000019_leftImg8bit.png,3,1232,342,1363,412
764,val/munster/munster_000031_000019_leftImg8bit.png,3,890,300,1061,455
765,val/munster/munster_000031_000019_leftImg8bit.png,1,622,392,722,474
766,val/munster/munster_000031_000019_leftImg8bit.png,1,501,399,644,496
767,val/munster/munster_000031_000019_leftImg8bit.png,1,879,384,1149,596
768,val/munster/munster_000031_000019_leftImg8bit.png,4,1289,394,1381,494
769,val/munster/munster_000031_000019_leftImg8bit.png,4,1512,381,1589,488
770,val/munster/munster_000031_000019_leftImg8bit.png,4,1718,374,1833,524
771,val/munster/munster_000031_000019_leftImg8bit.png,4,1779,375,1910,529
772,val/munster/munster_000031_000019_leftImg8bit.png,4,1853,384,2034,550
773,val/munster/munster_000000_000019_leftImg8bit.png,1,751,430,829,482
774,val/munster/munster_000000_000019_leftImg8bit.png,1,679,425,732,476
775,val/munster/munster_000000_000019_leftImg8bit.png,1,998,420,1100,495
776,val/munster/munster_000000_000019_leftImg8bit.png,1,1762,380,2048,490
777,val/munster/munster_000000_000019_leftImg8bit.png,0,1873,338,1944,536
778,val/munster/munster_000000_000019_leftImg8bit.png,1,275,399,695,557
779,val/munster/munster_000000_000019_leftImg8bit.png,1,0,407,178,591
780,val/munster/munster_000000_000019_leftImg8bit.png,4,311,424,664,653
781,val/munster/munster_000000_000019_leftImg8bit.png,4,1900,418,1952,535
782,val/munster/munster_000169_000019_leftImg8bit.png,1,733,410,832,472
783,val/munster/munster_000169_000019_leftImg8bit.png,1,875,404,1044,472
784,val/munster/munster_000169_000019_leftImg8bit.png,1,1004,412,1164,474
785,val/munster/munster_000169_000019_leftImg8bit.png,1,577,411,697,506
786,val/munster/munster_000169_000019_leftImg8bit.png,1,1476,392,1642,512
787,val/munster/munster_000001_000019_leftImg8bit.png,0,1534,332,1601,495
788,val/munster/munster_000001_000019_leftImg8bit.png,0,1774,295,1828,472
789,val/munster/munster_000001_000019_leftImg8bit.png,0,1779,280,1903,508
790,val/munster/munster_000001_000019_leftImg8bit.png,1,430,444,501,534
791,val/munster/munster_000001_000019_leftImg8bit.png,1,0,364,538,799
792,val/munster/munster_000155_000019_leftImg8bit.png,1,548,394,685,445
793,val/munster/munster_000155_000019_leftImg8bit.png,4,1564,420,1667,518
794,val/munster/munster_000106_000019_leftImg8bit.png,0,1389,391,1440,501
795,val/munster/munster_000106_000019_leftImg8bit.png,2,935,381,998,464
796,val/munster/munster_000106_000019_leftImg8bit.png,1,920,413,983,470
797,val/munster/munster_000106_000019_leftImg8bit.png,1,909,425,960,477
798,val/munster/munster_000106_000019_leftImg8bit.png,1,809,391,912,494
799,val/munster/munster_000106_000019_leftImg8bit.png,1,795,433,863,511
800,val/munster/munster_000106_000019_leftImg8bit.png,1,744,420,825,525
801,val/munster/munster_000106_000019_leftImg8bit.png,1,588,395,769,547
802,val/munster/munster_000106_000019_leftImg8bit.png,1,436,424,645,585
803,val/munster/munster_000106_000019_leftImg8bit.png,1,32,433,214,596
804,val/munster/munster_000106_000019_leftImg8bit.png,1,88,424,497,654
805,val/munster/munster_000106_000019_leftImg8bit.png,1,0,416,123,714
806,val/munster/munster_000106_000019_leftImg8bit.png,1,1056,421,1142,494
807,val/munster/munster_000106_000019_leftImg8bit.png,4,1535,407,1608,527
808,val/munster/munster_000091_000019_leftImg8bit.png,0,1983,389,2040,492
809,val/munster/munster_000091_000019_leftImg8bit.png,1,0,319,416,535
810,val/munster/munster_000091_000019_leftImg8bit.png,3,970,282,1945,521
811,val/munster/munster_000091_000019_leftImg8bit.png,1,1317,410,1737,550
812,val/munster/munster_000091_000019_leftImg8bit.png,1,583,401,691,497
813,val/munster/munster_000133_000019_leftImg8bit.png,4,762,446,849,596
814,val/munster/munster_000133_000019_leftImg8bit.png,0,823,372,890,594
815,val/munster/munster_000124_000019_leftImg8bit.png,1,878,430,955,485
816,val/munster/munster_000124_000019_leftImg8bit.png,1,954,422,1011,486
817,val/munster/munster_000124_000019_leftImg8bit.png,1,1000,393,1138,490
818,val/munster/munster_000124_000019_leftImg8bit.png,1,1074,408,1161,496
819,val/munster/munster_000124_000019_leftImg8bit.png,1,1173,384,1298,455
820,val/munster/munster_000124_000019_leftImg8bit.png,1,1116,407,1273,539
821,val/munster/munster_000124_000019_leftImg8bit.png,1,1221,380,1406,582
822,val/munster/munster_000124_000019_leftImg8bit.png,1,1315,365,1731,663
823,val/munster/munster_000124_000019_leftImg8bit.png,4,620,416,674,497
824,val/munster/munster_000124_000019_leftImg8bit.png,1,1991,756,2047,903
825,val/munster/munster_000173_000019_leftImg8bit.png,1,1158,468,1238,597
826,val/munster/munster_000173_000019_leftImg8bit.png,1,413,470,605,524
827,val/munster/munster_000173_000019_leftImg8bit.png,1,126,483,488,677
828,val/munster/munster_000086_000019_leftImg8bit.png,1,1087,436,1139,489
829,val/munster/munster_000086_000019_leftImg8bit.png,1,1117,432,1193,514
830,val/munster/munster_000086_000019_leftImg8bit.png,1,1164,432,1260,527
831,val/munster/munster_000086_000019_leftImg8bit.png,1,1197,435,1294,547
832,val/munster/munster_000086_000019_leftImg8bit.png,1,1229,432,1371,571
833,val/munster/munster_000086_000019_leftImg8bit.png,1,1281,430,1515,601
834,val/munster/munster_000086_000019_leftImg8bit.png,1,914,422,976,487
835,val/munster/munster_000086_000019_leftImg8bit.png,1,911,438,971,491
836,val/munster/munster_000086_000019_leftImg8bit.png,1,894,436,948,506
837,val/munster/munster_000086_000019_leftImg8bit.png,1,779,410,913,537
838,val/munster/munster_000086_000019_leftImg8bit.png,1,774,433,872,553
839,val/munster/munster_000086_000019_leftImg8bit.png,1,669,422,816,602
840,val/munster/munster_000086_000019_leftImg8bit.png,1,0,491,132,1024
841,val/munster/munster_000086_000019_leftImg8bit.png,4,360,431,476,595
842,val/munster/munster_000086_000019_leftImg8bit.png,1,383,415,778,671
843,val/munster/munster_000086_000019_leftImg8bit.png,4,206,426,295,562
844,val/munster/munster_000086_000019_leftImg8bit.png,4,1566,454,1640,563
845,val/munster/munster_000086_000019_leftImg8bit.png,1,1653,358,2048,910
846,val/munster/munster_000066_000019_leftImg8bit.png,1,978,440,1064,502
847,val/munster/munster_000066_000019_leftImg8bit.png,1,1195,423,1281,506
848,val/munster/munster_000066_000019_leftImg8bit.png,1,1242,440,1312,513
849,val/munster/munster_000066_000019_leftImg8bit.png,1,1284,405,1457,536
850,val/munster/munster_000066_000019_leftImg8bit.png,4,1540,425,1648,520
851,val/munster/munster_000066_000019_leftImg8bit.png,4,1560,433,1675,522
852,val/munster/munster_000066_000019_leftImg8bit.png,4,1621,441,1734,533
853,val/munster/munster_000066_000019_leftImg8bit.png,1,630,458,706,513
854,val/munster/munster_000066_000019_leftImg8bit.png,1,1746,391,2048,699
855,val/munster/munster_000107_000019_leftImg8bit.png,1,1306,423,1438,477
856,val/munster/munster_000107_000019_leftImg8bit.png,2,811,382,915,502
857,val/munster/munster_000107_000019_leftImg8bit.png,1,834,442,887,511
858,val/munster/munster_000107_000019_leftImg8bit.png,1,775,439,874,523
859,val/munster/munster_000107_000019_leftImg8bit.png,1,643,436,787,555
860,val/munster/munster_000107_000019_leftImg8bit.png,1,489,414,681,596
861,val/munster/munster_000107_000019_leftImg8bit.png,1,0,328,525,720
862,val/munster/munster_000107_000019_leftImg8bit.png,1,1017,430,1105,499
863,val/munster/munster_000096_000019_leftImg8bit.png,1,948,419,1034,484
864,val/munster/munster_000096_000019_leftImg8bit.png,1,1164,421,1229,502
865,val/munster/munster_000096_000019_leftImg8bit.png,1,1182,421,1269,516
866,val/munster/munster_000096_000019_leftImg8bit.png,1,1234,393,1392,535
867,val/munster/munster_000096_000019_leftImg8bit.png,1,1287,412,1529,601
868,val/munster/munster_000096_000019_leftImg8bit.png,1,1404,406,1802,679
869,val/munster/munster_000096_000019_leftImg8bit.png,1,1614,360,2048,906
870,val/munster/munster_000096_000019_leftImg8bit.png,4,444,402,539,542
871,val/munster/munster_000052_000019_leftImg8bit.png,1,605,432,696,511
872,val/munster/munster_000052_000019_leftImg8bit.png,0,76,432,188,665
873,val/munster/munster_000052_000019_leftImg8bit.png,0,1670,384,1723,478
874,val/munster/munster_000052_000019_leftImg8bit.png,0,1562,377,1629,567
875,val/munster/munster_000052_000019_leftImg8bit.png,0,1417,387,1481,566
876,val/munster/munster_000052_000019_leftImg8bit.png,1,963,412,1088,524
877,val/munster/munster_000052_000019_leftImg8bit.png,1,768,418,1067,634
878,val/munster/munster_000052_000019_leftImg8bit.png,4,323,496,544,609
879,val/munster/munster_000052_000019_leftImg8bit.png,0,459,394,540,609
880,val/munster/munster_000052_000019_leftImg8bit.png,0,372,381,488,628
881,val/munster/munster_000052_000019_leftImg8bit.png,0,389,363,462,641
882,val/munster/munster_000052_000019_leftImg8bit.png,0,104,397,198,675
883,val/munster/munster_000052_000019_leftImg8bit.png,0,79,424,163,685
884,val/munster/munster_000052_000019_leftImg8bit.png,4,21,477,78,569
885,val/munster/munster_000025_000019_leftImg8bit.png,1,1009,417,1125,512
886,val/munster/munster_000025_000019_leftImg8bit.png,1,609,435,691,505
887,val/munster/munster_000025_000019_leftImg8bit.png,1,524,434,635,522
888,val/munster/munster_000025_000019_leftImg8bit.png,1,418,432,549,535
889,val/munster/munster_000025_000019_leftImg8bit.png,1,263,434,439,552
890,val/munster/munster_000025_000019_leftImg8bit.png,1,102,440,288,581
891,val/munster/munster_000025_000019_leftImg8bit.png,1,0,359,127,655
892,val/munster/munster_000074_000019_leftImg8bit.png,1,919,438,989,492
893,val/munster/munster_000074_000019_leftImg8bit.png,1,965,430,1036,495
894,val/munster/munster_000074_000019_leftImg8bit.png,1,1005,426,1104,493
895,val/munster/munster_000074_000019_leftImg8bit.png,1,516,437,571,492
896,val/munster/munster_000074_000019_leftImg8bit.png,1,422,427,536,508
897,val/munster/munster_000074_000019_leftImg8bit.png,1,369,426,500,494
898,val/munster/munster_000074_000019_leftImg8bit.png,1,102,396,391,527
899,val/munster/munster_000074_000019_leftImg8bit.png,1,639,408,759,526
900,val/munster/munster_000074_000019_leftImg8bit.png,1,543,410,748,560
901,val/munster/munster_000074_000019_leftImg8bit.png,4,233,420,323,537
902,val/munster/munster_000074_000019_leftImg8bit.png,4,191,476,266,533
903,val/munster/munster_000074_000019_leftImg8bit.png,4,128,435,230,556
904,val/munster/munster_000074_000019_leftImg8bit.png,1,1088,379,1230,514
905,val/munster/munster_000074_000019_leftImg8bit.png,4,1137,447,1231,524
906,val/munster/munster_000074_000019_leftImg8bit.png,4,1183,454,1242,524
907,val/munster/munster_000074_000019_leftImg8bit.png,1,1216,402,1402,558
908,val/munster/munster_000074_000019_leftImg8bit.png,1,1308,403,1609,603
909,val/munster/munster_000074_000019_leftImg8bit.png,1,1529,375,2016,701
910,val/munster/munster_000074_000019_leftImg8bit.png,1,1885,454,2048,828
911,val/munster/munster_000079_000019_leftImg8bit.png,1,2,409,208,533
912,val/munster/munster_000079_000019_leftImg8bit.png,1,159,426,373,541
913,val/munster/munster_000079_000019_leftImg8bit.png,1,509,437,567,535
914,val/munster/munster_000079_000019_leftImg8bit.png,0,423,439,495,538
915,val/munster/munster_000079_000019_leftImg8bit.png,1,1007,436,1102,512
916,val/munster/munster_000079_000019_leftImg8bit.png,1,611,442,740,551
917,val/munster/munster_000079_000019_leftImg8bit.png,1,704,427,892,567
918,val/munster/munster_000079_000019_leftImg8bit.png,4,1590,418,1657,542
919,val/munster/munster_000079_000019_leftImg8bit.png,4,1554,442,1610,589
920,val/munster/munster_000079_000019_leftImg8bit.png,4,1903,401,2048,599
921,val/munster/munster_000159_000019_leftImg8bit.png,1,598,445,1025,584
922,val/munster/munster_000159_000019_leftImg8bit.png,4,1165,452,1241,511
923,val/munster/munster_000061_000019_leftImg8bit.png,0,271,370,329,516
924,val/munster/munster_000061_000019_leftImg8bit.png,0,210,361,280,525
925,val/munster/munster_000061_000019_leftImg8bit.png,0,331,325,477,683
926,val/munster/munster_000061_000019_leftImg8bit.png,0,643,305,833,694
927,val/munster/munster_000061_000019_leftImg8bit.png,0,1439,316,1537,523
928,val/munster/munster_000061_000019_leftImg8bit.png,0,1962,238,2048,592
929,val/munster/munster_000061_000019_leftImg8bit.png,0,1199,324,1255,573
930,val/munster/munster_000061_000019_leftImg8bit.png,0,1087,239,1297,723
931,val/munster/munster_000089_000019_leftImg8bit.png,1,706,422,787,496
932,val/munster/munster_000089_000019_leftImg8bit.png,1,706,433,762,502
933,val/munster/munster_000089_000019_leftImg8bit.png,1,598,418,717,514
934,val/munster/munster_000089_000019_leftImg8bit.png,1,507,429,647,538
935,val/munster/munster_000089_000019_leftImg8bit.png,4,249,466,325,572
936,val/munster/munster_000089_000019_leftImg8bit.png,1,361,439,562,576
937,val/munster/munster_000089_000019_leftImg8bit.png,1,1,480,221,671
938,val/munster/munster_000089_000019_leftImg8bit.png,1,1033,422,1086,477
939,val/munster/munster_000089_000019_leftImg8bit.png,1,1040,431,1106,484
940,val/munster/munster_000089_000019_leftImg8bit.png,1,906,408,1038,518
941,val/munster/munster_000089_000019_leftImg8bit.png,4,1792,417,1844,500
942,val/munster/munster_000089_000019_leftImg8bit.png,4,1870,403,1928,508
943,val/munster/munster_000089_000019_leftImg8bit.png,4,1976,380,2048,523
944,val/munster/munster_000089_000019_leftImg8bit.png,4,1807,420,1887,545
945,val/munster/munster_000089_000019_leftImg8bit.png,0,1616,360,1680,498
946,val/munster/munster_000041_000019_leftImg8bit.png,3,584,369,761,490
947,val/munster/munster_000041_000019_leftImg8bit.png,1,463,401,575,518
948,val/munster/munster_000041_000019_leftImg8bit.png,1,350,430,518,538
949,val/munster/munster_000041_000019_leftImg8bit.png,1,167,422,371,585
950,val/munster/munster_000041_000019_leftImg8bit.png,1,0,409,225,629
951,val/munster/munster_000041_000019_leftImg8bit.png,0,1798,369,1865,450
952,val/munster/munster_000041_000019_leftImg8bit.png,0,892,365,994,559
953,val/munster/munster_000041_000019_leftImg8bit.png,4,1984,413,2048,521
954,val/munster/munster_000041_000019_leftImg8bit.png,4,355,466,409,561
955,val/munster/munster_000041_000019_leftImg8bit.png,4,379,456,472,620
956,val/munster/munster_000017_000019_leftImg8bit.png,1,1091,390,1169,492
957,val/munster/munster_000017_000019_leftImg8bit.png,1,1103,420,1203,510
958,val/munster/munster_000017_000019_leftImg8bit.png,1,586,411,720,497
959,val/munster/munster_000017_000019_leftImg8bit.png,5,1146,408,1211,521
960,val/munster/munster_000017_000019_leftImg8bit.png,1,496,426,684,588
961,val/munster/munster_000017_000019_leftImg8bit.png,1,651,395,916,615
962,val/munster/munster_000017_000019_leftImg8bit.png,1,1174,395,1385,592
963,val/munster/munster_000017_000019_leftImg8bit.png,1,1288,377,1518,652
964,val/munster/munster_000017_000019_leftImg8bit.png,1,221,415,535,684
965,val/munster/munster_000017_000019_leftImg8bit.png,1,0,401,324,783
966,val/munster/munster_000017_000019_leftImg8bit.png,1,1396,352,1875,767
967,val/munster/munster_000017_000019_leftImg8bit.png,1,1655,303,2048,1017
968,val/munster/munster_000117_000019_leftImg8bit.png,1,119,454,201,515
969,val/munster/munster_000117_000019_leftImg8bit.png,1,0,454,140,525
970,val/munster/munster_000117_000019_leftImg8bit.png,2,1011,391,1084,452
971,val/munster/munster_000117_000019_leftImg8bit.png,1,932,410,1104,553
972,val/munster/munster_000117_000019_leftImg8bit.png,3,1166,291,1483,555
973,val/munster/munster_000117_000019_leftImg8bit.png,1,1496,326,2047,758
974,val/munster/munster_000117_000019_leftImg8bit.png,4,2,473,128,551
975,val/munster/munster_000093_000019_leftImg8bit.png,1,817,421,937,518
976,val/munster/munster_000093_000019_leftImg8bit.png,1,640,432,741,519
977,val/munster/munster_000093_000019_leftImg8bit.png,1,284,417,681,672
978,val/munster/munster_000093_000019_leftImg8bit.png,1,1224,420,1333,496
979,val/munster/munster_000093_000019_leftImg8bit.png,1,1476,403,1567,466
980,val/munster/munster_000093_000019_leftImg8bit.png,1,1320,394,1465,521
981,val/munster/munster_000093_000019_leftImg8bit.png,1,1322,413,1513,558
982,val/munster/munster_000093_000019_leftImg8bit.png,1,1693,381,2048,720
983,val/munster/munster_000093_000019_leftImg8bit.png,1,0,457,159,659
984,val/munster/munster_000093_000019_leftImg8bit.png,1,1066,428,1147,495
985,val/munster/munster_000029_000019_leftImg8bit.png,1,862,450,914,503
986,val/munster/munster_000029_000019_leftImg8bit.png,1,649,440,742,527
987,val/munster/munster_000029_000019_leftImg8bit.png,1,764,442,887,536
988,val/munster/munster_000029_000019_leftImg8bit.png,1,565,444,698,541
989,val/munster/munster_000029_000019_leftImg8bit.png,4,1569,438,1675,528
990,val/munster/munster_000029_000019_leftImg8bit.png,4,1601,415,1689,522
991,val/munster/munster_000029_000019_leftImg8bit.png,4,1660,410,1769,534
992,val/munster/munster_000029_000019_leftImg8bit.png,4,1715,410,1816,541
993,val/munster/munster_000029_000019_leftImg8bit.png,0,1611,353,1690,542
994,val/munster/munster_000136_000019_leftImg8bit.png,4,1796,401,1862,502
995,val/munster/munster_000136_000019_leftImg8bit.png,4,618,438,678,528
996,val/munster/munster_000101_000019_leftImg8bit.png,1,1551,389,2048,722
997,val/munster/munster_000101_000019_leftImg8bit.png,1,1817,480,2048,825
998,val/munster/munster_000101_000019_leftImg8bit.png,1,1048,426,1265,523
999,val/munster/munster_000101_000019_leftImg8bit.png,1,102,420,442,552
1000,val/munster/munster_000101_000019_leftImg8bit.png,0,579,386,648,566
1001,val/munster/munster_000101_000019_leftImg8bit.png,4,583,435,647,548
1002,val/munster/munster_000168_000019_leftImg8bit.png,1,800,405,914,485
1003,val/munster/munster_000168_000019_leftImg8bit.png,1,918,423,974,492
1004,val/munster/munster_000168_000019_leftImg8bit.png,1,963,347,1160,495
1005,val/munster/munster_000168_000019_leftImg8bit.png,1,1141,411,1242,493
1006,val/munster/munster_000168_000019_leftImg8bit.png,1,1206,404,1387,522
1007,val/munster/munster_000168_000019_leftImg8bit.png,1,1011,413,1224,553
1008,val/munster/munster_000168_000019_leftImg8bit.png,1,1346,400,1549,550
1009,val/munster/munster_000168_000019_leftImg8bit.png,1,1452,392,1761,576
1010,val/munster/munster_000168_000019_leftImg8bit.png,1,564,416,677,549
1011,val/munster/munster_000168_000019_leftImg8bit.png,1,0,423,241,625
1012,val/munster/munster_000168_000019_leftImg8bit.png,1,139,373,615,723
1013,val/munster/munster_000056_000019_leftImg8bit.png,1,1078,412,1177,501
1014,val/munster/munster_000056_000019_leftImg8bit.png,1,916,440,989,500
1015,val/munster/munster_000056_000019_leftImg8bit.png,0,1391,399,1443,547
1016,val/munster/munster_000056_000019_leftImg8bit.png,0,1476,393,1527,524
1017,val/munster/munster_000056_000019_leftImg8bit.png,0,1517,374,1579,555
1018,val/munster/munster_000056_000019_leftImg8bit.png,0,1581,385,1646,556
1019,val/munster/munster_000056_000019_leftImg8bit.png,0,1644,357,1716,566
1020,val/munster/munster_000056_000019_leftImg8bit.png,0,1754,360,1830,557
1021,val/munster/munster_000056_000019_leftImg8bit.png,1,789,429,920,527
1022,val/munster/munster_000056_000019_leftImg8bit.png,1,960,416,1115,541
1023,val/munster/munster_000056_000019_leftImg8bit.png,1,0,255,525,948
1024,val/munster/munster_000056_000019_leftImg8bit.png,4,1214,438,1333,533
1025,val/munster/munster_000056_000019_leftImg8bit.png,4,1911,425,2048,568
1026,val/munster/munster_000056_000019_leftImg8bit.png,0,1831,319,1930,577
1027,val/munster/munster_000056_000019_leftImg8bit.png,4,700,452,752,577
1028,val/munster/munster_000056_000019_leftImg8bit.png,4,626,472,680,578
1029,val/munster/munster_000171_000019_leftImg8bit.png,2,738,374,804,466
1030,val/munster/munster_000171_000019_leftImg8bit.png,1,0,403,173,623
1031,val/munster/munster_000171_000019_leftImg8bit.png,3,1049,379,1176,480
1032,val/munster/munster_000113_000019_leftImg8bit.png,1,496,394,803,526
1033,val/munster/munster_000113_000019_leftImg8bit.png,1,1209,394,1303,502
1034,val/munster/munster_000113_000019_leftImg8bit.png,1,1264,391,1480,579
1035,val/munster/munster_000113_000019_leftImg8bit.png,0,1772,396,1824,529
1036,val/munster/munster_000113_000019_leftImg8bit.png,0,1715,374,1782,532
1037,val/munster/munster_000162_000019_leftImg8bit.png,4,1326,439,1386,496
1038,val/munster/munster_000162_000019_leftImg8bit.png,0,574,426,656,594
1039,val/munster/munster_000162_000019_leftImg8bit.png,1,1516,424,1610,488
1040,val/munster/munster_000162_000019_leftImg8bit.png,1,1363,418,1530,540
1041,val/munster/munster_000162_000019_leftImg8bit.png,4,1080,447,1144,526
1042,val/munster/munster_000162_000019_leftImg8bit.png,4,523,488,687,600
1043,val/munster/munster_000162_000019_leftImg8bit.png,1,1090,426,1338,599
1044,val/munster/munster_000128_000019_leftImg8bit.png,1,750,439,833,492
1045,val/munster/munster_000128_000019_leftImg8bit.png,1,219,361,493,557
1046,val/munster/munster_000128_000019_leftImg8bit.png,1,1386,420,1437,475
1047,val/munster/munster_000128_000019_leftImg8bit.png,3,1457,103,2046,618
1048,val/munster/munster_000128_000019_leftImg8bit.png,1,1173,425,1224,486
1049,val/munster/munster_000128_000019_leftImg8bit.png,1,1057,391,1189,506
1050,val/munster/munster_000128_000019_leftImg8bit.png,1,631,436,734,501
1051,val/munster/munster_000095_000019_leftImg8bit.png,1,1233,373,1285,456
1052,val/munster/munster_000095_000019_leftImg8bit.png,1,1731,357,1986,452
1053,val/munster/munster_000095_000019_leftImg8bit.png,1,796,409,876,463
1054,val/munster/munster_000095_000019_leftImg8bit.png,1,601,404,837,610
1055,val/munster/munster_000095_000019_leftImg8bit.png,1,165,397,716,758
1056,val/munster/munster_000095_000019_leftImg8bit.png,4,1646,387,1764,555
1057,val/munster/munster_000011_000019_leftImg8bit.png,1,1145,430,1207,498
1058,val/munster/munster_000011_000019_leftImg8bit.png,1,1183,409,1316,527
1059,val/munster/munster_000011_000019_leftImg8bit.png,1,1222,426,1374,547
1060,val/munster/munster_000011_000019_leftImg8bit.png,1,1330,374,1632,627
1061,val/munster/munster_000011_000019_leftImg8bit.png,1,1514,344,2048,849
1062,val/munster/munster_000011_000019_leftImg8bit.png,4,314,453,374,559
1063,val/munster/munster_000139_000019_leftImg8bit.png,0,1359,365,1420,464
1064,val/munster/munster_000139_000019_leftImg8bit.png,0,1490,346,1566,512
1065,val/munster/munster_000139_000019_leftImg8bit.png,0,1685,327,1787,475
1066,val/munster/munster_000139_000019_leftImg8bit.png,0,266,390,335,532
1067,val/munster/munster_000139_000019_leftImg8bit.png,0,324,374,387,532
1068,val/munster/munster_000139_000019_leftImg8bit.png,4,532,442,585,575
1069,val/munster/munster_000139_000019_leftImg8bit.png,4,656,440,721,567
1070,val/munster/munster_000139_000019_leftImg8bit.png,1,866,387,1137,599
1071,val/munster/munster_000139_000019_leftImg8bit.png,4,1395,397,1598,623
1072,val/munster/munster_000139_000019_leftImg8bit.png,4,1425,401,1658,649
1073,val/munster/munster_000139_000019_leftImg8bit.png,4,1513,450,1701,664
1074,val/munster/munster_000139_000019_leftImg8bit.png,4,1546,389,1806,668
1075,val/munster/munster_000139_000019_leftImg8bit.png,4,1582,405,1787,695
1076,val/munster/munster_000139_000019_leftImg8bit.png,4,1759,416,1850,492
1077,val/munster/munster_000139_000019_leftImg8bit.png,4,1653,400,2015,731
1078,val/munster/munster_000139_000019_leftImg8bit.png,4,1773,444,2048,770
1079,val/munster/munster_000139_000019_leftImg8bit.png,4,1956,463,2048,820
1080,val/munster/munster_000075_000019_leftImg8bit.png,1,0,461,80,616
1081,val/munster/munster_000075_000019_leftImg8bit.png,1,582,381,815,587
1082,val/munster/munster_000075_000019_leftImg8bit.png,1,864,436,937,488
1083,val/munster/munster_000075_000019_leftImg8bit.png,1,954,430,1013,489
1084,val/munster/munster_000075_000019_leftImg8bit.png,1,997,427,1072,491
1085,val/munster/munster_000075_000019_leftImg8bit.png,1,1096,422,1204,520
1086,val/munster/munster_000075_000019_leftImg8bit.png,1,1156,424,1276,532
1087,val/munster/munster_000075_000019_leftImg8bit.png,1,1228,434,1284,541
1088,val/munster/munster_000075_000019_leftImg8bit.png,1,1252,367,1520,575
1089,val/munster/munster_000075_000019_leftImg8bit.png,1,1391,413,1660,613
1090,val/munster/munster_000075_000019_leftImg8bit.png,1,1558,410,1982,688
1091,val/munster/munster_000075_000019_leftImg8bit.png,1,1784,393,2048,754
1092,val/munster/munster_000022_000019_leftImg8bit.png,1,230,454,288,506
1093,val/munster/munster_000022_000019_leftImg8bit.png,1,1255,410,1316,469
1094,val/munster/munster_000022_000019_leftImg8bit.png,1,1360,381,1472,515
1095,val/munster/munster_000022_000019_leftImg8bit.png,1,1386,382,1586,550
1096,val/munster/munster_000022_000019_leftImg8bit.png,1,1073,427,1132,478
1097,val/munster/munster_000022_000019_leftImg8bit.png,1,847,435,1000,495
1098,val/munster/munster_000022_000019_leftImg8bit.png,1,1114,426,1176,480
1099,val/munster/munster_000022_000019_leftImg8bit.png,1,861,437,971,514
1100,val/munster/munster_000022_000019_leftImg8bit.png,1,1161,408,1300,527
1101,val/munster/munster_000022_000019_leftImg8bit.png,4,375,467,439,573
1102,val/munster/munster_000057_000019_leftImg8bit.png,0,1259,375,1315,544
1103,val/munster/munster_000057_000019_leftImg8bit.png,0,1310,361,1381,540
1104,val/munster/munster_000057_000019_leftImg8bit.png,0,1409,351,1479,552
1105,val/munster/munster_000057_000019_leftImg8bit.png,0,1493,342,1574,574
1106,val/munster/munster_000057_000019_leftImg8bit.png,0,1427,344,1536,579
1107,val/munster/munster_000057_000019_leftImg8bit.png,0,1689,278,1832,659
1108,val/munster/munster_000057_000019_leftImg8bit.png,0,1949,224,2048,771
1109,val/munster/munster_000057_000019_leftImg8bit.png,1,718,417,806,488
1110,val/munster/munster_000057_000019_leftImg8bit.png,0,370,404,422,537
1111,val/munster/munster_000057_000019_leftImg8bit.png,0,26,370,132,601
1112,val/munster/munster_000057_000019_leftImg8bit.png,1,923,391,1040,512
1113,val/munster/munster_000057_000019_leftImg8bit.png,1,922,391,1106,545
1114,val/munster/munster_000057_000019_leftImg8bit.png,4,145,463,290,733
1115,val/munster/munster_000108_000019_leftImg8bit.png,1,1069,428,1152,499
1116,val/munster/munster_000108_000019_leftImg8bit.png,1,572,412,652,524
1117,val/munster/munster_000108_000019_leftImg8bit.png,1,541,401,616,546
1118,val/munster/munster_000108_000019_leftImg8bit.png,1,430,390,601,591
1119,val/munster/munster_000108_000019_leftImg8bit.png,1,0,281,446,742
1120,val/munster/munster_000009_000019_leftImg8bit.png,1,1155,421,1215,510
1121,val/munster/munster_000009_000019_leftImg8bit.png,1,1171,419,1232,517
1122,val/munster/munster_000009_000019_leftImg8bit.png,1,1180,418,1246,532
1123,val/munster/munster_000009_000019_leftImg8bit.png,1,1198,416,1381,560
1124,val/munster/munster_000009_000019_leftImg8bit.png,1,146,360,743,763
1125,val/munster/munster_000009_000019_leftImg8bit.png,1,1565,298,2047,998
1126,val/munster/munster_000105_000019_leftImg8bit.png,1,1352,396,1437,451
1127,val/munster/munster_000105_000019_leftImg8bit.png,1,390,366,656,517
1128,val/munster/munster_000105_000019_leftImg8bit.png,1,1490,386,1722,525
1129,val/munster/munster_000065_000019_leftImg8bit.png,1,836,419,952,520
1130,val/munster/munster_000065_000019_leftImg8bit.png,1,753,436,810,524
1131,val/munster/munster_000065_000019_leftImg8bit.png,1,633,428,788,540
1132,val/munster/munster_000065_000019_leftImg8bit.png,1,220,439,559,622
1133,val/munster/munster_000065_000019_leftImg8bit.png,4,1,480,194,665
1134,val/munster/munster_000065_000019_leftImg8bit.png,1,1194,423,1252,484
1135,val/munster/munster_000065_000019_leftImg8bit.png,1,1206,421,1311,499
1136,val/munster/munster_000065_000019_leftImg8bit.png,4,1310,431,1435,536
1137,val/munster/munster_000065_000019_leftImg8bit.png,1,1403,314,1835,660
1138,val/munster/munster_000065_000019_leftImg8bit.png,1,1614,330,2048,856
1139,val/munster/munster_000097_000019_leftImg8bit.png,1,955,414,1007,471
1140,val/munster/munster_000097_000019_leftImg8bit.png,1,908,414,974,485
1141,val/munster/munster_000097_000019_leftImg8bit.png,1,897,421,966,491
1142,val/munster/munster_000097_000019_leftImg8bit.png,1,783,359,928,507
1143,val/munster/munster_000097_000019_leftImg8bit.png,1,17,381,664,574
1144,val/munster/munster_000097_000019_leftImg8bit.png,1,1124,417,1190,485
1145,val/munster/munster_000097_000019_leftImg8bit.png,1,1145,423,1203,502
1146,val/munster/munster_000097_000019_leftImg8bit.png,1,1175,395,1312,514
1147,val/munster/munster_000097_000019_leftImg8bit.png,1,1185,411,1356,544
1148,val/munster/munster_000097_000019_leftImg8bit.png,4,1724,409,1889,554
1149,val/munster/munster_000097_000019_leftImg8bit.png,1,1766,296,2048,910
1150,val/munster/munster_000097_000019_leftImg8bit.png,4,1557,430,1613,548
1151,val/munster/munster_000097_000019_leftImg8bit.png,4,1509,430,1569,543
1152,val/munster/munster_000097_000019_leftImg8bit.png,4,862,422,934,589
1153,val/munster/munster_000097_000019_leftImg8bit.png,4,1020,425,1086,602
1154,val/munster/munster_000097_000019_leftImg8bit.png,4,196,386,451,600
1155,val/munster/munster_000084_000019_leftImg8bit.png,1,1169,393,1294,477
1156,val/munster/munster_000084_000019_leftImg8bit.png,1,1129,396,1198,491
1157,val/munster/munster_000084_000019_leftImg8bit.png,1,1017,389,1168,518
1158,val/munster/munster_000084_000019_leftImg8bit.png,1,196,430,317,534
1159,val/munster/munster_000084_000019_leftImg8bit.png,0,347,369,428,563
1160,val/munster/munster_000084_000019_leftImg8bit.png,5,109,448,234,569
1161,val/munster/munster_000084_000019_leftImg8bit.png,5,30,438,178,579
1162,val/munster/munster_000084_000019_leftImg8bit.png,4,0,493,92,662
1163,val/munster/munster_000157_000019_leftImg8bit.png,3,694,328,938,508
1164,val/munster/munster_000157_000019_leftImg8bit.png,1,119,427,413,643
1165,val/munster/munster_000157_000019_leftImg8bit.png,1,0,371,241,933
1166,val/munster/munster_000035_000019_leftImg8bit.png,1,1540,404,1768,546
1167,val/munster/munster_000035_000019_leftImg8bit.png,0,457,334,542,581
1168,val/munster/munster_000035_000019_leftImg8bit.png,0,568,384,645,579
1169,val/munster/munster_000035_000019_leftImg8bit.png,1,1208,410,1293,484
1170,val/munster/munster_000035_000019_leftImg8bit.png,1,1178,427,1248,487
1171,val/munster/munster_000035_000019_leftImg8bit.png,1,1144,429,1210,491
1172,val/munster/munster_000035_000019_leftImg8bit.png,1,1046,422,1161,499
1173,val/munster/munster_000035_000019_leftImg8bit.png,1,1323,419,1466,538
1174,val/munster/munster_000035_000019_leftImg8bit.png,1,1650,343,2048,849
1175,val/munster/munster_000083_000019_leftImg8bit.png,1,963,439,1066,508
1176,val/munster/munster_000083_000019_leftImg8bit.png,1,1089,431,1146,485
1177,val/munster/munster_000083_000019_leftImg8bit.png,3,607,270,978,540
1178,val/munster/munster_000083_000019_leftImg8bit.png,1,74,428,554,728
1179,val/munster/munster_000083_000019_leftImg8bit.png,1,0,435,144,982
1180,val/munster/munster_000083_000019_leftImg8bit.png,4,1193,452,1322,571
1181,val/munster/munster_000083_000019_leftImg8bit.png,4,1163,449,1357,580
1182,val/munster/munster_000014_000019_leftImg8bit.png,1,935,439,999,492
1183,val/munster/munster_000014_000019_leftImg8bit.png,1,758,446,817,507
1184,val/munster/munster_000014_000019_leftImg8bit.png,1,744,449,798,512
1185,val/munster/munster_000014_000019_leftImg8bit.png,1,703,444,767,518
1186,val/munster/munster_000014_000019_leftImg8bit.png,1,645,445,724,527
1187,val/munster/munster_000014_000019_leftImg8bit.png,1,570,448,726,540
1188,val/munster/munster_000014_000019_leftImg8bit.png,1,431,452,596,566
1189,val/munster/munster_000014_000019_leftImg8bit.png,1,0,368,112,565
1190,val/munster/munster_000014_000019_leftImg8bit.png,0,26,406,141,577
1191,val/munster/munster_000014_000019_leftImg8bit.png,1,107,447,419,627
1192,val/munster/munster_000014_000019_leftImg8bit.png,1,1246,422,1323,492
1193,val/munster/munster_000014_000019_leftImg8bit.png,1,1319,378,1456,514
1194,val/munster/munster_000014_000019_leftImg8bit.png,1,1369,432,1470,526
1195,val/munster/munster_000014_000019_leftImg8bit.png,1,1415,425,1581,541
1196,val/munster/munster_000014_000019_leftImg8bit.png,0,1854,369,1918,496
1197,val/munster/munster_000014_000019_leftImg8bit.png,1,1805,340,2048,726
1198,val/munster/munster_000154_000019_leftImg8bit.png,0,1679,306,1736,386
1199,val/munster/munster_000154_000019_leftImg8bit.png,1,1412,349,1903,696
1200,val/munster/munster_000154_000019_leftImg8bit.png,1,756,439,832,526
1201,val/munster/munster_000154_000019_leftImg8bit.png,1,810,425,946,546
1202,val/munster/munster_000154_000019_leftImg8bit.png,1,658,424,786,549
1203,val/munster/munster_000154_000019_leftImg8bit.png,1,587,436,709,572
1204,val/munster/munster_000154_000019_leftImg8bit.png,1,271,391,612,611
1205,val/munster/munster_000154_000019_leftImg8bit.png,1,1857,267,2048,898
1206,val/munster/munster_000040_000019_leftImg8bit.png,1,853,392,927,494
1207,val/munster/munster_000040_000019_leftImg8bit.png,2,717,374,893,506
1208,val/munster/munster_000040_000019_leftImg8bit.png,4,166,439,270,565
1209,val/munster/munster_000040_000019_leftImg8bit.png,5,0,425,187,784
1210,val/munster/munster_000040_000019_leftImg8bit.png,0,646,337,728,625
1211,val/munster/munster_000040_000019_leftImg8bit.png,2,1225,368,1319,451
1212,val/munster/munster_000040_000019_leftImg8bit.png,1,1127,406,1230,481
1213,val/munster/munster_000040_000019_leftImg8bit.png,3,884,321,1103,501
1214,val/munster/munster_000040_000019_leftImg8bit.png,1,1244,379,1341,476
1215,val/munster/munster_000040_000019_leftImg8bit.png,1,1259,403,1315,482
1216,val/munster/munster_000040_000019_leftImg8bit.png,1,1278,397,1345,501
1217,val/munster/munster_000040_000019_leftImg8bit.png,1,1296,391,1468,521
1218,val/munster/munster_000040_000019_leftImg8bit.png,0,1669,415,1744,489
1219,val/munster/munster_000040_000019_leftImg8bit.png,0,1802,312,1876,539
1220,val/munster/munster_000040_000019_leftImg8bit.png,0,1653,249,1836,689
1221,val/munster/munster_000040_000019_leftImg8bit.png,4,1518,409,1582,525
1222,val/munster/munster_000040_000019_leftImg8bit.png,4,1506,423,1791,693
1223,val/munster/munster_000040_000019_leftImg8bit.png,4,1809,410,1922,677
1224,val/munster/munster_000016_000019_leftImg8bit.png,1,916,400,979,468
1225,val/munster/munster_000016_000019_leftImg8bit.png,1,1062,405,1186,497
1226,val/munster/munster_000016_000019_leftImg8bit.png,1,866,403,948,491
1227,val/munster/munster_000016_000019_leftImg8bit.png,1,834,409,910,494
1228,val/munster/munster_000016_000019_leftImg8bit.png,1,772,406,890,524
1229,val/munster/munster_000016_000019_leftImg8bit.png,1,1220,415,1291,521
1230,val/munster/munster_000016_000019_leftImg8bit.png,1,1255,407,1334,539
1231,val/munster/munster_000016_000019_leftImg8bit.png,1,1287,399,1406,569
1232,val/munster/munster_000016_000019_leftImg8bit.png,1,1343,381,1652,609
1233,val/munster/munster_000016_000019_leftImg8bit.png,0,1792,346,1864,471
1234,val/munster/munster_000016_000019_leftImg8bit.png,1,1694,357,2048,892
1235,val/munster/munster_000016_000019_leftImg8bit.png,1,630,400,821,576
1236,val/munster/munster_000016_000019_leftImg8bit.png,1,437,402,706,644
1237,val/munster/munster_000016_000019_leftImg8bit.png,1,0,378,542,797
1238,val/munster/munster_000034_000019_leftImg8bit.png,1,1302,435,1376,511
1239,val/munster/munster_000034_000019_leftImg8bit.png,1,1310,437,1399,527
1240,val/munster/munster_000034_000019_leftImg8bit.png,1,1319,441,1445,536
1241,val/munster/munster_000034_000019_leftImg8bit.png,1,1026,426,1097,531
1242,val/munster/munster_000034_000019_leftImg8bit.png,1,869,329,1035,564
1243,val/munster/munster_000034_000019_leftImg8bit.png,1,808,396,981,516
1244,val/munster/munster_000034_000019_leftImg8bit.png,1,794,417,961,631
1245,val/munster/munster_000034_000019_leftImg8bit.png,1,304,340,834,752
1246,val/munster/munster_000034_000019_leftImg8bit.png,1,0,38,206,1020
1247,val/munster/munster_000034_000019_leftImg8bit.png,1,1516,412,1857,625
1248,val/munster/munster_000147_000019_leftImg8bit.png,0,1150,362,1201,533
1249,val/munster/munster_000147_000019_leftImg8bit.png,0,1190,376,1246,537
1250,val/munster/munster_000147_000019_leftImg8bit.png,0,1327,365,1388,536
1251,val/munster/munster_000147_000019_leftImg8bit.png,0,1280,368,1349,538
1252,val/munster/munster_000147_000019_leftImg8bit.png,0,1912,327,1995,578
1253,val/munster/munster_000147_000019_leftImg8bit.png,0,996,375,1054,538
1254,val/munster/munster_000147_000019_leftImg8bit.png,0,868,379,928,531
1255,val/munster/munster_000147_000019_leftImg8bit.png,1,371,421,471,489
1256,val/munster/munster_000147_000019_leftImg8bit.png,4,93,466,255,590
1257,val/munster/munster_000147_000019_leftImg8bit.png,4,152,456,375,588
1258,val/munster/munster_000147_000019_leftImg8bit.png,4,0,430,96,560
1259,val/munster/munster_000147_000019_leftImg8bit.png,4,0,430,90,587
1260,val/munster/munster_000147_000019_leftImg8bit.png,4,1498,419,1571,547
1261,val/munster/munster_000147_000019_leftImg8bit.png,4,1621,441,1749,676
1262,val/munster/munster_000147_000019_leftImg8bit.png,4,1930,486,2048,728
1263,val/munster/munster_000153_000019_leftImg8bit.png,1,512,416,670,484
1264,val/munster/munster_000153_000019_leftImg8bit.png,1,991,415,1088,501
1265,val/munster/munster_000153_000019_leftImg8bit.png,1,786,406,1062,499
1266,val/munster/munster_000153_000019_leftImg8bit.png,0,1815,370,1877,494
1267,val/munster/munster_000153_000019_leftImg8bit.png,4,1734,414,1807,487
1268,val/munster/munster_000153_000019_leftImg8bit.png,4,1637,416,1723,485
1269,val/munster/munster_000153_000019_leftImg8bit.png,4,1462,448,1515,598
1270,val/munster/munster_000143_000019_leftImg8bit.png,0,1374,369,1464,568
1271,val/munster/munster_000143_000019_leftImg8bit.png,0,1288,357,1378,565
1272,val/munster/munster_000143_000019_leftImg8bit.png,0,1707,381,1793,541
1273,val/munster/munster_000143_000019_leftImg8bit.png,0,1955,403,2009,544
1274,val/munster/munster_000143_000019_leftImg8bit.png,4,1743,446,1821,564
1275,val/munster/munster_000143_000019_leftImg8bit.png,4,519,431,642,563
1276,val/munster/munster_000143_000019_leftImg8bit.png,4,462,423,519,588
1277,val/munster/munster_000143_000019_leftImg8bit.png,4,408,391,505,622
1278,val/munster/munster_000143_000019_leftImg8bit.png,4,325,372,488,711
1279,val/munster/munster_000143_000019_leftImg8bit.png,0,794,342,873,591
1280,val/munster/munster_000143_000019_leftImg8bit.png,4,892,334,944,537
1281,val/munster/munster_000143_000019_leftImg8bit.png,0,896,352,980,591
1282,val/munster/munster_000046_000019_leftImg8bit.png,1,1160,411,1290,531
1283,val/munster/munster_000046_000019_leftImg8bit.png,0,470,384,543,573
1284,val/munster/munster_000046_000019_leftImg8bit.png,0,1782,360,1869,536
1285,val/munster/munster_000046_000019_leftImg8bit.png,0,1976,353,2048,500
1286,val/munster/munster_000046_000019_leftImg8bit.png,0,1926,360,2004,536
1287,val/munster/munster_000046_000019_leftImg8bit.png,4,1844,420,2048,565
1288,val/munster/munster_000046_000019_leftImg8bit.png,0,70,297,330,926
1289,val/munster/munster_000046_000019_leftImg8bit.png,4,645,437,712,524
1290,val/munster/munster_000046_000019_leftImg8bit.png,0,601,306,920,859
1291,val/munster/munster_000046_000019_leftImg8bit.png,4,1062,450,1140,595
1292,val/munster/munster_000046_000019_leftImg8bit.png,4,1584,422,1813,561
1293,val/munster/munster_000051_000019_leftImg8bit.png,3,1016,376,1105,461
1294,val/munster/munster_000051_000019_leftImg8bit.png,3,945,399,1047,463
1295,val/munster/munster_000051_000019_leftImg8bit.png,0,1686,383,1753,508
1296,val/munster/munster_000051_000019_leftImg8bit.png,3,1161,282,1608,548
1297,val/munster/munster_000051_000019_leftImg8bit.png,1,1115,412,1328,565
1298,val/munster/munster_000142_000019_leftImg8bit.png,0,300,411,374,636
1299,val/munster/munster_000142_000019_leftImg8bit.png,0,333,405,424,642
1300,val/munster/munster_000142_000019_leftImg8bit.png,0,185,432,280,636
1301,val/munster/munster_000142_000019_leftImg8bit.png,0,55,405,140,665
1302,val/munster/munster_000142_000019_leftImg8bit.png,0,82,404,189,676
1303,val/munster/munster_000142_000019_leftImg8bit.png,1,738,437,840,524
1304,val/munster/munster_000142_000019_leftImg8bit.png,4,1452,455,1589,595
1305,val/munster/munster_000142_000019_leftImg8bit.png,4,1460,457,1574,585
1306,val/munster/munster_000142_000019_leftImg8bit.png,4,1515,490,1576,602
1307,val/munster/munster_000142_000019_leftImg8bit.png,4,1687,428,1780,569
1308,val/munster/munster_000142_000019_leftImg8bit.png,4,370,480,480,648
1309,val/munster/munster_000007_000019_leftImg8bit.png,1,1217,416,1346,519
1310,val/munster/munster_000007_000019_leftImg8bit.png,2,1068,324,1185,491
1311,val/munster/munster_000007_000019_leftImg8bit.png,2,765,293,1000,531
1312,val/munster/munster_000007_000019_leftImg8bit.png,1,1067,425,1171,506
1313,val/munster/munster_000007_000019_leftImg8bit.png,0,370,434,428,501
1314,val/munster/munster_000007_000019_leftImg8bit.png,1,0,454,419,610
1315,val/munster/munster_000007_000019_leftImg8bit.png,4,1952,382,2048,483
1316,val/munster/munster_000037_000019_leftImg8bit.png,3,1015,388,1092,461
1317,val/munster/munster_000037_000019_leftImg8bit.png,1,1035,416,1104,474
1318,val/munster/munster_000037_000019_leftImg8bit.png,1,1245,407,1320,497
1319,val/munster/munster_000037_000019_leftImg8bit.png,1,1162,408,1306,521
1320,val/munster/munster_000037_000019_leftImg8bit.png,1,0,492,77,740
1321,val/munster/munster_000151_000019_leftImg8bit.png,1,1150,410,1207,478
1322,val/munster/munster_000151_000019_leftImg8bit.png,1,1185,406,1238,475
1323,val/munster/munster_000151_000019_leftImg8bit.png,1,1193,402,1299,468
1324,val/munster/munster_000151_000019_leftImg8bit.png,0,576,374,630,495
1325,val/munster/munster_000151_000019_leftImg8bit.png,1,41,338,683,767
1326,val/munster/munster_000151_000019_leftImg8bit.png,4,1211,439,1385,546
1327,val/munster/munster_000151_000019_leftImg8bit.png,4,1413,406,1476,538
1328,val/munster/munster_000088_000019_leftImg8bit.png,1,1155,413,1261,510
1329,val/munster/munster_000088_000019_leftImg8bit.png,1,1175,440,1294,528
1330,val/munster/munster_000088_000019_leftImg8bit.png,1,1405,425,1543,635
1331,val/munster/munster_000088_000019_leftImg8bit.png,1,1479,404,1984,713
1332,val/munster/munster_000088_000019_leftImg8bit.png,1,872,448,927,509
1333,val/munster/munster_000088_000019_leftImg8bit.png,1,834,444,906,528
1334,val/munster/munster_000088_000019_leftImg8bit.png,1,797,446,866,541
1335,val/munster/munster_000088_000019_leftImg8bit.png,1,780,436,831,549
1336,val/munster/munster_000088_000019_leftImg8bit.png,1,675,425,819,577
1337,val/munster/munster_000088_000019_leftImg8bit.png,1,537,427,737,616
1338,val/munster/munster_000088_000019_leftImg8bit.png,1,132,422,620,719
1339,val/munster/munster_000055_000019_leftImg8bit.png,1,842,447,940,527
1340,val/munster/munster_000055_000019_leftImg8bit.png,0,1492,373,1565,531
1341,val/munster/munster_000055_000019_leftImg8bit.png,0,1601,334,1675,569
1342,val/munster/munster_000055_000019_leftImg8bit.png,0,1762,298,1865,624
1343,val/munster/munster_000055_000019_leftImg8bit.png,1,943,321,1405,726
1344,val/munster/munster_000055_000019_leftImg8bit.png,4,490,456,645,565
1345,val/munster/munster_000055_000019_leftImg8bit.png,4,555,443,672,579
1346,val/munster/munster_000055_000019_leftImg8bit.png,4,715,445,894,563
1347,val/munster/munster_000055_000019_leftImg8bit.png,4,228,459,423,579
1348,val/munster/munster_000055_000019_leftImg8bit.png,4,423,458,507,657
1349,val/munster/munster_000129_000019_leftImg8bit.png,1,936,403,1014,478
1350,val/munster/munster_000129_000019_leftImg8bit.png,1,1037,422,1109,482
1351,val/munster/munster_000129_000019_leftImg8bit.png,1,1278,404,1343,476
1352,val/munster/munster_000129_000019_leftImg8bit.png,1,1188,392,1307,489
1353,val/munster/munster_000129_000019_leftImg8bit.png,1,107,400,317,482
1354,val/munster/munster_000129_000019_leftImg8bit.png,1,165,433,273,488
1355,val/munster/munster_000129_000019_leftImg8bit.png,1,102,427,233,492
1356,val/munster/munster_000129_000019_leftImg8bit.png,1,39,426,194,496
1357,val/munster/munster_000129_000019_leftImg8bit.png,1,0,426,120,504
1358,val/munster/munster_000144_000019_leftImg8bit.png,1,1076,421,1142,477
1359,val/munster/munster_000144_000019_leftImg8bit.png,0,1322,399,1376,528
1360,val/munster/munster_000144_000019_leftImg8bit.png,0,1407,394,1458,526
1361,val/munster/munster_000144_000019_leftImg8bit.png,0,1573,357,1636,586
1362,val/munster/munster_000144_000019_leftImg8bit.png,0,1491,340,1591,618
1363,val/munster/munster_000144_000019_leftImg8bit.png,0,1598,359,1682,604
1364,val/munster/munster_000144_000019_leftImg8bit.png,0,1695,346,1768,588
1365,val/munster/munster_000144_000019_leftImg8bit.png,0,1659,326,1769,642
1366,val/munster/munster_000144_000019_leftImg8bit.png,0,892,397,953,505
1367,val/munster/munster_000144_000019_leftImg8bit.png,0,261,386,321,501
1368,val/munster/munster_000144_000019_leftImg8bit.png,4,539,432,623,489
1369,val/munster/munster_000144_000019_leftImg8bit.png,4,230,432,355,511
1370,val/munster/munster_000144_000019_leftImg8bit.png,4,1098,452,1205,509
1371,val/munster/munster_000144_000019_leftImg8bit.png,4,607,486,801,772
1372,val/munster/munster_000144_000019_leftImg8bit.png,4,316,438,377,530
1373,val/munster/munster_000099_000019_leftImg8bit.png,1,943,422,1000,486
1374,val/munster/munster_000099_000019_leftImg8bit.png,1,1115,422,1184,482
1375,val/munster/munster_000099_000019_leftImg8bit.png,1,922,418,981,512
1376,val/munster/munster_000099_000019_leftImg8bit.png,0,613,385,675,540
1377,val/munster/munster_000099_000019_leftImg8bit.png,1,820,401,953,543
1378,val/munster/munster_000099_000019_leftImg8bit.png,1,709,401,929,576
1379,val/munster/munster_000099_000019_leftImg8bit.png,1,1189,415,1247,528
1380,val/munster/munster_000099_000019_leftImg8bit.png,1,1209,298,1411,553
1381,val/munster/munster_000099_000019_leftImg8bit.png,1,1268,402,1546,588
1382,val/munster/munster_000099_000019_leftImg8bit.png,1,0,365,630,926
1383,val/munster/munster_000099_000019_leftImg8bit.png,1,1533,347,2048,912
1384,val/munster/munster_000150_000019_leftImg8bit.png,1,1016,401,1095,469
1385,val/munster/munster_000150_000019_leftImg8bit.png,1,889,423,954,506
1386,val/munster/munster_000150_000019_leftImg8bit.png,1,815,423,943,516
1387,val/munster/munster_000150_000019_leftImg8bit.png,0,1376,390,1460,565
1388,val/munster/munster_000150_000019_leftImg8bit.png,0,1312,367,1384,568
1389,val/munster/munster_000150_000019_leftImg8bit.png,1,950,422,1005,488
1390,val/munster/munster_000150_000019_leftImg8bit.png,1,915,420,988,494
1391,val/munster/munster_000150_000019_leftImg8bit.png,4,835,454,929,533
1392,val/munster/munster_000150_000019_leftImg8bit.png,4,857,482,912,540
1393,val/munster/munster_000150_000019_leftImg8bit.png,1,664,410,869,583
1394,val/munster/munster_000150_000019_leftImg8bit.png,1,507,412,765,642
1395,val/munster/munster_000150_000019_leftImg8bit.png,1,205,382,655,767
1396,val/munster/munster_000150_000019_leftImg8bit.png,1,0,75,323,1024
1397,val/munster/munster_000172_000019_leftImg8bit.png,1,639,408,741,472
1398,val/munster/munster_000172_000019_leftImg8bit.png,1,426,397,660,488
1399,val/munster/munster_000172_000019_leftImg8bit.png,1,1207,412,1277,485
1400,val/munster/munster_000172_000019_leftImg8bit.png,1,1243,404,1353,511
1401,val/munster/munster_000172_000019_leftImg8bit.png,1,1271,411,1364,524
1402,val/munster/munster_000172_000019_leftImg8bit.png,1,1291,406,1401,555
1403,val/munster/munster_000172_000019_leftImg8bit.png,1,1326,406,1616,595
1404,val/munster/munster_000172_000019_leftImg8bit.png,1,1557,380,2048,848
1405,val/munster/munster_000172_000019_leftImg8bit.png,1,830,413,994,538
1406,val/munster/munster_000172_000019_leftImg8bit.png,1,391,416,641,564
1407,val/munster/munster_000172_000019_leftImg8bit.png,1,0,411,345,667
1408,val/munster/munster_000170_000019_leftImg8bit.png,1,513,414,643,491
1409,val/munster/munster_000170_000019_leftImg8bit.png,1,1,399,175,554
1410,val/munster/munster_000127_000019_leftImg8bit.png,1,1511,384,1614,448
1411,val/munster/munster_000127_000019_leftImg8bit.png,1,1630,384,1743,451
1412,val/munster/munster_000127_000019_leftImg8bit.png,1,1728,379,1838,451
1413,val/munster/munster_000127_000019_leftImg8bit.png,4,403,440,488,498
1414,val/munster/munster_000127_000019_leftImg8bit.png,1,999,361,1597,833
1415,val/munster/munster_000127_000019_leftImg8bit.png,1,1865,412,2047,720
1416,val/munster/munster_000127_000019_leftImg8bit.png,4,72,440,136,497
1417,val/munster/munster_000127_000019_leftImg8bit.png,4,243,434,316,517
1418,val/munster/munster_000060_000019_leftImg8bit.png,0,45,353,153,555
1419,val/munster/munster_000060_000019_leftImg8bit.png,0,939,390,993,471
1420,val/munster/munster_000060_000019_leftImg8bit.png,1,1262,408,1363,487
1421,val/munster/munster_000060_000019_leftImg8bit.png,0,1369,374,1433,509
1422,val/munster/munster_000060_000019_leftImg8bit.png,1,1386,355,1902,700
1423,val/munster/munster_000060_000019_leftImg8bit.png,4,479,431,548,497
1424,val/munster/munster_000068_000019_leftImg8bit.png,1,170,435,281,488
1425,val/munster/munster_000068_000019_leftImg8bit.png,1,25,443,260,525
1426,val/munster/munster_000068_000019_leftImg8bit.png,1,346,416,585,505
1427,val/munster/munster_000068_000019_leftImg8bit.png,0,1542,353,1605,496
1428,val/munster/munster_000068_000019_leftImg8bit.png,1,1155,403,1297,473
1429,val/munster/munster_000068_000019_leftImg8bit.png,1,1257,398,1362,525
1430,val/munster/munster_000068_000019_leftImg8bit.png,1,1315,374,1553,550
1431,val/munster/munster_000068_000019_leftImg8bit.png,1,634,393,804,546
1432,val/munster/munster_000068_000019_leftImg8bit.png,0,843,392,907,508
1433,val/munster/munster_000068_000019_leftImg8bit.png,4,1711,374,1775,454
1434,val/munster/munster_000068_000019_leftImg8bit.png,4,1587,372,1723,517
1435,val/munster/munster_000068_000019_leftImg8bit.png,4,1658,389,1805,515
1436,val/munster/munster_000068_000019_leftImg8bit.png,4,1926,360,2005,483
1437,val/munster/munster_000068_000019_leftImg8bit.png,4,1876,386,1962,475
1438,val/munster/munster_000068_000019_leftImg8bit.png,5,1816,355,1903,474
1439,val/munster/munster_000094_000019_leftImg8bit.png,1,1091,433,1151,486
1440,val/munster/munster_000094_000019_leftImg8bit.png,1,970,422,1040,507
1441,val/munster/munster_000094_000019_leftImg8bit.png,1,620,382,870,487
1442,val/munster/munster_000094_000019_leftImg8bit.png,4,426,429,515,480
1443,val/munster/munster_000094_000019_leftImg8bit.png,1,807,422,937,533
1444,val/munster/munster_000094_000019_leftImg8bit.png,1,532,429,781,586
1445,val/munster/munster_000094_000019_leftImg8bit.png,1,1507,432,1562,494
1446,val/munster/munster_000094_000019_leftImg8bit.png,1,1515,432,1615,504
1447,val/munster/munster_000094_000019_leftImg8bit.png,1,1696,423,1802,476
1448,val/munster/munster_000094_000019_leftImg8bit.png,1,1753,422,1927,480
1449,val/munster/munster_000094_000019_leftImg8bit.png,1,1868,423,2026,486
1450,val/munster/munster_000094_000019_leftImg8bit.png,1,1946,408,2047,609
1451,val/munster/munster_000094_000019_leftImg8bit.png,1,1612,431,1751,533
1452,val/munster/munster_000094_000019_leftImg8bit.png,5,897,436,991,596
1453,val/munster/munster_000013_000019_leftImg8bit.png,1,718,427,775,492
1454,val/munster/munster_000013_000019_leftImg8bit.png,1,698,429,756,501
1455,val/munster/munster_000013_000019_leftImg8bit.png,1,661,428,718,511
1456,val/munster/munster_000013_000019_leftImg8bit.png,1,623,431,694,524
1457,val/munster/munster_000013_000019_leftImg8bit.png,1,480,422,636,544
1458,val/munster/munster_000013_000019_leftImg8bit.png,0,577,380,665,554
1459,val/munster/munster_000013_000019_leftImg8bit.png,1,1158,423,1221,504
1460,val/munster/munster_000013_000019_leftImg8bit.png,1,1215,410,1353,527
1461,val/munster/munster_000013_000019_leftImg8bit.png,0,1203,403,1257,543
1462,val/munster/munster_000013_000019_leftImg8bit.png,4,248,501,350,598
1463,val/munster/munster_000013_000019_leftImg8bit.png,4,1877,426,2047,560
1464,val/munster/munster_000013_000019_leftImg8bit.png,4,1547,443,1646,506
1465,val/munster/munster_000013_000019_leftImg8bit.png,4,1619,416,1671,512
1466,val/munster/munster_000013_000019_leftImg8bit.png,4,1345,429,1499,560
1467,val/munster/munster_000013_000019_leftImg8bit.png,4,1160,441,1317,546
1468,val/munster/munster_000013_000019_leftImg8bit.png,0,1106,384,1180,553
1469,val/munster/munster_000013_000019_leftImg8bit.png,4,841,448,998,545
1470,val/munster/munster_000080_000019_leftImg8bit.png,3,632,333,1017,471
1471,val/munster/munster_000080_000019_leftImg8bit.png,1,1005,359,1132,501
1472,val/munster/munster_000080_000019_leftImg8bit.png,1,1024,408,1193,536
1473,val/munster/munster_000080_000019_leftImg8bit.png,0,487,399,541,513
1474,val/munster/munster_000080_000019_leftImg8bit.png,0,300,374,384,551
1475,val/munster/munster_000080_000019_leftImg8bit.png,1,754,418,894,527
1476,val/munster/munster_000080_000019_leftImg8bit.png,1,510,418,757,590
1477,val/munster/munster_000080_000019_leftImg8bit.png,4,1397,406,1485,555
1478,val/munster/munster_000080_000019_leftImg8bit.png,4,1445,415,1590,593
1479,val/munster/munster_000080_000019_leftImg8bit.png,1,1501,328,2047,744
1480,val/munster/munster_000080_000019_leftImg8bit.png,1,1843,561,2046,933
1481,val/munster/munster_000080_000019_leftImg8bit.png,4,374,427,448,525
1482,val/munster/munster_000080_000019_leftImg8bit.png,4,223,437,300,548
1483,val/munster/munster_000080_000019_leftImg8bit.png,4,0,435,55,584
1484,val/munster/munster_000012_000019_leftImg8bit.png,0,1623,389,1674,505
1485,val/munster/munster_000012_000019_leftImg8bit.png,1,1169,408,1249,519
1486,val/munster/munster_000012_000019_leftImg8bit.png,1,809,383,887,446
1487,val/munster/munster_000012_000019_leftImg8bit.png,1,670,424,727,480
1488,val/munster/munster_000012_000019_leftImg8bit.png,1,556,418,697,548
1489,val/munster/munster_000012_000019_leftImg8bit.png,1,838,396,956,510
1490,val/munster/munster_000012_000019_leftImg8bit.png,1,973,417,1155,557
1491,val/munster/munster_000012_000019_leftImg8bit.png,1,672,416,866,564
1492,val/munster/munster_000012_000019_leftImg8bit.png,1,0,441,215,621
1493,val/munster/munster_000012_000019_leftImg8bit.png,1,0,386,634,786
1494,val/munster/munster_000012_000019_leftImg8bit.png,2,1206,175,1572,591
1495,val/munster/munster_000012_000019_leftImg8bit.png,0,1305,364,1382,603
1496,val/munster/munster_000012_000019_leftImg8bit.png,1,1979,611,2047,836
1497,val/munster/munster_000042_000019_leftImg8bit.png,1,1359,398,1421,463
1498,val/munster/munster_000042_000019_leftImg8bit.png,1,1289,401,1411,491
1499,val/munster/munster_000042_000019_leftImg8bit.png,0,1672,358,1746,540
1500,val/munster/munster_000042_000019_leftImg8bit.png,0,1448,372,1504,515
1501,val/munster/munster_000042_000019_leftImg8bit.png,0,80,361,151,455
1502,val/munster/munster_000042_000019_leftImg8bit.png,0,1,333,66,493
1503,val/munster/munster_000042_000019_leftImg8bit.png,4,476,430,637,558
1504,val/munster/munster_000042_000019_leftImg8bit.png,4,449,453,556,571
1505,val/munster/munster_000042_000019_leftImg8bit.png,4,178,474,315,607
1506,val/munster/munster_000042_000019_leftImg8bit.png,4,109,461,274,629
1507,val/munster/munster_000042_000019_leftImg8bit.png,4,12,465,128,661
1508,val/munster/munster_000042_000019_leftImg8bit.png,4,73,507,129,589
1509,val/munster/munster_000078_000019_leftImg8bit.png,1,492,356,590,460
1510,val/munster/munster_000078_000019_leftImg8bit.png,1,583,353,738,470
1511,val/munster/munster_000078_000019_leftImg8bit.png,1,879,367,1045,499
1512,val/munster/munster_000078_000019_leftImg8bit.png,1,324,367,428,472
1513,val/munster/munster_000078_000019_leftImg8bit.png,1,145,338,379,560
1514,val/munster/munster_000078_000019_leftImg8bit.png,1,1,345,318,645
1515,val/munster/munster_000078_000019_leftImg8bit.png,4,1405,373,1501,436
1516,val/munster/munster_000078_000019_leftImg8bit.png,4,1316,416,1371,559
1517,val/munster/munster_000078_000019_leftImg8bit.png,4,1734,390,1864,554
1518,val/munster/munster_000078_000019_leftImg8bit.png,4,1577,369,1783,555
1519,val/munster/munster_000078_000019_leftImg8bit.png,4,1519,427,1641,626
1520,val/munster/munster_000078_000019_leftImg8bit.png,4,1842,436,2047,789
1521,val/munster/munster_000078_000019_leftImg8bit.png,4,1812,452,1883,509
1522,val/munster/munster_000078_000019_leftImg8bit.png,4,1715,401,1803,581
1523,val/munster/munster_000078_000019_leftImg8bit.png,4,471,422,523,528
1524,val/munster/munster_000078_000019_leftImg8bit.png,4,589,414,643,519
1525,val/munster/munster_000059_000019_leftImg8bit.png,1,717,395,830,450
1526,val/munster/munster_000059_000019_leftImg8bit.png,1,799,391,851,457
1527,val/munster/munster_000059_000019_leftImg8bit.png,1,838,381,924,465
1528,val/munster/munster_000059_000019_leftImg8bit.png,1,865,383,942,471
1529,val/munster/munster_000059_000019_leftImg8bit.png,1,897,380,1042,485
1530,val/munster/munster_000059_000019_leftImg8bit.png,5,1180,386,1233,461
1531,val/munster/munster_000059_000019_leftImg8bit.png,5,1310,382,1391,463
1532,val/munster/munster_000059_000019_leftImg8bit.png,4,415,417,481,593
1533,val/munster/munster_000036_000019_leftImg8bit.png,1,1060,409,1113,495
1534,val/munster/munster_000036_000019_leftImg8bit.png,1,1015,402,1096,553
1535,val/munster/munster_000036_000019_leftImg8bit.png,1,1259,415,1339,489
1536,val/munster/munster_000036_000019_leftImg8bit.png,1,1289,423,1352,498
1537,val/munster/munster_000036_000019_leftImg8bit.png,1,1319,420,1382,520
1538,val/munster/munster_000036_000019_leftImg8bit.png,1,1336,417,1449,537
1539,val/munster/munster_000036_000019_leftImg8bit.png,1,811,394,1064,585
1540,val/munster/munster_000036_000019_leftImg8bit.png,0,1144,385,1218,542
1541,val/munster/munster_000036_000019_leftImg8bit.png,1,1409,392,1620,609
1542,val/munster/munster_000036_000019_leftImg8bit.png,1,1554,376,2035,734
1543,val/munster/munster_000036_000019_leftImg8bit.png,1,0,327,296,583
1544,val/munster/munster_000104_000019_leftImg8bit.png,1,1018,379,1107,478
1545,val/munster/munster_000104_000019_leftImg8bit.png,2,1087,348,1214,488
1546,val/munster/munster_000104_000019_leftImg8bit.png,1,927,402,1009,488
1547,val/munster/munster_000104_000019_leftImg8bit.png,1,548,410,661,526
1548,val/munster/munster_000104_000019_leftImg8bit.png,1,444,427,596,546
1549,val/munster/munster_000104_000019_leftImg8bit.png,1,1303,387,1481,550
1550,val/munster/munster_000104_000019_leftImg8bit.png,1,1381,393,1625,593
1551,val/munster/munster_000104_000019_leftImg8bit.png,4,120,439,187,530
1552,val/munster/munster_000104_000019_leftImg8bit.png,4,140,444,229,570
1553,val/munster/munster_000104_000019_leftImg8bit.png,4,2,460,100,623
1554,val/munster/munster_000104_000019_leftImg8bit.png,1,1502,381,2046,690
1555,val/munster/munster_000015_000019_leftImg8bit.png,1,807,424,867,494
1556,val/munster/munster_000015_000019_leftImg8bit.png,1,1056,391,1127,465
1557,val/munster/munster_000015_000019_leftImg8bit.png,1,1083,416,1137,491
1558,val/munster/munster_000015_000019_leftImg8bit.png,1,962,420,1033,479
1559,val/munster/munster_000015_000019_leftImg8bit.png,1,1095,417,1149,513
1560,val/munster/munster_000015_000019_leftImg8bit.png,0,332,386,404,484
1561,val/munster/munster_000015_000019_leftImg8bit.png,4,374,427,545,587
1562,val/munster/munster_000015_000019_leftImg8bit.png,4,290,451,458,604
1563,val/munster/munster_000015_000019_leftImg8bit.png,4,1616,401,1714,532
1564,val/munster/munster_000015_000019_leftImg8bit.png,4,357,444,498,593
1565,val/munster/munster_000015_000019_leftImg8bit.png,1,1088,416,1153,502
1566,val/munster/munster_000015_000019_leftImg8bit.png,1,1103,413,1190,519
1567,val/munster/munster_000015_000019_leftImg8bit.png,4,1469,405,1533,525
1568,val/munster/munster_000015_000019_leftImg8bit.png,4,1407,417,1466,522
1569,val/munster/munster_000015_000019_leftImg8bit.png,1,1147,354,1352,576
1570,val/munster/munster_000015_000019_leftImg8bit.png,4,1371,408,1432,502
1571,val/munster/munster_000015_000019_leftImg8bit.png,4,1681,407,1778,547
1572,val/munster/munster_000015_000019_leftImg8bit.png,1,704,424,804,524
1573,val/munster/munster_000015_000019_leftImg8bit.png,1,771,419,827,508
1574,val/munster/munster_000015_000019_leftImg8bit.png,1,521,375,727,546
1575,val/munster/munster_000015_000019_leftImg8bit.png,4,0,457,238,671
1576,val/munster/munster_000015_000019_leftImg8bit.png,1,456,427,664,583
1577,val/munster/munster_000015_000019_leftImg8bit.png,4,717,445,788,563
1578,val/munster/munster_000015_000019_leftImg8bit.png,4,290,451,466,608
1579,val/munster/munster_000015_000019_leftImg8bit.png,4,0,460,279,668
1580,val/munster/munster_000015_000019_leftImg8bit.png,4,303,468,438,619
1581,val/munster/munster_000015_000019_leftImg8bit.png,0,1249,479,1687,616
1582,val/munster/munster_000053_000019_leftImg8bit.png,1,162,446,317,535
1583,val/munster/munster_000053_000019_leftImg8bit.png,1,1107,428,1230,521
1584,val/munster/munster_000053_000019_leftImg8bit.png,1,1194,415,1309,548
1585,val/munster/munster_000053_000019_leftImg8bit.png,1,1182,412,1412,563
1586,val/munster/munster_000053_000019_leftImg8bit.png,1,1353,401,1544,603
1587,val/munster/munster_000053_000019_leftImg8bit.png,0,1889,390,1959,478
1588,val/munster/munster_000053_000019_leftImg8bit.png,1,1430,387,2022,659
1589,val/munster/munster_000053_000019_leftImg8bit.png,4,492,453,560,575
1590,val/munster/munster_000053_000019_leftImg8bit.png,4,302,444,390,578
1591,val/munster/munster_000053_000019_leftImg8bit.png,4,337,459,456,576
1592,val/munster/munster_000053_000019_leftImg8bit.png,4,197,463,285,536
1593,val/munster/munster_000053_000019_leftImg8bit.png,1,110,444,213,571
1594,val/munster/munster_000053_000019_leftImg8bit.png,4,57,466,190,645
1595,val/munster/munster_000053_000019_leftImg8bit.png,4,0,432,152,667
1596,val/munster/munster_000053_000019_leftImg8bit.png,4,1724,401,1892,730
1597,val/munster/munster_000160_000019_leftImg8bit.png,1,1051,396,1110,459
1598,val/munster/munster_000160_000019_leftImg8bit.png,1,918,424,991,481
1599,val/munster/munster_000160_000019_leftImg8bit.png,3,747,370,916,487
1600,val/munster/munster_000160_000019_leftImg8bit.png,1,729,421,869,513
1601,val/munster/munster_000160_000019_leftImg8bit.png,1,1771,357,1873,434
1602,val/munster/munster_000160_000019_leftImg8bit.png,1,1,439,188,630
1603,val/munster/munster_000160_000019_leftImg8bit.png,1,183,407,572,616
1604,val/munster/munster_000018_000019_leftImg8bit.png,1,422,417,500,479
1605,val/munster/munster_000018_000019_leftImg8bit.png,1,677,374,933,477
1606,val/munster/munster_000018_000019_leftImg8bit.png,1,1083,400,1267,531
1607,val/munster/munster_000018_000019_leftImg8bit.png,1,852,408,1107,549
1608,val/munster/munster_000018_000019_leftImg8bit.png,4,938,414,1065,601
1609,val/munster/munster_000137_000019_leftImg8bit.png,0,208,405,267,549
1610,val/munster/munster_000137_000019_leftImg8bit.png,0,263,419,319,540
1611,val/munster/munster_000137_000019_leftImg8bit.png,0,140,419,204,557
1612,val/munster/munster_000137_000019_leftImg8bit.png,0,208,428,266,555
1613,val/munster/munster_000137_000019_leftImg8bit.png,1,471,430,624,546
1614,val/munster/munster_000137_000019_leftImg8bit.png,0,1136,390,1189,519
1615,val/munster/munster_000112_000019_leftImg8bit.png,1,1159,394,1252,467
1616,val/munster/munster_000112_000019_leftImg8bit.png,1,1292,385,1410,507
1617,val/munster/munster_000112_000019_leftImg8bit.png,1,1339,385,1417,526
1618,val/munster/munster_000112_000019_leftImg8bit.png,1,1403,261,1780,633
1619,val/munster/munster_000112_000019_leftImg8bit.png,1,848,416,903,477
1620,val/munster/munster_000112_000019_leftImg8bit.png,1,780,412,871,501
1621,val/munster/munster_000112_000019_leftImg8bit.png,1,774,431,837,517
1622,val/munster/munster_000112_000019_leftImg8bit.png,0,1124,372,1184,485
1623,val/munster/munster_000112_000019_leftImg8bit.png,1,168,365,516,613
1624,val/munster/munster_000112_000019_leftImg8bit.png,1,615,404,803,535
