0,train/strasbourg/strasbourg_000001_028379_leftImg8bit.png,5,0,305,316,731
1,train/strasbourg/strasbourg_000001_028379_leftImg8bit.png,4,122,402,438,662
2,train/strasbourg/strasbourg_000001_028379_leftImg8bit.png,4,337,417,565,624
3,train/strasbourg/strasbourg_000001_028379_leftImg8bit.png,1,636,329,1446,911
4,train/strasbourg/strasbourg_000001_028379_leftImg8bit.png,1,1504,282,2047,720
5,train/strasbourg/strasbourg_000001_056330_leftImg8bit.png,1,568,388,683,444
6,train/strasbourg/strasbourg_000001_056330_leftImg8bit.png,4,0,422,74,499
7,train/strasbourg/strasbourg_000001_056330_leftImg8bit.png,0,51,315,164,590
8,train/strasbourg/strasbourg_000001_056330_leftImg8bit.png,0,1035,327,1102,442
9,train/strasbourg/strasbourg_000000_007727_leftImg8bit.png,0,1752,318,1890,585
10,train/strasbourg/strasbourg_000001_060821_leftImg8bit.png,4,1282,379,1395,456
11,train/strasbourg/strasbourg_000001_030269_leftImg8bit.png,0,1241,349,1296,490
12,train/strasbourg/strasbourg_000001_030269_leftImg8bit.png,1,1123,374,1203,443
13,train/strasbourg/strasbourg_000001_030269_leftImg8bit.png,1,1093,381,1190,461
14,train/strasbourg/strasbourg_000001_030269_leftImg8bit.png,1,675,375,819,502
15,train/strasbourg/strasbourg_000001_030269_leftImg8bit.png,1,553,385,767,535
16,train/strasbourg/strasbourg_000001_030269_leftImg8bit.png,1,257,346,633,615
17,train/strasbourg/strasbourg_000000_016311_leftImg8bit.png,0,1850,319,1919,525
18,train/strasbourg/strasbourg_000000_016311_leftImg8bit.png,0,1775,316,1862,530
19,train/strasbourg/strasbourg_000000_016311_leftImg8bit.png,0,1016,318,1101,533
20,train/strasbourg/strasbourg_000000_016311_leftImg8bit.png,0,1392,285,1482,534
21,train/strasbourg/strasbourg_000000_016311_leftImg8bit.png,0,920,305,1036,532
22,train/strasbourg/strasbourg_000000_016311_leftImg8bit.png,0,1465,302,1554,540
23,train/strasbourg/strasbourg_000000_016311_leftImg8bit.png,0,836,326,905,486
24,train/strasbourg/strasbourg_000000_016311_leftImg8bit.png,0,694,314,764,494
25,train/strasbourg/strasbourg_000000_016311_leftImg8bit.png,0,0,315,88,591
26,train/strasbourg/strasbourg_000001_045135_leftImg8bit.png,1,1096,412,1158,474
27,train/strasbourg/strasbourg_000001_045135_leftImg8bit.png,1,1102,416,1158,474
28,train/strasbourg/strasbourg_000001_045135_leftImg8bit.png,1,1129,415,1196,477
29,train/strasbourg/strasbourg_000001_045135_leftImg8bit.png,1,1136,415,1196,477
30,train/strasbourg/strasbourg_000001_045135_leftImg8bit.png,1,1138,418,1236,497
31,train/strasbourg/strasbourg_000001_045135_leftImg8bit.png,1,1153,410,1279,500
32,train/strasbourg/strasbourg_000001_045135_leftImg8bit.png,0,1391,357,1472,539
33,train/strasbourg/strasbourg_000000_010816_leftImg8bit.png,1,289,430,395,493
34,train/strasbourg/strasbourg_000000_010816_leftImg8bit.png,1,179,442,275,502
35,train/strasbourg/strasbourg_000000_010816_leftImg8bit.png,4,0,455,243,648
36,train/strasbourg/strasbourg_000000_010816_leftImg8bit.png,0,1346,322,1423,525
37,train/strasbourg/strasbourg_000001_052297_leftImg8bit.png,1,1051,416,1126,476
38,train/strasbourg/strasbourg_000001_052297_leftImg8bit.png,0,1221,345,1288,535
39,train/strasbourg/strasbourg_000001_052297_leftImg8bit.png,0,1430,312,1485,533
40,train/strasbourg/strasbourg_000001_052297_leftImg8bit.png,0,1356,297,1507,574
41,train/strasbourg/strasbourg_000001_052297_leftImg8bit.png,0,1881,313,1956,493
42,train/strasbourg/strasbourg_000001_052297_leftImg8bit.png,0,1977,325,2047,460
43,train/strasbourg/strasbourg_000001_052297_leftImg8bit.png,4,1925,365,2047,538
44,train/strasbourg/strasbourg_000001_052297_leftImg8bit.png,0,1673,320,1741,560
45,train/strasbourg/strasbourg_000001_052297_leftImg8bit.png,0,1614,307,1715,564
46,train/strasbourg/strasbourg_000001_052297_leftImg8bit.png,0,1724,284,1891,588
47,train/strasbourg/strasbourg_000001_052297_leftImg8bit.png,0,1710,307,1886,590
48,train/strasbourg/strasbourg_000001_052297_leftImg8bit.png,0,771,391,825,534
49,train/strasbourg/strasbourg_000001_052297_leftImg8bit.png,4,271,440,350,532
50,train/strasbourg/strasbourg_000001_052297_leftImg8bit.png,0,363,359,442,553
51,train/strasbourg/strasbourg_000001_052297_leftImg8bit.png,0,76,434,145,538
52,train/strasbourg/strasbourg_000001_052297_leftImg8bit.png,0,136,385,197,541
53,train/strasbourg/strasbourg_000001_052297_leftImg8bit.png,4,0,444,101,546
54,train/strasbourg/strasbourg_000001_052297_leftImg8bit.png,0,498,378,562,546
55,train/strasbourg/strasbourg_000001_052297_leftImg8bit.png,0,583,378,646,544
56,train/strasbourg/strasbourg_000000_013863_leftImg8bit.png,1,1308,374,1440,475
57,train/strasbourg/strasbourg_000000_013863_leftImg8bit.png,0,1608,346,1659,467
58,train/strasbourg/strasbourg_000000_013863_leftImg8bit.png,0,270,380,325,509
59,train/strasbourg/strasbourg_000000_022067_leftImg8bit.png,0,1443,306,1501,488
60,train/strasbourg/strasbourg_000000_022067_leftImg8bit.png,0,1472,314,1570,504
61,train/strasbourg/strasbourg_000000_022067_leftImg8bit.png,1,807,313,1171,625
62,train/strasbourg/strasbourg_000000_031067_leftImg8bit.png,1,1131,329,1205,428
63,train/strasbourg/strasbourg_000000_031067_leftImg8bit.png,1,1047,374,1108,431
64,train/strasbourg/strasbourg_000000_031067_leftImg8bit.png,1,984,367,1073,446
65,train/strasbourg/strasbourg_000000_031067_leftImg8bit.png,1,906,373,1050,459
66,train/strasbourg/strasbourg_000000_031067_leftImg8bit.png,0,749,354,803,436
67,train/strasbourg/strasbourg_000000_031067_leftImg8bit.png,1,783,367,951,507
68,train/strasbourg/strasbourg_000000_031067_leftImg8bit.png,1,426,338,810,600
69,train/strasbourg/strasbourg_000000_031067_leftImg8bit.png,1,0,147,592,805
70,train/strasbourg/strasbourg_000001_064224_leftImg8bit.png,4,671,430,767,486
71,train/strasbourg/strasbourg_000001_064224_leftImg8bit.png,1,777,404,903,501
72,train/strasbourg/strasbourg_000001_064224_leftImg8bit.png,1,1036,391,1118,461
73,train/strasbourg/strasbourg_000001_064224_leftImg8bit.png,1,1198,375,1291,497
74,train/strasbourg/strasbourg_000001_064224_leftImg8bit.png,1,1217,367,1400,520
75,train/strasbourg/strasbourg_000001_064224_leftImg8bit.png,1,1217,367,1400,520
76,train/strasbourg/strasbourg_000001_064224_leftImg8bit.png,4,1918,378,1973,446
77,train/strasbourg/strasbourg_000001_047336_leftImg8bit.png,0,1850,280,1928,479
78,train/strasbourg/strasbourg_000001_047336_leftImg8bit.png,1,821,417,911,487
79,train/strasbourg/strasbourg_000001_047336_leftImg8bit.png,3,465,296,739,512
80,train/strasbourg/strasbourg_000001_047336_leftImg8bit.png,1,639,413,809,524
81,train/strasbourg/strasbourg_000001_047336_leftImg8bit.png,1,1258,342,1406,492
82,train/strasbourg/strasbourg_000001_047336_leftImg8bit.png,1,1336,354,1639,565
83,train/strasbourg/strasbourg_000001_047336_leftImg8bit.png,1,923,366,1356,721
84,train/strasbourg/strasbourg_000001_016253_leftImg8bit.png,0,190,391,272,520
85,train/strasbourg/strasbourg_000000_014743_leftImg8bit.png,4,1577,366,1631,439
86,train/strasbourg/strasbourg_000000_014743_leftImg8bit.png,1,1010,334,1112,415
87,train/strasbourg/strasbourg_000000_014743_leftImg8bit.png,1,1025,388,1181,479
88,train/strasbourg/strasbourg_000000_014743_leftImg8bit.png,1,674,397,770,474
89,train/strasbourg/strasbourg_000000_014743_leftImg8bit.png,1,597,392,736,539
90,train/strasbourg/strasbourg_000000_014743_leftImg8bit.png,1,283,326,643,592
91,train/strasbourg/strasbourg_000000_014743_leftImg8bit.png,1,0,388,485,707
92,train/strasbourg/strasbourg_000000_014743_leftImg8bit.png,1,705,331,1085,639
93,train/strasbourg/strasbourg_000000_014743_leftImg8bit.png,1,1424,368,1611,520
94,train/strasbourg/strasbourg_000000_014743_leftImg8bit.png,1,1151,333,1478,588
95,train/strasbourg/strasbourg_000000_014743_leftImg8bit.png,1,1573,341,1906,615
96,train/strasbourg/strasbourg_000000_014743_leftImg8bit.png,1,1760,305,2047,761
97,train/strasbourg/strasbourg_000001_024701_leftImg8bit.png,1,697,395,769,478
98,train/strasbourg/strasbourg_000001_024701_leftImg8bit.png,1,663,393,734,482
99,train/strasbourg/strasbourg_000001_024701_leftImg8bit.png,1,571,387,702,494
100,train/strasbourg/strasbourg_000001_024701_leftImg8bit.png,1,565,431,626,499
101,train/strasbourg/strasbourg_000001_024701_leftImg8bit.png,1,268,343,606,513
102,train/strasbourg/strasbourg_000001_024701_leftImg8bit.png,1,203,369,385,456
103,train/strasbourg/strasbourg_000001_024701_leftImg8bit.png,1,0,357,446,579
104,train/strasbourg/strasbourg_000001_024701_leftImg8bit.png,1,0,428,116,600
105,train/strasbourg/strasbourg_000001_030725_leftImg8bit.png,1,961,380,1044,448
106,train/strasbourg/strasbourg_000001_030725_leftImg8bit.png,1,1008,392,1074,459
107,train/strasbourg/strasbourg_000001_030725_leftImg8bit.png,1,1050,393,1124,470
108,train/strasbourg/strasbourg_000001_030725_leftImg8bit.png,1,1119,354,1306,501
109,train/strasbourg/strasbourg_000001_030725_leftImg8bit.png,4,1178,354,1322,413
110,train/strasbourg/strasbourg_000001_030725_leftImg8bit.png,4,1209,428,1280,632
111,train/strasbourg/strasbourg_000001_030725_leftImg8bit.png,1,1674,261,2047,934
112,train/strasbourg/strasbourg_000001_030725_leftImg8bit.png,4,1414,406,1487,502
113,train/strasbourg/strasbourg_000001_030725_leftImg8bit.png,4,1536,390,1655,509
114,train/strasbourg/strasbourg_000001_030725_leftImg8bit.png,1,676,398,736,451
115,train/strasbourg/strasbourg_000001_030725_leftImg8bit.png,1,639,402,714,465
116,train/strasbourg/strasbourg_000001_030725_leftImg8bit.png,1,585,405,673,483
117,train/strasbourg/strasbourg_000001_030725_leftImg8bit.png,1,448,402,627,517
118,train/strasbourg/strasbourg_000001_030725_leftImg8bit.png,0,717,373,782,519
119,train/strasbourg/strasbourg_000001_030725_leftImg8bit.png,4,296,424,466,539
120,train/strasbourg/strasbourg_000001_030725_leftImg8bit.png,4,25,422,133,570
121,train/strasbourg/strasbourg_000001_030725_leftImg8bit.png,0,94,350,211,570
122,train/strasbourg/strasbourg_000001_000778_leftImg8bit.png,1,1299,373,1367,454
123,train/strasbourg/strasbourg_000001_000778_leftImg8bit.png,1,1352,359,1571,558
124,train/strasbourg/strasbourg_000001_000778_leftImg8bit.png,1,1439,344,1873,644
125,train/strasbourg/strasbourg_000001_000778_leftImg8bit.png,1,1082,386,1142,462
126,train/strasbourg/strasbourg_000001_000778_leftImg8bit.png,1,1059,385,1113,465
127,train/strasbourg/strasbourg_000001_000778_leftImg8bit.png,1,1045,386,1108,476
128,train/strasbourg/strasbourg_000001_000778_leftImg8bit.png,1,1017,382,1092,493
129,train/strasbourg/strasbourg_000001_000778_leftImg8bit.png,1,968,383,1084,511
130,train/strasbourg/strasbourg_000001_000778_leftImg8bit.png,1,804,364,1010,546
131,train/strasbourg/strasbourg_000001_000778_leftImg8bit.png,1,541,371,923,620
132,train/strasbourg/strasbourg_000001_000778_leftImg8bit.png,4,0,524,203,874
133,train/strasbourg/strasbourg_000001_000778_leftImg8bit.png,0,1179,344,1249,519
134,train/strasbourg/strasbourg_000001_026606_leftImg8bit.png,3,1047,343,1368,427
135,train/strasbourg/strasbourg_000001_026606_leftImg8bit.png,0,1805,301,1903,493
136,train/strasbourg/strasbourg_000000_034387_leftImg8bit.png,0,537,355,622,519
137,train/strasbourg/strasbourg_000000_034387_leftImg8bit.png,4,0,777,65,1017
138,train/strasbourg/strasbourg_000000_034387_leftImg8bit.png,0,1120,371,1203,547
139,train/strasbourg/strasbourg_000000_034387_leftImg8bit.png,0,1242,368,1297,538
140,train/strasbourg/strasbourg_000000_034387_leftImg8bit.png,1,1757,362,2047,873
141,train/strasbourg/strasbourg_000000_034387_leftImg8bit.png,4,0,455,463,853
142,train/strasbourg/strasbourg_000001_065572_leftImg8bit.png,1,1352,378,1414,454
143,train/strasbourg/strasbourg_000001_065572_leftImg8bit.png,1,1489,369,1594,436
144,train/strasbourg/strasbourg_000001_065572_leftImg8bit.png,1,1565,374,1682,440
145,train/strasbourg/strasbourg_000001_065572_leftImg8bit.png,1,1642,371,1789,449
146,train/strasbourg/strasbourg_000001_065572_leftImg8bit.png,1,1777,374,1954,459
147,train/strasbourg/strasbourg_000001_047955_leftImg8bit.png,4,1470,418,1524,470
148,train/strasbourg/strasbourg_000001_047955_leftImg8bit.png,4,1565,427,1635,543
149,train/strasbourg/strasbourg_000001_047955_leftImg8bit.png,1,1077,367,1151,422
150,train/strasbourg/strasbourg_000001_047955_leftImg8bit.png,0,184,288,253,373
151,train/strasbourg/strasbourg_000001_047955_leftImg8bit.png,0,85,264,156,350
152,train/strasbourg/strasbourg_000001_047955_leftImg8bit.png,1,887,356,990,449
153,train/strasbourg/strasbourg_000001_047955_leftImg8bit.png,1,901,375,967,455
154,train/strasbourg/strasbourg_000001_047955_leftImg8bit.png,1,829,369,963,486
155,train/strasbourg/strasbourg_000001_047955_leftImg8bit.png,1,787,379,907,509
156,train/strasbourg/strasbourg_000001_047955_leftImg8bit.png,1,727,368,854,520
157,train/strasbourg/strasbourg_000001_047955_leftImg8bit.png,1,485,319,819,596
158,train/strasbourg/strasbourg_000001_047955_leftImg8bit.png,1,42,332,614,680
159,train/strasbourg/strasbourg_000001_047955_leftImg8bit.png,1,0,239,352,810
160,train/strasbourg/strasbourg_000000_008677_leftImg8bit.png,1,1515,373,1567,430
161,train/strasbourg/strasbourg_000000_008677_leftImg8bit.png,1,1263,374,1364,456
162,train/strasbourg/strasbourg_000000_008677_leftImg8bit.png,1,1548,310,1739,474
163,train/strasbourg/strasbourg_000000_008677_leftImg8bit.png,1,1290,373,1583,536
164,train/strasbourg/strasbourg_000000_008677_leftImg8bit.png,1,1145,364,1288,480
165,train/strasbourg/strasbourg_000000_008677_leftImg8bit.png,1,918,331,1194,501
166,train/strasbourg/strasbourg_000000_008677_leftImg8bit.png,1,732,371,1007,524
167,train/strasbourg/strasbourg_000000_008677_leftImg8bit.png,4,1635,452,1700,526
168,train/strasbourg/strasbourg_000000_008677_leftImg8bit.png,0,1639,430,1792,572
169,train/strasbourg/strasbourg_000000_008677_leftImg8bit.png,0,1880,224,2028,602
170,train/strasbourg/strasbourg_000000_008677_leftImg8bit.png,0,1991,245,2047,637
171,train/strasbourg/strasbourg_000000_008677_leftImg8bit.png,0,1845,256,1994,658
172,train/strasbourg/strasbourg_000001_004983_leftImg8bit.png,1,1247,367,1422,515
173,train/strasbourg/strasbourg_000001_004983_leftImg8bit.png,1,1280,373,1476,542
174,train/strasbourg/strasbourg_000001_004983_leftImg8bit.png,1,1368,356,1617,591
175,train/strasbourg/strasbourg_000001_004983_leftImg8bit.png,1,1446,348,2015,691
176,train/strasbourg/strasbourg_000001_004983_leftImg8bit.png,3,1051,337,1120,430
177,train/strasbourg/strasbourg_000001_004983_leftImg8bit.png,1,1052,387,1133,449
178,train/strasbourg/strasbourg_000001_004983_leftImg8bit.png,0,552,360,605,510
179,train/strasbourg/strasbourg_000001_039446_leftImg8bit.png,1,1010,397,1139,459
180,train/strasbourg/strasbourg_000001_039446_leftImg8bit.png,1,840,402,951,456
181,train/strasbourg/strasbourg_000001_039446_leftImg8bit.png,1,650,400,770,464
182,train/strasbourg/strasbourg_000001_039446_leftImg8bit.png,1,487,397,618,471
183,train/strasbourg/strasbourg_000001_039446_leftImg8bit.png,1,277,395,504,478
184,train/strasbourg/strasbourg_000001_039446_leftImg8bit.png,1,150,382,310,486
185,train/strasbourg/strasbourg_000001_039446_leftImg8bit.png,0,146,369,215,503
186,train/strasbourg/strasbourg_000001_039446_leftImg8bit.png,0,615,350,685,532
187,train/strasbourg/strasbourg_000001_039446_leftImg8bit.png,0,536,326,596,543
188,train/strasbourg/strasbourg_000001_045880_leftImg8bit.png,1,0,435,52,486
189,train/strasbourg/strasbourg_000001_045880_leftImg8bit.png,1,942,374,1205,585
190,train/strasbourg/strasbourg_000001_045880_leftImg8bit.png,1,1216,365,1327,466
191,train/strasbourg/strasbourg_000001_014258_leftImg8bit.png,1,788,410,882,468
192,train/strasbourg/strasbourg_000001_014258_leftImg8bit.png,1,731,402,804,473
193,train/strasbourg/strasbourg_000001_014258_leftImg8bit.png,1,578,393,763,491
194,train/strasbourg/strasbourg_000001_014258_leftImg8bit.png,1,430,404,670,495
195,train/strasbourg/strasbourg_000001_020956_leftImg8bit.png,1,1821,379,1874,450
196,train/strasbourg/strasbourg_000001_020956_leftImg8bit.png,1,1836,381,1906,454
197,train/strasbourg/strasbourg_000001_020956_leftImg8bit.png,1,1864,387,1943,465
198,train/strasbourg/strasbourg_000001_020956_leftImg8bit.png,1,1904,379,2039,476
199,train/strasbourg/strasbourg_000001_020956_leftImg8bit.png,1,1939,388,2047,490
200,train/strasbourg/strasbourg_000001_020956_leftImg8bit.png,1,1394,397,1461,449
201,train/strasbourg/strasbourg_000001_020956_leftImg8bit.png,1,1356,394,1440,453
202,train/strasbourg/strasbourg_000001_020956_leftImg8bit.png,1,1256,391,1357,473
203,train/strasbourg/strasbourg_000001_020956_leftImg8bit.png,1,1216,390,1303,484
204,train/strasbourg/strasbourg_000001_020956_leftImg8bit.png,1,1135,390,1267,498
205,train/strasbourg/strasbourg_000001_020956_leftImg8bit.png,1,1014,385,1198,522
206,train/strasbourg/strasbourg_000001_020956_leftImg8bit.png,1,778,387,1081,563
207,train/strasbourg/strasbourg_000001_030120_leftImg8bit.png,1,1188,343,1242,398
208,train/strasbourg/strasbourg_000001_030120_leftImg8bit.png,1,1114,352,1192,428
209,train/strasbourg/strasbourg_000001_030120_leftImg8bit.png,0,1069,330,1135,404
210,train/strasbourg/strasbourg_000001_030120_leftImg8bit.png,1,1535,361,1948,597
211,train/strasbourg/strasbourg_000001_030120_leftImg8bit.png,1,1812,356,2047,760
212,train/strasbourg/strasbourg_000001_015974_leftImg8bit.png,1,1234,389,1356,501
213,train/strasbourg/strasbourg_000001_015974_leftImg8bit.png,1,1291,380,1422,521
214,train/strasbourg/strasbourg_000001_015974_leftImg8bit.png,1,1341,376,1581,553
215,train/strasbourg/strasbourg_000001_015974_leftImg8bit.png,1,1476,359,1820,615
216,train/strasbourg/strasbourg_000001_015974_leftImg8bit.png,1,1669,334,2047,734
217,train/strasbourg/strasbourg_000001_015974_leftImg8bit.png,1,1995,537,2047,741
218,train/strasbourg/strasbourg_000001_015974_leftImg8bit.png,4,655,431,714,483
219,train/strasbourg/strasbourg_000001_015974_leftImg8bit.png,1,550,402,647,502
220,train/strasbourg/strasbourg_000001_015974_leftImg8bit.png,1,809,380,936,486
221,train/strasbourg/strasbourg_000001_015974_leftImg8bit.png,1,468,402,598,517
222,train/strasbourg/strasbourg_000001_015974_leftImg8bit.png,1,296,397,520,545
223,train/strasbourg/strasbourg_000001_015974_leftImg8bit.png,1,0,413,187,629
224,train/strasbourg/strasbourg_000001_063808_leftImg8bit.png,0,406,381,460,561
225,train/strasbourg/strasbourg_000001_063808_leftImg8bit.png,1,836,397,923,505
226,train/strasbourg/strasbourg_000001_063808_leftImg8bit.png,1,881,278,1218,619
227,train/strasbourg/strasbourg_000001_063808_leftImg8bit.png,4,1919,407,2047,522
228,train/strasbourg/strasbourg_000001_063808_leftImg8bit.png,0,1276,359,1361,516
229,train/strasbourg/strasbourg_000001_054639_leftImg8bit.png,0,1729,310,1831,496
230,train/strasbourg/strasbourg_000001_054639_leftImg8bit.png,0,1699,300,1813,498
231,train/strasbourg/strasbourg_000001_054639_leftImg8bit.png,5,735,344,1021,511
232,train/strasbourg/strasbourg_000000_031223_leftImg8bit.png,1,862,356,935,458
233,train/strasbourg/strasbourg_000000_031223_leftImg8bit.png,1,752,322,921,478
234,train/strasbourg/strasbourg_000000_031223_leftImg8bit.png,1,760,345,889,503
235,train/strasbourg/strasbourg_000000_031223_leftImg8bit.png,1,552,297,832,549
236,train/strasbourg/strasbourg_000000_031223_leftImg8bit.png,1,77,279,683,705
237,train/strasbourg/strasbourg_000000_031223_leftImg8bit.png,1,0,290,227,877
238,train/strasbourg/strasbourg_000000_031223_leftImg8bit.png,1,926,256,1150,510
239,train/strasbourg/strasbourg_000000_014503_leftImg8bit.png,1,0,346,503,765
240,train/strasbourg/strasbourg_000000_014503_leftImg8bit.png,1,0,357,265,883
241,train/strasbourg/strasbourg_000000_014503_leftImg8bit.png,1,1034,357,1160,456
242,train/strasbourg/strasbourg_000000_014503_leftImg8bit.png,4,1082,389,1185,464
243,train/strasbourg/strasbourg_000000_014503_leftImg8bit.png,4,1082,389,1185,464
244,train/strasbourg/strasbourg_000000_014503_leftImg8bit.png,0,944,333,1062,563
245,train/strasbourg/strasbourg_000000_014503_leftImg8bit.png,0,918,298,1026,568
246,train/strasbourg/strasbourg_000001_037090_leftImg8bit.png,1,431,357,528,428
247,train/strasbourg/strasbourg_000001_037090_leftImg8bit.png,0,360,319,428,461
248,train/strasbourg/strasbourg_000001_037090_leftImg8bit.png,0,269,322,330,468
249,train/strasbourg/strasbourg_000001_037090_leftImg8bit.png,0,183,316,239,463
250,train/strasbourg/strasbourg_000001_037090_leftImg8bit.png,1,0,297,145,564
251,train/strasbourg/strasbourg_000001_037090_leftImg8bit.png,1,1101,371,1180,431
252,train/strasbourg/strasbourg_000001_037090_leftImg8bit.png,1,1192,348,1357,479
253,train/strasbourg/strasbourg_000001_037090_leftImg8bit.png,4,1924,419,2042,498
254,train/strasbourg/strasbourg_000001_004745_leftImg8bit.png,0,951,321,1029,512
255,train/strasbourg/strasbourg_000001_004745_leftImg8bit.png,0,953,321,1053,482
256,train/strasbourg/strasbourg_000001_004745_leftImg8bit.png,0,973,333,1070,623
257,train/strasbourg/strasbourg_000001_004745_leftImg8bit.png,0,1038,389,1116,631
258,train/strasbourg/strasbourg_000001_004745_leftImg8bit.png,0,1114,343,1218,627
259,train/strasbourg/strasbourg_000001_004745_leftImg8bit.png,0,782,375,836,491
260,train/strasbourg/strasbourg_000001_004745_leftImg8bit.png,4,755,424,826,504
261,train/strasbourg/strasbourg_000001_004745_leftImg8bit.png,3,419,349,476,412
262,train/strasbourg/strasbourg_000001_040564_leftImg8bit.png,3,296,285,484,454
263,train/strasbourg/strasbourg_000001_040564_leftImg8bit.png,1,425,363,564,463
264,train/strasbourg/strasbourg_000001_040564_leftImg8bit.png,1,181,334,340,490
265,train/strasbourg/strasbourg_000001_040564_leftImg8bit.png,0,929,315,983,461
266,train/strasbourg/strasbourg_000001_040564_leftImg8bit.png,0,1058,295,1114,458
267,train/strasbourg/strasbourg_000001_040564_leftImg8bit.png,0,1699,223,1807,496
268,train/strasbourg/strasbourg_000001_000710_leftImg8bit.png,1,804,357,862,414
269,train/strasbourg/strasbourg_000001_000710_leftImg8bit.png,1,756,365,828,438
270,train/strasbourg/strasbourg_000001_000710_leftImg8bit.png,1,682,354,791,452
271,train/strasbourg/strasbourg_000001_000710_leftImg8bit.png,1,602,362,759,474
272,train/strasbourg/strasbourg_000001_000710_leftImg8bit.png,4,550,397,615,510
273,train/strasbourg/strasbourg_000001_000710_leftImg8bit.png,0,417,330,480,489
274,train/strasbourg/strasbourg_000001_000710_leftImg8bit.png,0,303,379,357,459
275,train/strasbourg/strasbourg_000001_000710_leftImg8bit.png,0,103,377,158,436
276,train/strasbourg/strasbourg_000001_000710_leftImg8bit.png,1,976,349,1084,450
277,train/strasbourg/strasbourg_000001_000710_leftImg8bit.png,1,997,348,1151,463
278,train/strasbourg/strasbourg_000001_000710_leftImg8bit.png,0,1373,281,1446,473
279,train/strasbourg/strasbourg_000001_000710_leftImg8bit.png,0,1501,285,1594,466
280,train/strasbourg/strasbourg_000001_000710_leftImg8bit.png,0,1833,279,1923,446
281,train/strasbourg/strasbourg_000001_024152_leftImg8bit.png,1,1301,373,1427,435
282,train/strasbourg/strasbourg_000001_024152_leftImg8bit.png,1,1382,386,1550,445
283,train/strasbourg/strasbourg_000001_024152_leftImg8bit.png,1,0,381,231,488
284,train/strasbourg/strasbourg_000001_024152_leftImg8bit.png,1,878,390,970,459
285,train/strasbourg/strasbourg_000001_024152_leftImg8bit.png,1,609,351,873,542
286,train/strasbourg/strasbourg_000001_024152_leftImg8bit.png,5,1636,393,1784,541
287,train/strasbourg/strasbourg_000001_049143_leftImg8bit.png,1,1226,391,1328,471
288,train/strasbourg/strasbourg_000001_049143_leftImg8bit.png,1,992,397,1063,451
289,train/strasbourg/strasbourg_000001_049143_leftImg8bit.png,1,892,398,987,464
290,train/strasbourg/strasbourg_000001_049143_leftImg8bit.png,5,1592,374,1828,686
291,train/strasbourg/strasbourg_000001_006916_leftImg8bit.png,1,1160,387,1261,482
292,train/strasbourg/strasbourg_000001_006916_leftImg8bit.png,1,1195,387,1310,493
293,train/strasbourg/strasbourg_000001_006916_leftImg8bit.png,1,1240,381,1405,518
294,train/strasbourg/strasbourg_000001_006916_leftImg8bit.png,1,1334,292,1692,585
295,train/strasbourg/strasbourg_000001_006916_leftImg8bit.png,1,1479,221,2047,706
296,train/strasbourg/strasbourg_000001_006916_leftImg8bit.png,1,618,357,779,499
297,train/strasbourg/strasbourg_000001_006916_leftImg8bit.png,1,529,400,702,529
298,train/strasbourg/strasbourg_000001_006916_leftImg8bit.png,1,351,397,629,578
299,train/strasbourg/strasbourg_000001_006916_leftImg8bit.png,4,142,433,247,570
300,train/strasbourg/strasbourg_000001_052430_leftImg8bit.png,5,1770,388,1947,650
301,train/strasbourg/strasbourg_000001_052430_leftImg8bit.png,0,353,389,412,535
302,train/strasbourg/strasbourg_000001_052430_leftImg8bit.png,4,334,459,414,596
303,train/strasbourg/strasbourg_000001_052430_leftImg8bit.png,5,992,414,1227,625
304,train/strasbourg/strasbourg_000001_052430_leftImg8bit.png,5,493,391,832,620
305,train/strasbourg/strasbourg_000001_052430_leftImg8bit.png,5,743,349,1239,670
306,train/strasbourg/strasbourg_000001_052430_leftImg8bit.png,5,1336,388,1475,638
307,train/strasbourg/strasbourg_000001_052430_leftImg8bit.png,5,1569,377,1815,662
308,train/strasbourg/strasbourg_000000_033129_leftImg8bit.png,1,368,423,442,495
309,train/strasbourg/strasbourg_000000_033129_leftImg8bit.png,1,363,439,415,519
310,train/strasbourg/strasbourg_000000_033129_leftImg8bit.png,1,106,383,414,590
311,train/strasbourg/strasbourg_000000_033129_leftImg8bit.png,1,605,424,683,509
312,train/strasbourg/strasbourg_000000_033129_leftImg8bit.png,1,648,417,794,522
313,train/strasbourg/strasbourg_000000_033129_leftImg8bit.png,1,732,420,1012,563
314,train/strasbourg/strasbourg_000000_033129_leftImg8bit.png,0,513,333,593,570
315,train/strasbourg/strasbourg_000000_033129_leftImg8bit.png,0,515,353,600,571
316,train/strasbourg/strasbourg_000000_033129_leftImg8bit.png,5,1188,432,1292,504
317,train/strasbourg/strasbourg_000000_033129_leftImg8bit.png,5,1251,409,1421,516
318,train/strasbourg/strasbourg_000000_033129_leftImg8bit.png,0,1414,362,1479,458
319,train/strasbourg/strasbourg_000000_033129_leftImg8bit.png,0,1453,354,1509,544
320,train/strasbourg/strasbourg_000000_033129_leftImg8bit.png,0,1524,362,1578,549
321,train/strasbourg/strasbourg_000000_033129_leftImg8bit.png,0,1541,342,1609,551
322,train/strasbourg/strasbourg_000000_033129_leftImg8bit.png,0,1589,349,1674,540
323,train/strasbourg/strasbourg_000000_033129_leftImg8bit.png,0,1781,349,1890,550
324,train/strasbourg/strasbourg_000000_033129_leftImg8bit.png,0,1882,341,1964,552
325,train/strasbourg/strasbourg_000000_033129_leftImg8bit.png,0,1655,438,1716,516
326,train/strasbourg/strasbourg_000000_033129_leftImg8bit.png,5,1251,411,1338,516
327,train/strasbourg/strasbourg_000001_035689_leftImg8bit.png,1,1328,397,1395,449
328,train/strasbourg/strasbourg_000001_035689_leftImg8bit.png,0,1912,368,1980,537
329,train/strasbourg/strasbourg_000000_018153_leftImg8bit.png,0,1287,310,1377,608
330,train/strasbourg/strasbourg_000000_018153_leftImg8bit.png,0,1297,289,1428,631
331,train/strasbourg/strasbourg_000000_018153_leftImg8bit.png,0,1406,279,1533,658
332,train/strasbourg/strasbourg_000000_018153_leftImg8bit.png,0,1318,404,1409,663
333,train/strasbourg/strasbourg_000001_021951_leftImg8bit.png,1,1453,402,1611,483
334,train/strasbourg/strasbourg_000001_021951_leftImg8bit.png,0,1960,374,2012,478
335,train/strasbourg/strasbourg_000001_040620_leftImg8bit.png,1,1259,386,1350,451
336,train/strasbourg/strasbourg_000001_040620_leftImg8bit.png,3,1304,170,1686,500
337,train/strasbourg/strasbourg_000001_040620_leftImg8bit.png,1,1586,298,1976,556
338,train/strasbourg/strasbourg_000001_040620_leftImg8bit.png,1,277,375,499,547
339,train/strasbourg/strasbourg_000001_040620_leftImg8bit.png,1,0,341,309,602
340,train/strasbourg/strasbourg_000001_040620_leftImg8bit.png,1,1027,354,1134,468
341,train/strasbourg/strasbourg_000000_022489_leftImg8bit.png,1,305,426,472,480
342,train/strasbourg/strasbourg_000000_022489_leftImg8bit.png,1,971,380,1098,451
343,train/strasbourg/strasbourg_000000_022489_leftImg8bit.png,1,1535,295,1868,529
344,train/strasbourg/strasbourg_000001_007524_leftImg8bit.png,0,683,355,803,625
345,train/strasbourg/strasbourg_000001_007524_leftImg8bit.png,0,279,382,371,612
346,train/strasbourg/strasbourg_000001_007524_leftImg8bit.png,0,319,480,378,612
347,train/strasbourg/strasbourg_000001_062542_leftImg8bit.png,1,1183,354,1304,476
348,train/strasbourg/strasbourg_000001_062542_leftImg8bit.png,0,1806,369,1881,543
349,train/strasbourg/strasbourg_000001_062542_leftImg8bit.png,0,1734,376,1793,516
350,train/strasbourg/strasbourg_000001_062542_leftImg8bit.png,0,600,336,662,502
351,train/strasbourg/strasbourg_000001_034494_leftImg8bit.png,1,564,334,680,389
352,train/strasbourg/strasbourg_000001_034494_leftImg8bit.png,1,435,348,584,403
353,train/strasbourg/strasbourg_000001_034494_leftImg8bit.png,1,637,343,806,409
354,train/strasbourg/strasbourg_000001_034494_leftImg8bit.png,0,1372,314,1424,472
355,train/strasbourg/strasbourg_000001_034494_leftImg8bit.png,0,1425,317,1480,463
356,train/strasbourg/strasbourg_000001_034494_leftImg8bit.png,0,1540,297,1606,489
357,train/strasbourg/strasbourg_000000_030017_leftImg8bit.png,1,1960,503,2047,923
358,train/strasbourg/strasbourg_000000_030017_leftImg8bit.png,4,570,416,629,482
359,train/strasbourg/strasbourg_000000_030017_leftImg8bit.png,0,493,294,594,563
360,train/strasbourg/strasbourg_000000_030017_leftImg8bit.png,0,439,329,515,558
361,train/strasbourg/strasbourg_000000_030017_leftImg8bit.png,4,9,420,133,506
362,train/strasbourg/strasbourg_000000_030017_leftImg8bit.png,0,47,354,112,506
363,train/strasbourg/strasbourg_000000_030017_leftImg8bit.png,0,123,397,188,474
364,train/strasbourg/strasbourg_000000_030017_leftImg8bit.png,0,164,386,218,461
365,train/strasbourg/strasbourg_000000_030017_leftImg8bit.png,0,133,395,231,515
366,train/strasbourg/strasbourg_000001_009246_leftImg8bit.png,0,1389,344,1463,501
367,train/strasbourg/strasbourg_000001_009246_leftImg8bit.png,4,1334,406,1414,544
368,train/strasbourg/strasbourg_000000_029400_leftImg8bit.png,1,1056,439,1231,624
369,train/strasbourg/strasbourg_000000_029400_leftImg8bit.png,4,1312,512,1386,627
370,train/strasbourg/strasbourg_000000_029400_leftImg8bit.png,0,1217,405,1354,689
371,train/strasbourg/strasbourg_000000_029400_leftImg8bit.png,0,1173,409,1250,692
372,train/strasbourg/strasbourg_000000_029400_leftImg8bit.png,0,1065,400,1169,728
373,train/strasbourg/strasbourg_000000_029400_leftImg8bit.png,1,814,454,992,597
374,train/strasbourg/strasbourg_000000_029400_leftImg8bit.png,0,874,398,972,646
375,train/strasbourg/strasbourg_000000_029400_leftImg8bit.png,0,823,435,923,651
376,train/strasbourg/strasbourg_000000_029400_leftImg8bit.png,0,768,371,891,735
377,train/strasbourg/strasbourg_000000_029400_leftImg8bit.png,0,683,382,804,692
378,train/strasbourg/strasbourg_000000_029400_leftImg8bit.png,0,796,389,917,751
379,train/strasbourg/strasbourg_000000_029400_leftImg8bit.png,0,563,379,667,654
380,train/strasbourg/strasbourg_000000_029400_leftImg8bit.png,0,559,416,675,659
381,train/strasbourg/strasbourg_000000_029400_leftImg8bit.png,0,619,408,733,700
382,train/strasbourg/strasbourg_000000_029400_leftImg8bit.png,4,1512,488,1572,618
383,train/strasbourg/strasbourg_000000_029400_leftImg8bit.png,0,1403,416,1493,686
384,train/strasbourg/strasbourg_000000_029400_leftImg8bit.png,0,509,414,572,624
385,train/strasbourg/strasbourg_000000_029400_leftImg8bit.png,0,357,409,493,667
386,train/strasbourg/strasbourg_000000_029400_leftImg8bit.png,0,155,395,332,717
387,train/strasbourg/strasbourg_000000_029400_leftImg8bit.png,0,52,392,212,740
388,train/strasbourg/strasbourg_000000_029400_leftImg8bit.png,0,0,338,106,773
389,train/strasbourg/strasbourg_000000_029400_leftImg8bit.png,4,1759,526,2015,668
390,train/strasbourg/strasbourg_000000_029400_leftImg8bit.png,4,1982,529,2047,697
391,train/strasbourg/strasbourg_000000_029400_leftImg8bit.png,0,1724,378,1839,738
392,train/strasbourg/strasbourg_000000_029400_leftImg8bit.png,0,1672,395,1817,747
393,train/strasbourg/strasbourg_000000_029400_leftImg8bit.png,0,1917,378,1996,724
394,train/strasbourg/strasbourg_000000_029400_leftImg8bit.png,0,1866,416,1985,766
395,train/strasbourg/strasbourg_000000_029400_leftImg8bit.png,0,1890,344,2016,781
396,train/strasbourg/strasbourg_000001_007864_leftImg8bit.png,1,577,360,694,414
397,train/strasbourg/strasbourg_000001_007864_leftImg8bit.png,1,5,401,112,465
398,train/strasbourg/strasbourg_000001_007864_leftImg8bit.png,1,0,403,74,476
399,train/strasbourg/strasbourg_000001_007864_leftImg8bit.png,1,1199,339,1498,543
400,train/strasbourg/strasbourg_000001_007864_leftImg8bit.png,1,577,365,665,420
401,train/strasbourg/strasbourg_000001_007864_leftImg8bit.png,1,487,348,610,425
402,train/strasbourg/strasbourg_000001_007864_leftImg8bit.png,1,1389,338,1801,638
403,train/strasbourg/strasbourg_000001_007864_leftImg8bit.png,1,90,363,403,479
404,train/strasbourg/strasbourg_000001_007864_leftImg8bit.png,1,1651,272,2047,760
405,train/strasbourg/strasbourg_000001_007864_leftImg8bit.png,1,408,378,591,442
406,train/strasbourg/strasbourg_000001_007864_leftImg8bit.png,1,659,370,776,457
407,train/strasbourg/strasbourg_000001_003676_leftImg8bit.png,1,1240,338,1338,458
408,train/strasbourg/strasbourg_000001_003676_leftImg8bit.png,1,1265,345,1337,471
409,train/strasbourg/strasbourg_000001_003676_leftImg8bit.png,1,1288,329,1444,499
410,train/strasbourg/strasbourg_000001_003676_leftImg8bit.png,1,1340,327,1564,548
411,train/strasbourg/strasbourg_000001_003676_leftImg8bit.png,1,1466,247,1801,639
412,train/strasbourg/strasbourg_000001_003676_leftImg8bit.png,1,1585,241,2047,924
413,train/strasbourg/strasbourg_000001_032315_leftImg8bit.png,1,1129,367,1211,434
414,train/strasbourg/strasbourg_000001_032315_leftImg8bit.png,1,1143,374,1214,450
415,train/strasbourg/strasbourg_000001_032315_leftImg8bit.png,1,1207,331,1366,500
416,train/strasbourg/strasbourg_000001_032315_leftImg8bit.png,1,1267,371,1356,532
417,train/strasbourg/strasbourg_000001_032315_leftImg8bit.png,1,1315,306,1558,585
418,train/strasbourg/strasbourg_000001_032315_leftImg8bit.png,1,1459,231,2023,669
419,train/strasbourg/strasbourg_000001_032315_leftImg8bit.png,1,1611,277,2047,900
420,train/strasbourg/strasbourg_000000_018874_leftImg8bit.png,1,1136,400,1210,453
421,train/strasbourg/strasbourg_000000_018874_leftImg8bit.png,1,942,398,1032,466
422,train/strasbourg/strasbourg_000000_018874_leftImg8bit.png,1,1014,395,1169,510
423,train/strasbourg/strasbourg_000000_018874_leftImg8bit.png,1,918,401,985,476
424,train/strasbourg/strasbourg_000000_018874_leftImg8bit.png,1,855,395,970,498
425,train/strasbourg/strasbourg_000000_018874_leftImg8bit.png,1,751,395,941,524
426,train/strasbourg/strasbourg_000000_018874_leftImg8bit.png,1,359,365,736,639
427,train/strasbourg/strasbourg_000000_018874_leftImg8bit.png,1,0,354,527,757
428,train/strasbourg/strasbourg_000000_018874_leftImg8bit.png,1,1218,398,1306,476
429,train/strasbourg/strasbourg_000000_018874_leftImg8bit.png,1,1249,400,1362,497
430,train/strasbourg/strasbourg_000000_018874_leftImg8bit.png,1,1317,392,1430,543
431,train/strasbourg/strasbourg_000000_018874_leftImg8bit.png,1,1374,374,1546,578
432,train/strasbourg/strasbourg_000000_018874_leftImg8bit.png,1,1442,365,1732,637
433,train/strasbourg/strasbourg_000000_018874_leftImg8bit.png,1,1573,353,2047,752
434,train/strasbourg/strasbourg_000000_029020_leftImg8bit.png,1,44,380,142,460
435,train/strasbourg/strasbourg_000000_029020_leftImg8bit.png,1,924,352,1111,505
436,train/strasbourg/strasbourg_000000_029020_leftImg8bit.png,1,448,319,801,563
437,train/strasbourg/strasbourg_000000_029020_leftImg8bit.png,1,108,357,646,663
438,train/strasbourg/strasbourg_000000_029020_leftImg8bit.png,1,0,346,263,787
439,train/strasbourg/strasbourg_000000_029020_leftImg8bit.png,0,1197,331,1278,508
440,train/strasbourg/strasbourg_000000_029020_leftImg8bit.png,0,1375,351,1437,496
441,train/strasbourg/strasbourg_000000_029020_leftImg8bit.png,0,1462,344,1524,460
442,train/strasbourg/strasbourg_000000_029020_leftImg8bit.png,0,1429,346,1486,493
443,train/strasbourg/strasbourg_000000_015131_leftImg8bit.png,1,907,391,1004,450
444,train/strasbourg/strasbourg_000000_015131_leftImg8bit.png,1,848,398,919,457
445,train/strasbourg/strasbourg_000000_015131_leftImg8bit.png,1,730,372,856,469
446,train/strasbourg/strasbourg_000000_015131_leftImg8bit.png,1,714,394,803,479
447,train/strasbourg/strasbourg_000000_015131_leftImg8bit.png,1,631,385,763,491
448,train/strasbourg/strasbourg_000000_015131_leftImg8bit.png,1,553,396,719,513
449,train/strasbourg/strasbourg_000000_015131_leftImg8bit.png,1,289,399,538,563
450,train/strasbourg/strasbourg_000000_015131_leftImg8bit.png,1,0,356,372,639
451,train/strasbourg/strasbourg_000000_015131_leftImg8bit.png,1,989,386,1086,457
452,train/strasbourg/strasbourg_000000_015131_leftImg8bit.png,1,1171,364,1287,466
453,train/strasbourg/strasbourg_000000_015131_leftImg8bit.png,1,1189,378,1291,474
454,train/strasbourg/strasbourg_000000_015131_leftImg8bit.png,1,1208,381,1293,488
455,train/strasbourg/strasbourg_000000_015131_leftImg8bit.png,1,1241,353,1392,507
456,train/strasbourg/strasbourg_000000_015131_leftImg8bit.png,1,1322,362,1507,541
457,train/strasbourg/strasbourg_000000_015131_leftImg8bit.png,1,1375,362,1733,597
458,train/strasbourg/strasbourg_000000_015131_leftImg8bit.png,1,1613,291,2047,768
459,train/strasbourg/strasbourg_000000_017044_leftImg8bit.png,0,1350,382,1410,524
460,train/strasbourg/strasbourg_000000_017044_leftImg8bit.png,1,1251,404,1309,457
461,train/strasbourg/strasbourg_000000_017044_leftImg8bit.png,1,1129,407,1205,466
462,train/strasbourg/strasbourg_000000_017044_leftImg8bit.png,1,1094,406,1184,473
463,train/strasbourg/strasbourg_000000_017044_leftImg8bit.png,0,424,428,494,491
464,train/strasbourg/strasbourg_000000_017044_leftImg8bit.png,0,347,432,406,544
465,train/strasbourg/strasbourg_000000_017044_leftImg8bit.png,0,555,416,626,541
466,train/strasbourg/strasbourg_000000_017044_leftImg8bit.png,4,361,452,528,557
467,train/strasbourg/strasbourg_000000_017044_leftImg8bit.png,4,381,449,544,558
468,train/strasbourg/strasbourg_000000_017044_leftImg8bit.png,0,677,411,736,557
469,train/strasbourg/strasbourg_000000_017044_leftImg8bit.png,0,3,352,105,621
470,train/strasbourg/strasbourg_000000_017044_leftImg8bit.png,0,202,354,263,596
471,train/strasbourg/strasbourg_000000_017044_leftImg8bit.png,0,230,362,316,605
472,train/strasbourg/strasbourg_000000_017044_leftImg8bit.png,0,118,362,198,601
473,train/strasbourg/strasbourg_000000_017044_leftImg8bit.png,0,98,339,201,638
474,train/strasbourg/strasbourg_000000_017044_leftImg8bit.png,0,1662,396,1787,545
475,train/strasbourg/strasbourg_000000_017044_leftImg8bit.png,0,1869,386,1971,537
476,train/strasbourg/strasbourg_000000_017044_leftImg8bit.png,0,1950,402,2024,521
477,train/strasbourg/strasbourg_000000_017044_leftImg8bit.png,0,782,328,874,634
478,train/strasbourg/strasbourg_000001_004260_leftImg8bit.png,1,96,402,328,479
479,train/strasbourg/strasbourg_000001_004260_leftImg8bit.png,1,316,381,510,476
480,train/strasbourg/strasbourg_000001_004260_leftImg8bit.png,1,0,411,74,480
481,train/strasbourg/strasbourg_000001_004260_leftImg8bit.png,0,702,291,824,556
482,train/strasbourg/strasbourg_000001_004260_leftImg8bit.png,0,618,290,727,606
483,train/strasbourg/strasbourg_000001_004260_leftImg8bit.png,0,565,294,687,618
484,train/strasbourg/strasbourg_000001_004260_leftImg8bit.png,0,870,219,953,587
485,train/strasbourg/strasbourg_000000_033747_leftImg8bit.png,1,220,364,425,443
486,train/strasbourg/strasbourg_000000_033747_leftImg8bit.png,1,1047,407,1138,480
487,train/strasbourg/strasbourg_000000_033747_leftImg8bit.png,1,885,383,1080,488
488,train/strasbourg/strasbourg_000000_033747_leftImg8bit.png,1,1334,398,1404,490
489,train/strasbourg/strasbourg_000000_033747_leftImg8bit.png,1,1137,398,1345,512
490,train/strasbourg/strasbourg_000000_033747_leftImg8bit.png,1,1365,379,1505,496
491,train/strasbourg/strasbourg_000000_033747_leftImg8bit.png,1,1424,391,1540,508
492,train/strasbourg/strasbourg_000000_033747_leftImg8bit.png,0,1668,352,1728,444
493,train/strasbourg/strasbourg_000000_033747_leftImg8bit.png,1,1537,383,1710,527
494,train/strasbourg/strasbourg_000000_033747_leftImg8bit.png,4,1509,425,1573,619
495,train/strasbourg/strasbourg_000000_033747_leftImg8bit.png,4,444,412,516,517
496,train/strasbourg/strasbourg_000000_033747_leftImg8bit.png,4,345,416,422,536
497,train/strasbourg/strasbourg_000000_033747_leftImg8bit.png,4,209,424,294,562
498,train/strasbourg/strasbourg_000000_033747_leftImg8bit.png,4,96,418,169,588
499,train/strasbourg/strasbourg_000000_033747_leftImg8bit.png,4,1925,427,2047,580
500,train/strasbourg/strasbourg_000001_025833_leftImg8bit.png,4,1205,432,1276,494
501,train/strasbourg/strasbourg_000001_025833_leftImg8bit.png,0,1594,372,1670,547
502,train/strasbourg/strasbourg_000001_025833_leftImg8bit.png,0,1679,337,1778,546
503,train/strasbourg/strasbourg_000001_025833_leftImg8bit.png,1,677,444,735,509
504,train/strasbourg/strasbourg_000001_025833_leftImg8bit.png,1,639,437,710,517
505,train/strasbourg/strasbourg_000001_025833_leftImg8bit.png,1,595,436,677,521
506,train/strasbourg/strasbourg_000001_025833_leftImg8bit.png,1,263,390,672,541
507,train/strasbourg/strasbourg_000001_025833_leftImg8bit.png,1,280,427,491,551
508,train/strasbourg/strasbourg_000001_025833_leftImg8bit.png,1,261,444,453,562
509,train/strasbourg/strasbourg_000001_025833_leftImg8bit.png,1,140,427,352,582
510,train/strasbourg/strasbourg_000001_025833_leftImg8bit.png,1,0,465,238,601
511,train/strasbourg/strasbourg_000001_025833_leftImg8bit.png,1,0,479,122,628
512,train/strasbourg/strasbourg_000001_019247_leftImg8bit.png,1,638,361,864,536
513,train/strasbourg/strasbourg_000001_019247_leftImg8bit.png,1,0,287,450,1000
514,train/strasbourg/strasbourg_000000_001278_leftImg8bit.png,1,1313,327,1397,402
515,train/strasbourg/strasbourg_000000_001278_leftImg8bit.png,1,1161,361,1271,448
516,train/strasbourg/strasbourg_000000_001278_leftImg8bit.png,1,1299,367,1397,466
517,train/strasbourg/strasbourg_000000_001278_leftImg8bit.png,1,1314,366,1480,477
518,train/strasbourg/strasbourg_000000_001278_leftImg8bit.png,1,1582,225,2047,769
519,train/strasbourg/strasbourg_000000_001278_leftImg8bit.png,1,1106,379,1160,440
520,train/strasbourg/strasbourg_000000_001278_leftImg8bit.png,1,1060,368,1126,446
521,train/strasbourg/strasbourg_000000_001278_leftImg8bit.png,1,978,362,1086,453
522,train/strasbourg/strasbourg_000000_001278_leftImg8bit.png,1,903,369,1043,465
523,train/strasbourg/strasbourg_000000_001278_leftImg8bit.png,1,552,353,851,566
524,train/strasbourg/strasbourg_000000_001278_leftImg8bit.png,1,0,281,634,742
525,train/strasbourg/strasbourg_000000_001278_leftImg8bit.png,1,0,473,242,909
526,train/strasbourg/strasbourg_000000_021231_leftImg8bit.png,1,979,363,1149,480
527,train/strasbourg/strasbourg_000000_021231_leftImg8bit.png,1,1029,361,1361,549
528,train/strasbourg/strasbourg_000000_016247_leftImg8bit.png,0,691,386,755,533
529,train/strasbourg/strasbourg_000000_016247_leftImg8bit.png,0,957,408,1011,517
530,train/strasbourg/strasbourg_000000_016247_leftImg8bit.png,0,1466,411,1523,516
531,train/strasbourg/strasbourg_000000_016247_leftImg8bit.png,0,1407,403,1470,513
532,train/strasbourg/strasbourg_000000_016247_leftImg8bit.png,0,1817,406,1872,541
533,train/strasbourg/strasbourg_000000_016247_leftImg8bit.png,0,1859,411,1931,575
534,train/strasbourg/strasbourg_000000_016247_leftImg8bit.png,0,1948,423,2018,579
535,train/strasbourg/strasbourg_000000_016247_leftImg8bit.png,0,1596,395,1649,516
536,train/strasbourg/strasbourg_000001_053976_leftImg8bit.png,1,630,364,873,583
537,train/strasbourg/strasbourg_000001_053976_leftImg8bit.png,1,143,324,731,692
538,train/strasbourg/strasbourg_000001_053976_leftImg8bit.png,1,0,244,294,892
539,train/strasbourg/strasbourg_000001_053976_leftImg8bit.png,1,1050,380,1116,441
540,train/strasbourg/strasbourg_000001_053976_leftImg8bit.png,1,1016,388,1100,450
541,train/strasbourg/strasbourg_000001_053976_leftImg8bit.png,1,1019,390,1087,459
542,train/strasbourg/strasbourg_000001_053976_leftImg8bit.png,1,1014,395,1074,466
543,train/strasbourg/strasbourg_000001_053976_leftImg8bit.png,1,941,383,1059,474
544,train/strasbourg/strasbourg_000001_033027_leftImg8bit.png,1,565,419,629,476
545,train/strasbourg/strasbourg_000001_033027_leftImg8bit.png,1,509,424,562,481
546,train/strasbourg/strasbourg_000001_033027_leftImg8bit.png,1,483,419,538,484
547,train/strasbourg/strasbourg_000001_033027_leftImg8bit.png,1,400,407,513,485
548,train/strasbourg/strasbourg_000001_033027_leftImg8bit.png,4,263,422,346,556
549,train/strasbourg/strasbourg_000001_033027_leftImg8bit.png,1,731,403,1008,500
550,train/strasbourg/strasbourg_000001_033027_leftImg8bit.png,1,1368,394,1656,490
551,train/strasbourg/strasbourg_000001_033027_leftImg8bit.png,0,1461,300,1574,619
552,train/strasbourg/strasbourg_000001_033027_leftImg8bit.png,4,1531,393,1710,621
553,train/strasbourg/strasbourg_000001_033027_leftImg8bit.png,0,1700,336,1778,501
554,train/strasbourg/strasbourg_000001_043886_leftImg8bit.png,1,0,287,149,689
555,train/strasbourg/strasbourg_000000_000295_leftImg8bit.png,1,1121,343,1325,446
556,train/strasbourg/strasbourg_000000_000295_leftImg8bit.png,1,1172,386,1312,444
557,train/strasbourg/strasbourg_000000_000295_leftImg8bit.png,1,986,388,1121,470
558,train/strasbourg/strasbourg_000000_000295_leftImg8bit.png,1,1259,351,1616,605
559,train/strasbourg/strasbourg_000000_000295_leftImg8bit.png,1,615,390,683,453
560,train/strasbourg/strasbourg_000001_006153_leftImg8bit.png,1,1157,359,1225,436
561,train/strasbourg/strasbourg_000001_006153_leftImg8bit.png,1,1173,373,1248,442
562,train/strasbourg/strasbourg_000001_006153_leftImg8bit.png,1,1182,352,1304,454
563,train/strasbourg/strasbourg_000001_006153_leftImg8bit.png,1,1229,359,1343,490
564,train/strasbourg/strasbourg_000001_006153_leftImg8bit.png,1,1286,352,1452,517
565,train/strasbourg/strasbourg_000001_006153_leftImg8bit.png,1,1384,313,1637,585
566,train/strasbourg/strasbourg_000001_006153_leftImg8bit.png,1,1523,265,2047,710
567,train/strasbourg/strasbourg_000001_006153_leftImg8bit.png,1,697,378,792,454
568,train/strasbourg/strasbourg_000001_006153_leftImg8bit.png,1,640,382,760,461
569,train/strasbourg/strasbourg_000001_006153_leftImg8bit.png,1,436,346,646,493
570,train/strasbourg/strasbourg_000001_006153_leftImg8bit.png,1,351,368,563,517
571,train/strasbourg/strasbourg_000001_006153_leftImg8bit.png,1,106,385,468,569
572,train/strasbourg/strasbourg_000001_006153_leftImg8bit.png,1,863,363,983,458
573,train/strasbourg/strasbourg_000001_006153_leftImg8bit.png,0,615,341,680,495
574,train/strasbourg/strasbourg_000001_056857_leftImg8bit.png,1,1280,405,1349,460
575,train/strasbourg/strasbourg_000001_056857_leftImg8bit.png,1,1251,412,1324,463
576,train/strasbourg/strasbourg_000001_056857_leftImg8bit.png,1,1178,411,1272,475
577,train/strasbourg/strasbourg_000001_056857_leftImg8bit.png,1,857,374,1108,549
578,train/strasbourg/strasbourg_000001_056857_leftImg8bit.png,1,346,367,724,575
579,train/strasbourg/strasbourg_000001_056857_leftImg8bit.png,0,1644,368,1724,593
580,train/strasbourg/strasbourg_000001_056857_leftImg8bit.png,0,1734,385,1805,588
581,train/strasbourg/strasbourg_000001_056857_leftImg8bit.png,0,1440,376,1523,569
582,train/strasbourg/strasbourg_000001_056857_leftImg8bit.png,0,1519,378,1582,575
583,train/strasbourg/strasbourg_000000_029839_leftImg8bit.png,5,0,442,133,555
584,train/strasbourg/strasbourg_000000_029839_leftImg8bit.png,5,3,393,319,586
585,train/strasbourg/strasbourg_000000_029839_leftImg8bit.png,0,284,371,389,575
586,train/strasbourg/strasbourg_000000_029839_leftImg8bit.png,4,273,442,466,596
587,train/strasbourg/strasbourg_000000_029839_leftImg8bit.png,4,759,442,905,559
588,train/strasbourg/strasbourg_000000_029839_leftImg8bit.png,4,994,457,1076,550
589,train/strasbourg/strasbourg_000000_029839_leftImg8bit.png,4,1022,454,1120,548
590,train/strasbourg/strasbourg_000000_029839_leftImg8bit.png,0,1564,431,1623,521
591,train/strasbourg/strasbourg_000000_029839_leftImg8bit.png,1,1721,405,1811,480
592,train/strasbourg/strasbourg_000000_029839_leftImg8bit.png,0,1911,286,2008,607
593,train/strasbourg/strasbourg_000000_029839_leftImg8bit.png,0,1868,319,1974,610
594,train/strasbourg/strasbourg_000000_029839_leftImg8bit.png,0,1101,321,1293,664
595,train/strasbourg/strasbourg_000000_029839_leftImg8bit.png,0,1286,310,1440,721
596,train/strasbourg/strasbourg_000000_010372_leftImg8bit.png,1,1475,344,1557,414
597,train/strasbourg/strasbourg_000000_010372_leftImg8bit.png,1,1053,368,1168,437
598,train/strasbourg/strasbourg_000000_010372_leftImg8bit.png,1,491,313,825,479
599,train/strasbourg/strasbourg_000000_010372_leftImg8bit.png,1,1589,338,1711,397
600,train/strasbourg/strasbourg_000000_010372_leftImg8bit.png,4,970,392,1087,467
601,train/strasbourg/strasbourg_000000_010372_leftImg8bit.png,1,1071,244,1587,756
602,train/strasbourg/strasbourg_000000_028628_leftImg8bit.png,1,648,411,744,493
603,train/strasbourg/strasbourg_000000_028628_leftImg8bit.png,0,509,399,574,509
604,train/strasbourg/strasbourg_000000_028628_leftImg8bit.png,0,173,401,230,562
605,train/strasbourg/strasbourg_000000_028628_leftImg8bit.png,0,59,423,129,572
606,train/strasbourg/strasbourg_000000_028628_leftImg8bit.png,0,801,383,865,515
607,train/strasbourg/strasbourg_000000_028628_leftImg8bit.png,0,782,377,846,520
608,train/strasbourg/strasbourg_000000_028628_leftImg8bit.png,0,1211,379,1278,491
609,train/strasbourg/strasbourg_000000_028628_leftImg8bit.png,0,1206,361,1267,492
610,train/strasbourg/strasbourg_000000_028628_leftImg8bit.png,0,1877,334,1936,467
611,train/strasbourg/strasbourg_000000_028628_leftImg8bit.png,0,1848,345,1906,467
612,train/strasbourg/strasbourg_000001_007657_leftImg8bit.png,1,1149,397,1212,493
613,train/strasbourg/strasbourg_000001_007657_leftImg8bit.png,1,1165,390,1280,503
614,train/strasbourg/strasbourg_000001_007657_leftImg8bit.png,1,1206,389,1370,521
615,train/strasbourg/strasbourg_000001_007657_leftImg8bit.png,1,1277,386,1511,567
616,train/strasbourg/strasbourg_000001_007657_leftImg8bit.png,1,1380,378,1655,632
617,train/strasbourg/strasbourg_000001_007657_leftImg8bit.png,1,1478,322,2047,747
618,train/strasbourg/strasbourg_000001_007657_leftImg8bit.png,1,1844,379,2047,890
619,train/strasbourg/strasbourg_000001_007657_leftImg8bit.png,1,793,381,898,476
620,train/strasbourg/strasbourg_000001_007657_leftImg8bit.png,1,468,379,654,519
621,train/strasbourg/strasbourg_000001_007657_leftImg8bit.png,1,593,368,823,542
622,train/strasbourg/strasbourg_000001_007657_leftImg8bit.png,1,0,397,257,634
623,train/strasbourg/strasbourg_000000_026316_leftImg8bit.png,1,1202,493,1261,559
624,train/strasbourg/strasbourg_000000_026316_leftImg8bit.png,1,1095,473,1230,564
625,train/strasbourg/strasbourg_000000_026316_leftImg8bit.png,0,84,363,166,440
626,train/strasbourg/strasbourg_000000_026316_leftImg8bit.png,0,142,415,193,489
627,train/strasbourg/strasbourg_000000_026316_leftImg8bit.png,1,0,374,222,693
628,train/strasbourg/strasbourg_000000_026316_leftImg8bit.png,1,1291,391,1589,593
629,train/strasbourg/strasbourg_000001_055698_leftImg8bit.png,0,368,350,423,475
630,train/strasbourg/strasbourg_000001_055698_leftImg8bit.png,0,427,338,489,488
631,train/strasbourg/strasbourg_000001_055698_leftImg8bit.png,4,354,401,412,489
632,train/strasbourg/strasbourg_000001_055698_leftImg8bit.png,0,270,348,322,483
633,train/strasbourg/strasbourg_000001_055698_leftImg8bit.png,0,130,348,225,525
634,train/strasbourg/strasbourg_000000_014235_leftImg8bit.png,1,1179,343,1259,411
635,train/strasbourg/strasbourg_000000_014235_leftImg8bit.png,1,1529,348,2047,678
636,train/strasbourg/strasbourg_000000_014235_leftImg8bit.png,1,1179,342,1259,411
637,train/strasbourg/strasbourg_000000_014235_leftImg8bit.png,1,975,334,1089,437
638,train/strasbourg/strasbourg_000001_051661_leftImg8bit.png,0,1272,381,1339,470
639,train/strasbourg/strasbourg_000001_051661_leftImg8bit.png,0,1587,325,1645,401
640,train/strasbourg/strasbourg_000001_051661_leftImg8bit.png,0,1503,310,1597,574
641,train/strasbourg/strasbourg_000001_051661_leftImg8bit.png,1,878,341,952,409
642,train/strasbourg/strasbourg_000001_051661_leftImg8bit.png,1,866,350,939,416
643,train/strasbourg/strasbourg_000001_051661_leftImg8bit.png,1,861,355,922,429
644,train/strasbourg/strasbourg_000001_051661_leftImg8bit.png,1,857,358,916,439
645,train/strasbourg/strasbourg_000001_051661_leftImg8bit.png,1,783,348,901,454
646,train/strasbourg/strasbourg_000001_051661_leftImg8bit.png,1,758,354,881,470
647,train/strasbourg/strasbourg_000001_051661_leftImg8bit.png,1,672,354,858,479
648,train/strasbourg/strasbourg_000001_051661_leftImg8bit.png,1,632,359,844,525
649,train/strasbourg/strasbourg_000001_051661_leftImg8bit.png,0,159,330,216,456
650,train/strasbourg/strasbourg_000001_051661_leftImg8bit.png,0,284,314,340,424
651,train/strasbourg/strasbourg_000001_051661_leftImg8bit.png,4,244,436,309,503
652,train/strasbourg/strasbourg_000001_051661_leftImg8bit.png,1,496,358,736,549
653,train/strasbourg/strasbourg_000001_051661_leftImg8bit.png,1,248,346,682,656
654,train/strasbourg/strasbourg_000001_059433_leftImg8bit.png,4,636,466,712,528
655,train/strasbourg/strasbourg_000001_059433_leftImg8bit.png,1,1941,332,2047,393
656,train/strasbourg/strasbourg_000001_059433_leftImg8bit.png,1,1419,375,1558,441
657,train/strasbourg/strasbourg_000001_059433_leftImg8bit.png,1,974,394,1296,499
658,train/strasbourg/strasbourg_000001_059433_leftImg8bit.png,1,1539,318,1816,448
659,train/strasbourg/strasbourg_000001_059433_leftImg8bit.png,1,319,435,658,600
660,train/strasbourg/strasbourg_000001_059433_leftImg8bit.png,1,974,404,1146,491
661,train/strasbourg/strasbourg_000001_059433_leftImg8bit.png,1,1811,346,1948,402
662,train/strasbourg/strasbourg_000001_055273_leftImg8bit.png,1,1539,399,1669,465
663,train/strasbourg/strasbourg_000001_055273_leftImg8bit.png,4,353,400,412,489
664,train/strasbourg/strasbourg_000001_055273_leftImg8bit.png,0,172,371,223,428
665,train/strasbourg/strasbourg_000001_055273_leftImg8bit.png,0,137,376,196,432
666,train/strasbourg/strasbourg_000001_055273_leftImg8bit.png,0,51,376,107,455
667,train/strasbourg/strasbourg_000001_055273_leftImg8bit.png,1,924,393,997,446
668,train/strasbourg/strasbourg_000001_055273_leftImg8bit.png,1,1011,388,1087,444
669,train/strasbourg/strasbourg_000001_055273_leftImg8bit.png,4,879,415,956,491
670,train/strasbourg/strasbourg_000001_055273_leftImg8bit.png,4,1015,407,1116,501
671,train/strasbourg/strasbourg_000001_037906_leftImg8bit.png,1,115,370,254,439
672,train/strasbourg/strasbourg_000001_037906_leftImg8bit.png,4,245,400,303,454
673,train/strasbourg/strasbourg_000000_035942_leftImg8bit.png,0,1354,370,1449,522
674,train/strasbourg/strasbourg_000000_035942_leftImg8bit.png,1,375,333,702,569
675,train/strasbourg/strasbourg_000000_035942_leftImg8bit.png,1,0,343,486,703
676,train/strasbourg/strasbourg_000001_016376_leftImg8bit.png,1,1150,392,1248,476
677,train/strasbourg/strasbourg_000001_016376_leftImg8bit.png,1,1206,394,1358,515
678,train/strasbourg/strasbourg_000001_016376_leftImg8bit.png,1,1291,385,1484,586
679,train/strasbourg/strasbourg_000001_016376_leftImg8bit.png,1,1355,329,1961,651
680,train/strasbourg/strasbourg_000001_016376_leftImg8bit.png,1,1799,215,2047,944
681,train/strasbourg/strasbourg_000001_016376_leftImg8bit.png,0,799,361,853,483
682,train/strasbourg/strasbourg_000001_056142_leftImg8bit.png,0,1081,327,1166,507
683,train/strasbourg/strasbourg_000001_056142_leftImg8bit.png,0,1179,304,1246,501
684,train/strasbourg/strasbourg_000001_039114_leftImg8bit.png,0,1670,335,1726,484
685,train/strasbourg/strasbourg_000001_039114_leftImg8bit.png,1,185,391,254,466
686,train/strasbourg/strasbourg_000001_039114_leftImg8bit.png,1,193,410,304,507
687,train/strasbourg/strasbourg_000001_039114_leftImg8bit.png,1,0,421,91,543
688,train/strasbourg/strasbourg_000001_039114_leftImg8bit.png,1,3,408,233,565
689,train/strasbourg/strasbourg_000001_039114_leftImg8bit.png,1,320,418,410,494
690,train/strasbourg/strasbourg_000001_039114_leftImg8bit.png,1,372,413,487,499
691,train/strasbourg/strasbourg_000001_039114_leftImg8bit.png,1,457,401,598,502
692,train/strasbourg/strasbourg_000001_039114_leftImg8bit.png,1,512,405,631,510
693,train/strasbourg/strasbourg_000001_039114_leftImg8bit.png,1,565,396,728,520
694,train/strasbourg/strasbourg_000001_039114_leftImg8bit.png,1,671,372,950,542
695,train/strasbourg/strasbourg_000001_039114_leftImg8bit.png,4,1145,416,1359,562
696,train/strasbourg/strasbourg_000001_039114_leftImg8bit.png,0,1870,364,1940,462
697,train/strasbourg/strasbourg_000001_024379_leftImg8bit.png,1,740,389,802,452
698,train/strasbourg/strasbourg_000001_024379_leftImg8bit.png,1,652,385,761,461
699,train/strasbourg/strasbourg_000001_024379_leftImg8bit.png,1,193,331,601,492
700,train/strasbourg/strasbourg_000001_024379_leftImg8bit.png,1,182,390,519,512
701,train/strasbourg/strasbourg_000001_024379_leftImg8bit.png,1,14,379,288,545
702,train/strasbourg/strasbourg_000001_024379_leftImg8bit.png,1,0,379,198,576
703,train/strasbourg/strasbourg_000001_024379_leftImg8bit.png,4,1766,377,1904,541
704,train/strasbourg/strasbourg_000001_031272_leftImg8bit.png,5,764,388,944,514
705,train/strasbourg/strasbourg_000001_031272_leftImg8bit.png,1,1251,355,1576,516
706,train/strasbourg/strasbourg_000001_031272_leftImg8bit.png,1,1617,324,1942,484
707,train/strasbourg/strasbourg_000000_030435_leftImg8bit.png,1,1046,379,1145,466
708,train/strasbourg/strasbourg_000000_030435_leftImg8bit.png,0,1458,321,1535,559
709,train/strasbourg/strasbourg_000000_030435_leftImg8bit.png,0,1380,348,1460,551
710,train/strasbourg/strasbourg_000000_030435_leftImg8bit.png,0,1328,300,1434,571
711,train/strasbourg/strasbourg_000000_030435_leftImg8bit.png,0,1234,319,1382,582
712,train/strasbourg/strasbourg_000000_030435_leftImg8bit.png,0,706,375,760,516
713,train/strasbourg/strasbourg_000000_030435_leftImg8bit.png,0,552,371,627,424
714,train/strasbourg/strasbourg_000000_030435_leftImg8bit.png,0,610,364,663,541
715,train/strasbourg/strasbourg_000000_030435_leftImg8bit.png,0,442,290,557,599
716,train/strasbourg/strasbourg_000000_030435_leftImg8bit.png,0,175,326,297,574
717,train/strasbourg/strasbourg_000000_030435_leftImg8bit.png,0,282,303,398,604
718,train/strasbourg/strasbourg_000000_030435_leftImg8bit.png,5,0,426,211,609
719,train/strasbourg/strasbourg_000000_030435_leftImg8bit.png,4,0,568,111,643
720,train/strasbourg/strasbourg_000001_008771_leftImg8bit.png,1,1101,375,1179,430
721,train/strasbourg/strasbourg_000001_008771_leftImg8bit.png,1,918,386,999,438
722,train/strasbourg/strasbourg_000001_008771_leftImg8bit.png,1,871,384,959,442
723,train/strasbourg/strasbourg_000001_008771_leftImg8bit.png,4,419,389,615,537
724,train/strasbourg/strasbourg_000001_008771_leftImg8bit.png,1,53,376,442,638
725,train/strasbourg/strasbourg_000001_008771_leftImg8bit.png,1,0,390,224,683
726,train/strasbourg/strasbourg_000001_008771_leftImg8bit.png,0,1312,314,1367,458
727,train/strasbourg/strasbourg_000001_008771_leftImg8bit.png,0,1323,291,1395,507
728,train/strasbourg/strasbourg_000001_008771_leftImg8bit.png,0,1405,297,1479,498
729,train/strasbourg/strasbourg_000001_018155_leftImg8bit.png,1,639,453,743,572
730,train/strasbourg/strasbourg_000001_018155_leftImg8bit.png,1,682,500,747,584
731,train/strasbourg/strasbourg_000001_018155_leftImg8bit.png,1,687,501,764,590
732,train/strasbourg/strasbourg_000001_018155_leftImg8bit.png,0,1203,429,1319,645
733,train/strasbourg/strasbourg_000001_018155_leftImg8bit.png,1,714,501,820,608
734,train/strasbourg/strasbourg_000001_018155_leftImg8bit.png,1,761,500,889,623
735,train/strasbourg/strasbourg_000001_018155_leftImg8bit.png,0,862,431,946,657
736,train/strasbourg/strasbourg_000001_018155_leftImg8bit.png,0,1000,444,1060,650
737,train/strasbourg/strasbourg_000001_018155_leftImg8bit.png,0,961,417,1066,657
738,train/strasbourg/strasbourg_000001_018155_leftImg8bit.png,0,1159,419,1258,651
739,train/strasbourg/strasbourg_000001_018155_leftImg8bit.png,0,1100,432,1207,662
740,train/strasbourg/strasbourg_000001_018155_leftImg8bit.png,0,1082,424,1178,669
741,train/strasbourg/strasbourg_000001_018155_leftImg8bit.png,0,1242,425,1322,679
742,train/strasbourg/strasbourg_000001_018155_leftImg8bit.png,0,1433,439,1507,669
743,train/strasbourg/strasbourg_000001_018155_leftImg8bit.png,0,1390,426,1477,671
744,train/strasbourg/strasbourg_000001_018155_leftImg8bit.png,0,1523,405,1626,684
745,train/strasbourg/strasbourg_000001_018155_leftImg8bit.png,0,1476,387,1599,703
746,train/strasbourg/strasbourg_000001_018155_leftImg8bit.png,0,1690,417,1783,670
747,train/strasbourg/strasbourg_000001_018155_leftImg8bit.png,0,1626,389,1727,688
748,train/strasbourg/strasbourg_000001_018155_leftImg8bit.png,0,1760,399,1898,703
749,train/strasbourg/strasbourg_000001_018155_leftImg8bit.png,0,1984,361,2047,683
750,train/strasbourg/strasbourg_000001_018155_leftImg8bit.png,0,1905,370,2033,693
751,train/strasbourg/strasbourg_000001_018155_leftImg8bit.png,0,1794,370,1970,703
752,train/strasbourg/strasbourg_000000_020653_leftImg8bit.png,1,707,354,801,440
753,train/strasbourg/strasbourg_000000_020653_leftImg8bit.png,1,663,319,769,509
754,train/strasbourg/strasbourg_000000_020653_leftImg8bit.png,1,1197,370,1455,514
755,train/strasbourg/strasbourg_000000_020653_leftImg8bit.png,1,0,297,369,739
756,train/strasbourg/strasbourg_000001_010445_leftImg8bit.png,1,1357,361,1538,498
757,train/strasbourg/strasbourg_000001_010445_leftImg8bit.png,4,1966,383,2039,531
758,train/strasbourg/strasbourg_000001_010445_leftImg8bit.png,1,1060,357,1398,630
759,train/strasbourg/strasbourg_000001_059675_leftImg8bit.png,1,630,438,746,521
760,train/strasbourg/strasbourg_000001_059675_leftImg8bit.png,1,236,443,440,553
761,train/strasbourg/strasbourg_000000_005912_leftImg8bit.png,1,1892,397,2047,532
762,train/strasbourg/strasbourg_000000_005912_leftImg8bit.png,1,1544,359,1903,558
763,train/strasbourg/strasbourg_000000_005912_leftImg8bit.png,1,734,367,1148,566
764,train/strasbourg/strasbourg_000000_005912_leftImg8bit.png,1,968,388,1492,604
765,train/strasbourg/strasbourg_000000_004112_leftImg8bit.png,4,0,489,56,577
766,train/strasbourg/strasbourg_000000_004112_leftImg8bit.png,4,1754,341,1937,546
767,train/strasbourg/strasbourg_000000_004112_leftImg8bit.png,0,1480,345,1534,473
768,train/strasbourg/strasbourg_000000_004112_leftImg8bit.png,1,1260,379,1479,526
769,train/strasbourg/strasbourg_000000_004112_leftImg8bit.png,3,785,371,880,447
770,train/strasbourg/strasbourg_000000_034097_leftImg8bit.png,0,585,261,676,492
771,train/strasbourg/strasbourg_000000_034097_leftImg8bit.png,0,587,322,680,510
772,train/strasbourg/strasbourg_000000_034097_leftImg8bit.png,0,685,289,778,514
773,train/strasbourg/strasbourg_000000_034097_leftImg8bit.png,0,1386,315,1462,548
774,train/strasbourg/strasbourg_000000_034097_leftImg8bit.png,0,1523,285,1605,540
775,train/strasbourg/strasbourg_000000_025351_leftImg8bit.png,0,74,374,160,555
776,train/strasbourg/strasbourg_000000_025351_leftImg8bit.png,0,1,364,83,572
777,train/strasbourg/strasbourg_000000_025351_leftImg8bit.png,1,1591,270,1884,587
778,train/strasbourg/strasbourg_000000_025351_leftImg8bit.png,1,1743,337,2047,697
779,train/strasbourg/strasbourg_000000_025351_leftImg8bit.png,1,1921,428,2047,777
780,train/strasbourg/strasbourg_000000_025351_leftImg8bit.png,1,1519,379,1573,457
781,train/strasbourg/strasbourg_000000_025351_leftImg8bit.png,1,1451,377,1557,469
782,train/strasbourg/strasbourg_000000_025351_leftImg8bit.png,1,1248,393,1339,449
783,train/strasbourg/strasbourg_000000_025351_leftImg8bit.png,1,1140,394,1263,458
784,train/strasbourg/strasbourg_000000_025351_leftImg8bit.png,1,935,391,1033,454
785,train/strasbourg/strasbourg_000000_025351_leftImg8bit.png,1,953,385,1141,474
786,train/strasbourg/strasbourg_000000_025351_leftImg8bit.png,1,537,383,824,545
787,train/strasbourg/strasbourg_000000_025351_leftImg8bit.png,1,1346,369,1498,490
788,train/strasbourg/strasbourg_000001_046324_leftImg8bit.png,0,1455,337,1515,400
789,train/strasbourg/strasbourg_000001_046324_leftImg8bit.png,4,622,404,739,487
790,train/strasbourg/strasbourg_000001_046324_leftImg8bit.png,1,1069,357,1190,483
791,train/strasbourg/strasbourg_000001_046324_leftImg8bit.png,1,973,361,1182,524
792,train/strasbourg/strasbourg_000001_058954_leftImg8bit.png,1,609,380,710,456
793,train/strasbourg/strasbourg_000001_058954_leftImg8bit.png,1,959,340,1070,442
794,train/strasbourg/strasbourg_000001_058954_leftImg8bit.png,1,0,409,476,702
795,train/strasbourg/strasbourg_000001_058954_leftImg8bit.png,1,657,380,710,432
796,train/strasbourg/strasbourg_000001_051317_leftImg8bit.png,0,1473,385,1529,499
797,train/strasbourg/strasbourg_000001_051317_leftImg8bit.png,0,1552,365,1606,511
798,train/strasbourg/strasbourg_000001_051317_leftImg8bit.png,0,1967,364,2047,540
799,train/strasbourg/strasbourg_000001_051317_leftImg8bit.png,0,464,382,515,511
800,train/strasbourg/strasbourg_000001_051317_leftImg8bit.png,0,420,352,485,515
801,train/strasbourg/strasbourg_000001_051317_leftImg8bit.png,0,373,331,461,523
802,train/strasbourg/strasbourg_000001_051317_leftImg8bit.png,0,293,331,380,571
803,train/strasbourg/strasbourg_000001_051317_leftImg8bit.png,0,197,315,278,559
804,train/strasbourg/strasbourg_000001_051317_leftImg8bit.png,0,115,322,194,554
805,train/strasbourg/strasbourg_000001_051317_leftImg8bit.png,0,3,315,191,687
806,train/strasbourg/strasbourg_000001_051317_leftImg8bit.png,0,1967,341,2046,540
807,train/strasbourg/strasbourg_000001_051317_leftImg8bit.png,0,373,331,461,523
808,train/strasbourg/strasbourg_000000_025772_leftImg8bit.png,1,928,386,1002,453
809,train/strasbourg/strasbourg_000000_025772_leftImg8bit.png,1,860,388,976,474
810,train/strasbourg/strasbourg_000000_025772_leftImg8bit.png,1,1113,234,1450,529
811,train/strasbourg/strasbourg_000000_025772_leftImg8bit.png,1,1244,364,1592,585
812,train/strasbourg/strasbourg_000000_025772_leftImg8bit.png,1,1509,322,2047,727
813,train/strasbourg/strasbourg_000000_025772_leftImg8bit.png,1,1974,489,2047,825
814,train/strasbourg/strasbourg_000000_025772_leftImg8bit.png,1,395,403,454,466
815,train/strasbourg/strasbourg_000001_014033_leftImg8bit.png,0,1342,338,1424,521
816,train/strasbourg/strasbourg_000001_014033_leftImg8bit.png,0,448,352,499,479
817,train/strasbourg/strasbourg_000001_014033_leftImg8bit.png,0,487,330,544,479
818,train/strasbourg/strasbourg_000001_003489_leftImg8bit.png,1,1147,350,1203,466
819,train/strasbourg/strasbourg_000001_003489_leftImg8bit.png,1,816,352,1064,535
820,train/strasbourg/strasbourg_000001_003489_leftImg8bit.png,0,608,331,675,551
821,train/strasbourg/strasbourg_000001_003489_leftImg8bit.png,0,508,312,600,554
822,train/strasbourg/strasbourg_000000_000065_leftImg8bit.png,1,273,424,345,480
823,train/strasbourg/strasbourg_000000_000065_leftImg8bit.png,1,272,428,326,488
824,train/strasbourg/strasbourg_000000_000065_leftImg8bit.png,1,206,429,313,499
825,train/strasbourg/strasbourg_000000_000065_leftImg8bit.png,1,574,412,635,471
826,train/strasbourg/strasbourg_000000_000065_leftImg8bit.png,1,598,418,654,475
827,train/strasbourg/strasbourg_000000_000065_leftImg8bit.png,1,627,416,711,481
828,train/strasbourg/strasbourg_000000_000065_leftImg8bit.png,1,655,399,775,486
829,train/strasbourg/strasbourg_000000_000065_leftImg8bit.png,4,753,429,855,488
830,train/strasbourg/strasbourg_000000_000065_leftImg8bit.png,1,940,354,1215,562
831,train/strasbourg/strasbourg_000000_000065_leftImg8bit.png,1,1148,364,1529,646
832,train/strasbourg/strasbourg_000000_000065_leftImg8bit.png,1,1442,270,2047,838
833,train/strasbourg/strasbourg_000001_041215_leftImg8bit.png,1,989,393,1096,475
834,train/strasbourg/strasbourg_000001_041215_leftImg8bit.png,0,1578,324,1668,454
835,train/strasbourg/strasbourg_000001_041215_leftImg8bit.png,1,585,397,638,471
836,train/strasbourg/strasbourg_000001_041215_leftImg8bit.png,1,647,392,783,450
837,train/strasbourg/strasbourg_000001_041215_leftImg8bit.png,1,637,402,726,459
838,train/strasbourg/strasbourg_000001_041215_leftImg8bit.png,1,500,391,639,471
839,train/strasbourg/strasbourg_000001_041215_leftImg8bit.png,0,611,375,674,486
840,train/strasbourg/strasbourg_000001_041215_leftImg8bit.png,1,413,386,598,481
841,train/strasbourg/strasbourg_000001_041215_leftImg8bit.png,1,327,390,546,490
842,train/strasbourg/strasbourg_000001_041215_leftImg8bit.png,1,214,386,468,499
843,train/strasbourg/strasbourg_000001_041215_leftImg8bit.png,1,74,391,289,507
844,train/strasbourg/strasbourg_000001_041215_leftImg8bit.png,1,65,388,240,497
845,train/strasbourg/strasbourg_000001_041215_leftImg8bit.png,1,0,370,279,740
846,train/strasbourg/strasbourg_000000_030122_leftImg8bit.png,1,1443,401,1538,476
847,train/strasbourg/strasbourg_000000_030122_leftImg8bit.png,0,1220,351,1277,525
848,train/strasbourg/strasbourg_000000_030122_leftImg8bit.png,0,1169,363,1231,521
849,train/strasbourg/strasbourg_000000_030122_leftImg8bit.png,0,36,209,278,784
850,train/strasbourg/strasbourg_000000_030122_leftImg8bit.png,0,289,204,480,787
851,train/strasbourg/strasbourg_000000_030122_leftImg8bit.png,1,1656,381,1795,517
852,train/strasbourg/strasbourg_000000_030122_leftImg8bit.png,0,1982,292,2047,528
853,train/strasbourg/strasbourg_000000_030122_leftImg8bit.png,0,1939,291,2047,594
854,train/strasbourg/strasbourg_000001_062362_leftImg8bit.png,0,1795,282,1894,597
855,train/strasbourg/strasbourg_000001_062362_leftImg8bit.png,0,1508,328,1606,558
856,train/strasbourg/strasbourg_000001_062362_leftImg8bit.png,0,1633,330,1709,569
857,train/strasbourg/strasbourg_000001_062362_leftImg8bit.png,0,1561,322,1662,583
858,train/strasbourg/strasbourg_000001_062362_leftImg8bit.png,1,788,339,1053,563
859,train/strasbourg/strasbourg_000001_062362_leftImg8bit.png,0,312,376,385,510
860,train/strasbourg/strasbourg_000001_062362_leftImg8bit.png,0,1162,374,1220,486
861,train/strasbourg/strasbourg_000001_062362_leftImg8bit.png,0,320,376,382,510
862,train/strasbourg/strasbourg_000000_023064_leftImg8bit.png,4,465,399,563,469
863,train/strasbourg/strasbourg_000000_023064_leftImg8bit.png,1,859,357,1175,486
864,train/strasbourg/strasbourg_000000_023064_leftImg8bit.png,1,1602,356,1657,411
865,train/strasbourg/strasbourg_000000_023064_leftImg8bit.png,1,1936,344,2047,437
866,train/strasbourg/strasbourg_000000_003632_leftImg8bit.png,4,1499,387,1607,458
867,train/strasbourg/strasbourg_000000_003632_leftImg8bit.png,4,1416,398,1552,523
868,train/strasbourg/strasbourg_000000_003632_leftImg8bit.png,0,1552,319,1616,495
869,train/strasbourg/strasbourg_000000_003632_leftImg8bit.png,1,1171,365,1260,455
870,train/strasbourg/strasbourg_000000_003632_leftImg8bit.png,1,1195,382,1291,456
871,train/strasbourg/strasbourg_000000_003632_leftImg8bit.png,1,1062,381,1131,447
872,train/strasbourg/strasbourg_000000_003632_leftImg8bit.png,4,244,427,324,547
873,train/strasbourg/strasbourg_000000_003632_leftImg8bit.png,1,0,377,187,752
874,train/strasbourg/strasbourg_000000_003632_leftImg8bit.png,1,1624,318,2047,776
875,train/strasbourg/strasbourg_000000_003632_leftImg8bit.png,1,745,388,838,452
876,train/strasbourg/strasbourg_000000_003632_leftImg8bit.png,1,704,391,803,443
877,train/strasbourg/strasbourg_000000_003632_leftImg8bit.png,1,729,403,796,458
878,train/strasbourg/strasbourg_000000_003632_leftImg8bit.png,1,684,399,784,461
879,train/strasbourg/strasbourg_000000_003632_leftImg8bit.png,1,453,371,742,577
880,train/strasbourg/strasbourg_000001_044219_leftImg8bit.png,1,1116,383,1192,444
881,train/strasbourg/strasbourg_000001_044219_leftImg8bit.png,1,1153,394,1223,447
882,train/strasbourg/strasbourg_000001_044219_leftImg8bit.png,1,1194,394,1258,452
883,train/strasbourg/strasbourg_000001_044219_leftImg8bit.png,1,1221,390,1303,456
884,train/strasbourg/strasbourg_000001_044219_leftImg8bit.png,1,1263,390,1345,462
885,train/strasbourg/strasbourg_000001_044219_leftImg8bit.png,1,1302,387,1412,465
886,train/strasbourg/strasbourg_000001_044219_leftImg8bit.png,1,1373,383,1509,474
887,train/strasbourg/strasbourg_000001_044219_leftImg8bit.png,1,1455,376,1669,492
888,train/strasbourg/strasbourg_000001_044219_leftImg8bit.png,1,715,402,799,463
889,train/strasbourg/strasbourg_000001_044219_leftImg8bit.png,1,523,394,678,507
890,train/strasbourg/strasbourg_000001_044219_leftImg8bit.png,1,0,397,132,649
891,train/strasbourg/strasbourg_000001_001449_leftImg8bit.png,0,1040,314,1123,465
892,train/strasbourg/strasbourg_000001_001449_leftImg8bit.png,1,1431,336,1491,455
893,train/strasbourg/strasbourg_000001_001449_leftImg8bit.png,1,1438,316,1572,472
894,train/strasbourg/strasbourg_000001_001449_leftImg8bit.png,1,1476,317,1637,524
895,train/strasbourg/strasbourg_000001_001449_leftImg8bit.png,1,1541,304,1915,590
896,train/strasbourg/strasbourg_000001_029178_leftImg8bit.png,0,108,357,167,488
897,train/strasbourg/strasbourg_000001_048605_leftImg8bit.png,1,956,379,1013,430
898,train/strasbourg/strasbourg_000001_048605_leftImg8bit.png,1,865,381,952,441
899,train/strasbourg/strasbourg_000001_048605_leftImg8bit.png,1,1168,376,1263,446
900,train/strasbourg/strasbourg_000001_048605_leftImg8bit.png,4,1272,393,1385,463
901,train/strasbourg/strasbourg_000001_048605_leftImg8bit.png,4,985,402,1096,463
902,train/strasbourg/strasbourg_000000_002553_leftImg8bit.png,1,1244,370,1364,478
903,train/strasbourg/strasbourg_000000_002553_leftImg8bit.png,1,1314,370,1388,502
904,train/strasbourg/strasbourg_000000_002553_leftImg8bit.png,1,1352,312,1629,538
905,train/strasbourg/strasbourg_000000_002553_leftImg8bit.png,1,1470,333,1791,597
906,train/strasbourg/strasbourg_000000_002553_leftImg8bit.png,1,1625,321,2047,711
907,train/strasbourg/strasbourg_000000_002553_leftImg8bit.png,1,625,388,744,459
908,train/strasbourg/strasbourg_000000_002553_leftImg8bit.png,1,581,385,704,451
909,train/strasbourg/strasbourg_000000_002553_leftImg8bit.png,1,436,379,692,473
910,train/strasbourg/strasbourg_000000_002553_leftImg8bit.png,1,449,385,637,483
911,train/strasbourg/strasbourg_000000_002553_leftImg8bit.png,1,499,419,566,493
912,train/strasbourg/strasbourg_000000_002553_leftImg8bit.png,1,306,382,539,503
913,train/strasbourg/strasbourg_000000_002553_leftImg8bit.png,1,186,387,456,535
914,train/strasbourg/strasbourg_000000_002553_leftImg8bit.png,1,0,297,244,574
915,train/strasbourg/strasbourg_000000_002553_leftImg8bit.png,1,0,473,76,581
916,train/strasbourg/strasbourg_000000_002553_leftImg8bit.png,1,891,366,1047,489
917,train/strasbourg/strasbourg_000000_035008_leftImg8bit.png,4,1279,387,1354,449
918,train/strasbourg/strasbourg_000000_035008_leftImg8bit.png,4,1414,391,1509,480
919,train/strasbourg/strasbourg_000000_035008_leftImg8bit.png,4,1771,509,2047,826
920,train/strasbourg/strasbourg_000000_035008_leftImg8bit.png,4,1857,552,2047,826
921,train/strasbourg/strasbourg_000001_002949_leftImg8bit.png,0,1118,337,1169,468
922,train/strasbourg/strasbourg_000001_002949_leftImg8bit.png,1,617,225,891,510
923,train/strasbourg/strasbourg_000001_002949_leftImg8bit.png,0,782,367,849,515
924,train/strasbourg/strasbourg_000001_002949_leftImg8bit.png,0,714,382,797,514
925,train/strasbourg/strasbourg_000001_002949_leftImg8bit.png,0,672,308,756,521
926,train/strasbourg/strasbourg_000001_002949_leftImg8bit.png,4,1437,403,1539,564
927,train/strasbourg/strasbourg_000001_002949_leftImg8bit.png,4,1575,400,1873,558
928,train/strasbourg/strasbourg_000001_022560_leftImg8bit.png,1,1071,381,1183,448
929,train/strasbourg/strasbourg_000001_022560_leftImg8bit.png,1,1360,387,1435,451
930,train/strasbourg/strasbourg_000001_022560_leftImg8bit.png,1,1496,375,1715,550
931,train/strasbourg/strasbourg_000001_022560_leftImg8bit.png,1,1604,371,1874,611
932,train/strasbourg/strasbourg_000001_022560_leftImg8bit.png,1,1704,340,2047,728
933,train/strasbourg/strasbourg_000001_022560_leftImg8bit.png,1,559,365,950,577
934,train/strasbourg/strasbourg_000001_022560_leftImg8bit.png,1,288,393,718,626
935,train/strasbourg/strasbourg_000001_022560_leftImg8bit.png,1,0,373,435,828
936,train/strasbourg/strasbourg_000001_013914_leftImg8bit.png,0,881,338,946,461
937,train/strasbourg/strasbourg_000001_013914_leftImg8bit.png,4,1178,415,1248,466
938,train/strasbourg/strasbourg_000001_013914_leftImg8bit.png,1,1662,406,1828,466
939,train/strasbourg/strasbourg_000001_036232_leftImg8bit.png,0,444,333,554,488
940,train/strasbourg/strasbourg_000001_036232_leftImg8bit.png,0,403,320,495,456
941,train/strasbourg/strasbourg_000001_036232_leftImg8bit.png,0,365,329,440,411
942,train/strasbourg/strasbourg_000001_036232_leftImg8bit.png,0,337,385,523,695
943,train/strasbourg/strasbourg_000001_036232_leftImg8bit.png,0,207,285,338,709
944,train/strasbourg/strasbourg_000001_036232_leftImg8bit.png,0,106,453,260,722
945,train/strasbourg/strasbourg_000001_036232_leftImg8bit.png,1,1023,357,1388,660
946,train/strasbourg/strasbourg_000000_007441_leftImg8bit.png,4,97,432,154,508
947,train/strasbourg/strasbourg_000000_007441_leftImg8bit.png,4,1244,407,1333,479
948,train/strasbourg/strasbourg_000000_007441_leftImg8bit.png,0,1259,300,1389,594
949,train/strasbourg/strasbourg_000000_007441_leftImg8bit.png,0,1431,331,1485,543
950,train/strasbourg/strasbourg_000000_007441_leftImg8bit.png,0,1443,306,1528,550
951,train/strasbourg/strasbourg_000000_007441_leftImg8bit.png,0,821,321,919,532
952,train/strasbourg/strasbourg_000001_017469_leftImg8bit.png,4,1680,490,1773,612
953,train/strasbourg/strasbourg_000001_017469_leftImg8bit.png,0,1166,407,1227,564
954,train/strasbourg/strasbourg_000001_017469_leftImg8bit.png,0,1260,415,1316,563
955,train/strasbourg/strasbourg_000001_017469_leftImg8bit.png,0,1255,422,1311,570
956,train/strasbourg/strasbourg_000001_017469_leftImg8bit.png,0,1339,416,1397,576
957,train/strasbourg/strasbourg_000001_017469_leftImg8bit.png,1,251,432,385,532
958,train/strasbourg/strasbourg_000000_031602_leftImg8bit.png,1,1132,410,1207,464
959,train/strasbourg/strasbourg_000000_031602_leftImg8bit.png,1,843,361,1026,504
960,train/strasbourg/strasbourg_000000_031602_leftImg8bit.png,1,837,380,979,521
961,train/strasbourg/strasbourg_000000_031602_leftImg8bit.png,1,720,381,947,551
962,train/strasbourg/strasbourg_000000_031602_leftImg8bit.png,1,25,316,660,717
963,train/strasbourg/strasbourg_000000_019617_leftImg8bit.png,1,32,330,157,407
964,train/strasbourg/strasbourg_000000_019617_leftImg8bit.png,1,771,382,834,435
965,train/strasbourg/strasbourg_000000_019617_leftImg8bit.png,1,302,297,843,580
966,train/strasbourg/strasbourg_000000_019617_leftImg8bit.png,4,1764,495,2047,934
967,train/strasbourg/strasbourg_000000_019617_leftImg8bit.png,1,1281,411,1455,471
968,train/strasbourg/strasbourg_000000_019617_leftImg8bit.png,1,962,397,1113,451
969,train/strasbourg/strasbourg_000000_006264_leftImg8bit.png,4,931,462,1033,594
970,train/strasbourg/strasbourg_000000_006264_leftImg8bit.png,0,1447,429,1501,538
971,train/strasbourg/strasbourg_000000_006264_leftImg8bit.png,0,1489,389,1553,563
972,train/strasbourg/strasbourg_000000_006264_leftImg8bit.png,0,1588,378,1663,570
973,train/strasbourg/strasbourg_000000_006264_leftImg8bit.png,0,1773,292,1905,621
974,train/strasbourg/strasbourg_000001_015220_leftImg8bit.png,1,505,437,586,500
975,train/strasbourg/strasbourg_000001_015220_leftImg8bit.png,1,891,411,1059,556
976,train/strasbourg/strasbourg_000000_013322_leftImg8bit.png,3,1618,378,1829,442
977,train/strasbourg/strasbourg_000000_013322_leftImg8bit.png,0,1962,385,2015,498
978,train/strasbourg/strasbourg_000000_013322_leftImg8bit.png,3,1204,327,1610,447
979,train/strasbourg/strasbourg_000000_013322_leftImg8bit.png,1,1280,375,1372,458
980,train/strasbourg/strasbourg_000000_013322_leftImg8bit.png,1,1148,379,1236,456
981,train/strasbourg/strasbourg_000000_013322_leftImg8bit.png,1,627,368,732,444
982,train/strasbourg/strasbourg_000000_013322_leftImg8bit.png,1,533,377,623,459
983,train/strasbourg/strasbourg_000000_013322_leftImg8bit.png,1,415,374,550,461
984,train/strasbourg/strasbourg_000000_013322_leftImg8bit.png,1,266,374,447,475
985,train/strasbourg/strasbourg_000000_013322_leftImg8bit.png,1,39,352,281,492
986,train/strasbourg/strasbourg_000000_013322_leftImg8bit.png,5,989,380,1056,444
987,train/strasbourg/strasbourg_000000_013322_leftImg8bit.png,5,922,375,1017,450
988,train/strasbourg/strasbourg_000000_013322_leftImg8bit.png,4,907,389,976,456
989,train/strasbourg/strasbourg_000000_013322_leftImg8bit.png,4,891,395,944,461
990,train/strasbourg/strasbourg_000000_013322_leftImg8bit.png,4,867,391,930,466
991,train/strasbourg/strasbourg_000000_013322_leftImg8bit.png,4,810,395,878,477
992,train/strasbourg/strasbourg_000000_013322_leftImg8bit.png,4,797,402,856,480
993,train/strasbourg/strasbourg_000000_013322_leftImg8bit.png,4,783,404,853,483
994,train/strasbourg/strasbourg_000000_013322_leftImg8bit.png,4,641,414,790,498
995,train/strasbourg/strasbourg_000000_013322_leftImg8bit.png,4,426,387,607,527
996,train/strasbourg/strasbourg_000000_013322_leftImg8bit.png,4,350,389,580,536
997,train/strasbourg/strasbourg_000000_015506_leftImg8bit.png,0,1403,349,1461,532
998,train/strasbourg/strasbourg_000000_015506_leftImg8bit.png,0,1277,370,1343,536
999,train/strasbourg/strasbourg_000000_015506_leftImg8bit.png,1,309,400,377,459
1000,train/strasbourg/strasbourg_000000_015506_leftImg8bit.png,1,385,393,558,498
1001,train/strasbourg/strasbourg_000000_015506_leftImg8bit.png,0,1594,340,1673,547
1002,train/strasbourg/strasbourg_000000_015506_leftImg8bit.png,0,1511,327,1608,550
1003,train/strasbourg/strasbourg_000001_006562_leftImg8bit.png,1,1261,406,1340,488
1004,train/strasbourg/strasbourg_000001_006562_leftImg8bit.png,1,1223,406,1323,495
1005,train/strasbourg/strasbourg_000001_006562_leftImg8bit.png,1,1136,403,1278,512
1006,train/strasbourg/strasbourg_000001_006562_leftImg8bit.png,1,1122,405,1228,526
1007,train/strasbourg/strasbourg_000001_006562_leftImg8bit.png,1,972,377,1185,559
1008,train/strasbourg/strasbourg_000001_006562_leftImg8bit.png,1,779,389,1078,604
1009,train/strasbourg/strasbourg_000001_006562_leftImg8bit.png,1,400,373,961,702
1010,train/strasbourg/strasbourg_000001_006562_leftImg8bit.png,1,0,338,534,977
1011,train/strasbourg/strasbourg_000001_006562_leftImg8bit.png,1,1896,365,2047,487
1012,train/strasbourg/strasbourg_000001_006562_leftImg8bit.png,1,1980,408,2047,612
1013,train/strasbourg/strasbourg_000001_006562_leftImg8bit.png,1,1576,275,2047,672
1014,train/strasbourg/strasbourg_000001_053579_leftImg8bit.png,0,1299,338,1361,499
1015,train/strasbourg/strasbourg_000001_053579_leftImg8bit.png,0,1181,338,1236,504
1016,train/strasbourg/strasbourg_000001_053579_leftImg8bit.png,0,1009,339,1068,505
1017,train/strasbourg/strasbourg_000001_053579_leftImg8bit.png,0,849,350,912,509
1018,train/strasbourg/strasbourg_000001_053579_leftImg8bit.png,0,1108,336,1170,507
1019,train/strasbourg/strasbourg_000001_053579_leftImg8bit.png,0,1387,325,1501,502
1020,train/strasbourg/strasbourg_000001_053579_leftImg8bit.png,4,1510,411,1677,499
1021,train/strasbourg/strasbourg_000001_053579_leftImg8bit.png,0,1800,351,1869,489
1022,train/strasbourg/strasbourg_000001_053579_leftImg8bit.png,0,1808,352,1885,493
1023,train/strasbourg/strasbourg_000001_053579_leftImg8bit.png,4,1918,402,2047,514
1024,train/strasbourg/strasbourg_000001_053579_leftImg8bit.png,0,0,272,154,742
1025,train/strasbourg/strasbourg_000001_053579_leftImg8bit.png,0,0,166,172,834
1026,train/strasbourg/strasbourg_000001_053579_leftImg8bit.png,0,560,251,895,834
1027,train/strasbourg/strasbourg_000001_009471_leftImg8bit.png,4,585,510,642,568
1028,train/strasbourg/strasbourg_000001_009471_leftImg8bit.png,4,351,510,446,562
1029,train/strasbourg/strasbourg_000001_009471_leftImg8bit.png,4,439,513,513,576
1030,train/strasbourg/strasbourg_000001_009471_leftImg8bit.png,4,585,509,642,568
1031,train/strasbourg/strasbourg_000001_009471_leftImg8bit.png,1,1610,453,1720,554
1032,train/strasbourg/strasbourg_000001_009471_leftImg8bit.png,1,1671,423,1949,629
1033,train/strasbourg/strasbourg_000001_009471_leftImg8bit.png,0,1685,350,1805,690
1034,train/strasbourg/strasbourg_000001_009471_leftImg8bit.png,0,1897,358,2000,688
1035,train/strasbourg/strasbourg_000001_009471_leftImg8bit.png,0,1809,381,1910,696
1036,train/strasbourg/strasbourg_000000_013654_leftImg8bit.png,1,960,398,1090,509
1037,train/strasbourg/strasbourg_000000_013654_leftImg8bit.png,1,1162,385,1277,484
1038,train/strasbourg/strasbourg_000000_013654_leftImg8bit.png,1,1166,385,1277,484
1039,train/strasbourg/strasbourg_000000_013654_leftImg8bit.png,4,1207,424,1318,496
1040,train/strasbourg/strasbourg_000000_013654_leftImg8bit.png,0,1691,375,1761,510
1041,train/strasbourg/strasbourg_000000_013654_leftImg8bit.png,0,1800,314,1886,564
1042,train/strasbourg/strasbourg_000000_013654_leftImg8bit.png,0,1861,327,1997,609
1043,train/strasbourg/strasbourg_000000_032346_leftImg8bit.png,1,1207,378,1296,525
1044,train/strasbourg/strasbourg_000000_032346_leftImg8bit.png,1,1244,373,1509,561
1045,train/strasbourg/strasbourg_000000_032346_leftImg8bit.png,0,1540,351,1600,513
1046,train/strasbourg/strasbourg_000000_032346_leftImg8bit.png,0,1588,338,1647,527
1047,train/strasbourg/strasbourg_000000_032346_leftImg8bit.png,0,1660,331,1729,523
1048,train/strasbourg/strasbourg_000000_032346_leftImg8bit.png,1,1594,313,2047,943
1049,train/strasbourg/strasbourg_000000_032346_leftImg8bit.png,1,1002,402,1121,474
1050,train/strasbourg/strasbourg_000000_032346_leftImg8bit.png,4,432,392,558,475
1051,train/strasbourg/strasbourg_000000_014584_leftImg8bit.png,1,782,371,988,544
1052,train/strasbourg/strasbourg_000000_014584_leftImg8bit.png,0,737,376,788,513
1053,train/strasbourg/strasbourg_000000_014584_leftImg8bit.png,4,352,440,405,528
1054,train/strasbourg/strasbourg_000000_014584_leftImg8bit.png,4,846,434,1035,560
1055,train/strasbourg/strasbourg_000000_033838_leftImg8bit.png,0,355,379,439,509
1056,train/strasbourg/strasbourg_000000_033838_leftImg8bit.png,0,463,378,541,583
1057,train/strasbourg/strasbourg_000000_033838_leftImg8bit.png,0,17,320,124,619
1058,train/strasbourg/strasbourg_000000_033838_leftImg8bit.png,1,1148,431,1249,495
1059,train/strasbourg/strasbourg_000000_033838_leftImg8bit.png,0,1497,391,1592,552
1060,train/strasbourg/strasbourg_000000_033838_leftImg8bit.png,4,1512,453,1578,629
1061,train/strasbourg/strasbourg_000000_033838_leftImg8bit.png,1,1828,381,2047,700
1062,train/strasbourg/strasbourg_000001_034375_leftImg8bit.png,4,290,431,446,529
1063,train/strasbourg/strasbourg_000001_033925_leftImg8bit.png,1,921,357,1012,427
1064,train/strasbourg/strasbourg_000001_033925_leftImg8bit.png,1,723,302,927,493
1065,train/strasbourg/strasbourg_000001_033925_leftImg8bit.png,1,565,301,837,573
1066,train/strasbourg/strasbourg_000001_033925_leftImg8bit.png,1,100,219,685,700
1067,train/strasbourg/strasbourg_000001_033925_leftImg8bit.png,1,0,259,420,940
1068,train/strasbourg/strasbourg_000001_033925_leftImg8bit.png,4,1273,358,1417,451
1069,train/strasbourg/strasbourg_000000_033425_leftImg8bit.png,0,540,371,600,504
1070,train/strasbourg/strasbourg_000000_033425_leftImg8bit.png,1,1098,394,1200,463
1071,train/strasbourg/strasbourg_000000_033425_leftImg8bit.png,1,1009,414,1239,544
1072,train/strasbourg/strasbourg_000000_033425_leftImg8bit.png,1,1243,394,1303,453
1073,train/strasbourg/strasbourg_000000_033425_leftImg8bit.png,1,1252,397,1325,468
1074,train/strasbourg/strasbourg_000000_033425_leftImg8bit.png,1,1284,386,1395,526
1075,train/strasbourg/strasbourg_000000_033425_leftImg8bit.png,1,1325,367,1548,557
1076,train/strasbourg/strasbourg_000000_033425_leftImg8bit.png,1,1462,378,1806,610
1077,train/strasbourg/strasbourg_000000_033425_leftImg8bit.png,1,1720,339,2047,740
1078,train/strasbourg/strasbourg_000000_033425_leftImg8bit.png,4,1376,428,1452,645
1079,train/strasbourg/strasbourg_000001_025426_leftImg8bit.png,1,607,391,827,458
1080,train/strasbourg/strasbourg_000001_025426_leftImg8bit.png,1,444,404,507,458
1081,train/strasbourg/strasbourg_000001_025426_leftImg8bit.png,1,347,406,462,469
1082,train/strasbourg/strasbourg_000001_025426_leftImg8bit.png,1,215,411,310,477
1083,train/strasbourg/strasbourg_000001_025426_leftImg8bit.png,5,298,412,352,473
1084,train/strasbourg/strasbourg_000001_025426_leftImg8bit.png,4,92,411,276,575
1085,train/strasbourg/strasbourg_000001_025426_leftImg8bit.png,4,772,407,845,467
1086,train/strasbourg/strasbourg_000001_025426_leftImg8bit.png,4,568,419,817,601
1087,train/strasbourg/strasbourg_000001_025426_leftImg8bit.png,4,1192,411,1512,629
1088,train/strasbourg/strasbourg_000000_009110_leftImg8bit.png,1,898,391,963,449
1089,train/strasbourg/strasbourg_000000_009110_leftImg8bit.png,1,864,388,950,455
1090,train/strasbourg/strasbourg_000000_009110_leftImg8bit.png,1,702,378,834,513
1091,train/strasbourg/strasbourg_000000_009110_leftImg8bit.png,1,592,368,819,562
1092,train/strasbourg/strasbourg_000000_009110_leftImg8bit.png,1,282,358,714,639
1093,train/strasbourg/strasbourg_000000_009110_leftImg8bit.png,1,0,333,490,874
1094,train/strasbourg/strasbourg_000000_009110_leftImg8bit.png,1,1117,378,1193,443
1095,train/strasbourg/strasbourg_000000_009110_leftImg8bit.png,1,1023,377,1113,450
1096,train/strasbourg/strasbourg_000000_009110_leftImg8bit.png,1,1273,378,1439,547
1097,train/strasbourg/strasbourg_000000_009110_leftImg8bit.png,1,1352,369,1689,604
1098,train/strasbourg/strasbourg_000000_009110_leftImg8bit.png,1,1674,278,2047,953
1099,train/strasbourg/strasbourg_000001_006386_leftImg8bit.png,1,1150,398,1255,471
1100,train/strasbourg/strasbourg_000001_006386_leftImg8bit.png,1,1157,401,1239,476
1101,train/strasbourg/strasbourg_000001_006386_leftImg8bit.png,1,1171,382,1305,488
1102,train/strasbourg/strasbourg_000001_006386_leftImg8bit.png,1,575,379,687,449
1103,train/strasbourg/strasbourg_000001_006386_leftImg8bit.png,4,1297,419,1448,553
1104,train/strasbourg/strasbourg_000001_006386_leftImg8bit.png,1,1405,378,1797,662
1105,train/strasbourg/strasbourg_000001_006386_leftImg8bit.png,1,1626,316,2047,869
1106,train/strasbourg/strasbourg_000001_006386_leftImg8bit.png,1,883,362,1010,416
1107,train/strasbourg/strasbourg_000001_006386_leftImg8bit.png,1,947,393,1041,447
1108,train/strasbourg/strasbourg_000001_006386_leftImg8bit.png,1,926,394,992,446
1109,train/strasbourg/strasbourg_000001_006386_leftImg8bit.png,1,845,390,948,450
1110,train/strasbourg/strasbourg_000001_006386_leftImg8bit.png,1,779,384,893,452
1111,train/strasbourg/strasbourg_000001_006386_leftImg8bit.png,1,743,393,809,449
1112,train/strasbourg/strasbourg_000001_006386_leftImg8bit.png,1,648,370,789,447
1113,train/strasbourg/strasbourg_000001_006386_leftImg8bit.png,1,564,378,632,474
1114,train/strasbourg/strasbourg_000001_006386_leftImg8bit.png,1,194,349,566,485
1115,train/strasbourg/strasbourg_000001_006386_leftImg8bit.png,4,657,390,711,512
1116,train/strasbourg/strasbourg_000001_006386_leftImg8bit.png,4,311,400,416,514
1117,train/strasbourg/strasbourg_000001_006386_leftImg8bit.png,4,3,393,92,509
1118,train/strasbourg/strasbourg_000001_006386_leftImg8bit.png,4,74,390,166,509
1119,train/strasbourg/strasbourg_000001_006386_leftImg8bit.png,4,109,390,240,509
1120,train/strasbourg/strasbourg_000001_006386_leftImg8bit.png,4,221,386,305,509
1121,train/strasbourg/strasbourg_000001_006386_leftImg8bit.png,0,980,352,1092,517
1122,train/strasbourg/strasbourg_000001_011617_leftImg8bit.png,1,1738,258,2047,559
1123,train/strasbourg/strasbourg_000001_011617_leftImg8bit.png,1,383,432,447,485
1124,train/strasbourg/strasbourg_000001_011617_leftImg8bit.png,1,662,406,787,478
1125,train/strasbourg/strasbourg_000001_011617_leftImg8bit.png,1,0,377,173,793
1126,train/strasbourg/strasbourg_000001_011617_leftImg8bit.png,1,1007,325,1487,644
1127,train/strasbourg/strasbourg_000001_034633_leftImg8bit.png,1,1328,449,1440,521
1128,train/strasbourg/strasbourg_000001_034633_leftImg8bit.png,0,1647,302,1746,568
1129,train/strasbourg/strasbourg_000001_034633_leftImg8bit.png,0,1730,295,1840,571
1130,train/strasbourg/strasbourg_000000_004383_leftImg8bit.png,1,858,382,959,441
1131,train/strasbourg/strasbourg_000000_004383_leftImg8bit.png,1,1372,370,1491,454
1132,train/strasbourg/strasbourg_000000_004383_leftImg8bit.png,1,1597,368,1691,420
1133,train/strasbourg/strasbourg_000000_004383_leftImg8bit.png,4,1576,375,1650,434
1134,train/strasbourg/strasbourg_000000_004383_leftImg8bit.png,4,0,427,236,970
1135,train/strasbourg/strasbourg_000000_004383_leftImg8bit.png,4,1743,386,1820,441
1136,train/strasbourg/strasbourg_000000_004383_leftImg8bit.png,0,956,282,1130,637
1137,train/strasbourg/strasbourg_000001_030539_leftImg8bit.png,1,678,395,756,496
1138,train/strasbourg/strasbourg_000001_030539_leftImg8bit.png,1,621,393,734,509
1139,train/strasbourg/strasbourg_000001_030539_leftImg8bit.png,1,547,398,702,534
1140,train/strasbourg/strasbourg_000001_030539_leftImg8bit.png,1,425,402,647,560
1141,train/strasbourg/strasbourg_000001_030539_leftImg8bit.png,1,103,349,534,639
1142,train/strasbourg/strasbourg_000001_030539_leftImg8bit.png,1,0,285,219,721
1143,train/strasbourg/strasbourg_000001_030539_leftImg8bit.png,1,980,366,1076,460
1144,train/strasbourg/strasbourg_000001_030539_leftImg8bit.png,1,1061,388,1135,474
1145,train/strasbourg/strasbourg_000001_030539_leftImg8bit.png,1,1019,388,1092,470
1146,train/strasbourg/strasbourg_000001_030539_leftImg8bit.png,1,1061,388,1135,474
1147,train/strasbourg/strasbourg_000001_030539_leftImg8bit.png,1,1108,377,1236,491
1148,train/strasbourg/strasbourg_000001_030539_leftImg8bit.png,0,1233,371,1290,468
1149,train/strasbourg/strasbourg_000001_030539_leftImg8bit.png,1,1305,221,1801,570
1150,train/strasbourg/strasbourg_000001_030539_leftImg8bit.png,1,1544,352,2047,659
1151,train/strasbourg/strasbourg_000001_039231_leftImg8bit.png,1,1136,401,1245,454
1152,train/strasbourg/strasbourg_000001_039231_leftImg8bit.png,1,905,385,1019,484
1153,train/strasbourg/strasbourg_000001_039231_leftImg8bit.png,1,755,370,933,497
1154,train/strasbourg/strasbourg_000001_039231_leftImg8bit.png,1,560,362,804,520
1155,train/strasbourg/strasbourg_000001_039231_leftImg8bit.png,0,524,337,583,524
1156,train/strasbourg/strasbourg_000001_039231_leftImg8bit.png,1,198,291,598,557
1157,train/strasbourg/strasbourg_000001_039231_leftImg8bit.png,1,943,377,1156,514
1158,train/strasbourg/strasbourg_000001_039231_leftImg8bit.png,1,1812,408,1898,499
1159,train/strasbourg/strasbourg_000001_039231_leftImg8bit.png,1,1878,408,2013,515
1160,train/strasbourg/strasbourg_000001_039231_leftImg8bit.png,1,1949,408,2047,535
1161,train/strasbourg/strasbourg_000000_006106_leftImg8bit.png,1,537,331,708,400
1162,train/strasbourg/strasbourg_000000_006106_leftImg8bit.png,5,739,328,804,380
1163,train/strasbourg/strasbourg_000000_006106_leftImg8bit.png,1,0,304,552,751
1164,train/strasbourg/strasbourg_000000_006106_leftImg8bit.png,0,1056,331,1134,492
1165,train/strasbourg/strasbourg_000000_026741_leftImg8bit.png,1,726,349,912,526
1166,train/strasbourg/strasbourg_000000_026741_leftImg8bit.png,1,623,376,873,570
1167,train/strasbourg/strasbourg_000000_026741_leftImg8bit.png,1,1002,392,1081,459
1168,train/strasbourg/strasbourg_000000_026741_leftImg8bit.png,1,0,334,326,1013
1169,train/strasbourg/strasbourg_000000_026741_leftImg8bit.png,0,1186,355,1253,499
1170,train/strasbourg/strasbourg_000000_026741_leftImg8bit.png,0,1259,340,1320,496
1171,train/strasbourg/strasbourg_000000_026741_leftImg8bit.png,0,468,349,556,593
1172,train/strasbourg/strasbourg_000001_019698_leftImg8bit.png,1,1467,310,1776,420
1173,train/strasbourg/strasbourg_000001_019698_leftImg8bit.png,1,440,354,520,406
1174,train/strasbourg/strasbourg_000001_019698_leftImg8bit.png,0,132,253,221,522
1175,train/strasbourg/strasbourg_000001_019698_leftImg8bit.png,0,77,280,174,534
1176,train/strasbourg/strasbourg_000001_019698_leftImg8bit.png,0,0,241,102,540
1177,train/strasbourg/strasbourg_000001_019698_leftImg8bit.png,0,253,287,317,523
1178,train/strasbourg/strasbourg_000000_033062_leftImg8bit.png,1,1072,471,1130,522
1179,train/strasbourg/strasbourg_000000_033062_leftImg8bit.png,1,956,472,1013,533
1180,train/strasbourg/strasbourg_000000_033062_leftImg8bit.png,1,829,439,974,543
1181,train/strasbourg/strasbourg_000000_033062_leftImg8bit.png,1,536,416,816,569
1182,train/strasbourg/strasbourg_000000_033062_leftImg8bit.png,0,427,411,495,547
1183,train/strasbourg/strasbourg_000000_033062_leftImg8bit.png,0,214,423,270,543
1184,train/strasbourg/strasbourg_000000_033062_leftImg8bit.png,0,51,406,118,563
1185,train/strasbourg/strasbourg_000000_033062_leftImg8bit.png,1,1300,428,1424,541
1186,train/strasbourg/strasbourg_000000_033062_leftImg8bit.png,1,1145,442,1424,597
1187,train/strasbourg/strasbourg_000000_033062_leftImg8bit.png,0,1768,398,1821,516
1188,train/strasbourg/strasbourg_000000_033062_leftImg8bit.png,4,1536,462,1592,514
1189,train/strasbourg/strasbourg_000000_011225_leftImg8bit.png,4,1903,405,2047,589
1190,train/strasbourg/strasbourg_000000_011225_leftImg8bit.png,4,1325,393,1398,473
1191,train/strasbourg/strasbourg_000000_011225_leftImg8bit.png,4,1330,412,1386,480
1192,train/strasbourg/strasbourg_000000_011225_leftImg8bit.png,4,1349,404,1428,489
1193,train/strasbourg/strasbourg_000000_011225_leftImg8bit.png,4,1375,404,1515,493
1194,train/strasbourg/strasbourg_000000_011225_leftImg8bit.png,4,1394,410,1552,500
1195,train/strasbourg/strasbourg_000001_002081_leftImg8bit.png,0,480,325,550,561
1196,train/strasbourg/strasbourg_000001_002081_leftImg8bit.png,0,585,354,667,551
1197,train/strasbourg/strasbourg_000001_002081_leftImg8bit.png,4,712,409,795,461
1198,train/strasbourg/strasbourg_000001_002081_leftImg8bit.png,1,838,374,1074,463
1199,train/strasbourg/strasbourg_000001_002081_leftImg8bit.png,4,1104,375,1165,475
1200,train/strasbourg/strasbourg_000001_002081_leftImg8bit.png,0,947,341,1017,543
1201,train/strasbourg/strasbourg_000001_002081_leftImg8bit.png,0,1023,318,1074,529
1202,train/strasbourg/strasbourg_000001_002081_leftImg8bit.png,0,1014,388,1072,541
1203,train/strasbourg/strasbourg_000001_002081_leftImg8bit.png,0,1046,336,1126,560
1204,train/strasbourg/strasbourg_000001_002081_leftImg8bit.png,0,1129,328,1218,558
1205,train/strasbourg/strasbourg_000001_002081_leftImg8bit.png,0,1936,137,2047,845
1206,train/strasbourg/strasbourg_000001_001072_leftImg8bit.png,1,1327,386,1440,463
1207,train/strasbourg/strasbourg_000001_001072_leftImg8bit.png,1,1326,393,1441,513
1208,train/strasbourg/strasbourg_000001_001072_leftImg8bit.png,0,1666,339,1718,397
1209,train/strasbourg/strasbourg_000001_001072_leftImg8bit.png,1,1379,386,1538,585
1210,train/strasbourg/strasbourg_000001_001072_leftImg8bit.png,1,1422,375,1755,659
1211,train/strasbourg/strasbourg_000001_001072_leftImg8bit.png,1,1549,324,2047,869
1212,train/strasbourg/strasbourg_000001_040761_leftImg8bit.png,1,1026,369,1098,450
1213,train/strasbourg/strasbourg_000001_040761_leftImg8bit.png,1,1238,394,1325,462
1214,train/strasbourg/strasbourg_000001_040761_leftImg8bit.png,1,1271,386,1372,472
1215,train/strasbourg/strasbourg_000001_040761_leftImg8bit.png,0,1525,368,1585,503
1216,train/strasbourg/strasbourg_000001_028852_leftImg8bit.png,1,1126,390,1198,450
1217,train/strasbourg/strasbourg_000001_028852_leftImg8bit.png,1,1061,400,1154,473
1218,train/strasbourg/strasbourg_000001_028852_leftImg8bit.png,1,1229,379,1326,478
1219,train/strasbourg/strasbourg_000001_028852_leftImg8bit.png,1,1269,395,1338,488
1220,train/strasbourg/strasbourg_000001_028852_leftImg8bit.png,1,1297,382,1449,497
1221,train/strasbourg/strasbourg_000001_028852_leftImg8bit.png,4,1340,412,1451,498
1222,train/strasbourg/strasbourg_000001_028852_leftImg8bit.png,1,1403,379,1748,586
1223,train/strasbourg/strasbourg_000001_028852_leftImg8bit.png,1,1729,212,2047,801
1224,train/strasbourg/strasbourg_000000_026611_leftImg8bit.png,0,1214,305,1275,485
1225,train/strasbourg/strasbourg_000000_026611_leftImg8bit.png,0,1251,319,1308,489
1226,train/strasbourg/strasbourg_000000_026611_leftImg8bit.png,0,1341,300,1418,497
1227,train/strasbourg/strasbourg_000000_026611_leftImg8bit.png,0,1414,312,1480,495
1228,train/strasbourg/strasbourg_000000_026611_leftImg8bit.png,0,1473,304,1539,493
1229,train/strasbourg/strasbourg_000000_026611_leftImg8bit.png,0,1540,309,1599,483
1230,train/strasbourg/strasbourg_000000_026611_leftImg8bit.png,0,1581,317,1634,486
1231,train/strasbourg/strasbourg_000000_026611_leftImg8bit.png,0,1751,256,1880,544
1232,train/strasbourg/strasbourg_000001_008310_leftImg8bit.png,1,1198,398,1297,480
1233,train/strasbourg/strasbourg_000001_008310_leftImg8bit.png,1,1236,389,1357,495
1234,train/strasbourg/strasbourg_000001_008310_leftImg8bit.png,1,1245,392,1391,518
1235,train/strasbourg/strasbourg_000001_008310_leftImg8bit.png,1,1331,381,1479,553
1236,train/strasbourg/strasbourg_000001_008310_leftImg8bit.png,1,1375,375,1667,604
1237,train/strasbourg/strasbourg_000001_008310_leftImg8bit.png,1,1501,368,2047,727
1238,train/strasbourg/strasbourg_000001_008310_leftImg8bit.png,1,915,403,978,472
1239,train/strasbourg/strasbourg_000001_008310_leftImg8bit.png,1,890,401,969,485
1240,train/strasbourg/strasbourg_000001_008310_leftImg8bit.png,1,817,387,937,496
1241,train/strasbourg/strasbourg_000001_008310_leftImg8bit.png,1,823,405,913,509
1242,train/strasbourg/strasbourg_000001_008310_leftImg8bit.png,1,710,378,879,525
1243,train/strasbourg/strasbourg_000001_008310_leftImg8bit.png,1,608,375,828,550
1244,train/strasbourg/strasbourg_000001_008310_leftImg8bit.png,1,490,387,732,607
1245,train/strasbourg/strasbourg_000001_008310_leftImg8bit.png,1,0,311,619,712
1246,train/strasbourg/strasbourg_000001_008310_leftImg8bit.png,1,0,488,185,853
1247,train/strasbourg/strasbourg_000001_048121_leftImg8bit.png,4,1261,385,1313,486
1248,train/strasbourg/strasbourg_000001_048121_leftImg8bit.png,4,1321,391,1382,504
1249,train/strasbourg/strasbourg_000001_048121_leftImg8bit.png,5,1602,378,1782,498
1250,train/strasbourg/strasbourg_000001_048121_leftImg8bit.png,1,1797,355,1862,448
1251,train/strasbourg/strasbourg_000001_048121_leftImg8bit.png,1,636,271,825,455
1252,train/strasbourg/strasbourg_000001_048121_leftImg8bit.png,1,766,361,849,502
1253,train/strasbourg/strasbourg_000001_048121_leftImg8bit.png,1,608,346,834,556
1254,train/strasbourg/strasbourg_000001_048121_leftImg8bit.png,1,373,271,746,632
1255,train/strasbourg/strasbourg_000001_048121_leftImg8bit.png,1,0,97,524,946
1256,train/strasbourg/strasbourg_000001_048121_leftImg8bit.png,4,1044,392,1149,461
1257,train/strasbourg/strasbourg_000000_029051_leftImg8bit.png,1,931,363,1101,503
1258,train/strasbourg/strasbourg_000000_029051_leftImg8bit.png,0,639,370,696,498
1259,train/strasbourg/strasbourg_000000_029051_leftImg8bit.png,1,0,263,661,683
1260,train/strasbourg/strasbourg_000000_029051_leftImg8bit.png,1,0,451,253,860
1261,train/strasbourg/strasbourg_000000_029051_leftImg8bit.png,0,1273,302,1381,552
1262,train/strasbourg/strasbourg_000000_029051_leftImg8bit.png,0,1453,340,1537,524
1263,train/strasbourg/strasbourg_000000_029051_leftImg8bit.png,0,1526,333,1600,522
1264,train/strasbourg/strasbourg_000000_029051_leftImg8bit.png,0,1663,315,1738,498
1265,train/strasbourg/strasbourg_000000_029051_leftImg8bit.png,0,1648,329,1739,528
1266,train/strasbourg/strasbourg_000000_029051_leftImg8bit.png,0,1785,341,1837,497
1267,train/strasbourg/strasbourg_000001_010755_leftImg8bit.png,1,1855,355,1960,437
1268,train/strasbourg/strasbourg_000001_010755_leftImg8bit.png,1,1736,355,1888,453
1269,train/strasbourg/strasbourg_000001_010755_leftImg8bit.png,1,1632,361,1766,448
1270,train/strasbourg/strasbourg_000001_010755_leftImg8bit.png,1,1203,375,1378,497
1271,train/strasbourg/strasbourg_000001_010755_leftImg8bit.png,1,1471,367,1620,480
1272,train/strasbourg/strasbourg_000001_010755_leftImg8bit.png,1,492,394,695,523
1273,train/strasbourg/strasbourg_000001_010755_leftImg8bit.png,1,0,399,71,629
1274,train/strasbourg/strasbourg_000001_002519_leftImg8bit.png,1,1002,397,1085,456
1275,train/strasbourg/strasbourg_000001_002519_leftImg8bit.png,1,732,365,878,508
1276,train/strasbourg/strasbourg_000001_002519_leftImg8bit.png,1,576,358,824,535
1277,train/strasbourg/strasbourg_000001_002519_leftImg8bit.png,0,420,329,476,538
1278,train/strasbourg/strasbourg_000001_000113_leftImg8bit.png,1,907,379,963,448
1279,train/strasbourg/strasbourg_000001_000113_leftImg8bit.png,1,810,361,948,462
1280,train/strasbourg/strasbourg_000001_000113_leftImg8bit.png,1,782,371,875,484
1281,train/strasbourg/strasbourg_000001_000113_leftImg8bit.png,1,729,366,854,513
1282,train/strasbourg/strasbourg_000001_000113_leftImg8bit.png,1,560,368,807,553
1283,train/strasbourg/strasbourg_000001_000113_leftImg8bit.png,1,0,272,592,709
1284,train/strasbourg/strasbourg_000001_000113_leftImg8bit.png,1,0,356,297,827
1285,train/strasbourg/strasbourg_000001_049399_leftImg8bit.png,1,1609,348,1828,434
1286,train/strasbourg/strasbourg_000001_049399_leftImg8bit.png,1,1837,354,1895,407
1287,train/strasbourg/strasbourg_000001_049399_leftImg8bit.png,5,979,365,1132,606
1288,train/strasbourg/strasbourg_000001_002644_leftImg8bit.png,1,1124,325,1196,414
1289,train/strasbourg/strasbourg_000001_002644_leftImg8bit.png,0,1057,343,1120,492
1290,train/strasbourg/strasbourg_000001_002644_leftImg8bit.png,0,1017,349,1072,501
1291,train/strasbourg/strasbourg_000001_002644_leftImg8bit.png,0,947,322,1015,508
1292,train/strasbourg/strasbourg_000001_002644_leftImg8bit.png,1,1232,364,1447,520
1293,train/strasbourg/strasbourg_000001_020904_leftImg8bit.png,1,1942,406,2047,486
1294,train/strasbourg/strasbourg_000001_020904_leftImg8bit.png,1,1803,404,1986,499
1295,train/strasbourg/strasbourg_000001_020904_leftImg8bit.png,1,1653,407,1864,514
1296,train/strasbourg/strasbourg_000001_020904_leftImg8bit.png,0,901,351,979,541
1297,train/strasbourg/strasbourg_000001_027097_leftImg8bit.png,1,279,376,472,472
1298,train/strasbourg/strasbourg_000001_027097_leftImg8bit.png,1,154,356,320,481
1299,train/strasbourg/strasbourg_000001_027097_leftImg8bit.png,1,0,366,98,495
1300,train/strasbourg/strasbourg_000001_027097_leftImg8bit.png,1,665,373,747,440
1301,train/strasbourg/strasbourg_000001_027097_leftImg8bit.png,1,575,376,687,447
1302,train/strasbourg/strasbourg_000001_027097_leftImg8bit.png,1,1126,383,1215,452
1303,train/strasbourg/strasbourg_000001_015605_leftImg8bit.png,1,540,386,601,442
1304,train/strasbourg/strasbourg_000001_015605_leftImg8bit.png,1,562,387,642,452
1305,train/strasbourg/strasbourg_000001_015605_leftImg8bit.png,1,489,388,557,452
1306,train/strasbourg/strasbourg_000001_015605_leftImg8bit.png,1,423,380,535,465
1307,train/strasbourg/strasbourg_000001_015605_leftImg8bit.png,1,904,375,963,431
1308,train/strasbourg/strasbourg_000001_015605_leftImg8bit.png,1,934,375,991,440
1309,train/strasbourg/strasbourg_000001_015605_leftImg8bit.png,1,956,370,1035,447
1310,train/strasbourg/strasbourg_000001_015605_leftImg8bit.png,1,976,371,1086,456
1311,train/strasbourg/strasbourg_000001_035562_leftImg8bit.png,1,715,294,1057,601
1312,train/strasbourg/strasbourg_000001_035562_leftImg8bit.png,0,1373,343,1430,514
1313,train/strasbourg/strasbourg_000001_035562_leftImg8bit.png,0,1435,327,1489,509
1314,train/strasbourg/strasbourg_000001_035562_leftImg8bit.png,0,1440,337,1516,526
1315,train/strasbourg/strasbourg_000001_035562_leftImg8bit.png,0,1563,333,1637,535
1316,train/strasbourg/strasbourg_000001_012956_leftImg8bit.png,1,1346,340,1535,419
1317,train/strasbourg/strasbourg_000001_012956_leftImg8bit.png,1,1097,346,1254,450
1318,train/strasbourg/strasbourg_000001_012956_leftImg8bit.png,1,589,355,732,467
1319,train/strasbourg/strasbourg_000001_012956_leftImg8bit.png,1,82,366,336,462
1320,train/strasbourg/strasbourg_000001_036697_leftImg8bit.png,1,1811,314,1979,418
1321,train/strasbourg/strasbourg_000001_036697_leftImg8bit.png,1,655,394,791,490
1322,train/strasbourg/strasbourg_000001_001901_leftImg8bit.png,0,1007,441,1058,517
1323,train/strasbourg/strasbourg_000001_001901_leftImg8bit.png,0,1268,407,1355,673
1324,train/strasbourg/strasbourg_000001_001901_leftImg8bit.png,0,1291,432,1417,686
1325,train/strasbourg/strasbourg_000001_001901_leftImg8bit.png,0,1184,403,1326,683
1326,train/strasbourg/strasbourg_000000_013223_leftImg8bit.png,1,1486,353,1671,501
1327,train/strasbourg/strasbourg_000000_013223_leftImg8bit.png,1,1595,309,1942,543
1328,train/strasbourg/strasbourg_000000_013223_leftImg8bit.png,3,791,351,894,404
1329,train/strasbourg/strasbourg_000000_013223_leftImg8bit.png,1,553,399,630,466
1330,train/strasbourg/strasbourg_000000_013223_leftImg8bit.png,1,429,402,520,473
1331,train/strasbourg/strasbourg_000000_013223_leftImg8bit.png,1,210,411,354,502
1332,train/strasbourg/strasbourg_000000_013223_leftImg8bit.png,1,62,415,231,514
1333,train/strasbourg/strasbourg_000000_013223_leftImg8bit.png,4,656,406,747,474
1334,train/strasbourg/strasbourg_000000_013223_leftImg8bit.png,5,561,390,661,499
1335,train/strasbourg/strasbourg_000000_013223_leftImg8bit.png,0,358,318,454,549
1336,train/strasbourg/strasbourg_000000_013223_leftImg8bit.png,4,148,434,258,538
1337,train/strasbourg/strasbourg_000000_013223_leftImg8bit.png,4,120,434,290,547
1338,train/strasbourg/strasbourg_000000_027771_leftImg8bit.png,1,259,435,334,489
1339,train/strasbourg/strasbourg_000000_027771_leftImg8bit.png,1,194,441,285,508
1340,train/strasbourg/strasbourg_000000_027771_leftImg8bit.png,1,578,430,666,510
1341,train/strasbourg/strasbourg_000000_027771_leftImg8bit.png,1,602,444,658,515
1342,train/strasbourg/strasbourg_000000_027771_leftImg8bit.png,1,625,441,680,521
1343,train/strasbourg/strasbourg_000000_027771_leftImg8bit.png,1,634,439,769,533
1344,train/strasbourg/strasbourg_000000_027771_leftImg8bit.png,1,377,428,439,484
1345,train/strasbourg/strasbourg_000000_027771_leftImg8bit.png,0,417,418,484,541
1346,train/strasbourg/strasbourg_000000_027771_leftImg8bit.png,0,397,420,454,544
1347,train/strasbourg/strasbourg_000000_027771_leftImg8bit.png,0,1130,409,1200,537
1348,train/strasbourg/strasbourg_000001_055934_leftImg8bit.png,1,1096,456,1196,510
1349,train/strasbourg/strasbourg_000001_055934_leftImg8bit.png,1,881,474,964,528
1350,train/strasbourg/strasbourg_000001_055934_leftImg8bit.png,1,743,471,852,545
1351,train/strasbourg/strasbourg_000001_055934_leftImg8bit.png,1,663,462,804,566
1352,train/strasbourg/strasbourg_000001_055934_leftImg8bit.png,0,417,462,471,578
1353,train/strasbourg/strasbourg_000001_055934_leftImg8bit.png,0,1607,343,1689,564
1354,train/strasbourg/strasbourg_000001_036480_leftImg8bit.png,1,807,405,900,471
1355,train/strasbourg/strasbourg_000001_036480_leftImg8bit.png,4,1110,412,1275,514
1356,train/strasbourg/strasbourg_000001_036480_leftImg8bit.png,4,1415,404,1592,511
1357,train/strasbourg/strasbourg_000001_005666_leftImg8bit.png,1,4,437,92,493
1358,train/strasbourg/strasbourg_000001_005666_leftImg8bit.png,1,765,417,856,517
1359,train/strasbourg/strasbourg_000001_005666_leftImg8bit.png,1,809,393,961,529
1360,train/strasbourg/strasbourg_000001_005666_leftImg8bit.png,1,888,395,1098,544
1361,train/strasbourg/strasbourg_000001_005666_leftImg8bit.png,0,1378,337,1448,534
1362,train/strasbourg/strasbourg_000001_005666_leftImg8bit.png,0,1544,349,1596,533
1363,train/strasbourg/strasbourg_000001_005666_leftImg8bit.png,0,1451,340,1506,528
1364,train/strasbourg/strasbourg_000001_005666_leftImg8bit.png,1,376,420,528,517
1365,train/strasbourg/strasbourg_000001_005666_leftImg8bit.png,1,294,393,534,555
1366,train/strasbourg/strasbourg_000001_042309_leftImg8bit.png,1,901,388,1074,529
1367,train/strasbourg/strasbourg_000001_042309_leftImg8bit.png,1,1314,405,1537,576
1368,train/strasbourg/strasbourg_000001_042309_leftImg8bit.png,0,1700,366,1784,560
1369,train/strasbourg/strasbourg_000001_042309_leftImg8bit.png,1,309,413,370,467
1370,train/strasbourg/strasbourg_000001_042309_leftImg8bit.png,1,0,340,223,484
1371,train/strasbourg/strasbourg_000001_042309_leftImg8bit.png,4,291,444,388,571
1372,train/strasbourg/strasbourg_000001_042309_leftImg8bit.png,4,130,446,190,563
1373,train/strasbourg/strasbourg_000001_042309_leftImg8bit.png,1,0,453,51,621
1374,train/strasbourg/strasbourg_000001_042309_leftImg8bit.png,1,686,407,788,459
1375,train/strasbourg/strasbourg_000001_042309_leftImg8bit.png,1,537,393,718,491
1376,train/strasbourg/strasbourg_000001_062691_leftImg8bit.png,1,1076,364,1175,454
1377,train/strasbourg/strasbourg_000001_062691_leftImg8bit.png,4,580,391,645,510
1378,train/strasbourg/strasbourg_000001_062691_leftImg8bit.png,0,646,294,733,522
1379,train/strasbourg/strasbourg_000001_062691_leftImg8bit.png,0,745,310,809,529
1380,train/strasbourg/strasbourg_000001_000508_leftImg8bit.png,1,895,501,974,570
1381,train/strasbourg/strasbourg_000001_000508_leftImg8bit.png,1,857,513,944,577
1382,train/strasbourg/strasbourg_000001_000508_leftImg8bit.png,1,763,510,851,596
1383,train/strasbourg/strasbourg_000001_000508_leftImg8bit.png,1,666,509,804,605
1384,train/strasbourg/strasbourg_000001_000508_leftImg8bit.png,1,571,500,727,624
1385,train/strasbourg/strasbourg_000001_000508_leftImg8bit.png,1,411,514,633,646
1386,train/strasbourg/strasbourg_000001_000508_leftImg8bit.png,0,808,426,951,663
1387,train/strasbourg/strasbourg_000001_052497_leftImg8bit.png,0,49,324,132,547
1388,train/strasbourg/strasbourg_000001_052497_leftImg8bit.png,0,205,386,297,476
1389,train/strasbourg/strasbourg_000001_052497_leftImg8bit.png,0,227,385,322,475
1390,train/strasbourg/strasbourg_000001_052497_leftImg8bit.png,0,248,389,301,502
1391,train/strasbourg/strasbourg_000001_052497_leftImg8bit.png,0,215,386,339,512
1392,train/strasbourg/strasbourg_000001_052497_leftImg8bit.png,0,330,305,410,527
1393,train/strasbourg/strasbourg_000001_052497_leftImg8bit.png,0,547,315,622,525
1394,train/strasbourg/strasbourg_000001_052497_leftImg8bit.png,0,478,307,558,534
1395,train/strasbourg/strasbourg_000001_052497_leftImg8bit.png,0,705,318,866,547
1396,train/strasbourg/strasbourg_000001_052497_leftImg8bit.png,0,1689,325,1755,410
1397,train/strasbourg/strasbourg_000001_052497_leftImg8bit.png,0,1687,312,1772,504
1398,train/strasbourg/strasbourg_000001_052497_leftImg8bit.png,0,1767,301,1844,496
1399,train/strasbourg/strasbourg_000001_052497_leftImg8bit.png,0,1948,329,2004,489
1400,train/strasbourg/strasbourg_000001_052497_leftImg8bit.png,0,783,328,866,547
1401,train/strasbourg/strasbourg_000000_014416_leftImg8bit.png,1,853,383,948,480
1402,train/strasbourg/strasbourg_000000_014416_leftImg8bit.png,1,1092,370,1160,422
1403,train/strasbourg/strasbourg_000000_014416_leftImg8bit.png,1,1165,368,1279,444
1404,train/strasbourg/strasbourg_000000_014416_leftImg8bit.png,1,1226,371,1380,511
1405,train/strasbourg/strasbourg_000000_014416_leftImg8bit.png,1,1290,362,1648,587
1406,train/strasbourg/strasbourg_000000_014416_leftImg8bit.png,1,310,348,741,634
1407,train/strasbourg/strasbourg_000000_014416_leftImg8bit.png,1,0,345,486,907
1408,train/strasbourg/strasbourg_000001_010162_leftImg8bit.png,0,217,332,283,507
1409,train/strasbourg/strasbourg_000001_010162_leftImg8bit.png,0,97,327,151,509
1410,train/strasbourg/strasbourg_000001_010162_leftImg8bit.png,0,36,322,143,547
1411,train/strasbourg/strasbourg_000001_010162_leftImg8bit.png,1,1927,386,2047,590
1412,train/strasbourg/strasbourg_000001_010162_leftImg8bit.png,4,1756,434,1892,656
1413,train/strasbourg/strasbourg_000001_010162_leftImg8bit.png,1,1436,390,1645,524
1414,train/strasbourg/strasbourg_000001_010162_leftImg8bit.png,1,972,338,1507,754
1415,train/strasbourg/strasbourg_000001_061685_leftImg8bit.png,1,1083,403,1162,468
1416,train/strasbourg/strasbourg_000001_061685_leftImg8bit.png,4,629,454,691,516
1417,train/strasbourg/strasbourg_000001_061685_leftImg8bit.png,0,641,398,692,523
1418,train/strasbourg/strasbourg_000001_061685_leftImg8bit.png,0,682,385,739,528
1419,train/strasbourg/strasbourg_000001_061685_leftImg8bit.png,4,284,455,390,584
1420,train/strasbourg/strasbourg_000001_061685_leftImg8bit.png,4,416,440,490,560
1421,train/strasbourg/strasbourg_000001_061685_leftImg8bit.png,4,488,436,544,543
1422,train/strasbourg/strasbourg_000001_051134_leftImg8bit.png,5,1557,405,1608,480
1423,train/strasbourg/strasbourg_000001_051134_leftImg8bit.png,5,1641,401,1706,484
1424,train/strasbourg/strasbourg_000001_051134_leftImg8bit.png,0,1971,369,2023,473
1425,train/strasbourg/strasbourg_000001_051134_leftImg8bit.png,0,1951,382,2008,520
1426,train/strasbourg/strasbourg_000001_051134_leftImg8bit.png,0,1904,435,1955,514
1427,train/strasbourg/strasbourg_000001_051134_leftImg8bit.png,0,1901,355,1971,527
1428,train/strasbourg/strasbourg_000001_051134_leftImg8bit.png,0,1833,377,1890,526
1429,train/strasbourg/strasbourg_000001_051134_leftImg8bit.png,0,599,303,697,535
1430,train/strasbourg/strasbourg_000001_051134_leftImg8bit.png,0,674,289,751,551
1431,train/strasbourg/strasbourg_000001_051134_leftImg8bit.png,0,636,281,729,569
1432,train/strasbourg/strasbourg_000001_051134_leftImg8bit.png,0,57,364,118,430
1433,train/strasbourg/strasbourg_000001_051134_leftImg8bit.png,0,338,268,528,608
1434,train/strasbourg/strasbourg_000001_051134_leftImg8bit.png,4,341,363,475,623
1435,train/strasbourg/strasbourg_000001_052979_leftImg8bit.png,4,1489,377,1618,478
1436,train/strasbourg/strasbourg_000001_052979_leftImg8bit.png,1,526,329,1141,581
1437,train/strasbourg/strasbourg_000001_052979_leftImg8bit.png,1,570,346,1016,656
1438,train/strasbourg/strasbourg_000001_052979_leftImg8bit.png,0,661,198,839,695
1439,train/strasbourg/strasbourg_000001_052979_leftImg8bit.png,0,1069,282,1242,698
1440,train/strasbourg/strasbourg_000001_052979_leftImg8bit.png,0,1397,259,1555,653
1441,train/strasbourg/strasbourg_000001_052979_leftImg8bit.png,0,684,259,838,708
1442,train/strasbourg/strasbourg_000001_022151_leftImg8bit.png,1,1150,388,1227,471
1443,train/strasbourg/strasbourg_000001_022151_leftImg8bit.png,1,1196,373,1295,491
1444,train/strasbourg/strasbourg_000001_022151_leftImg8bit.png,1,1216,388,1288,514
1445,train/strasbourg/strasbourg_000001_022151_leftImg8bit.png,1,1254,341,1514,547
1446,train/strasbourg/strasbourg_000001_022151_leftImg8bit.png,1,1394,364,1799,631
1447,train/strasbourg/strasbourg_000001_022151_leftImg8bit.png,1,548,393,699,504
1448,train/strasbourg/strasbourg_000001_022151_leftImg8bit.png,1,366,393,583,545
1449,train/strasbourg/strasbourg_000001_022151_leftImg8bit.png,1,0,339,252,669
1450,train/strasbourg/strasbourg_000001_058373_leftImg8bit.png,1,0,363,669,614
1451,train/strasbourg/strasbourg_000001_058373_leftImg8bit.png,1,0,363,257,614
1452,train/strasbourg/strasbourg_000001_058373_leftImg8bit.png,1,1053,363,1272,521
1453,train/strasbourg/strasbourg_000001_058373_leftImg8bit.png,1,313,388,669,529
1454,train/strasbourg/strasbourg_000000_020432_leftImg8bit.png,4,0,271,69,337
1455,train/strasbourg/strasbourg_000000_020432_leftImg8bit.png,1,906,359,976,411
1456,train/strasbourg/strasbourg_000000_020432_leftImg8bit.png,1,1186,358,1259,410
1457,train/strasbourg/strasbourg_000001_017540_leftImg8bit.png,0,1906,327,1960,385
1458,train/strasbourg/strasbourg_000001_017540_leftImg8bit.png,1,1491,353,1575,412
1459,train/strasbourg/strasbourg_000001_017540_leftImg8bit.png,1,1389,355,1462,415
1460,train/strasbourg/strasbourg_000001_017540_leftImg8bit.png,0,1429,267,1523,524
1461,train/strasbourg/strasbourg_000001_017540_leftImg8bit.png,0,1616,257,1694,517
1462,train/strasbourg/strasbourg_000000_017081_leftImg8bit.png,0,639,272,740,644
1463,train/strasbourg/strasbourg_000000_017081_leftImg8bit.png,0,744,290,862,623
1464,train/strasbourg/strasbourg_000000_017081_leftImg8bit.png,0,674,270,822,666
1465,train/strasbourg/strasbourg_000000_017081_leftImg8bit.png,0,1015,406,1095,508
1466,train/strasbourg/strasbourg_000000_017081_leftImg8bit.png,0,832,280,947,632
1467,train/strasbourg/strasbourg_000000_017081_leftImg8bit.png,0,1063,406,1114,504
1468,train/strasbourg/strasbourg_000000_017081_leftImg8bit.png,0,1116,401,1188,527
1469,train/strasbourg/strasbourg_000000_017081_leftImg8bit.png,0,1211,394,1271,473
1470,train/strasbourg/strasbourg_000000_017081_leftImg8bit.png,0,1314,403,1375,526
1471,train/strasbourg/strasbourg_000000_017081_leftImg8bit.png,0,1365,389,1447,537
1472,train/strasbourg/strasbourg_000000_017081_leftImg8bit.png,0,1607,404,1669,522
1473,train/strasbourg/strasbourg_000000_017081_leftImg8bit.png,0,1548,410,1601,503
1474,train/strasbourg/strasbourg_000000_017081_leftImg8bit.png,0,1454,366,1540,583
1475,train/strasbourg/strasbourg_000000_017081_leftImg8bit.png,0,1864,368,1926,503
1476,train/strasbourg/strasbourg_000000_017081_leftImg8bit.png,0,929,293,1036,643
1477,train/strasbourg/strasbourg_000000_017081_leftImg8bit.png,1,1992,381,2047,465
1478,train/strasbourg/strasbourg_000000_014066_leftImg8bit.png,1,855,406,1056,508
1479,train/strasbourg/strasbourg_000000_014066_leftImg8bit.png,0,1066,376,1118,508
1480,train/strasbourg/strasbourg_000000_014066_leftImg8bit.png,0,1112,327,1194,578
1481,train/strasbourg/strasbourg_000000_014066_leftImg8bit.png,0,1343,336,1449,598
1482,train/strasbourg/strasbourg_000000_029179_leftImg8bit.png,1,1011,385,1133,483
1483,train/strasbourg/strasbourg_000000_029179_leftImg8bit.png,0,1334,369,1388,514
1484,train/strasbourg/strasbourg_000000_029179_leftImg8bit.png,0,1284,362,1360,529
1485,train/strasbourg/strasbourg_000000_029179_leftImg8bit.png,0,1382,340,1444,525
1486,train/strasbourg/strasbourg_000000_029179_leftImg8bit.png,0,1516,365,1573,525
1487,train/strasbourg/strasbourg_000000_029179_leftImg8bit.png,0,1441,351,1523,526
1488,train/strasbourg/strasbourg_000000_029179_leftImg8bit.png,0,1555,346,1629,529
1489,train/strasbourg/strasbourg_000000_004248_leftImg8bit.png,0,1771,336,1836,477
1490,train/strasbourg/strasbourg_000000_004248_leftImg8bit.png,3,240,266,755,529
1491,train/strasbourg/strasbourg_000000_004248_leftImg8bit.png,0,1898,308,1999,525
1492,train/strasbourg/strasbourg_000001_047619_leftImg8bit.png,1,1765,420,1864,492
1493,train/strasbourg/strasbourg_000001_047619_leftImg8bit.png,1,1833,409,1990,509
1494,train/strasbourg/strasbourg_000001_005219_leftImg8bit.png,1,1185,408,1240,463
1495,train/strasbourg/strasbourg_000001_005219_leftImg8bit.png,1,1195,403,1278,476
1496,train/strasbourg/strasbourg_000001_005219_leftImg8bit.png,1,1274,403,1443,544
1497,train/strasbourg/strasbourg_000001_005219_leftImg8bit.png,1,1335,400,1512,583
1498,train/strasbourg/strasbourg_000001_005219_leftImg8bit.png,1,1417,319,1877,674
1499,train/strasbourg/strasbourg_000001_005219_leftImg8bit.png,1,1677,264,2047,914
1500,train/strasbourg/strasbourg_000001_005219_leftImg8bit.png,1,1068,392,1155,468
1501,train/strasbourg/strasbourg_000001_052544_leftImg8bit.png,0,203,340,272,524
1502,train/strasbourg/strasbourg_000001_052544_leftImg8bit.png,4,161,410,415,612
1503,train/strasbourg/strasbourg_000001_052544_leftImg8bit.png,0,1830,318,1904,556
1504,train/strasbourg/strasbourg_000001_052544_leftImg8bit.png,0,0,319,77,716
1505,train/strasbourg/strasbourg_000001_052544_leftImg8bit.png,0,1689,271,1793,556
1506,train/strasbourg/strasbourg_000001_052544_leftImg8bit.png,0,1770,295,1872,576
1507,train/strasbourg/strasbourg_000001_052544_leftImg8bit.png,0,1437,244,1593,597
1508,train/strasbourg/strasbourg_000001_052544_leftImg8bit.png,0,1578,249,1708,619
1509,train/strasbourg/strasbourg_000001_052544_leftImg8bit.png,4,161,430,354,612
1510,train/strasbourg/strasbourg_000001_061384_leftImg8bit.png,0,712,350,764,549
1511,train/strasbourg/strasbourg_000001_061384_leftImg8bit.png,0,667,390,721,539
1512,train/strasbourg/strasbourg_000001_061384_leftImg8bit.png,0,600,322,703,548
1513,train/strasbourg/strasbourg_000001_061384_leftImg8bit.png,0,1355,348,1472,528
1514,train/strasbourg/strasbourg_000000_004660_leftImg8bit.png,1,56,399,233,464
1515,train/strasbourg/strasbourg_000000_004660_leftImg8bit.png,1,310,388,478,454
1516,train/strasbourg/strasbourg_000000_004660_leftImg8bit.png,1,679,343,778,463
1517,train/strasbourg/strasbourg_000001_057811_leftImg8bit.png,4,1544,377,1619,512
1518,train/strasbourg/strasbourg_000001_057811_leftImg8bit.png,4,501,409,561,462
1519,train/strasbourg/strasbourg_000001_057811_leftImg8bit.png,0,844,348,903,444
1520,train/strasbourg/strasbourg_000001_057811_leftImg8bit.png,1,532,331,830,550
1521,train/strasbourg/strasbourg_000001_057811_leftImg8bit.png,1,21,381,553,626
1522,train/strasbourg/strasbourg_000001_057811_leftImg8bit.png,1,0,490,113,684
1523,train/strasbourg/strasbourg_000000_003846_leftImg8bit.png,0,1660,365,1716,436
1524,train/strasbourg/strasbourg_000000_003846_leftImg8bit.png,1,1019,357,1156,474
1525,train/strasbourg/strasbourg_000000_003846_leftImg8bit.png,1,217,406,268,466
1526,train/strasbourg/strasbourg_000000_003846_leftImg8bit.png,1,245,381,374,484
1527,train/strasbourg/strasbourg_000000_003846_leftImg8bit.png,3,0,287,243,500
1528,train/strasbourg/strasbourg_000000_003846_leftImg8bit.png,1,497,401,583,453
1529,train/strasbourg/strasbourg_000000_003846_leftImg8bit.png,1,625,390,766,452
1530,train/strasbourg/strasbourg_000000_003846_leftImg8bit.png,1,773,364,888,460
1531,train/strasbourg/strasbourg_000000_003846_leftImg8bit.png,1,296,381,515,488
1532,train/strasbourg/strasbourg_000000_003846_leftImg8bit.png,1,1707,266,2047,803
1533,train/strasbourg/strasbourg_000001_034923_leftImg8bit.png,1,1187,263,1448,523
1534,train/strasbourg/strasbourg_000001_034923_leftImg8bit.png,0,1472,355,1533,498
1535,train/strasbourg/strasbourg_000001_016681_leftImg8bit.png,1,0,409,72,502
1536,train/strasbourg/strasbourg_000001_016681_leftImg8bit.png,1,87,382,406,489
1537,train/strasbourg/strasbourg_000001_016681_leftImg8bit.png,1,902,385,1129,558
1538,train/strasbourg/strasbourg_000001_016681_leftImg8bit.png,0,1714,381,1771,450
1539,train/strasbourg/strasbourg_000001_057191_leftImg8bit.png,1,1048,402,1142,455
1540,train/strasbourg/strasbourg_000001_057191_leftImg8bit.png,1,642,382,833,499
1541,train/strasbourg/strasbourg_000001_057191_leftImg8bit.png,4,429,452,499,515
1542,train/strasbourg/strasbourg_000001_057191_leftImg8bit.png,1,68,345,467,594
1543,train/strasbourg/strasbourg_000001_057191_leftImg8bit.png,1,0,275,242,639
1544,train/strasbourg/strasbourg_000001_057191_leftImg8bit.png,0,1456,334,1519,543
1545,train/strasbourg/strasbourg_000000_029481_leftImg8bit.png,1,984,387,1073,479
1546,train/strasbourg/strasbourg_000000_029481_leftImg8bit.png,0,25,356,103,449
1547,train/strasbourg/strasbourg_000000_029481_leftImg8bit.png,0,28,338,106,463
1548,train/strasbourg/strasbourg_000000_029481_leftImg8bit.png,0,55,332,120,485
1549,train/strasbourg/strasbourg_000000_029481_leftImg8bit.png,0,100,333,152,488
1550,train/strasbourg/strasbourg_000000_029481_leftImg8bit.png,0,370,308,438,521
1551,train/strasbourg/strasbourg_000000_029481_leftImg8bit.png,0,433,316,520,577
1552,train/strasbourg/strasbourg_000000_029481_leftImg8bit.png,0,894,307,1046,616
1553,train/strasbourg/strasbourg_000000_029481_leftImg8bit.png,1,1130,354,1334,569
1554,train/strasbourg/strasbourg_000000_029481_leftImg8bit.png,0,1206,256,1320,665
1555,train/strasbourg/strasbourg_000000_029481_leftImg8bit.png,0,1203,300,1372,687
1556,train/strasbourg/strasbourg_000000_029481_leftImg8bit.png,0,950,228,1160,752
1557,train/strasbourg/strasbourg_000000_029481_leftImg8bit.png,0,1098,272,1329,819
1558,train/strasbourg/strasbourg_000000_029481_leftImg8bit.png,0,1449,416,1504,499
1559,train/strasbourg/strasbourg_000000_029481_leftImg8bit.png,4,1424,433,1520,574
1560,train/strasbourg/strasbourg_000000_029481_leftImg8bit.png,0,223,294,365,703
1561,train/strasbourg/strasbourg_000000_029481_leftImg8bit.png,0,1639,281,1868,684
1562,train/strasbourg/strasbourg_000000_029481_leftImg8bit.png,0,1593,305,1800,700
1563,train/strasbourg/strasbourg_000000_029481_leftImg8bit.png,0,1487,166,1662,856
1564,train/strasbourg/strasbourg_000000_029481_leftImg8bit.png,0,1922,280,2047,733
1565,train/strasbourg/strasbourg_000000_029481_leftImg8bit.png,0,1895,314,2047,752
1566,train/strasbourg/strasbourg_000000_029481_leftImg8bit.png,0,449,240,717,784
1567,train/strasbourg/strasbourg_000000_016024_leftImg8bit.png,4,1493,398,1652,538
1568,train/strasbourg/strasbourg_000000_016024_leftImg8bit.png,0,1082,339,1163,519
1569,train/strasbourg/strasbourg_000000_016024_leftImg8bit.png,0,961,333,1024,519
1570,train/strasbourg/strasbourg_000000_016024_leftImg8bit.png,0,939,327,1000,528
1571,train/strasbourg/strasbourg_000000_016024_leftImg8bit.png,0,713,316,811,534
1572,train/strasbourg/strasbourg_000000_016024_leftImg8bit.png,0,382,361,459,507
1573,train/strasbourg/strasbourg_000000_016024_leftImg8bit.png,1,0,387,139,477
1574,train/strasbourg/strasbourg_000000_019891_leftImg8bit.png,0,1994,378,2047,498
1575,train/strasbourg/strasbourg_000000_019891_leftImg8bit.png,0,1923,369,1977,491
1576,train/strasbourg/strasbourg_000000_019891_leftImg8bit.png,1,975,364,1363,659
1577,train/strasbourg/strasbourg_000001_057129_leftImg8bit.png,1,1012,400,1113,461
1578,train/strasbourg/strasbourg_000001_057129_leftImg8bit.png,1,893,395,990,473
1579,train/strasbourg/strasbourg_000001_057129_leftImg8bit.png,1,808,398,956,484
1580,train/strasbourg/strasbourg_000001_057129_leftImg8bit.png,1,535,420,700,538
1581,train/strasbourg/strasbourg_000001_057129_leftImg8bit.png,1,354,413,620,571
1582,train/strasbourg/strasbourg_000001_057129_leftImg8bit.png,1,90,413,444,636
1583,train/strasbourg/strasbourg_000001_057129_leftImg8bit.png,1,0,157,235,690
1584,train/strasbourg/strasbourg_000001_043080_leftImg8bit.png,1,1255,372,1338,454
1585,train/strasbourg/strasbourg_000001_043080_leftImg8bit.png,1,1280,375,1366,464
1586,train/strasbourg/strasbourg_000001_043080_leftImg8bit.png,1,1323,352,1455,481
1587,train/strasbourg/strasbourg_000001_043080_leftImg8bit.png,1,1364,350,1559,497
1588,train/strasbourg/strasbourg_000001_043080_leftImg8bit.png,1,1556,348,1985,583
1589,train/strasbourg/strasbourg_000001_043080_leftImg8bit.png,1,1799,339,2047,628
1590,train/strasbourg/strasbourg_000001_043080_leftImg8bit.png,1,986,375,1118,474
1591,train/strasbourg/strasbourg_000001_043080_leftImg8bit.png,1,763,385,880,440
1592,train/strasbourg/strasbourg_000001_043080_leftImg8bit.png,1,737,379,854,450
1593,train/strasbourg/strasbourg_000001_043080_leftImg8bit.png,1,697,379,803,461
1594,train/strasbourg/strasbourg_000001_043080_leftImg8bit.png,1,563,371,765,476
1595,train/strasbourg/strasbourg_000001_043080_leftImg8bit.png,1,572,387,702,488
1596,train/strasbourg/strasbourg_000001_043080_leftImg8bit.png,1,515,388,684,497
1597,train/strasbourg/strasbourg_000001_043080_leftImg8bit.png,1,366,387,639,512
1598,train/strasbourg/strasbourg_000001_043080_leftImg8bit.png,1,401,435,557,544
1599,train/strasbourg/strasbourg_000001_043080_leftImg8bit.png,1,146,375,523,578
1600,train/strasbourg/strasbourg_000001_043080_leftImg8bit.png,1,0,233,266,628
1601,train/strasbourg/strasbourg_000001_018742_leftImg8bit.png,1,0,312,441,680
1602,train/strasbourg/strasbourg_000001_018742_leftImg8bit.png,4,0,481,303,806
1603,train/strasbourg/strasbourg_000001_018742_leftImg8bit.png,1,521,355,745,471
1604,train/strasbourg/strasbourg_000001_018742_leftImg8bit.png,1,716,348,906,460
1605,train/strasbourg/strasbourg_000001_018742_leftImg8bit.png,1,865,340,1059,455
1606,train/strasbourg/strasbourg_000001_018742_leftImg8bit.png,1,1343,310,1584,405
1607,train/strasbourg/strasbourg_000001_018742_leftImg8bit.png,1,1307,290,1698,500
1608,train/strasbourg/strasbourg_000000_015764_leftImg8bit.png,0,878,328,1032,649
1609,train/strasbourg/strasbourg_000000_015764_leftImg8bit.png,0,390,281,516,595
1610,train/strasbourg/strasbourg_000000_015764_leftImg8bit.png,0,280,365,339,478
1611,train/strasbourg/strasbourg_000000_015764_leftImg8bit.png,0,1887,343,1940,474
1612,train/strasbourg/strasbourg_000000_015764_leftImg8bit.png,0,265,357,320,482
1613,train/strasbourg/strasbourg_000000_015764_leftImg8bit.png,0,352,370,408,479
1614,train/strasbourg/strasbourg_000000_015764_leftImg8bit.png,1,0,387,108,477
1615,train/strasbourg/strasbourg_000001_032660_leftImg8bit.png,1,862,379,941,466
1616,train/strasbourg/strasbourg_000001_032660_leftImg8bit.png,1,813,380,913,500
1617,train/strasbourg/strasbourg_000001_032660_leftImg8bit.png,1,763,378,867,510
1618,train/strasbourg/strasbourg_000001_032660_leftImg8bit.png,1,523,366,842,559
1619,train/strasbourg/strasbourg_000001_032660_leftImg8bit.png,0,224,315,294,438
1620,train/strasbourg/strasbourg_000001_032660_leftImg8bit.png,1,0,221,380,878
1621,train/strasbourg/strasbourg_000001_032660_leftImg8bit.png,1,1156,329,1270,463
1622,train/strasbourg/strasbourg_000001_032660_leftImg8bit.png,1,1187,388,1256,473
1623,train/strasbourg/strasbourg_000001_032660_leftImg8bit.png,1,1217,390,1268,479
1624,train/strasbourg/strasbourg_000001_032660_leftImg8bit.png,1,1230,383,1351,498
1625,train/strasbourg/strasbourg_000001_032660_leftImg8bit.png,1,1296,369,1436,533
1626,train/strasbourg/strasbourg_000001_032660_leftImg8bit.png,1,1389,15,2047,697
1627,train/strasbourg/strasbourg_000001_032660_leftImg8bit.png,1,1785,390,2047,888
1628,train/strasbourg/strasbourg_000000_028240_leftImg8bit.png,1,527,443,637,521
1629,train/strasbourg/strasbourg_000000_028240_leftImg8bit.png,1,304,439,556,605
1630,train/strasbourg/strasbourg_000000_028240_leftImg8bit.png,1,49,425,391,672
1631,train/strasbourg/strasbourg_000000_028240_leftImg8bit.png,1,0,357,161,919
1632,train/strasbourg/strasbourg_000000_028240_leftImg8bit.png,1,923,438,1058,513
1633,train/strasbourg/strasbourg_000000_028240_leftImg8bit.png,1,886,451,1150,659
1634,train/strasbourg/strasbourg_000000_028240_leftImg8bit.png,0,1228,429,1283,563
1635,train/strasbourg/strasbourg_000000_028240_leftImg8bit.png,0,1318,437,1379,546
1636,train/strasbourg/strasbourg_000000_028240_leftImg8bit.png,0,1382,434,1434,564
1637,train/strasbourg/strasbourg_000000_025907_leftImg8bit.png,1,698,365,890,481
1638,train/strasbourg/strasbourg_000000_025907_leftImg8bit.png,1,699,364,890,481
1639,train/strasbourg/strasbourg_000000_025907_leftImg8bit.png,1,546,393,756,498
1640,train/strasbourg/strasbourg_000000_025907_leftImg8bit.png,1,354,403,651,512
1641,train/strasbourg/strasbourg_000000_025907_leftImg8bit.png,1,1345,351,1466,432
1642,train/strasbourg/strasbourg_000000_025907_leftImg8bit.png,1,1421,339,1605,471
1643,train/strasbourg/strasbourg_000000_025907_leftImg8bit.png,1,1546,312,1779,502
1644,train/strasbourg/strasbourg_000000_008784_leftImg8bit.png,1,983,373,1059,438
1645,train/strasbourg/strasbourg_000000_008784_leftImg8bit.png,1,938,377,1043,456
1646,train/strasbourg/strasbourg_000000_008784_leftImg8bit.png,1,939,376,995,473
1647,train/strasbourg/strasbourg_000000_008784_leftImg8bit.png,1,837,353,983,499
1648,train/strasbourg/strasbourg_000000_008784_leftImg8bit.png,1,807,361,953,529
1649,train/strasbourg/strasbourg_000000_008784_leftImg8bit.png,1,658,354,905,566
1650,train/strasbourg/strasbourg_000000_008784_leftImg8bit.png,1,309,283,790,757
1651,train/strasbourg/strasbourg_000000_008784_leftImg8bit.png,1,0,0,540,1015
1652,train/strasbourg/strasbourg_000000_008784_leftImg8bit.png,1,1217,371,1276,439
1653,train/strasbourg/strasbourg_000000_008784_leftImg8bit.png,1,1278,370,1360,475
1654,train/strasbourg/strasbourg_000000_008784_leftImg8bit.png,1,1301,371,1436,484
1655,train/strasbourg/strasbourg_000000_008784_leftImg8bit.png,1,1331,368,1483,516
1656,train/strasbourg/strasbourg_000000_008784_leftImg8bit.png,1,1406,366,1490,534
1657,train/strasbourg/strasbourg_000000_008784_leftImg8bit.png,1,1557,150,2047,415
1658,train/strasbourg/strasbourg_000000_008784_leftImg8bit.png,0,1302,327,1367,520
1659,train/strasbourg/strasbourg_000000_026882_leftImg8bit.png,1,919,416,979,477
1660,train/strasbourg/strasbourg_000000_026882_leftImg8bit.png,1,907,415,973,484
1661,train/strasbourg/strasbourg_000000_026882_leftImg8bit.png,1,875,412,966,502
1662,train/strasbourg/strasbourg_000000_026882_leftImg8bit.png,1,790,414,932,520
1663,train/strasbourg/strasbourg_000000_026882_leftImg8bit.png,1,1020,412,1088,466
1664,train/strasbourg/strasbourg_000000_026882_leftImg8bit.png,0,1302,367,1354,515
1665,train/strasbourg/strasbourg_000000_026882_leftImg8bit.png,0,1326,355,1379,534
1666,train/strasbourg/strasbourg_000000_026882_leftImg8bit.png,0,1406,307,1492,578
1667,train/strasbourg/strasbourg_000000_026882_leftImg8bit.png,0,1369,330,1466,586
1668,train/strasbourg/strasbourg_000001_042869_leftImg8bit.png,1,365,456,474,552
1669,train/strasbourg/strasbourg_000001_042869_leftImg8bit.png,1,588,451,666,509
1670,train/strasbourg/strasbourg_000001_042869_leftImg8bit.png,1,639,453,728,524
1671,train/strasbourg/strasbourg_000001_042869_leftImg8bit.png,1,677,454,766,529
1672,train/strasbourg/strasbourg_000001_042869_leftImg8bit.png,1,722,449,832,535
1673,train/strasbourg/strasbourg_000001_042869_leftImg8bit.png,1,771,443,950,545
1674,train/strasbourg/strasbourg_000001_042869_leftImg8bit.png,1,859,448,1037,560
1675,train/strasbourg/strasbourg_000001_042869_leftImg8bit.png,4,1151,454,1227,542
1676,train/strasbourg/strasbourg_000001_042869_leftImg8bit.png,5,1595,429,1777,583
1677,train/strasbourg/strasbourg_000001_042869_leftImg8bit.png,0,1742,383,1820,495
1678,train/strasbourg/strasbourg_000001_042869_leftImg8bit.png,4,1619,453,1840,591
1679,train/strasbourg/strasbourg_000001_042869_leftImg8bit.png,4,177,527,246,613
1680,train/strasbourg/strasbourg_000001_042869_leftImg8bit.png,4,0,500,172,666
1681,train/strasbourg/strasbourg_000001_042869_leftImg8bit.png,4,0,567,66,680
1682,train/strasbourg/strasbourg_000001_042869_leftImg8bit.png,1,416,451,633,606
1683,train/strasbourg/strasbourg_000001_042869_leftImg8bit.png,4,1444,464,1544,595
1684,train/strasbourg/strasbourg_000000_012070_leftImg8bit.png,1,1069,378,1172,471
1685,train/strasbourg/strasbourg_000000_012070_leftImg8bit.png,1,500,397,648,488
1686,train/strasbourg/strasbourg_000000_012070_leftImg8bit.png,1,351,395,533,512
1687,train/strasbourg/strasbourg_000000_012070_leftImg8bit.png,1,184,399,398,539
1688,train/strasbourg/strasbourg_000000_012070_leftImg8bit.png,1,0,383,252,568
1689,train/strasbourg/strasbourg_000001_001722_leftImg8bit.png,0,674,340,744,535
1690,train/strasbourg/strasbourg_000001_001722_leftImg8bit.png,1,886,394,1033,500
1691,train/strasbourg/strasbourg_000001_001722_leftImg8bit.png,0,1466,304,1534,498
1692,train/strasbourg/strasbourg_000001_001722_leftImg8bit.png,0,1509,301,1597,507
1693,train/strasbourg/strasbourg_000000_026575_leftImg8bit.png,0,1278,346,1331,495
1694,train/strasbourg/strasbourg_000000_026575_leftImg8bit.png,0,1317,357,1374,501
1695,train/strasbourg/strasbourg_000000_026575_leftImg8bit.png,0,1367,339,1426,503
1696,train/strasbourg/strasbourg_000000_026575_leftImg8bit.png,0,1514,348,1580,490
1697,train/strasbourg/strasbourg_000000_026575_leftImg8bit.png,0,1575,351,1626,495
1698,train/strasbourg/strasbourg_000000_026575_leftImg8bit.png,0,1690,308,1790,549
1699,train/strasbourg/strasbourg_000000_026575_leftImg8bit.png,1,1885,378,2047,671
1700,train/strasbourg/strasbourg_000000_026575_leftImg8bit.png,0,13,354,102,580
1701,train/strasbourg/strasbourg_000000_026575_leftImg8bit.png,0,148,325,246,565
1702,train/strasbourg/strasbourg_000000_029915_leftImg8bit.png,0,1413,351,1479,544
1703,train/strasbourg/strasbourg_000000_029915_leftImg8bit.png,0,1650,354,1704,574
1704,train/strasbourg/strasbourg_000000_029915_leftImg8bit.png,0,1599,318,1686,604
1705,train/strasbourg/strasbourg_000000_029915_leftImg8bit.png,0,1715,341,1781,577
1706,train/strasbourg/strasbourg_000000_029915_leftImg8bit.png,0,1806,387,1862,553
1707,train/strasbourg/strasbourg_000000_029915_leftImg8bit.png,0,1748,322,1828,607
1708,train/strasbourg/strasbourg_000000_029915_leftImg8bit.png,0,1204,344,1271,533
1709,train/strasbourg/strasbourg_000000_029915_leftImg8bit.png,1,563,297,649,454
1710,train/strasbourg/strasbourg_000000_029915_leftImg8bit.png,0,212,357,300,477
1711,train/strasbourg/strasbourg_000000_029915_leftImg8bit.png,1,0,273,213,477
1712,train/strasbourg/strasbourg_000000_029915_leftImg8bit.png,4,166,393,288,518
1713,train/strasbourg/strasbourg_000000_029915_leftImg8bit.png,0,357,352,416,490
1714,train/strasbourg/strasbourg_000000_029915_leftImg8bit.png,5,300,368,393,525
1715,train/strasbourg/strasbourg_000000_029915_leftImg8bit.png,5,455,371,594,531
1716,train/strasbourg/strasbourg_000000_029915_leftImg8bit.png,5,588,408,727,539
1717,train/strasbourg/strasbourg_000000_029915_leftImg8bit.png,5,618,375,891,578
1718,train/strasbourg/strasbourg_000000_029915_leftImg8bit.png,5,743,329,950,589
1719,train/strasbourg/strasbourg_000000_029915_leftImg8bit.png,5,839,322,1271,605
1720,train/strasbourg/strasbourg_000000_029915_leftImg8bit.png,0,1923,529,2004,602
1721,train/strasbourg/strasbourg_000000_029915_leftImg8bit.png,0,1813,240,2043,698
1722,train/strasbourg/strasbourg_000000_029915_leftImg8bit.png,5,1898,607,2047,855
1723,train/strasbourg/strasbourg_000000_008603_leftImg8bit.png,0,87,422,138,534
1724,train/strasbourg/strasbourg_000000_008603_leftImg8bit.png,0,114,386,166,502
1725,train/strasbourg/strasbourg_000000_008603_leftImg8bit.png,0,11,419,66,525
1726,train/strasbourg/strasbourg_000000_008603_leftImg8bit.png,0,0,425,87,524
1727,train/strasbourg/strasbourg_000000_008603_leftImg8bit.png,0,328,413,390,535
1728,train/strasbourg/strasbourg_000000_008603_leftImg8bit.png,0,223,354,303,571
1729,train/strasbourg/strasbourg_000000_008603_leftImg8bit.png,0,175,363,269,576
1730,train/strasbourg/strasbourg_000000_008603_leftImg8bit.png,1,367,367,844,607
1731,train/strasbourg/strasbourg_000000_008603_leftImg8bit.png,1,970,392,1033,451
1732,train/strasbourg/strasbourg_000000_008603_leftImg8bit.png,1,919,390,1011,459
1733,train/strasbourg/strasbourg_000000_008603_leftImg8bit.png,0,1795,389,1887,512
1734,train/strasbourg/strasbourg_000001_031976_leftImg8bit.png,0,1516,361,1569,527
1735,train/strasbourg/strasbourg_000001_031976_leftImg8bit.png,1,1592,318,1959,584
1736,train/strasbourg/strasbourg_000000_018358_leftImg8bit.png,1,1502,216,2047,560
1737,train/strasbourg/strasbourg_000000_018358_leftImg8bit.png,1,1316,358,1742,563
1738,train/strasbourg/strasbourg_000000_018358_leftImg8bit.png,0,1683,263,1804,452
1739,train/strasbourg/strasbourg_000000_018358_leftImg8bit.png,1,1546,348,2047,662
1740,train/strasbourg/strasbourg_000000_018358_leftImg8bit.png,0,883,327,960,532
1741,train/strasbourg/strasbourg_000001_043748_leftImg8bit.png,1,793,429,874,486
1742,train/strasbourg/strasbourg_000001_017844_leftImg8bit.png,1,1093,441,1203,493
1743,train/strasbourg/strasbourg_000001_017844_leftImg8bit.png,1,1077,454,1230,580
1744,train/strasbourg/strasbourg_000001_017844_leftImg8bit.png,1,855,454,1045,578
1745,train/strasbourg/strasbourg_000001_057930_leftImg8bit.png,0,1514,329,1571,514
1746,train/strasbourg/strasbourg_000001_057930_leftImg8bit.png,0,1578,370,1642,490
1747,train/strasbourg/strasbourg_000001_057930_leftImg8bit.png,0,1638,315,1697,513
1748,train/strasbourg/strasbourg_000001_057930_leftImg8bit.png,0,1616,301,1708,517
1749,train/strasbourg/strasbourg_000001_057930_leftImg8bit.png,0,1117,373,1171,508
1750,train/strasbourg/strasbourg_000001_057930_leftImg8bit.png,0,1024,348,1100,524
1751,train/strasbourg/strasbourg_000001_057930_leftImg8bit.png,0,512,374,614,578
1752,train/strasbourg/strasbourg_000001_057930_leftImg8bit.png,0,531,355,646,581
1753,train/strasbourg/strasbourg_000001_057930_leftImg8bit.png,0,599,333,707,592
1754,train/strasbourg/strasbourg_000001_057930_leftImg8bit.png,0,1218,352,1269,511
1755,train/strasbourg/strasbourg_000001_042558_leftImg8bit.png,1,1168,390,1254,461
1756,train/strasbourg/strasbourg_000001_042558_leftImg8bit.png,1,727,404,820,455
1757,train/strasbourg/strasbourg_000001_042558_leftImg8bit.png,1,693,402,808,479
1758,train/strasbourg/strasbourg_000001_042558_leftImg8bit.png,1,607,403,800,484
1759,train/strasbourg/strasbourg_000001_042558_leftImg8bit.png,1,609,403,741,479
1760,train/strasbourg/strasbourg_000001_042558_leftImg8bit.png,1,466,405,661,497
1761,train/strasbourg/strasbourg_000001_042558_leftImg8bit.png,1,342,398,590,548
1762,train/strasbourg/strasbourg_000001_042558_leftImg8bit.png,1,15,324,427,589
1763,train/strasbourg/strasbourg_000001_042558_leftImg8bit.png,1,0,410,248,662
1764,train/strasbourg/strasbourg_000001_051574_leftImg8bit.png,0,1594,368,1665,441
1765,train/strasbourg/strasbourg_000001_051574_leftImg8bit.png,0,1604,378,1662,441
1766,train/strasbourg/strasbourg_000001_051574_leftImg8bit.png,0,1539,383,1632,474
1767,train/strasbourg/strasbourg_000001_051574_leftImg8bit.png,0,1550,380,1632,474
1768,train/strasbourg/strasbourg_000001_051574_leftImg8bit.png,0,1758,374,1832,461
1769,train/strasbourg/strasbourg_000001_051574_leftImg8bit.png,0,1758,376,1823,461
1770,train/strasbourg/strasbourg_000001_051574_leftImg8bit.png,0,1631,339,1743,558
1771,train/strasbourg/strasbourg_000001_051574_leftImg8bit.png,0,1650,307,1740,576
1772,train/strasbourg/strasbourg_000001_051574_leftImg8bit.png,0,1726,382,1809,575
1773,train/strasbourg/strasbourg_000001_051574_leftImg8bit.png,0,1837,376,1900,446
1774,train/strasbourg/strasbourg_000001_051574_leftImg8bit.png,0,1812,394,1900,531
1775,train/strasbourg/strasbourg_000001_051574_leftImg8bit.png,0,1880,373,1968,444
1776,train/strasbourg/strasbourg_000001_051574_leftImg8bit.png,0,1912,373,1968,444
1777,train/strasbourg/strasbourg_000001_051574_leftImg8bit.png,0,1921,382,2002,485
1778,train/strasbourg/strasbourg_000001_051574_leftImg8bit.png,1,812,351,888,432
1779,train/strasbourg/strasbourg_000001_051574_leftImg8bit.png,1,797,363,885,441
1780,train/strasbourg/strasbourg_000001_051574_leftImg8bit.png,1,716,361,846,464
1781,train/strasbourg/strasbourg_000001_051574_leftImg8bit.png,4,728,411,867,541
1782,train/strasbourg/strasbourg_000001_051574_leftImg8bit.png,4,563,395,615,462
1783,train/strasbourg/strasbourg_000001_051574_leftImg8bit.png,0,0,306,63,515
1784,train/strasbourg/strasbourg_000001_029696_leftImg8bit.png,0,149,342,204,406
1785,train/strasbourg/strasbourg_000001_029696_leftImg8bit.png,0,282,356,343,491
1786,train/strasbourg/strasbourg_000001_029696_leftImg8bit.png,0,683,334,779,499
1787,train/strasbourg/strasbourg_000001_029696_leftImg8bit.png,0,690,328,748,503
1788,train/strasbourg/strasbourg_000001_029696_leftImg8bit.png,0,1324,334,1392,495
1789,train/strasbourg/strasbourg_000001_029696_leftImg8bit.png,0,1605,303,1695,578
1790,train/strasbourg/strasbourg_000001_029696_leftImg8bit.png,0,1715,320,1848,573
1791,train/strasbourg/strasbourg_000001_029696_leftImg8bit.png,0,1830,336,1933,572
1792,train/strasbourg/strasbourg_000000_028822_leftImg8bit.png,1,907,351,970,407
1793,train/strasbourg/strasbourg_000000_028822_leftImg8bit.png,1,887,356,958,419
1794,train/strasbourg/strasbourg_000000_028822_leftImg8bit.png,1,850,354,941,439
1795,train/strasbourg/strasbourg_000000_028822_leftImg8bit.png,1,804,359,909,449
1796,train/strasbourg/strasbourg_000000_028822_leftImg8bit.png,1,808,365,905,464
1797,train/strasbourg/strasbourg_000000_028822_leftImg8bit.png,1,754,365,886,486
1798,train/strasbourg/strasbourg_000000_028822_leftImg8bit.png,1,710,374,822,499
1799,train/strasbourg/strasbourg_000000_028822_leftImg8bit.png,1,560,370,795,547
1800,train/strasbourg/strasbourg_000000_028822_leftImg8bit.png,1,963,349,1122,479
1801,train/strasbourg/strasbourg_000000_028822_leftImg8bit.png,5,393,427,553,605
1802,train/strasbourg/strasbourg_000000_028822_leftImg8bit.png,0,170,341,241,550
1803,train/strasbourg/strasbourg_000000_028822_leftImg8bit.png,4,292,461,350,541
1804,train/strasbourg/strasbourg_000000_028822_leftImg8bit.png,0,19,381,81,453
1805,train/strasbourg/strasbourg_000000_028822_leftImg8bit.png,0,71,331,136,511
1806,train/strasbourg/strasbourg_000000_028822_leftImg8bit.png,0,139,336,219,562
1807,train/strasbourg/strasbourg_000000_028822_leftImg8bit.png,4,54,463,167,597
1808,train/strasbourg/strasbourg_000000_028822_leftImg8bit.png,0,287,338,428,632
1809,train/strasbourg/strasbourg_000000_028822_leftImg8bit.png,0,437,293,544,646
1810,train/strasbourg/strasbourg_000000_028822_leftImg8bit.png,0,1548,315,1602,478
1811,train/strasbourg/strasbourg_000000_027233_leftImg8bit.png,1,552,387,697,556
1812,train/strasbourg/strasbourg_000000_027233_leftImg8bit.png,1,131,263,631,627
1813,train/strasbourg/strasbourg_000000_027233_leftImg8bit.png,0,111,314,170,392
1814,train/strasbourg/strasbourg_000000_027233_leftImg8bit.png,0,234,331,341,537
1815,train/strasbourg/strasbourg_000000_027233_leftImg8bit.png,0,379,356,501,644
1816,train/strasbourg/strasbourg_000000_027233_leftImg8bit.png,1,0,340,353,918
1817,train/strasbourg/strasbourg_000000_027233_leftImg8bit.png,1,892,379,964,452
1818,train/strasbourg/strasbourg_000000_027233_leftImg8bit.png,1,903,378,973,462
1819,train/strasbourg/strasbourg_000000_027233_leftImg8bit.png,1,956,368,1013,473
1820,train/strasbourg/strasbourg_000000_027233_leftImg8bit.png,1,984,358,1048,476
1821,train/strasbourg/strasbourg_000000_027233_leftImg8bit.png,1,1036,313,1372,512
1822,train/strasbourg/strasbourg_000000_027233_leftImg8bit.png,1,1143,343,1379,516
1823,train/strasbourg/strasbourg_000000_027233_leftImg8bit.png,1,1271,414,1329,532
1824,train/strasbourg/strasbourg_000000_027233_leftImg8bit.png,1,1278,312,1623,568
1825,train/strasbourg/strasbourg_000000_027233_leftImg8bit.png,1,1513,285,1977,600
1826,train/strasbourg/strasbourg_000000_027233_leftImg8bit.png,1,1672,290,2047,731
1827,train/strasbourg/strasbourg_000000_027233_leftImg8bit.png,5,825,400,898,453
1828,train/strasbourg/strasbourg_000001_052840_leftImg8bit.png,1,512,382,614,479
1829,train/strasbourg/strasbourg_000001_052840_leftImg8bit.png,0,610,352,671,488
1830,train/strasbourg/strasbourg_000001_052840_leftImg8bit.png,1,777,390,944,490
1831,train/strasbourg/strasbourg_000001_052840_leftImg8bit.png,5,517,413,608,495
1832,train/strasbourg/strasbourg_000001_052840_leftImg8bit.png,0,712,342,776,504
1833,train/strasbourg/strasbourg_000001_045481_leftImg8bit.png,3,638,338,768,455
1834,train/strasbourg/strasbourg_000001_045481_leftImg8bit.png,1,1051,389,1110,444
1835,train/strasbourg/strasbourg_000001_045481_leftImg8bit.png,1,1090,385,1146,447
1836,train/strasbourg/strasbourg_000001_045481_leftImg8bit.png,1,1125,373,1226,456
1837,train/strasbourg/strasbourg_000001_045481_leftImg8bit.png,1,1165,375,1280,474
1838,train/strasbourg/strasbourg_000001_045481_leftImg8bit.png,1,1226,358,1426,509
1839,train/strasbourg/strasbourg_000001_045481_leftImg8bit.png,1,1395,231,1952,602
1840,train/strasbourg/strasbourg_000001_042235_leftImg8bit.png,1,1138,391,1233,464
1841,train/strasbourg/strasbourg_000001_042235_leftImg8bit.png,1,1633,379,1772,449
1842,train/strasbourg/strasbourg_000001_042235_leftImg8bit.png,1,1366,391,1575,538
1843,train/strasbourg/strasbourg_000001_042235_leftImg8bit.png,1,1695,342,2047,709
1844,train/strasbourg/strasbourg_000001_042235_leftImg8bit.png,1,929,363,991,438
1845,train/strasbourg/strasbourg_000001_042235_leftImg8bit.png,1,972,392,1033,443
1846,train/strasbourg/strasbourg_000001_042235_leftImg8bit.png,1,817,389,903,461
1847,train/strasbourg/strasbourg_000001_042235_leftImg8bit.png,1,824,413,883,470
1848,train/strasbourg/strasbourg_000001_042235_leftImg8bit.png,1,692,382,864,481
1849,train/strasbourg/strasbourg_000001_042235_leftImg8bit.png,1,466,355,767,470
1850,train/strasbourg/strasbourg_000001_042235_leftImg8bit.png,1,478,365,788,525
1851,train/strasbourg/strasbourg_000001_042235_leftImg8bit.png,1,474,363,641,548
1852,train/strasbourg/strasbourg_000001_042235_leftImg8bit.png,1,451,383,552,583
1853,train/strasbourg/strasbourg_000001_042235_leftImg8bit.png,1,54,278,490,692
1854,train/strasbourg/strasbourg_000000_029281_leftImg8bit.png,0,441,342,524,563
1855,train/strasbourg/strasbourg_000000_029281_leftImg8bit.png,0,242,332,343,543
1856,train/strasbourg/strasbourg_000000_029281_leftImg8bit.png,1,852,379,911,437
1857,train/strasbourg/strasbourg_000000_029281_leftImg8bit.png,0,695,364,747,472
1858,train/strasbourg/strasbourg_000000_029281_leftImg8bit.png,1,927,354,1095,490
1859,train/strasbourg/strasbourg_000000_029281_leftImg8bit.png,0,1159,356,1212,489
1860,train/strasbourg/strasbourg_000000_029281_leftImg8bit.png,0,1214,357,1269,487
1861,train/strasbourg/strasbourg_000000_029281_leftImg8bit.png,0,1264,348,1315,488
1862,train/strasbourg/strasbourg_000000_029281_leftImg8bit.png,0,1375,343,1438,420
1863,train/strasbourg/strasbourg_000000_029281_leftImg8bit.png,4,1416,388,1528,585
1864,train/strasbourg/strasbourg_000000_029281_leftImg8bit.png,5,1500,362,1645,624
1865,train/strasbourg/strasbourg_000001_051448_leftImg8bit.png,0,1134,388,1191,487
1866,train/strasbourg/strasbourg_000001_051448_leftImg8bit.png,0,1587,392,1638,513
1867,train/strasbourg/strasbourg_000001_051448_leftImg8bit.png,0,1874,373,1943,574
1868,train/strasbourg/strasbourg_000001_051448_leftImg8bit.png,0,1031,393,1084,484
1869,train/strasbourg/strasbourg_000001_051448_leftImg8bit.png,1,561,394,668,453
1870,train/strasbourg/strasbourg_000001_051448_leftImg8bit.png,0,595,356,675,498
1871,train/strasbourg/strasbourg_000001_051448_leftImg8bit.png,0,524,358,600,500
1872,train/strasbourg/strasbourg_000001_051448_leftImg8bit.png,0,885,405,949,485
1873,train/strasbourg/strasbourg_000001_013266_leftImg8bit.png,1,369,364,484,434
1874,train/strasbourg/strasbourg_000000_032962_leftImg8bit.png,0,1610,273,1744,641
1875,train/strasbourg/strasbourg_000000_032962_leftImg8bit.png,0,1803,267,1938,636
1876,train/strasbourg/strasbourg_000000_032962_leftImg8bit.png,0,1784,254,1925,648
1877,train/strasbourg/strasbourg_000000_032962_leftImg8bit.png,1,1319,392,1425,472
1878,train/strasbourg/strasbourg_000000_032962_leftImg8bit.png,1,1254,401,1365,485
1879,train/strasbourg/strasbourg_000000_032962_leftImg8bit.png,1,1116,369,1305,441
1880,train/strasbourg/strasbourg_000000_032962_leftImg8bit.png,1,906,369,1043,498
1881,train/strasbourg/strasbourg_000000_032962_leftImg8bit.png,5,629,412,726,497
1882,train/strasbourg/strasbourg_000000_032962_leftImg8bit.png,1,697,385,954,548
1883,train/strasbourg/strasbourg_000000_032962_leftImg8bit.png,1,0,287,668,833
1884,train/strasbourg/strasbourg_000000_032962_leftImg8bit.png,1,925,398,1416,686
1885,train/strasbourg/strasbourg_000000_019229_leftImg8bit.png,0,655,287,731,540
1886,train/strasbourg/strasbourg_000000_019229_leftImg8bit.png,0,1001,287,1056,378
1887,train/strasbourg/strasbourg_000000_019229_leftImg8bit.png,0,808,312,935,534
1888,train/strasbourg/strasbourg_000000_019229_leftImg8bit.png,0,846,307,965,540
1889,train/strasbourg/strasbourg_000000_019229_leftImg8bit.png,1,949,342,1337,642
1890,train/strasbourg/strasbourg_000001_022363_leftImg8bit.png,1,1187,405,1277,483
1891,train/strasbourg/strasbourg_000001_022363_leftImg8bit.png,1,1212,404,1356,513
1892,train/strasbourg/strasbourg_000001_022363_leftImg8bit.png,1,74,444,194,553
1893,train/strasbourg/strasbourg_000001_022363_leftImg8bit.png,1,1296,397,1595,620
1894,train/strasbourg/strasbourg_000001_022363_leftImg8bit.png,1,848,413,982,474
1895,train/strasbourg/strasbourg_000001_022363_leftImg8bit.png,1,739,413,857,495
1896,train/strasbourg/strasbourg_000001_022363_leftImg8bit.png,1,735,420,841,512
1897,train/strasbourg/strasbourg_000001_022363_leftImg8bit.png,1,538,405,812,570
1898,train/strasbourg/strasbourg_000001_022363_leftImg8bit.png,1,78,354,620,688
1899,train/strasbourg/strasbourg_000001_022363_leftImg8bit.png,1,0,425,263,789
1900,train/strasbourg/strasbourg_000001_022363_leftImg8bit.png,4,1672,405,1723,507
1901,train/strasbourg/strasbourg_000001_047755_leftImg8bit.png,1,855,356,946,429
1902,train/strasbourg/strasbourg_000001_047755_leftImg8bit.png,1,265,358,354,412
1903,train/strasbourg/strasbourg_000001_047755_leftImg8bit.png,1,219,363,322,415
1904,train/strasbourg/strasbourg_000001_047755_leftImg8bit.png,1,191,352,289,425
1905,train/strasbourg/strasbourg_000001_047755_leftImg8bit.png,0,0,209,93,691
1906,train/strasbourg/strasbourg_000001_047755_leftImg8bit.png,0,68,212,247,717
1907,train/strasbourg/strasbourg_000000_028556_leftImg8bit.png,0,995,363,1060,480
1908,train/strasbourg/strasbourg_000000_028556_leftImg8bit.png,1,1241,383,1329,504
1909,train/strasbourg/strasbourg_000000_028556_leftImg8bit.png,1,1264,370,1437,559
1910,train/strasbourg/strasbourg_000000_028556_leftImg8bit.png,1,1370,354,1796,635
1911,train/strasbourg/strasbourg_000000_028556_leftImg8bit.png,4,1862,429,2021,614
1912,train/strasbourg/strasbourg_000001_023515_leftImg8bit.png,1,1363,382,1457,435
1913,train/strasbourg/strasbourg_000001_023515_leftImg8bit.png,1,0,394,269,528
1914,train/strasbourg/strasbourg_000001_023515_leftImg8bit.png,1,1206,377,1397,517
1915,train/strasbourg/strasbourg_000001_023515_leftImg8bit.png,5,1473,403,1547,503
1916,train/strasbourg/strasbourg_000001_023515_leftImg8bit.png,4,1730,403,1818,473
1917,train/strasbourg/strasbourg_000001_023515_leftImg8bit.png,1,1826,381,1940,519
1918,train/strasbourg/strasbourg_000001_023515_leftImg8bit.png,1,1863,353,2047,536
1919,train/strasbourg/strasbourg_000001_023515_leftImg8bit.png,1,1510,381,1763,537
1920,train/strasbourg/strasbourg_000001_039703_leftImg8bit.png,1,1313,385,1422,448
1921,train/strasbourg/strasbourg_000001_039703_leftImg8bit.png,1,535,347,606,398
1922,train/strasbourg/strasbourg_000001_039703_leftImg8bit.png,1,647,372,717,471
1923,train/strasbourg/strasbourg_000001_039703_leftImg8bit.png,1,524,355,694,481
1924,train/strasbourg/strasbourg_000001_039703_leftImg8bit.png,1,339,370,583,515
1925,train/strasbourg/strasbourg_000001_039703_leftImg8bit.png,1,7,342,380,553
1926,train/strasbourg/strasbourg_000001_039703_leftImg8bit.png,1,685,347,859,500
1927,train/strasbourg/strasbourg_000001_039703_leftImg8bit.png,1,974,307,1169,514
1928,train/strasbourg/strasbourg_000000_034652_leftImg8bit.png,1,1588,351,1663,468
1929,train/strasbourg/strasbourg_000000_034652_leftImg8bit.png,1,1602,354,1672,476
1930,train/strasbourg/strasbourg_000000_034652_leftImg8bit.png,1,1617,333,1860,572
1931,train/strasbourg/strasbourg_000001_031116_leftImg8bit.png,4,175,352,273,419
1932,train/strasbourg/strasbourg_000001_031116_leftImg8bit.png,0,1352,291,1423,485
1933,train/strasbourg/strasbourg_000001_031116_leftImg8bit.png,4,68,355,149,419
1934,train/strasbourg/strasbourg_000000_007813_leftImg8bit.png,0,1363,385,1416,514
1935,train/strasbourg/strasbourg_000000_007813_leftImg8bit.png,0,1333,392,1385,521
1936,train/strasbourg/strasbourg_000000_007813_leftImg8bit.png,0,1693,333,1833,633
1937,train/strasbourg/strasbourg_000000_007813_leftImg8bit.png,0,1653,346,1745,638
1938,train/strasbourg/strasbourg_000001_007148_leftImg8bit.png,1,1193,389,1259,442
1939,train/strasbourg/strasbourg_000001_007148_leftImg8bit.png,1,1263,378,1364,488
1940,train/strasbourg/strasbourg_000001_007148_leftImg8bit.png,1,1294,379,1411,504
1941,train/strasbourg/strasbourg_000001_007148_leftImg8bit.png,1,1340,354,1520,536
1942,train/strasbourg/strasbourg_000001_007148_leftImg8bit.png,1,1425,344,1787,604
1943,train/strasbourg/strasbourg_000001_007148_leftImg8bit.png,1,1552,359,2047,719
1944,train/strasbourg/strasbourg_000001_007148_leftImg8bit.png,1,915,390,986,447
1945,train/strasbourg/strasbourg_000001_007148_leftImg8bit.png,1,808,398,866,477
1946,train/strasbourg/strasbourg_000001_007148_leftImg8bit.png,1,727,375,852,491
1947,train/strasbourg/strasbourg_000001_007148_leftImg8bit.png,1,618,381,803,512
1948,train/strasbourg/strasbourg_000001_007148_leftImg8bit.png,1,583,392,743,537
1949,train/strasbourg/strasbourg_000001_007148_leftImg8bit.png,1,409,395,649,572
1950,train/strasbourg/strasbourg_000001_007148_leftImg8bit.png,1,77,386,540,631
1951,train/strasbourg/strasbourg_000001_007148_leftImg8bit.png,1,0,389,278,754
1952,train/strasbourg/strasbourg_000001_004106_leftImg8bit.png,0,549,376,637,592
1953,train/strasbourg/strasbourg_000001_004106_leftImg8bit.png,0,618,353,688,598
1954,train/strasbourg/strasbourg_000001_004106_leftImg8bit.png,0,1644,329,1784,620
1955,train/strasbourg/strasbourg_000001_004106_leftImg8bit.png,0,1817,341,1905,606
1956,train/strasbourg/strasbourg_000001_004106_leftImg8bit.png,0,1846,300,2001,613
1957,train/strasbourg/strasbourg_000001_018432_leftImg8bit.png,1,891,385,947,443
1958,train/strasbourg/strasbourg_000001_018432_leftImg8bit.png,1,864,382,929,449
1959,train/strasbourg/strasbourg_000001_018432_leftImg8bit.png,1,860,391,922,454
1960,train/strasbourg/strasbourg_000001_018432_leftImg8bit.png,1,807,392,913,470
1961,train/strasbourg/strasbourg_000001_018432_leftImg8bit.png,1,1059,380,1125,447
1962,train/strasbourg/strasbourg_000001_018432_leftImg8bit.png,1,1080,383,1158,452
1963,train/strasbourg/strasbourg_000001_018432_leftImg8bit.png,1,1341,377,1605,571
1964,train/strasbourg/strasbourg_000001_018432_leftImg8bit.png,1,1489,353,2013,643
1965,train/strasbourg/strasbourg_000001_018432_leftImg8bit.png,1,1931,484,2047,876
1966,train/strasbourg/strasbourg_000001_018432_leftImg8bit.png,1,359,392,730,594
1967,train/strasbourg/strasbourg_000001_018432_leftImg8bit.png,1,0,399,532,690
1968,train/strasbourg/strasbourg_000001_040981_leftImg8bit.png,1,975,409,1034,475
1969,train/strasbourg/strasbourg_000001_040981_leftImg8bit.png,1,1027,406,1175,519
1970,train/strasbourg/strasbourg_000001_040981_leftImg8bit.png,0,702,363,759,528
1971,train/strasbourg/strasbourg_000001_040981_leftImg8bit.png,2,0,156,577,593
1972,train/strasbourg/strasbourg_000001_063385_leftImg8bit.png,1,0,231,364,684
1973,train/strasbourg/strasbourg_000001_063385_leftImg8bit.png,1,1162,377,1223,432
1974,train/strasbourg/strasbourg_000001_063385_leftImg8bit.png,1,1209,387,1264,456
1975,train/strasbourg/strasbourg_000001_063385_leftImg8bit.png,1,1227,388,1331,462
1976,train/strasbourg/strasbourg_000001_049776_leftImg8bit.png,1,549,380,724,513
1977,train/strasbourg/strasbourg_000001_049776_leftImg8bit.png,1,659,324,956,513
1978,train/strasbourg/strasbourg_000001_049776_leftImg8bit.png,1,382,373,630,535
1979,train/strasbourg/strasbourg_000001_049776_leftImg8bit.png,1,97,359,486,583
1980,train/strasbourg/strasbourg_000001_049776_leftImg8bit.png,1,0,362,231,619
1981,train/strasbourg/strasbourg_000001_049776_leftImg8bit.png,0,747,373,834,516
1982,train/strasbourg/strasbourg_000001_049776_leftImg8bit.png,1,1245,376,1316,460
1983,train/strasbourg/strasbourg_000001_049776_leftImg8bit.png,1,1149,376,1205,428
1984,train/strasbourg/strasbourg_000001_049776_leftImg8bit.png,5,1491,380,1606,513
1985,train/strasbourg/strasbourg_000001_049776_leftImg8bit.png,4,1892,422,1995,557
1986,train/strasbourg/strasbourg_000001_049776_leftImg8bit.png,4,1959,437,2047,601
1987,train/strasbourg/strasbourg_000001_030997_leftImg8bit.png,4,191,427,302,585
1988,train/strasbourg/strasbourg_000001_030997_leftImg8bit.png,4,645,436,757,558
1989,train/strasbourg/strasbourg_000001_030997_leftImg8bit.png,4,355,435,406,583
1990,train/strasbourg/strasbourg_000001_030997_leftImg8bit.png,4,355,435,406,583
1991,train/strasbourg/strasbourg_000001_030997_leftImg8bit.png,4,378,432,473,585
1992,train/strasbourg/strasbourg_000001_030997_leftImg8bit.png,4,37,436,157,587
1993,train/strasbourg/strasbourg_000001_052198_leftImg8bit.png,4,1174,407,1251,458
1994,train/strasbourg/strasbourg_000001_052198_leftImg8bit.png,0,1553,343,1622,541
1995,train/strasbourg/strasbourg_000001_052198_leftImg8bit.png,0,1968,381,2047,654
1996,train/strasbourg/strasbourg_000001_052198_leftImg8bit.png,0,1651,334,1707,572
1997,train/strasbourg/strasbourg_000001_052198_leftImg8bit.png,0,1609,310,1687,587
1998,train/strasbourg/strasbourg_000001_052198_leftImg8bit.png,0,1752,321,1864,572
1999,train/strasbourg/strasbourg_000001_052198_leftImg8bit.png,0,1799,249,1961,668
2000,train/strasbourg/strasbourg_000001_052198_leftImg8bit.png,0,1886,231,2047,688
2001,train/strasbourg/strasbourg_000001_054275_leftImg8bit.png,1,1991,291,2047,354
2002,train/strasbourg/strasbourg_000001_054275_leftImg8bit.png,0,867,292,955,490
2003,train/strasbourg/strasbourg_000001_054275_leftImg8bit.png,0,901,298,954,497
2004,train/strasbourg/strasbourg_000000_030941_leftImg8bit.png,0,1703,278,1763,465
2005,train/strasbourg/strasbourg_000000_030941_leftImg8bit.png,0,1546,312,1598,430
2006,train/strasbourg/strasbourg_000000_030941_leftImg8bit.png,4,1430,363,1500,417
2007,train/strasbourg/strasbourg_000000_030941_leftImg8bit.png,0,1243,267,1318,467
2008,train/strasbourg/strasbourg_000000_030941_leftImg8bit.png,0,929,276,985,459
2009,train/strasbourg/strasbourg_000000_030941_leftImg8bit.png,0,942,292,1004,467
2010,train/strasbourg/strasbourg_000000_030941_leftImg8bit.png,0,632,277,758,561
2011,train/strasbourg/strasbourg_000000_030941_leftImg8bit.png,0,509,271,631,552
2012,train/strasbourg/strasbourg_000001_053222_leftImg8bit.png,4,1512,411,1677,498
2013,train/strasbourg/strasbourg_000001_053222_leftImg8bit.png,0,996,362,1050,471
2014,train/strasbourg/strasbourg_000000_014101_leftImg8bit.png,5,1789,418,1898,526
2015,train/strasbourg/strasbourg_000000_014101_leftImg8bit.png,4,1789,418,1898,526
2016,train/strasbourg/strasbourg_000000_014101_leftImg8bit.png,4,471,401,527,462
2017,train/strasbourg/strasbourg_000000_014101_leftImg8bit.png,0,497,349,565,500
2018,train/strasbourg/strasbourg_000000_014101_leftImg8bit.png,0,0,386,106,548
2019,train/strasbourg/strasbourg_000000_014101_leftImg8bit.png,2,1919,303,2047,523
2020,train/strasbourg/strasbourg_000001_042434_leftImg8bit.png,1,1107,390,1201,469
2021,train/strasbourg/strasbourg_000001_042434_leftImg8bit.png,1,588,423,646,482
2022,train/strasbourg/strasbourg_000001_042434_leftImg8bit.png,1,646,392,820,475
2023,train/strasbourg/strasbourg_000001_042434_leftImg8bit.png,1,647,399,770,472
2024,train/strasbourg/strasbourg_000001_042434_leftImg8bit.png,1,430,369,743,487
2025,train/strasbourg/strasbourg_000001_042434_leftImg8bit.png,1,434,385,645,495
2026,train/strasbourg/strasbourg_000001_042434_leftImg8bit.png,4,590,433,674,515
2027,train/strasbourg/strasbourg_000001_042434_leftImg8bit.png,1,438,391,594,520
2028,train/strasbourg/strasbourg_000001_042434_leftImg8bit.png,1,281,385,503,516
2029,train/strasbourg/strasbourg_000001_042434_leftImg8bit.png,1,272,388,496,553
2030,train/strasbourg/strasbourg_000001_042434_leftImg8bit.png,1,0,338,326,589
2031,train/strasbourg/strasbourg_000001_042434_leftImg8bit.png,1,0,368,121,631
2032,train/strasbourg/strasbourg_000001_061472_leftImg8bit.png,1,1866,377,1967,430
2033,train/strasbourg/strasbourg_000001_061472_leftImg8bit.png,0,709,304,820,624
2034,train/strasbourg/strasbourg_000001_061472_leftImg8bit.png,0,1667,122,1929,718
2035,train/strasbourg/strasbourg_000001_061472_leftImg8bit.png,0,1226,330,1315,564
2036,train/strasbourg/strasbourg_000001_061472_leftImg8bit.png,0,1122,389,1186,524
2037,train/strasbourg/strasbourg_000001_061472_leftImg8bit.png,0,1059,354,1132,569
2038,train/strasbourg/strasbourg_000000_005249_leftImg8bit.png,1,1715,343,1962,442
2039,train/strasbourg/strasbourg_000000_005249_leftImg8bit.png,4,1358,397,1447,450
2040,train/strasbourg/strasbourg_000000_005249_leftImg8bit.png,4,1633,391,1727,487
2041,train/strasbourg/strasbourg_000000_005249_leftImg8bit.png,4,1148,388,1239,451
2042,train/strasbourg/strasbourg_000001_038281_leftImg8bit.png,1,231,368,324,431
2043,train/strasbourg/strasbourg_000001_038281_leftImg8bit.png,1,296,373,390,436
2044,train/strasbourg/strasbourg_000001_038281_leftImg8bit.png,1,348,373,479,439
2045,train/strasbourg/strasbourg_000001_038281_leftImg8bit.png,1,448,367,614,451
2046,train/strasbourg/strasbourg_000001_038281_leftImg8bit.png,1,18,372,132,449
2047,train/strasbourg/strasbourg_000001_038281_leftImg8bit.png,1,94,368,253,451
2048,train/strasbourg/strasbourg_000001_038281_leftImg8bit.png,0,1866,225,2047,780
2049,train/strasbourg/strasbourg_000000_035713_leftImg8bit.png,1,442,411,510,470
2050,train/strasbourg/strasbourg_000000_035713_leftImg8bit.png,1,443,417,495,477
2051,train/strasbourg/strasbourg_000000_035713_leftImg8bit.png,1,325,381,480,501
2052,train/strasbourg/strasbourg_000000_035713_leftImg8bit.png,1,370,417,449,507
2053,train/strasbourg/strasbourg_000000_035713_leftImg8bit.png,1,292,411,432,526
2054,train/strasbourg/strasbourg_000000_035713_leftImg8bit.png,1,227,400,392,581
2055,train/strasbourg/strasbourg_000000_035713_leftImg8bit.png,1,0,338,310,654
2056,train/strasbourg/strasbourg_000000_035713_leftImg8bit.png,1,0,428,90,767
2057,train/strasbourg/strasbourg_000000_035713_leftImg8bit.png,0,746,333,889,646
2058,train/strasbourg/strasbourg_000000_035713_leftImg8bit.png,0,669,456,773,654
2059,train/strasbourg/strasbourg_000000_035713_leftImg8bit.png,0,909,353,986,622
2060,train/strasbourg/strasbourg_000000_035713_leftImg8bit.png,0,913,330,1029,673
2061,train/strasbourg/strasbourg_000000_035713_leftImg8bit.png,0,1065,362,1184,687
2062,train/strasbourg/strasbourg_000000_035713_leftImg8bit.png,0,999,388,1116,708
2063,train/strasbourg/strasbourg_000001_009795_leftImg8bit.png,0,289,382,345,515
2064,train/strasbourg/strasbourg_000001_009795_leftImg8bit.png,4,125,432,208,522
2065,train/strasbourg/strasbourg_000001_009795_leftImg8bit.png,1,1219,395,1272,455
2066,train/strasbourg/strasbourg_000001_009795_leftImg8bit.png,1,1249,399,1343,470
2067,train/strasbourg/strasbourg_000001_009795_leftImg8bit.png,1,1315,398,1381,489
2068,train/strasbourg/strasbourg_000001_009795_leftImg8bit.png,1,1328,378,1485,508
2069,train/strasbourg/strasbourg_000001_009795_leftImg8bit.png,4,1376,427,1459,515
2070,train/strasbourg/strasbourg_000001_009795_leftImg8bit.png,4,1387,428,1466,520
2071,train/strasbourg/strasbourg_000001_009795_leftImg8bit.png,1,1428,345,1710,565
2072,train/strasbourg/strasbourg_000001_009795_leftImg8bit.png,1,1577,356,2047,633
2073,train/strasbourg/strasbourg_000001_009795_leftImg8bit.png,1,1964,501,2047,736
2074,train/strasbourg/strasbourg_000001_051934_leftImg8bit.png,0,306,247,478,479
2075,train/strasbourg/strasbourg_000001_051934_leftImg8bit.png,0,1242,305,1317,404
2076,train/strasbourg/strasbourg_000001_051934_leftImg8bit.png,0,1132,307,1196,449
2077,train/strasbourg/strasbourg_000001_051934_leftImg8bit.png,0,1044,292,1098,443
2078,train/strasbourg/strasbourg_000001_051934_leftImg8bit.png,0,871,321,926,394
2079,train/strasbourg/strasbourg_000001_051934_leftImg8bit.png,0,639,293,690,440
2080,train/strasbourg/strasbourg_000001_051934_leftImg8bit.png,1,376,261,620,441
2081,train/strasbourg/strasbourg_000001_051934_leftImg8bit.png,0,396,263,478,479
2082,train/strasbourg/strasbourg_000001_051934_leftImg8bit.png,0,0,234,106,536
2083,train/strasbourg/strasbourg_000001_051934_leftImg8bit.png,0,75,219,185,539
2084,train/strasbourg/strasbourg_000001_051934_leftImg8bit.png,0,1549,268,1633,486
2085,train/strasbourg/strasbourg_000001_051934_leftImg8bit.png,0,1468,279,1564,490
2086,train/strasbourg/strasbourg_000001_051934_leftImg8bit.png,0,1661,244,1758,505
2087,train/strasbourg/strasbourg_000001_051934_leftImg8bit.png,0,1751,236,1844,505
2088,train/strasbourg/strasbourg_000001_051934_leftImg8bit.png,0,489,295,560,442
2089,train/strasbourg/strasbourg_000001_018872_leftImg8bit.png,1,1211,386,1333,466
2090,train/strasbourg/strasbourg_000001_018872_leftImg8bit.png,1,1031,377,1206,525
2091,train/strasbourg/strasbourg_000001_018872_leftImg8bit.png,1,815,358,1122,582
2092,train/strasbourg/strasbourg_000001_018872_leftImg8bit.png,1,207,317,921,727
2093,train/strasbourg/strasbourg_000001_018872_leftImg8bit.png,1,0,352,394,977
2094,train/strasbourg/strasbourg_000000_002183_leftImg8bit.png,1,1101,410,1155,462
2095,train/strasbourg/strasbourg_000000_002183_leftImg8bit.png,1,1045,398,1127,471
2096,train/strasbourg/strasbourg_000000_002183_leftImg8bit.png,4,0,341,291,735
2097,train/strasbourg/strasbourg_000000_002183_leftImg8bit.png,4,0,444,247,805
2098,train/strasbourg/strasbourg_000000_002183_leftImg8bit.png,1,988,401,1090,480
2099,train/strasbourg/strasbourg_000001_036937_leftImg8bit.png,1,744,397,817,457
2100,train/strasbourg/strasbourg_000001_036937_leftImg8bit.png,5,501,398,561,498
2101,train/strasbourg/strasbourg_000001_036937_leftImg8bit.png,1,997,390,1062,444
2102,train/strasbourg/strasbourg_000001_036937_leftImg8bit.png,1,1098,389,1165,446
2103,train/strasbourg/strasbourg_000001_036937_leftImg8bit.png,4,1432,386,1503,498
2104,train/strasbourg/strasbourg_000001_036937_leftImg8bit.png,4,1525,379,1585,521
2105,train/strasbourg/strasbourg_000001_036937_leftImg8bit.png,4,107,430,351,569
2106,train/strasbourg/strasbourg_000001_036937_leftImg8bit.png,4,637,417,705,485
2107,train/strasbourg/strasbourg_000000_025268_leftImg8bit.png,1,847,393,994,452
2108,train/strasbourg/strasbourg_000000_025268_leftImg8bit.png,1,794,425,908,482
2109,train/strasbourg/strasbourg_000000_025268_leftImg8bit.png,1,0,456,87,530
2110,train/strasbourg/strasbourg_000000_025268_leftImg8bit.png,5,1180,407,1231,474
2111,train/strasbourg/strasbourg_000000_025268_leftImg8bit.png,1,1424,395,1570,486
2112,train/strasbourg/strasbourg_000000_025268_leftImg8bit.png,1,1564,393,1663,466
2113,train/strasbourg/strasbourg_000000_025268_leftImg8bit.png,1,1813,382,1915,454
2114,train/strasbourg/strasbourg_000000_025268_leftImg8bit.png,1,1751,387,1860,462
2115,train/strasbourg/strasbourg_000000_025268_leftImg8bit.png,1,1692,391,1808,469
2116,train/strasbourg/strasbourg_000000_025268_leftImg8bit.png,1,1617,394,1762,482
2117,train/strasbourg/strasbourg_000000_025268_leftImg8bit.png,1,593,423,794,486
2118,train/strasbourg/strasbourg_000000_025268_leftImg8bit.png,1,523,440,651,494
2119,train/strasbourg/strasbourg_000000_025268_leftImg8bit.png,1,374,448,520,515
2120,train/strasbourg/strasbourg_000000_025268_leftImg8bit.png,1,323,441,427,517
2121,train/strasbourg/strasbourg_000000_025268_leftImg8bit.png,1,12,431,374,572
2122,train/strasbourg/strasbourg_000000_029577_leftImg8bit.png,1,926,400,1056,468
2123,train/strasbourg/strasbourg_000000_029577_leftImg8bit.png,1,1204,403,1308,487
2124,train/strasbourg/strasbourg_000000_029577_leftImg8bit.png,0,1547,384,1620,528
2125,train/strasbourg/strasbourg_000000_029577_leftImg8bit.png,0,1670,420,1735,533
2126,train/strasbourg/strasbourg_000000_029577_leftImg8bit.png,4,1751,454,1928,681
2127,train/strasbourg/strasbourg_000000_029577_leftImg8bit.png,1,1256,299,1602,651
2128,train/strasbourg/strasbourg_000000_029577_leftImg8bit.png,0,172,267,295,585
2129,train/strasbourg/strasbourg_000000_029577_leftImg8bit.png,0,147,277,269,717
2130,train/strasbourg/strasbourg_000000_029577_leftImg8bit.png,0,382,305,484,596
2131,train/strasbourg/strasbourg_000000_029577_leftImg8bit.png,0,431,281,582,624
2132,train/strasbourg/strasbourg_000000_029577_leftImg8bit.png,0,299,308,422,632
2133,train/strasbourg/strasbourg_000000_029577_leftImg8bit.png,0,117,198,235,811
2134,train/strasbourg/strasbourg_000000_017761_leftImg8bit.png,1,1011,385,1085,455
2135,train/strasbourg/strasbourg_000000_017761_leftImg8bit.png,1,993,389,1063,448
2136,train/strasbourg/strasbourg_000000_017761_leftImg8bit.png,1,993,390,1064,467
2137,train/strasbourg/strasbourg_000000_017761_leftImg8bit.png,1,922,352,1027,478
2138,train/strasbourg/strasbourg_000000_017761_leftImg8bit.png,1,880,387,995,485
2139,train/strasbourg/strasbourg_000000_017761_leftImg8bit.png,1,857,380,970,509
2140,train/strasbourg/strasbourg_000000_017761_leftImg8bit.png,1,746,368,922,541
2141,train/strasbourg/strasbourg_000000_017761_leftImg8bit.png,1,541,353,839,595
2142,train/strasbourg/strasbourg_000000_017761_leftImg8bit.png,1,157,339,674,707
2143,train/strasbourg/strasbourg_000000_017761_leftImg8bit.png,1,0,202,392,837
2144,train/strasbourg/strasbourg_000001_058105_leftImg8bit.png,0,496,301,560,461
2145,train/strasbourg/strasbourg_000001_058105_leftImg8bit.png,0,634,321,685,424
2146,train/strasbourg/strasbourg_000001_058105_leftImg8bit.png,0,682,328,741,478
2147,train/strasbourg/strasbourg_000001_058105_leftImg8bit.png,0,1252,320,1319,489
2148,train/strasbourg/strasbourg_000001_058105_leftImg8bit.png,0,1465,317,1545,509
2149,train/strasbourg/strasbourg_000001_058105_leftImg8bit.png,0,1560,393,1621,493
2150,train/strasbourg/strasbourg_000001_058105_leftImg8bit.png,0,1663,382,1754,491
2151,train/strasbourg/strasbourg_000001_022836_leftImg8bit.png,1,889,406,994,458
2152,train/strasbourg/strasbourg_000001_022836_leftImg8bit.png,1,814,408,914,482
2153,train/strasbourg/strasbourg_000001_022836_leftImg8bit.png,1,815,408,910,483
2154,train/strasbourg/strasbourg_000001_022836_leftImg8bit.png,1,761,404,863,474
2155,train/strasbourg/strasbourg_000001_022836_leftImg8bit.png,1,759,410,861,505
2156,train/strasbourg/strasbourg_000001_022836_leftImg8bit.png,1,740,412,805,515
2157,train/strasbourg/strasbourg_000001_022836_leftImg8bit.png,1,112,381,507,660
2158,train/strasbourg/strasbourg_000001_022836_leftImg8bit.png,1,0,261,185,873
2159,train/strasbourg/strasbourg_000001_022836_leftImg8bit.png,1,1166,393,1272,488
2160,train/strasbourg/strasbourg_000001_022836_leftImg8bit.png,1,1175,402,1262,499
2161,train/strasbourg/strasbourg_000001_022836_leftImg8bit.png,1,1220,366,1355,532
2162,train/strasbourg/strasbourg_000001_022836_leftImg8bit.png,1,1289,340,1570,561
2163,train/strasbourg/strasbourg_000001_022836_leftImg8bit.png,1,1355,375,1691,620
2164,train/strasbourg/strasbourg_000001_022836_leftImg8bit.png,1,1575,302,2047,817
2165,train/strasbourg/strasbourg_000000_025491_leftImg8bit.png,1,1461,366,1540,427
2166,train/strasbourg/strasbourg_000000_025491_leftImg8bit.png,1,1419,369,1540,466
2167,train/strasbourg/strasbourg_000000_025491_leftImg8bit.png,1,1304,378,1478,500
2168,train/strasbourg/strasbourg_000000_025491_leftImg8bit.png,1,1566,373,1732,505
2169,train/strasbourg/strasbourg_000000_025491_leftImg8bit.png,0,777,353,839,536
2170,train/strasbourg/strasbourg_000000_025491_leftImg8bit.png,4,694,440,757,544
2171,train/strasbourg/strasbourg_000001_026106_leftImg8bit.png,1,797,396,907,454
2172,train/strasbourg/strasbourg_000001_026106_leftImg8bit.png,1,692,387,824,474
2173,train/strasbourg/strasbourg_000001_026106_leftImg8bit.png,1,479,402,772,498
2174,train/strasbourg/strasbourg_000001_026106_leftImg8bit.png,4,902,412,981,487
2175,train/strasbourg/strasbourg_000001_026106_leftImg8bit.png,1,1174,398,1260,463
2176,train/strasbourg/strasbourg_000001_026106_leftImg8bit.png,4,1721,400,1791,462
2177,train/strasbourg/strasbourg_000001_026106_leftImg8bit.png,1,479,406,772,498
2178,train/strasbourg/strasbourg_000001_026106_leftImg8bit.png,4,554,420,671,499
2179,train/strasbourg/strasbourg_000000_011880_leftImg8bit.png,1,721,392,832,458
2180,train/strasbourg/strasbourg_000000_011880_leftImg8bit.png,1,679,400,767,464
2181,train/strasbourg/strasbourg_000000_011880_leftImg8bit.png,1,830,399,986,512
2182,train/strasbourg/strasbourg_000000_011880_leftImg8bit.png,1,566,399,705,474
2183,train/strasbourg/strasbourg_000000_011880_leftImg8bit.png,5,253,401,413,514
2184,train/strasbourg/strasbourg_000000_011880_leftImg8bit.png,1,373,388,636,548
2185,train/strasbourg/strasbourg_000000_011880_leftImg8bit.png,0,1644,348,1711,486
2186,train/strasbourg/strasbourg_000000_011880_leftImg8bit.png,1,1099,304,1537,671
2187,train/strasbourg/strasbourg_000000_009619_leftImg8bit.png,1,878,393,953,461
2188,train/strasbourg/strasbourg_000000_009619_leftImg8bit.png,1,1165,387,1273,483
2189,train/strasbourg/strasbourg_000000_009619_leftImg8bit.png,1,1186,400,1281,496
2190,train/strasbourg/strasbourg_000000_009619_leftImg8bit.png,1,1209,404,1368,507
2191,train/strasbourg/strasbourg_000000_009619_leftImg8bit.png,1,1619,352,2047,842
2192,train/strasbourg/strasbourg_000001_010640_leftImg8bit.png,1,1057,398,1133,459
2193,train/strasbourg/strasbourg_000001_010640_leftImg8bit.png,1,876,381,1007,483
2194,train/strasbourg/strasbourg_000001_010640_leftImg8bit.png,1,771,404,849,455
2195,train/strasbourg/strasbourg_000001_010640_leftImg8bit.png,1,650,409,731,471
2196,train/strasbourg/strasbourg_000001_010640_leftImg8bit.png,1,614,413,690,478
2197,train/strasbourg/strasbourg_000001_010640_leftImg8bit.png,1,543,395,650,488
2198,train/strasbourg/strasbourg_000000_029339_leftImg8bit.png,0,528,316,593,510
2199,train/strasbourg/strasbourg_000000_029339_leftImg8bit.png,0,471,335,545,510
2200,train/strasbourg/strasbourg_000000_029339_leftImg8bit.png,0,583,316,649,491
2201,train/strasbourg/strasbourg_000000_029339_leftImg8bit.png,0,665,338,731,495
2202,train/strasbourg/strasbourg_000000_029339_leftImg8bit.png,0,724,337,777,498
2203,train/strasbourg/strasbourg_000000_029339_leftImg8bit.png,1,956,344,1094,490
2204,train/strasbourg/strasbourg_000000_029339_leftImg8bit.png,1,812,338,1015,506
2205,train/strasbourg/strasbourg_000000_029339_leftImg8bit.png,0,1166,318,1237,537
2206,train/strasbourg/strasbourg_000000_029339_leftImg8bit.png,0,1234,333,1308,545
2207,train/strasbourg/strasbourg_000000_029339_leftImg8bit.png,0,809,314,893,544
2208,train/strasbourg/strasbourg_000000_029339_leftImg8bit.png,0,727,318,855,555
2209,train/strasbourg/strasbourg_000000_029339_leftImg8bit.png,0,869,297,1016,558
2210,train/strasbourg/strasbourg_000000_029339_leftImg8bit.png,0,393,319,490,531
2211,train/strasbourg/strasbourg_000000_029339_leftImg8bit.png,0,36,322,128,517
2212,train/strasbourg/strasbourg_000000_029339_leftImg8bit.png,0,0,313,65,518
2213,train/strasbourg/strasbourg_000000_029339_leftImg8bit.png,4,40,411,314,812
2214,train/strasbourg/strasbourg_000000_029339_leftImg8bit.png,4,1411,403,1569,501
2215,train/strasbourg/strasbourg_000000_029339_leftImg8bit.png,0,1462,316,1528,523
2216,train/strasbourg/strasbourg_000000_029339_leftImg8bit.png,0,1408,337,1498,542
2217,train/strasbourg/strasbourg_000000_029339_leftImg8bit.png,0,1590,313,1680,523
2218,train/strasbourg/strasbourg_000000_029339_leftImg8bit.png,0,1553,318,1626,529
2219,train/strasbourg/strasbourg_000000_029339_leftImg8bit.png,0,1563,326,1643,534
2220,train/strasbourg/strasbourg_000000_029339_leftImg8bit.png,0,1677,305,1746,537
2221,train/strasbourg/strasbourg_000000_029339_leftImg8bit.png,0,1800,283,1858,419
2222,train/strasbourg/strasbourg_000000_029339_leftImg8bit.png,0,1830,319,1922,542
2223,train/strasbourg/strasbourg_000000_029339_leftImg8bit.png,0,1743,265,1841,586
2224,train/strasbourg/strasbourg_000000_029339_leftImg8bit.png,0,1798,362,1884,596
2225,train/strasbourg/strasbourg_000000_029339_leftImg8bit.png,0,1699,275,1816,604
2226,train/strasbourg/strasbourg_000000_029339_leftImg8bit.png,0,1947,311,2047,610
2227,train/strasbourg/strasbourg_000000_029339_leftImg8bit.png,4,1828,384,2047,800
2228,train/strasbourg/strasbourg_000000_010049_leftImg8bit.png,1,1663,343,1912,462
2229,train/strasbourg/strasbourg_000000_010049_leftImg8bit.png,1,1807,334,2047,466
2230,train/strasbourg/strasbourg_000000_010049_leftImg8bit.png,1,1285,345,1502,420
2231,train/strasbourg/strasbourg_000000_010049_leftImg8bit.png,1,1301,344,1710,468
2232,train/strasbourg/strasbourg_000000_010049_leftImg8bit.png,1,1070,348,1314,472
2233,train/strasbourg/strasbourg_000000_010049_leftImg8bit.png,4,1222,373,1394,474
2234,train/strasbourg/strasbourg_000000_010049_leftImg8bit.png,1,906,336,1117,496
2235,train/strasbourg/strasbourg_000000_010049_leftImg8bit.png,0,303,333,398,490
2236,train/strasbourg/strasbourg_000000_016436_leftImg8bit.png,0,449,305,541,570
2237,train/strasbourg/strasbourg_000000_016436_leftImg8bit.png,0,1889,337,2005,562
2238,train/strasbourg/strasbourg_000000_016436_leftImg8bit.png,0,1800,314,1913,561
2239,train/strasbourg/strasbourg_000000_000751_leftImg8bit.png,1,1477,402,1608,465
2240,train/strasbourg/strasbourg_000000_000751_leftImg8bit.png,1,730,394,864,502
2241,train/strasbourg/strasbourg_000000_000751_leftImg8bit.png,1,1116,392,1260,498
2242,train/strasbourg/strasbourg_000001_061285_leftImg8bit.png,4,580,388,654,462
2243,train/strasbourg/strasbourg_000001_061285_leftImg8bit.png,5,379,377,515,478
2244,train/strasbourg/strasbourg_000001_061285_leftImg8bit.png,1,0,398,267,531
2245,train/strasbourg/strasbourg_000001_061285_leftImg8bit.png,0,1490,285,1555,498
2246,train/strasbourg/strasbourg_000001_061285_leftImg8bit.png,0,1416,268,1507,485
2247,train/strasbourg/strasbourg_000000_017450_leftImg8bit.png,0,351,403,416,511
2248,train/strasbourg/strasbourg_000000_017450_leftImg8bit.png,1,695,410,756,466
2249,train/strasbourg/strasbourg_000000_017450_leftImg8bit.png,0,493,361,561,511
2250,train/strasbourg/strasbourg_000000_017450_leftImg8bit.png,1,724,412,783,468
2251,train/strasbourg/strasbourg_000000_017450_leftImg8bit.png,1,753,400,840,470
2252,train/strasbourg/strasbourg_000000_017450_leftImg8bit.png,1,779,404,868,474
2253,train/strasbourg/strasbourg_000000_017450_leftImg8bit.png,1,820,399,974,484
2254,train/strasbourg/strasbourg_000000_017450_leftImg8bit.png,1,1035,349,1166,446
2255,train/strasbourg/strasbourg_000000_017450_leftImg8bit.png,1,1104,389,1223,449
2256,train/strasbourg/strasbourg_000000_017450_leftImg8bit.png,5,1036,389,1102,463
2257,train/strasbourg/strasbourg_000000_017450_leftImg8bit.png,4,1793,389,1852,443
2258,train/strasbourg/strasbourg_000000_006621_leftImg8bit.png,1,76,400,132,452
2259,train/strasbourg/strasbourg_000000_006621_leftImg8bit.png,4,483,427,547,529
2260,train/strasbourg/strasbourg_000000_006621_leftImg8bit.png,4,399,444,487,546
2261,train/strasbourg/strasbourg_000000_006621_leftImg8bit.png,4,345,442,425,553
2262,train/strasbourg/strasbourg_000000_006621_leftImg8bit.png,0,314,356,412,562
2263,train/strasbourg/strasbourg_000000_006621_leftImg8bit.png,4,203,420,321,581
2264,train/strasbourg/strasbourg_000000_006621_leftImg8bit.png,4,47,424,170,622
2265,train/strasbourg/strasbourg_000000_006621_leftImg8bit.png,0,0,298,108,694
2266,train/strasbourg/strasbourg_000000_006621_leftImg8bit.png,0,1183,344,1259,528
2267,train/strasbourg/strasbourg_000000_017593_leftImg8bit.png,1,198,378,388,527
2268,train/strasbourg/strasbourg_000000_017593_leftImg8bit.png,1,291,436,465,529
2269,train/strasbourg/strasbourg_000001_064393_leftImg8bit.png,1,387,400,531,478
2270,train/strasbourg/strasbourg_000001_064393_leftImg8bit.png,1,166,376,375,503
2271,train/strasbourg/strasbourg_000001_064393_leftImg8bit.png,4,0,410,150,536
2272,train/strasbourg/strasbourg_000001_064393_leftImg8bit.png,1,547,389,709,454
2273,train/strasbourg/strasbourg_000001_064393_leftImg8bit.png,1,547,389,709,454
2274,train/strasbourg/strasbourg_000001_064393_leftImg8bit.png,1,814,381,923,473
2275,train/strasbourg/strasbourg_000000_019355_leftImg8bit.png,1,0,374,646,910
2276,train/strasbourg/strasbourg_000000_019355_leftImg8bit.png,1,1425,382,1568,474
2277,train/strasbourg/strasbourg_000000_019355_leftImg8bit.png,4,1773,415,2020,582
2278,train/strasbourg/strasbourg_000001_003159_leftImg8bit.png,0,822,374,875,513
2279,train/strasbourg/strasbourg_000001_003159_leftImg8bit.png,0,1137,355,1207,521
2280,train/strasbourg/strasbourg_000001_003159_leftImg8bit.png,0,1223,358,1309,532
2281,train/strasbourg/strasbourg_000001_050098_leftImg8bit.png,1,1056,405,1111,459
2282,train/strasbourg/strasbourg_000001_050098_leftImg8bit.png,0,1304,378,1356,463
2283,train/strasbourg/strasbourg_000001_050098_leftImg8bit.png,0,1364,378,1436,467
2284,train/strasbourg/strasbourg_000001_050098_leftImg8bit.png,0,1619,356,1679,486
2285,train/strasbourg/strasbourg_000001_050098_leftImg8bit.png,0,1670,362,1727,487
2286,train/strasbourg/strasbourg_000001_050098_leftImg8bit.png,0,1768,361,1820,495
2287,train/strasbourg/strasbourg_000001_050098_leftImg8bit.png,0,741,321,815,532
2288,train/strasbourg/strasbourg_000001_050098_leftImg8bit.png,0,501,301,570,369
2289,train/strasbourg/strasbourg_000001_050098_leftImg8bit.png,0,557,309,641,513
2290,train/strasbourg/strasbourg_000001_050098_leftImg8bit.png,4,432,357,585,560
2291,train/strasbourg/strasbourg_000001_050098_leftImg8bit.png,0,143,264,253,566
2292,train/strasbourg/strasbourg_000001_065214_leftImg8bit.png,1,1827,407,2047,493
2293,train/strasbourg/strasbourg_000001_009618_leftImg8bit.png,0,138,388,196,520
2294,train/strasbourg/strasbourg_000001_009618_leftImg8bit.png,0,257,380,309,512
2295,train/strasbourg/strasbourg_000001_009618_leftImg8bit.png,1,967,392,1043,450
2296,train/strasbourg/strasbourg_000001_009618_leftImg8bit.png,1,0,361,161,631
2297,train/strasbourg/strasbourg_000001_009618_leftImg8bit.png,4,358,419,475,507
2298,train/strasbourg/strasbourg_000001_009618_leftImg8bit.png,1,626,400,817,512
2299,train/strasbourg/strasbourg_000001_009618_leftImg8bit.png,1,1288,378,1353,443
2300,train/strasbourg/strasbourg_000001_009618_leftImg8bit.png,1,1293,389,1354,448
2301,train/strasbourg/strasbourg_000001_009618_leftImg8bit.png,1,1318,387,1419,476
2302,train/strasbourg/strasbourg_000001_009618_leftImg8bit.png,0,1527,343,1585,502
2303,train/strasbourg/strasbourg_000001_009618_leftImg8bit.png,0,1616,352,1673,501
2304,train/strasbourg/strasbourg_000001_009618_leftImg8bit.png,1,1141,398,1277,475
2305,train/strasbourg/strasbourg_000001_002216_leftImg8bit.png,0,264,363,334,572
2306,train/strasbourg/strasbourg_000001_002216_leftImg8bit.png,0,0,211,149,787
2307,train/strasbourg/strasbourg_000001_002216_leftImg8bit.png,4,910,455,1051,532
2308,train/strasbourg/strasbourg_000001_002216_leftImg8bit.png,0,1075,317,1186,569
2309,train/strasbourg/strasbourg_000001_002216_leftImg8bit.png,0,1007,340,1102,580
2310,train/strasbourg/strasbourg_000001_002216_leftImg8bit.png,1,1187,367,1690,559
2311,train/strasbourg/strasbourg_000001_002216_leftImg8bit.png,0,1802,348,1867,498
2312,train/strasbourg/strasbourg_000001_002216_leftImg8bit.png,0,932,340,1074,592
2313,train/strasbourg/strasbourg_000001_002216_leftImg8bit.png,0,932,339,1053,593
2314,train/strasbourg/strasbourg_000000_025089_leftImg8bit.png,1,1397,375,1464,431
2315,train/strasbourg/strasbourg_000000_025089_leftImg8bit.png,1,1335,385,1430,458
2316,train/strasbourg/strasbourg_000000_025089_leftImg8bit.png,1,1188,396,1367,521
2317,train/strasbourg/strasbourg_000000_025089_leftImg8bit.png,1,1871,362,1965,414
2318,train/strasbourg/strasbourg_000000_025089_leftImg8bit.png,1,1893,360,2001,421
2319,train/strasbourg/strasbourg_000000_025089_leftImg8bit.png,1,1922,365,2001,424
2320,train/strasbourg/strasbourg_000000_025089_leftImg8bit.png,1,1940,369,2047,431
2321,train/strasbourg/strasbourg_000000_025089_leftImg8bit.png,1,1972,385,2047,440
2322,train/strasbourg/strasbourg_000000_025089_leftImg8bit.png,5,1079,431,1149,505
2323,train/strasbourg/strasbourg_000001_055860_leftImg8bit.png,0,1679,327,1773,539
2324,train/strasbourg/strasbourg_000001_055860_leftImg8bit.png,0,169,314,235,492
2325,train/strasbourg/strasbourg_000001_055860_leftImg8bit.png,0,87,322,156,495
2326,train/strasbourg/strasbourg_000001_060061_leftImg8bit.png,1,124,410,257,468
2327,train/strasbourg/strasbourg_000001_060061_leftImg8bit.png,0,1945,203,2047,673
2328,train/strasbourg/strasbourg_000001_031582_leftImg8bit.png,1,1372,368,1442,419
2329,train/strasbourg/strasbourg_000001_031582_leftImg8bit.png,1,723,406,833,485
2330,train/strasbourg/strasbourg_000000_006483_leftImg8bit.png,0,463,376,529,547
2331,train/strasbourg/strasbourg_000000_006483_leftImg8bit.png,0,525,383,577,547
2332,train/strasbourg/strasbourg_000000_006483_leftImg8bit.png,4,204,461,318,595
2333,train/strasbourg/strasbourg_000001_014629_leftImg8bit.png,1,1183,395,1275,463
2334,train/strasbourg/strasbourg_000001_014629_leftImg8bit.png,1,808,412,885,463
2335,train/strasbourg/strasbourg_000001_014629_leftImg8bit.png,1,554,397,659,512
2336,train/strasbourg/strasbourg_000001_014629_leftImg8bit.png,1,422,383,633,527
2337,train/strasbourg/strasbourg_000001_014629_leftImg8bit.png,1,293,366,489,550
2338,train/strasbourg/strasbourg_000001_014629_leftImg8bit.png,1,0,361,410,589
2339,train/strasbourg/strasbourg_000001_030839_leftImg8bit.png,1,974,224,1292,508
2340,train/strasbourg/strasbourg_000001_030839_leftImg8bit.png,1,1363,333,2047,688
2341,train/strasbourg/strasbourg_000000_026998_leftImg8bit.png,1,809,393,923,512
2342,train/strasbourg/strasbourg_000000_026998_leftImg8bit.png,1,784,403,894,521
2343,train/strasbourg/strasbourg_000000_026998_leftImg8bit.png,1,680,395,883,556
2344,train/strasbourg/strasbourg_000000_026998_leftImg8bit.png,1,436,377,775,651
2345,train/strasbourg/strasbourg_000000_026998_leftImg8bit.png,1,0,269,629,831
2346,train/strasbourg/strasbourg_000000_026998_leftImg8bit.png,1,0,497,206,1023
2347,train/strasbourg/strasbourg_000000_026998_leftImg8bit.png,0,1231,353,1293,513
2348,train/strasbourg/strasbourg_000000_026998_leftImg8bit.png,0,1301,359,1362,512
2349,train/strasbourg/strasbourg_000000_026998_leftImg8bit.png,0,1434,314,1535,576
2350,train/strasbourg/strasbourg_000000_026998_leftImg8bit.png,0,1534,320,1643,609
2351,train/strasbourg/strasbourg_000000_026998_leftImg8bit.png,0,1614,292,1795,661
2352,train/strasbourg/strasbourg_000000_026998_leftImg8bit.png,0,1974,280,2047,820
2353,train/strasbourg/strasbourg_000001_026355_leftImg8bit.png,1,763,393,832,452
2354,train/strasbourg/strasbourg_000001_026355_leftImg8bit.png,1,746,406,817,459
2355,train/strasbourg/strasbourg_000001_026355_leftImg8bit.png,1,723,379,775,465
2356,train/strasbourg/strasbourg_000001_026355_leftImg8bit.png,1,545,366,765,477
2357,train/strasbourg/strasbourg_000001_026355_leftImg8bit.png,1,498,399,622,500
2358,train/strasbourg/strasbourg_000001_026355_leftImg8bit.png,1,238,396,566,529
2359,train/strasbourg/strasbourg_000001_026355_leftImg8bit.png,1,11,399,264,579
2360,train/strasbourg/strasbourg_000001_026355_leftImg8bit.png,1,29,421,97,575
2361,train/strasbourg/strasbourg_000001_026355_leftImg8bit.png,1,0,301,58,600
2362,train/strasbourg/strasbourg_000001_026355_leftImg8bit.png,1,1222,375,1313,440
2363,train/strasbourg/strasbourg_000001_026355_leftImg8bit.png,1,1237,383,1335,471
2364,train/strasbourg/strasbourg_000001_026355_leftImg8bit.png,1,1294,377,1403,505
2365,train/strasbourg/strasbourg_000001_026355_leftImg8bit.png,1,1350,370,1539,537
2366,train/strasbourg/strasbourg_000001_026355_leftImg8bit.png,1,1428,372,1792,603
2367,train/strasbourg/strasbourg_000001_026355_leftImg8bit.png,0,1200,388,1260,474
2368,train/strasbourg/strasbourg_000000_028912_leftImg8bit.png,1,902,379,965,437
2369,train/strasbourg/strasbourg_000000_028912_leftImg8bit.png,1,867,369,931,449
2370,train/strasbourg/strasbourg_000000_028912_leftImg8bit.png,1,845,370,899,461
2371,train/strasbourg/strasbourg_000000_028912_leftImg8bit.png,1,758,350,885,474
2372,train/strasbourg/strasbourg_000000_028912_leftImg8bit.png,1,687,363,833,499
2373,train/strasbourg/strasbourg_000000_028912_leftImg8bit.png,1,588,361,770,546
2374,train/strasbourg/strasbourg_000000_028912_leftImg8bit.png,1,429,355,691,608
2375,train/strasbourg/strasbourg_000000_028912_leftImg8bit.png,1,0,288,559,741
2376,train/strasbourg/strasbourg_000000_028912_leftImg8bit.png,1,0,509,65,855
2377,train/strasbourg/strasbourg_000000_028912_leftImg8bit.png,1,982,350,1125,471
2378,train/strasbourg/strasbourg_000000_028912_leftImg8bit.png,0,1486,302,1563,509
2379,train/strasbourg/strasbourg_000000_028912_leftImg8bit.png,0,1621,305,1677,496
2380,train/strasbourg/strasbourg_000000_028912_leftImg8bit.png,0,1576,303,1660,503
2381,train/strasbourg/strasbourg_000000_031323_leftImg8bit.png,1,585,306,830,533
2382,train/strasbourg/strasbourg_000000_031323_leftImg8bit.png,1,412,328,768,593
2383,train/strasbourg/strasbourg_000000_031323_leftImg8bit.png,1,0,202,570,780
2384,train/strasbourg/strasbourg_000000_031323_leftImg8bit.png,1,806,173,1172,593
2385,train/strasbourg/strasbourg_000000_013944_leftImg8bit.png,0,1870,380,1936,487
2386,train/strasbourg/strasbourg_000000_013944_leftImg8bit.png,0,1984,380,2047,495
2387,train/strasbourg/strasbourg_000000_013944_leftImg8bit.png,1,1281,374,1426,479
2388,train/strasbourg/strasbourg_000000_013944_leftImg8bit.png,0,1795,338,1903,561
2389,train/strasbourg/strasbourg_000001_039558_leftImg8bit.png,1,1355,412,1575,510
2390,train/strasbourg/strasbourg_000001_039558_leftImg8bit.png,0,721,373,772,507
2391,train/strasbourg/strasbourg_000001_039558_leftImg8bit.png,0,699,367,755,507
2392,train/strasbourg/strasbourg_000001_039558_leftImg8bit.png,0,1807,319,1930,613
2393,train/strasbourg/strasbourg_000001_039558_leftImg8bit.png,0,1670,298,1814,594
2394,train/strasbourg/strasbourg_000001_029980_leftImg8bit.png,0,380,307,505,615
2395,train/strasbourg/strasbourg_000001_029980_leftImg8bit.png,0,915,370,973,478
2396,train/strasbourg/strasbourg_000001_029980_leftImg8bit.png,5,1778,432,1878,534
2397,train/strasbourg/strasbourg_000001_029980_leftImg8bit.png,0,1923,414,1983,535
2398,train/strasbourg/strasbourg_000001_033448_leftImg8bit.png,1,526,416,600,480
2399,train/strasbourg/strasbourg_000001_033448_leftImg8bit.png,1,495,430,557,484
2400,train/strasbourg/strasbourg_000001_033448_leftImg8bit.png,1,454,420,517,485
2401,train/strasbourg/strasbourg_000001_033448_leftImg8bit.png,1,417,416,487,488
2402,train/strasbourg/strasbourg_000001_033448_leftImg8bit.png,1,318,402,454,489
2403,train/strasbourg/strasbourg_000001_033448_leftImg8bit.png,0,47,387,114,498
2404,train/strasbourg/strasbourg_000001_033448_leftImg8bit.png,4,0,504,63,610
2405,train/strasbourg/strasbourg_000001_033448_leftImg8bit.png,1,1629,442,1832,514
2406,train/strasbourg/strasbourg_000001_033448_leftImg8bit.png,0,1931,203,2047,719
2407,train/strasbourg/strasbourg_000001_033448_leftImg8bit.png,0,1800,239,1989,783
2408,train/strasbourg/strasbourg_000000_030706_leftImg8bit.png,0,815,345,879,528
2409,train/strasbourg/strasbourg_000000_030706_leftImg8bit.png,0,854,348,916,557
2410,train/strasbourg/strasbourg_000000_030706_leftImg8bit.png,0,810,255,1068,742
2411,train/strasbourg/strasbourg_000000_030706_leftImg8bit.png,0,1012,402,1230,769
2412,train/strasbourg/strasbourg_000000_030706_leftImg8bit.png,0,681,331,747,525
2413,train/strasbourg/strasbourg_000000_030706_leftImg8bit.png,0,566,334,632,529
2414,train/strasbourg/strasbourg_000000_030706_leftImg8bit.png,4,1439,402,1596,486
2415,train/strasbourg/strasbourg_000001_008576_leftImg8bit.png,1,1024,351,1112,412
2416,train/strasbourg/strasbourg_000001_008576_leftImg8bit.png,1,1026,359,1248,458
2417,train/strasbourg/strasbourg_000001_008576_leftImg8bit.png,4,760,378,826,439
2418,train/strasbourg/strasbourg_000001_008576_leftImg8bit.png,4,235,356,362,444
2419,train/strasbourg/strasbourg_000001_008576_leftImg8bit.png,1,308,333,637,458
2420,train/strasbourg/strasbourg_000001_008576_leftImg8bit.png,1,0,316,93,386
2421,train/strasbourg/strasbourg_000001_008576_leftImg8bit.png,1,0,307,273,471
2422,train/strasbourg/strasbourg_000001_008576_leftImg8bit.png,1,1372,390,1449,491
2423,train/strasbourg/strasbourg_000001_008576_leftImg8bit.png,1,1394,382,1604,526
2424,train/strasbourg/strasbourg_000001_008576_leftImg8bit.png,1,1558,338,1969,627
2425,train/strasbourg/strasbourg_000001_008576_leftImg8bit.png,1,1690,358,2047,781
2426,train/strasbourg/strasbourg_000001_009333_leftImg8bit.png,3,344,288,466,417
2427,train/strasbourg/strasbourg_000001_009333_leftImg8bit.png,1,398,360,585,468
2428,train/strasbourg/strasbourg_000001_009333_leftImg8bit.png,4,400,378,528,476
2429,train/strasbourg/strasbourg_000001_009333_leftImg8bit.png,0,425,333,484,504
2430,train/strasbourg/strasbourg_000001_009333_leftImg8bit.png,4,424,431,580,509
2431,train/strasbourg/strasbourg_000001_009333_leftImg8bit.png,1,607,344,814,433
2432,train/strasbourg/strasbourg_000001_009333_leftImg8bit.png,0,970,341,1033,449
2433,train/strasbourg/strasbourg_000001_009333_leftImg8bit.png,1,1389,365,1484,417
2434,train/strasbourg/strasbourg_000001_009333_leftImg8bit.png,1,1522,357,1632,433
2435,train/strasbourg/strasbourg_000001_009333_leftImg8bit.png,0,1530,340,1585,472
2436,train/strasbourg/strasbourg_000001_009333_leftImg8bit.png,0,1354,348,1405,466
2437,train/strasbourg/strasbourg_000001_009097_leftImg8bit.png,0,1253,322,1320,520
2438,train/strasbourg/strasbourg_000000_004951_leftImg8bit.png,1,535,413,610,475
2439,train/strasbourg/strasbourg_000000_004951_leftImg8bit.png,4,1414,393,1475,498
2440,train/strasbourg/strasbourg_000000_004951_leftImg8bit.png,0,1321,358,1381,481
2441,train/strasbourg/strasbourg_000001_005289_leftImg8bit.png,1,915,384,999,457
2442,train/strasbourg/strasbourg_000001_005289_leftImg8bit.png,1,1027,397,1094,461
2443,train/strasbourg/strasbourg_000001_005289_leftImg8bit.png,1,1062,390,1169,484
2444,train/strasbourg/strasbourg_000001_005289_leftImg8bit.png,1,1084,390,1166,495
2445,train/strasbourg/strasbourg_000001_005289_leftImg8bit.png,1,1094,381,1261,521
2446,train/strasbourg/strasbourg_000001_005289_leftImg8bit.png,5,1354,381,1496,558
2447,train/strasbourg/strasbourg_000001_005289_leftImg8bit.png,0,1345,349,1440,567
2448,train/strasbourg/strasbourg_000001_005289_leftImg8bit.png,0,1628,330,1711,555
2449,train/strasbourg/strasbourg_000001_039374_leftImg8bit.png,1,0,362,79,532
2450,train/strasbourg/strasbourg_000001_039374_leftImg8bit.png,1,121,344,451,514
2451,train/strasbourg/strasbourg_000001_039374_leftImg8bit.png,0,383,380,451,504
2452,train/strasbourg/strasbourg_000001_039374_leftImg8bit.png,0,410,382,472,510
2453,train/strasbourg/strasbourg_000001_039374_leftImg8bit.png,1,730,380,874,484
2454,train/strasbourg/strasbourg_000001_039374_leftImg8bit.png,1,510,355,740,502
2455,train/strasbourg/strasbourg_000001_039374_leftImg8bit.png,1,1829,406,1893,466
2456,train/strasbourg/strasbourg_000001_039374_leftImg8bit.png,0,1881,317,1987,581
2457,train/strasbourg/strasbourg_000001_039374_leftImg8bit.png,1,1483,399,1605,476
2458,train/strasbourg/strasbourg_000001_011775_leftImg8bit.png,1,604,358,709,479
2459,train/strasbourg/strasbourg_000001_011775_leftImg8bit.png,1,460,315,654,513
2460,train/strasbourg/strasbourg_000001_011775_leftImg8bit.png,1,40,316,529,593
2461,train/strasbourg/strasbourg_000001_011775_leftImg8bit.png,1,959,373,1041,438
2462,train/strasbourg/strasbourg_000001_011775_leftImg8bit.png,0,626,279,841,759
2463,train/strasbourg/strasbourg_000000_032186_leftImg8bit.png,1,1017,378,1108,432
2464,train/strasbourg/strasbourg_000000_032186_leftImg8bit.png,1,1078,385,1135,474
2465,train/strasbourg/strasbourg_000000_032186_leftImg8bit.png,1,1105,378,1193,429
2466,train/strasbourg/strasbourg_000000_032186_leftImg8bit.png,1,1075,393,1145,501
2467,train/strasbourg/strasbourg_000000_032186_leftImg8bit.png,1,716,389,792,447
2468,train/strasbourg/strasbourg_000000_032186_leftImg8bit.png,1,866,404,987,478
2469,train/strasbourg/strasbourg_000000_032186_leftImg8bit.png,1,1098,390,1183,519
2470,train/strasbourg/strasbourg_000000_032186_leftImg8bit.png,1,1120,377,1254,545
2471,train/strasbourg/strasbourg_000000_032186_leftImg8bit.png,1,1177,332,1502,587
2472,train/strasbourg/strasbourg_000000_032186_leftImg8bit.png,1,1324,358,1673,660
2473,train/strasbourg/strasbourg_000000_032186_leftImg8bit.png,1,1571,117,2047,810
2474,train/strasbourg/strasbourg_000001_005876_leftImg8bit.png,1,836,397,888,449
2475,train/strasbourg/strasbourg_000001_005876_leftImg8bit.png,1,811,406,864,457
2476,train/strasbourg/strasbourg_000001_005876_leftImg8bit.png,1,765,401,834,460
2477,train/strasbourg/strasbourg_000001_005876_leftImg8bit.png,1,735,400,823,463
2478,train/strasbourg/strasbourg_000001_005876_leftImg8bit.png,1,544,393,684,490
2479,train/strasbourg/strasbourg_000001_005876_leftImg8bit.png,1,428,390,637,514
2480,train/strasbourg/strasbourg_000001_005876_leftImg8bit.png,1,216,381,528,555
2481,train/strasbourg/strasbourg_000001_005876_leftImg8bit.png,1,0,378,205,638
2482,train/strasbourg/strasbourg_000001_005876_leftImg8bit.png,1,1141,389,1218,458
2483,train/strasbourg/strasbourg_000001_005876_leftImg8bit.png,1,1155,393,1229,458
2484,train/strasbourg/strasbourg_000001_005876_leftImg8bit.png,1,1168,393,1240,466
2485,train/strasbourg/strasbourg_000001_005876_leftImg8bit.png,1,1188,393,1275,471
2486,train/strasbourg/strasbourg_000001_005876_leftImg8bit.png,1,1195,398,1261,477
2487,train/strasbourg/strasbourg_000001_005876_leftImg8bit.png,1,1212,393,1286,482
2488,train/strasbourg/strasbourg_000001_005876_leftImg8bit.png,1,1231,387,1332,496
2489,train/strasbourg/strasbourg_000001_005876_leftImg8bit.png,1,1280,375,1429,512
2490,train/strasbourg/strasbourg_000001_005876_leftImg8bit.png,1,1363,376,1566,543
2491,train/strasbourg/strasbourg_000001_005876_leftImg8bit.png,1,1462,367,1827,604
2492,train/strasbourg/strasbourg_000001_005876_leftImg8bit.png,1,1669,330,2047,751
2493,train/strasbourg/strasbourg_000001_005876_leftImg8bit.png,1,1043,382,1150,471
2494,train/strasbourg/strasbourg_000001_035276_leftImg8bit.png,1,1289,369,1413,462
2495,train/strasbourg/strasbourg_000001_035276_leftImg8bit.png,1,1480,341,1576,502
2496,train/strasbourg/strasbourg_000001_035276_leftImg8bit.png,1,1500,296,1781,558
2497,train/strasbourg/strasbourg_000001_035276_leftImg8bit.png,1,1599,322,1876,622
2498,train/strasbourg/strasbourg_000001_035276_leftImg8bit.png,1,1722,319,2047,778
2499,train/strasbourg/strasbourg_000000_035255_leftImg8bit.png,4,495,422,625,663
2500,train/strasbourg/strasbourg_000000_035255_leftImg8bit.png,1,961,363,1062,466
2501,train/strasbourg/strasbourg_000000_035255_leftImg8bit.png,1,997,362,1160,476
2502,train/strasbourg/strasbourg_000000_035255_leftImg8bit.png,4,1064,389,1118,478
2503,train/strasbourg/strasbourg_000000_035255_leftImg8bit.png,4,1037,386,1092,479
2504,train/strasbourg/strasbourg_000000_035255_leftImg8bit.png,4,1205,383,1281,511
2505,train/strasbourg/strasbourg_000000_035255_leftImg8bit.png,4,1674,373,1881,659
2506,train/strasbourg/strasbourg_000000_006995_leftImg8bit.png,0,105,386,158,488
2507,train/strasbourg/strasbourg_000000_006995_leftImg8bit.png,0,139,387,191,490
2508,train/strasbourg/strasbourg_000000_006995_leftImg8bit.png,0,51,363,106,489
2509,train/strasbourg/strasbourg_000000_006995_leftImg8bit.png,4,473,386,620,488
2510,train/strasbourg/strasbourg_000000_006995_leftImg8bit.png,0,728,340,820,495
2511,train/strasbourg/strasbourg_000000_013574_leftImg8bit.png,3,1824,352,2047,463
2512,train/strasbourg/strasbourg_000000_013574_leftImg8bit.png,0,1659,351,1732,549
2513,train/strasbourg/strasbourg_000000_013574_leftImg8bit.png,1,983,382,1180,554
2514,train/strasbourg/strasbourg_000001_052050_leftImg8bit.png,0,1313,342,1380,488
2515,train/strasbourg/strasbourg_000001_052050_leftImg8bit.png,0,1377,366,1436,507
2516,train/strasbourg/strasbourg_000001_052050_leftImg8bit.png,0,1543,355,1601,490
2517,train/strasbourg/strasbourg_000001_052050_leftImg8bit.png,0,1576,327,1639,470
2518,train/strasbourg/strasbourg_000001_052050_leftImg8bit.png,4,1531,400,1634,581
2519,train/strasbourg/strasbourg_000001_052050_leftImg8bit.png,0,1642,336,1693,500
2520,train/strasbourg/strasbourg_000001_052050_leftImg8bit.png,0,1685,362,1745,502
2521,train/strasbourg/strasbourg_000001_052050_leftImg8bit.png,0,1844,383,1917,495
2522,train/strasbourg/strasbourg_000001_052050_leftImg8bit.png,4,1828,395,2047,730
2523,train/strasbourg/strasbourg_000001_052050_leftImg8bit.png,4,1733,423,1919,729
2524,train/strasbourg/strasbourg_000001_052050_leftImg8bit.png,0,710,406,768,473
2525,train/strasbourg/strasbourg_000001_052050_leftImg8bit.png,0,419,332,486,505
2526,train/strasbourg/strasbourg_000001_052050_leftImg8bit.png,0,522,321,593,528
2527,train/strasbourg/strasbourg_000001_052050_leftImg8bit.png,0,589,328,669,535
2528,train/strasbourg/strasbourg_000001_011990_leftImg8bit.png,1,543,400,680,451
2529,train/strasbourg/strasbourg_000001_011990_leftImg8bit.png,1,0,417,112,485
2530,train/strasbourg/strasbourg_000001_011990_leftImg8bit.png,1,757,387,925,453
2531,train/strasbourg/strasbourg_000001_011990_leftImg8bit.png,1,1011,393,1114,473
2532,train/strasbourg/strasbourg_000000_015602_leftImg8bit.png,1,160,375,243,465
2533,train/strasbourg/strasbourg_000000_015602_leftImg8bit.png,0,428,351,508,505
2534,train/strasbourg/strasbourg_000000_015602_leftImg8bit.png,0,614,340,740,558
2535,train/strasbourg/strasbourg_000000_015602_leftImg8bit.png,0,944,358,1002,508
2536,train/strasbourg/strasbourg_000000_015602_leftImg8bit.png,0,979,356,1038,525
2537,train/strasbourg/strasbourg_000000_015602_leftImg8bit.png,0,1084,360,1142,492
2538,train/strasbourg/strasbourg_000000_015602_leftImg8bit.png,0,1044,354,1113,496
2539,train/strasbourg/strasbourg_000000_015602_leftImg8bit.png,0,1166,386,1233,509
2540,train/strasbourg/strasbourg_000000_015602_leftImg8bit.png,0,1225,336,1318,508
2541,train/strasbourg/strasbourg_000000_015602_leftImg8bit.png,0,1537,284,1608,561
2542,train/strasbourg/strasbourg_000000_015602_leftImg8bit.png,0,1603,284,1772,557
2543,train/strasbourg/strasbourg_000000_015602_leftImg8bit.png,0,1972,188,2047,727
2544,train/strasbourg/strasbourg_000000_018616_leftImg8bit.png,1,151,308,430,446
2545,train/strasbourg/strasbourg_000000_018616_leftImg8bit.png,1,709,324,1066,491
2546,train/strasbourg/strasbourg_000001_060173_leftImg8bit.png,0,1283,341,1344,514
2547,train/strasbourg/strasbourg_000001_060173_leftImg8bit.png,0,1355,340,1429,509
2548,train/strasbourg/strasbourg_000001_057517_leftImg8bit.png,3,33,246,326,503
2549,train/strasbourg/strasbourg_000001_057517_leftImg8bit.png,1,0,398,158,540
2550,train/strasbourg/strasbourg_000001_057517_leftImg8bit.png,1,683,400,816,453
2551,train/strasbourg/strasbourg_000001_057517_leftImg8bit.png,1,1658,391,1763,449
2552,train/strasbourg/strasbourg_000001_057517_leftImg8bit.png,1,1600,401,1683,458
2553,train/strasbourg/strasbourg_000001_057517_leftImg8bit.png,1,1509,401,1629,460
2554,train/strasbourg/strasbourg_000001_057517_leftImg8bit.png,1,1312,395,1411,472
2555,train/strasbourg/strasbourg_000001_057517_leftImg8bit.png,1,1242,387,1344,477
2556,train/strasbourg/strasbourg_000001_057517_leftImg8bit.png,3,1036,207,1297,515
2557,train/strasbourg/strasbourg_000001_057517_leftImg8bit.png,1,1960,399,2047,467
2558,train/strasbourg/strasbourg_000001_057517_leftImg8bit.png,5,1990,370,2047,585
2559,train/strasbourg/strasbourg_000001_057517_leftImg8bit.png,4,1452,424,1524,553
2560,train/strasbourg/strasbourg_000001_031683_leftImg8bit.png,1,1425,363,1821,634
2561,train/strasbourg/strasbourg_000001_031683_leftImg8bit.png,1,1722,241,2047,758
2562,train/strasbourg/strasbourg_000000_019050_leftImg8bit.png,1,1312,394,1414,501
2563,train/strasbourg/strasbourg_000000_019050_leftImg8bit.png,1,0,302,590,1023
2564,train/strasbourg/strasbourg_000000_019050_leftImg8bit.png,1,1778,330,2047,722
2565,train/strasbourg/strasbourg_000001_002354_leftImg8bit.png,4,1069,496,1364,657
2566,train/strasbourg/strasbourg_000001_002354_leftImg8bit.png,1,1691,334,2047,863
2567,train/strasbourg/strasbourg_000001_002354_leftImg8bit.png,0,805,273,1023,802
2568,train/strasbourg/strasbourg_000001_002354_leftImg8bit.png,0,1130,234,1322,757
2569,train/strasbourg/strasbourg_000001_051877_leftImg8bit.png,1,776,371,867,466
2570,train/strasbourg/strasbourg_000001_051877_leftImg8bit.png,0,118,332,275,547
2571,train/strasbourg/strasbourg_000001_051877_leftImg8bit.png,0,230,314,333,565
2572,train/strasbourg/strasbourg_000001_051877_leftImg8bit.png,0,1745,340,1849,569
2573,train/strasbourg/strasbourg_000001_051877_leftImg8bit.png,0,1397,369,1448,521
2574,train/strasbourg/strasbourg_000001_051877_leftImg8bit.png,0,1596,332,1682,590
2575,train/strasbourg/strasbourg_000001_051877_leftImg8bit.png,0,1680,339,1778,589
2576,train/strasbourg/strasbourg_000001_051877_leftImg8bit.png,0,1921,334,2038,610
2577,train/strasbourg/strasbourg_000001_051877_leftImg8bit.png,0,118,339,210,547
2578,train/strasbourg/strasbourg_000000_005995_leftImg8bit.png,1,1261,358,1409,471
2579,train/strasbourg/strasbourg_000000_005995_leftImg8bit.png,1,1345,374,1410,491
2580,train/strasbourg/strasbourg_000000_005995_leftImg8bit.png,1,1375,344,1592,523
2581,train/strasbourg/strasbourg_000000_005995_leftImg8bit.png,0,1303,350,1361,507
2582,train/strasbourg/strasbourg_000000_005995_leftImg8bit.png,1,1912,376,2047,805
2583,train/strasbourg/strasbourg_000000_014931_leftImg8bit.png,1,605,403,692,470
2584,train/strasbourg/strasbourg_000000_014931_leftImg8bit.png,4,580,412,666,470
2585,train/strasbourg/strasbourg_000000_014931_leftImg8bit.png,1,117,323,549,671
2586,train/strasbourg/strasbourg_000000_014931_leftImg8bit.png,1,0,340,288,782
2587,train/strasbourg/strasbourg_000000_014931_leftImg8bit.png,1,742,383,819,462
2588,train/strasbourg/strasbourg_000000_014931_leftImg8bit.png,1,916,378,1037,479
2589,train/strasbourg/strasbourg_000000_014931_leftImg8bit.png,1,1119,373,1238,491
2590,train/strasbourg/strasbourg_000000_014931_leftImg8bit.png,1,1178,340,1339,513
2591,train/strasbourg/strasbourg_000000_014931_leftImg8bit.png,1,1259,326,1485,550
2592,train/strasbourg/strasbourg_000000_014931_leftImg8bit.png,1,1961,542,2047,911
2593,train/strasbourg/strasbourg_000000_023694_leftImg8bit.png,1,1636,331,1830,419
2594,train/strasbourg/strasbourg_000000_023694_leftImg8bit.png,1,1754,366,1919,483
2595,train/strasbourg/strasbourg_000000_027156_leftImg8bit.png,1,951,366,1085,447
2596,train/strasbourg/strasbourg_000000_027156_leftImg8bit.png,1,993,380,1065,446
2597,train/strasbourg/strasbourg_000000_027156_leftImg8bit.png,1,1034,376,1120,452
2598,train/strasbourg/strasbourg_000000_027156_leftImg8bit.png,1,1088,371,1169,449
2599,train/strasbourg/strasbourg_000000_027156_leftImg8bit.png,1,1097,386,1160,463
2600,train/strasbourg/strasbourg_000000_027156_leftImg8bit.png,1,1114,395,1179,470
2601,train/strasbourg/strasbourg_000000_027156_leftImg8bit.png,1,1162,369,1249,473
2602,train/strasbourg/strasbourg_000000_027156_leftImg8bit.png,1,1185,366,1374,480
2603,train/strasbourg/strasbourg_000000_027156_leftImg8bit.png,1,1221,385,1345,491
2604,train/strasbourg/strasbourg_000000_027156_leftImg8bit.png,1,1249,375,1581,493
2605,train/strasbourg/strasbourg_000000_027156_leftImg8bit.png,0,1773,294,1856,508
2606,train/strasbourg/strasbourg_000000_027156_leftImg8bit.png,0,1721,330,1799,507
2607,train/strasbourg/strasbourg_000000_027156_leftImg8bit.png,1,759,364,846,472
2608,train/strasbourg/strasbourg_000000_027156_leftImg8bit.png,1,763,364,844,417
2609,train/strasbourg/strasbourg_000000_027156_leftImg8bit.png,1,709,379,828,504
2610,train/strasbourg/strasbourg_000000_027156_leftImg8bit.png,1,562,382,781,532
2611,train/strasbourg/strasbourg_000000_027156_leftImg8bit.png,1,345,382,649,656
2612,train/strasbourg/strasbourg_000000_027156_leftImg8bit.png,1,0,172,446,966
2613,train/strasbourg/strasbourg_000001_003991_leftImg8bit.png,1,705,378,777,473
2614,train/strasbourg/strasbourg_000001_003991_leftImg8bit.png,1,621,349,757,503
2615,train/strasbourg/strasbourg_000001_003991_leftImg8bit.png,1,605,371,721,528
2616,train/strasbourg/strasbourg_000001_003991_leftImg8bit.png,1,436,307,679,574
2617,train/strasbourg/strasbourg_000001_003991_leftImg8bit.png,1,359,357,598,613
2618,train/strasbourg/strasbourg_000001_003991_leftImg8bit.png,1,0,273,526,837
2619,train/strasbourg/strasbourg_000001_003991_leftImg8bit.png,1,0,532,97,989
2620,train/strasbourg/strasbourg_000001_003991_leftImg8bit.png,1,1336,375,1487,512
2621,train/strasbourg/strasbourg_000001_003991_leftImg8bit.png,1,1376,370,1630,589
2622,train/strasbourg/strasbourg_000001_003991_leftImg8bit.png,1,1443,356,2007,699
2623,train/strasbourg/strasbourg_000001_003991_leftImg8bit.png,1,1801,283,2047,822
2624,train/strasbourg/strasbourg_000001_023271_leftImg8bit.png,1,1411,382,1628,477
2625,train/strasbourg/strasbourg_000001_023271_leftImg8bit.png,1,1917,377,2018,490
2626,train/strasbourg/strasbourg_000001_023271_leftImg8bit.png,1,486,393,612,465
2627,train/strasbourg/strasbourg_000001_023271_leftImg8bit.png,1,448,402,561,471
2628,train/strasbourg/strasbourg_000001_023271_leftImg8bit.png,1,372,404,503,478
2629,train/strasbourg/strasbourg_000001_023271_leftImg8bit.png,1,333,406,469,483
2630,train/strasbourg/strasbourg_000001_023271_leftImg8bit.png,1,201,393,373,491
2631,train/strasbourg/strasbourg_000001_023271_leftImg8bit.png,1,214,403,340,498
2632,train/strasbourg/strasbourg_000001_023271_leftImg8bit.png,1,70,398,267,508
2633,train/strasbourg/strasbourg_000001_023271_leftImg8bit.png,1,7,404,235,517
2634,train/strasbourg/strasbourg_000001_023271_leftImg8bit.png,1,555,400,700,491
2635,train/strasbourg/strasbourg_000000_029729_leftImg8bit.png,1,741,412,806,469
2636,train/strasbourg/strasbourg_000000_029729_leftImg8bit.png,0,808,375,863,499
2637,train/strasbourg/strasbourg_000000_029729_leftImg8bit.png,0,618,371,673,498
2638,train/strasbourg/strasbourg_000000_029729_leftImg8bit.png,0,1049,367,1103,499
2639,train/strasbourg/strasbourg_000000_029729_leftImg8bit.png,0,989,365,1045,488
2640,train/strasbourg/strasbourg_000000_029729_leftImg8bit.png,1,1223,308,1617,596
2641,train/strasbourg/strasbourg_000000_029729_leftImg8bit.png,0,1794,288,1858,458
2642,train/strasbourg/strasbourg_000000_029729_leftImg8bit.png,5,0,433,84,488
2643,train/strasbourg/strasbourg_000000_029729_leftImg8bit.png,0,836,365,896,504
2644,train/strasbourg/strasbourg_000000_029729_leftImg8bit.png,4,659,417,727,544
2645,train/strasbourg/strasbourg_000000_029729_leftImg8bit.png,0,406,378,472,504
2646,train/strasbourg/strasbourg_000000_029729_leftImg8bit.png,0,501,341,586,553
2647,train/strasbourg/strasbourg_000000_029729_leftImg8bit.png,0,455,365,528,539
2648,train/strasbourg/strasbourg_000000_029729_leftImg8bit.png,0,409,360,517,572
2649,train/strasbourg/strasbourg_000000_029729_leftImg8bit.png,0,332,352,416,564
2650,train/strasbourg/strasbourg_000000_030324_leftImg8bit.png,0,1242,332,1299,509
2651,train/strasbourg/strasbourg_000000_030324_leftImg8bit.png,0,1301,332,1359,509
2652,train/strasbourg/strasbourg_000000_030324_leftImg8bit.png,0,759,349,811,469
2653,train/strasbourg/strasbourg_000000_030324_leftImg8bit.png,0,728,338,793,501
2654,train/strasbourg/strasbourg_000000_030324_leftImg8bit.png,0,648,340,714,490
2655,train/strasbourg/strasbourg_000000_030324_leftImg8bit.png,0,637,322,722,499
2656,train/strasbourg/strasbourg_000000_030324_leftImg8bit.png,1,860,379,954,454
2657,train/strasbourg/strasbourg_000001_047702_leftImg8bit.png,1,125,380,215,434
2658,train/strasbourg/strasbourg_000001_047702_leftImg8bit.png,1,68,392,202,450
2659,train/strasbourg/strasbourg_000001_047702_leftImg8bit.png,1,68,390,134,450
2660,train/strasbourg/strasbourg_000001_047702_leftImg8bit.png,4,1823,465,2038,596
2661,train/strasbourg/strasbourg_000001_047702_leftImg8bit.png,1,737,377,834,453
2662,train/strasbourg/strasbourg_000001_047702_leftImg8bit.png,1,0,389,84,458
2663,train/strasbourg/strasbourg_000001_047702_leftImg8bit.png,0,504,365,561,512
2664,train/strasbourg/strasbourg_000001_049977_leftImg8bit.png,1,379,352,573,428
2665,train/strasbourg/strasbourg_000001_049977_leftImg8bit.png,5,769,358,877,459
2666,train/strasbourg/strasbourg_000001_049977_leftImg8bit.png,5,865,367,1014,465
2667,train/strasbourg/strasbourg_000001_049977_leftImg8bit.png,0,1414,358,1470,472
2668,train/strasbourg/strasbourg_000001_049977_leftImg8bit.png,0,56,281,148,541
2669,train/strasbourg/strasbourg_000001_049977_leftImg8bit.png,0,134,271,231,536
2670,train/strasbourg/strasbourg_000000_024945_leftImg8bit.png,1,1082,391,1164,465
2671,train/strasbourg/strasbourg_000000_024945_leftImg8bit.png,1,763,373,1010,572
2672,train/strasbourg/strasbourg_000000_024179_leftImg8bit.png,1,1447,353,1645,511
2673,train/strasbourg/strasbourg_000000_024179_leftImg8bit.png,1,1273,365,1361,470
2674,train/strasbourg/strasbourg_000000_024179_leftImg8bit.png,1,1277,365,1340,470
2675,train/strasbourg/strasbourg_000000_024179_leftImg8bit.png,1,1075,362,1340,563
