0,train/stuttgart/stuttgart_000027_000019_leftImg8bit.png,1,971,465,1169,539
1,train/stuttgart/stuttgart_000027_000019_leftImg8bit.png,5,1624,354,2045,723
2,train/stuttgart/stuttgart_000183_000019_leftImg8bit.png,2,863,352,979,469
3,train/stuttgart/stuttgart_000183_000019_leftImg8bit.png,0,1810,353,1881,588
4,train/stuttgart/stuttgart_000183_000019_leftImg8bit.png,1,223,406,342,464
5,train/stuttgart/stuttgart_000183_000019_leftImg8bit.png,0,352,329,525,723
6,train/stuttgart/stuttgart_000183_000019_leftImg8bit.png,0,301,314,488,739
7,train/stuttgart/stuttgart_000183_000019_leftImg8bit.png,0,776,305,945,713
8,train/stuttgart/stuttgart_000183_000019_leftImg8bit.png,0,725,277,970,741
9,train/stuttgart/stuttgart_000089_000019_leftImg8bit.png,1,965,418,1055,490
10,train/stuttgart/stuttgart_000089_000019_leftImg8bit.png,1,866,414,921,482
11,train/stuttgart/stuttgart_000089_000019_leftImg8bit.png,1,794,409,896,495
12,train/stuttgart/stuttgart_000089_000019_leftImg8bit.png,1,685,400,780,485
13,train/stuttgart/stuttgart_000089_000019_leftImg8bit.png,1,671,420,750,496
14,train/stuttgart/stuttgart_000089_000019_leftImg8bit.png,1,752,418,897,523
15,train/stuttgart/stuttgart_000089_000019_leftImg8bit.png,1,356,375,746,659
16,train/stuttgart/stuttgart_000089_000019_leftImg8bit.png,5,1659,362,1839,588
17,train/stuttgart/stuttgart_000089_000019_leftImg8bit.png,5,1856,313,2044,634
18,train/stuttgart/stuttgart_000124_000019_leftImg8bit.png,1,1102,377,1156,429
19,train/stuttgart/stuttgart_000124_000019_leftImg8bit.png,1,1047,412,1119,464
20,train/stuttgart/stuttgart_000124_000019_leftImg8bit.png,1,1141,414,1223,477
21,train/stuttgart/stuttgart_000124_000019_leftImg8bit.png,1,1197,418,1249,492
22,train/stuttgart/stuttgart_000124_000019_leftImg8bit.png,2,928,372,1017,479
23,train/stuttgart/stuttgart_000124_000019_leftImg8bit.png,1,852,419,927,497
24,train/stuttgart/stuttgart_000124_000019_leftImg8bit.png,1,784,416,891,521
25,train/stuttgart/stuttgart_000124_000019_leftImg8bit.png,1,1214,413,1270,503
26,train/stuttgart/stuttgart_000124_000019_leftImg8bit.png,1,1240,385,1402,516
27,train/stuttgart/stuttgart_000124_000019_leftImg8bit.png,1,1373,366,1602,573
28,train/stuttgart/stuttgart_000124_000019_leftImg8bit.png,1,1467,392,1747,620
29,train/stuttgart/stuttgart_000124_000019_leftImg8bit.png,1,1599,369,2045,722
30,train/stuttgart/stuttgart_000124_000019_leftImg8bit.png,1,1936,545,2044,864
31,train/stuttgart/stuttgart_000124_000019_leftImg8bit.png,0,1277,361,1371,593
32,train/stuttgart/stuttgart_000124_000019_leftImg8bit.png,1,746,426,870,534
33,train/stuttgart/stuttgart_000124_000019_leftImg8bit.png,1,607,422,794,584
34,train/stuttgart/stuttgart_000124_000019_leftImg8bit.png,1,462,434,707,639
35,train/stuttgart/stuttgart_000124_000019_leftImg8bit.png,1,48,418,532,747
36,train/stuttgart/stuttgart_000124_000019_leftImg8bit.png,1,-2,476,119,885
37,train/stuttgart/stuttgart_000055_000019_leftImg8bit.png,2,1641,322,1803,449
38,train/stuttgart/stuttgart_000055_000019_leftImg8bit.png,3,1489,347,1611,450
39,train/stuttgart/stuttgart_000055_000019_leftImg8bit.png,0,329,321,461,751
40,train/stuttgart/stuttgart_000055_000019_leftImg8bit.png,0,209,304,440,825
41,train/stuttgart/stuttgart_000055_000019_leftImg8bit.png,0,63,260,299,869
42,train/stuttgart/stuttgart_000055_000019_leftImg8bit.png,0,-2,221,81,704
43,train/stuttgart/stuttgart_000055_000019_leftImg8bit.png,2,1224,221,1578,593
44,train/stuttgart/stuttgart_000017_000019_leftImg8bit.png,2,1527,371,1673,509
45,train/stuttgart/stuttgart_000017_000019_leftImg8bit.png,0,438,319,569,658
46,train/stuttgart/stuttgart_000017_000019_leftImg8bit.png,0,510,331,758,737
47,train/stuttgart/stuttgart_000017_000019_leftImg8bit.png,0,429,284,650,755
48,train/stuttgart/stuttgart_000056_000019_leftImg8bit.png,1,1007,434,1112,514
49,train/stuttgart/stuttgart_000056_000019_leftImg8bit.png,1,1203,424,1257,522
50,train/stuttgart/stuttgart_000056_000019_leftImg8bit.png,1,1236,394,1391,535
51,train/stuttgart/stuttgart_000056_000019_leftImg8bit.png,1,1272,410,1412,558
52,train/stuttgart/stuttgart_000056_000019_leftImg8bit.png,1,1312,402,1478,588
53,train/stuttgart/stuttgart_000056_000019_leftImg8bit.png,1,1392,400,1737,645
54,train/stuttgart/stuttgart_000084_000019_leftImg8bit.png,1,1199,402,1294,489
55,train/stuttgart/stuttgart_000084_000019_leftImg8bit.png,1,1225,405,1312,500
56,train/stuttgart/stuttgart_000084_000019_leftImg8bit.png,1,1259,408,1393,525
57,train/stuttgart/stuttgart_000084_000019_leftImg8bit.png,1,1296,410,1439,551
58,train/stuttgart/stuttgart_000084_000019_leftImg8bit.png,1,1327,414,1601,582
59,train/stuttgart/stuttgart_000084_000019_leftImg8bit.png,1,1541,371,2044,783
60,train/stuttgart/stuttgart_000084_000019_leftImg8bit.png,1,1935,575,2045,931
61,train/stuttgart/stuttgart_000084_000019_leftImg8bit.png,5,555,436,673,563
62,train/stuttgart/stuttgart_000084_000019_leftImg8bit.png,1,265,388,568,626
63,train/stuttgart/stuttgart_000084_000019_leftImg8bit.png,1,-2,400,370,742
64,train/stuttgart/stuttgart_000189_000019_leftImg8bit.png,0,538,359,608,475
65,train/stuttgart/stuttgart_000189_000019_leftImg8bit.png,0,504,401,570,502
66,train/stuttgart/stuttgart_000189_000019_leftImg8bit.png,0,481,411,542,515
67,train/stuttgart/stuttgart_000189_000019_leftImg8bit.png,0,404,388,505,493
68,train/stuttgart/stuttgart_000189_000019_leftImg8bit.png,0,283,386,372,471
69,train/stuttgart/stuttgart_000189_000019_leftImg8bit.png,0,213,393,324,478
70,train/stuttgart/stuttgart_000189_000019_leftImg8bit.png,0,98,377,207,505
71,train/stuttgart/stuttgart_000189_000019_leftImg8bit.png,0,41,379,138,531
72,train/stuttgart/stuttgart_000189_000019_leftImg8bit.png,0,663,374,734,572
73,train/stuttgart/stuttgart_000189_000019_leftImg8bit.png,0,1659,310,1763,585
74,train/stuttgart/stuttgart_000189_000019_leftImg8bit.png,0,1748,307,1848,572
75,train/stuttgart/stuttgart_000189_000019_leftImg8bit.png,5,1657,335,2046,771
76,train/stuttgart/stuttgart_000059_000019_leftImg8bit.png,1,763,361,815,416
77,train/stuttgart/stuttgart_000059_000019_leftImg8bit.png,1,746,364,798,428
78,train/stuttgart/stuttgart_000059_000019_leftImg8bit.png,1,717,366,780,435
79,train/stuttgart/stuttgart_000059_000019_leftImg8bit.png,1,661,364,742,444
80,train/stuttgart/stuttgart_000059_000019_leftImg8bit.png,1,308,342,496,501
81,train/stuttgart/stuttgart_000059_000019_leftImg8bit.png,1,13,370,372,566
82,train/stuttgart/stuttgart_000059_000019_leftImg8bit.png,1,882,345,956,418
83,train/stuttgart/stuttgart_000059_000019_leftImg8bit.png,1,791,360,913,452
84,train/stuttgart/stuttgart_000059_000019_leftImg8bit.png,1,1253,347,1311,399
85,train/stuttgart/stuttgart_000059_000019_leftImg8bit.png,1,1176,359,1231,411
86,train/stuttgart/stuttgart_000059_000019_leftImg8bit.png,1,1313,342,1490,502
87,train/stuttgart/stuttgart_000059_000019_leftImg8bit.png,1,1355,376,1610,537
88,train/stuttgart/stuttgart_000059_000019_leftImg8bit.png,1,1649,361,1874,510
89,train/stuttgart/stuttgart_000059_000019_leftImg8bit.png,1,395,374,747,597
90,train/stuttgart/stuttgart_000059_000019_leftImg8bit.png,1,1038,369,1183,486
91,train/stuttgart/stuttgart_000184_000019_leftImg8bit.png,0,1633,365,1716,585
92,train/stuttgart/stuttgart_000184_000019_leftImg8bit.png,0,1769,332,1861,585
93,train/stuttgart/stuttgart_000184_000019_leftImg8bit.png,2,919,367,1005,467
94,train/stuttgart/stuttgart_000184_000019_leftImg8bit.png,4,993,456,1527,817
95,train/stuttgart/stuttgart_000184_000019_leftImg8bit.png,0,220,298,382,701
96,train/stuttgart/stuttgart_000184_000019_leftImg8bit.png,0,71,275,344,735
97,train/stuttgart/stuttgart_000184_000019_leftImg8bit.png,4,993,456,1527,817
98,train/stuttgart/stuttgart_000070_000019_leftImg8bit.png,1,1134,426,1226,502
99,train/stuttgart/stuttgart_000070_000019_leftImg8bit.png,1,1189,419,1304,513
100,train/stuttgart/stuttgart_000070_000019_leftImg8bit.png,1,652,430,747,514
101,train/stuttgart/stuttgart_000070_000019_leftImg8bit.png,1,584,436,698,531
102,train/stuttgart/stuttgart_000070_000019_leftImg8bit.png,1,470,418,629,553
103,train/stuttgart/stuttgart_000070_000019_leftImg8bit.png,1,297,426,504,580
104,train/stuttgart/stuttgart_000070_000019_leftImg8bit.png,1,-2,426,354,637
105,train/stuttgart/stuttgart_000095_000019_leftImg8bit.png,1,1118,426,1169,501
106,train/stuttgart/stuttgart_000095_000019_leftImg8bit.png,1,1134,418,1230,514
107,train/stuttgart/stuttgart_000095_000019_leftImg8bit.png,1,1176,416,1273,534
108,train/stuttgart/stuttgart_000095_000019_leftImg8bit.png,1,1206,403,1408,558
109,train/stuttgart/stuttgart_000095_000019_leftImg8bit.png,1,1327,386,1648,660
110,train/stuttgart/stuttgart_000095_000019_leftImg8bit.png,1,1491,330,2043,845
111,train/stuttgart/stuttgart_000095_000019_leftImg8bit.png,1,1993,641,2045,1022
112,train/stuttgart/stuttgart_000095_000019_leftImg8bit.png,1,757,392,982,500
113,train/stuttgart/stuttgart_000095_000019_leftImg8bit.png,1,745,421,836,515
114,train/stuttgart/stuttgart_000095_000019_leftImg8bit.png,1,669,418,816,536
115,train/stuttgart/stuttgart_000095_000019_leftImg8bit.png,1,446,413,707,589
116,train/stuttgart/stuttgart_000095_000019_leftImg8bit.png,1,-2,356,442,743
117,train/stuttgart/stuttgart_000162_000019_leftImg8bit.png,1,600,394,795,540
118,train/stuttgart/stuttgart_000162_000019_leftImg8bit.png,0,189,365,272,508
119,train/stuttgart/stuttgart_000162_000019_leftImg8bit.png,1,0,385,356,822
120,train/stuttgart/stuttgart_000162_000019_leftImg8bit.png,1,1149,387,1234,467
121,train/stuttgart/stuttgart_000162_000019_leftImg8bit.png,1,1168,407,1229,474
122,train/stuttgart/stuttgart_000162_000019_leftImg8bit.png,1,1199,392,1257,495
123,train/stuttgart/stuttgart_000162_000019_leftImg8bit.png,1,1227,370,1387,513
124,train/stuttgart/stuttgart_000162_000019_leftImg8bit.png,1,1267,375,1478,546
125,train/stuttgart/stuttgart_000162_000019_leftImg8bit.png,1,1339,407,1479,586
126,train/stuttgart/stuttgart_000162_000019_leftImg8bit.png,1,1407,367,1772,655
127,train/stuttgart/stuttgart_000162_000019_leftImg8bit.png,1,1617,361,2046,789
128,train/stuttgart/stuttgart_000082_000019_leftImg8bit.png,1,1034,404,1161,462
129,train/stuttgart/stuttgart_000082_000019_leftImg8bit.png,1,1062,380,1591,559
130,train/stuttgart/stuttgart_000082_000019_leftImg8bit.png,1,119,392,282,468
131,train/stuttgart/stuttgart_000082_000019_leftImg8bit.png,1,262,305,643,514
132,train/stuttgart/stuttgart_000130_000019_leftImg8bit.png,1,886,433,955,517
133,train/stuttgart/stuttgart_000130_000019_leftImg8bit.png,1,848,436,924,528
134,train/stuttgart/stuttgart_000130_000019_leftImg8bit.png,1,726,409,863,557
135,train/stuttgart/stuttgart_000130_000019_leftImg8bit.png,1,597,424,815,593
136,train/stuttgart/stuttgart_000130_000019_leftImg8bit.png,1,205,416,586,724
137,train/stuttgart/stuttgart_000130_000019_leftImg8bit.png,1,-2,315,262,813
138,train/stuttgart/stuttgart_000130_000019_leftImg8bit.png,1,1407,414,1692,597
139,train/stuttgart/stuttgart_000130_000019_leftImg8bit.png,1,1635,398,2046,744
140,train/stuttgart/stuttgart_000130_000019_leftImg8bit.png,1,1917,569,2046,844
141,train/stuttgart/stuttgart_000130_000019_leftImg8bit.png,1,1108,424,1182,484
142,train/stuttgart/stuttgart_000003_000019_leftImg8bit.png,1,630,409,772,533
143,train/stuttgart/stuttgart_000003_000019_leftImg8bit.png,1,458,419,678,562
144,train/stuttgart/stuttgart_000003_000019_leftImg8bit.png,5,154,440,336,630
145,train/stuttgart/stuttgart_000003_000019_leftImg8bit.png,5,97,431,215,648
146,train/stuttgart/stuttgart_000003_000019_leftImg8bit.png,5,29,423,151,660
147,train/stuttgart/stuttgart_000003_000019_leftImg8bit.png,5,-1,452,84,682
148,train/stuttgart/stuttgart_000003_000019_leftImg8bit.png,1,1170,419,1243,474
149,train/stuttgart/stuttgart_000050_000019_leftImg8bit.png,1,645,424,706,476
150,train/stuttgart/stuttgart_000050_000019_leftImg8bit.png,1,739,442,826,500
151,train/stuttgart/stuttgart_000050_000019_leftImg8bit.png,2,1861,384,1926,450
152,train/stuttgart/stuttgart_000050_000019_leftImg8bit.png,1,1650,414,1758,476
153,train/stuttgart/stuttgart_000050_000019_leftImg8bit.png,1,1425,425,1484,487
154,train/stuttgart/stuttgart_000050_000019_leftImg8bit.png,1,1479,409,1645,505
155,train/stuttgart/stuttgart_000050_000019_leftImg8bit.png,2,854,342,1188,516
156,train/stuttgart/stuttgart_000050_000019_leftImg8bit.png,1,1165,354,1448,533
157,train/stuttgart/stuttgart_000050_000019_leftImg8bit.png,1,-2,410,635,639
158,train/stuttgart/stuttgart_000050_000019_leftImg8bit.png,4,1287,464,1506,677
159,train/stuttgart/stuttgart_000185_000019_leftImg8bit.png,1,1161,406,1224,468
160,train/stuttgart/stuttgart_000185_000019_leftImg8bit.png,1,82,427,252,487
161,train/stuttgart/stuttgart_000185_000019_leftImg8bit.png,1,752,431,825,489
162,train/stuttgart/stuttgart_000185_000019_leftImg8bit.png,2,804,307,985,505
163,train/stuttgart/stuttgart_000171_000019_leftImg8bit.png,1,1603,400,1779,470
164,train/stuttgart/stuttgart_000171_000019_leftImg8bit.png,1,1382,405,1517,461
165,train/stuttgart/stuttgart_000171_000019_leftImg8bit.png,1,-2,407,335,520
166,train/stuttgart/stuttgart_000171_000019_leftImg8bit.png,1,365,347,701,522
167,train/stuttgart/stuttgart_000171_000019_leftImg8bit.png,1,711,337,1052,500
168,train/stuttgart/stuttgart_000171_000019_leftImg8bit.png,0,1019,260,1248,831
169,train/stuttgart/stuttgart_000125_000019_leftImg8bit.png,1,1758,229,1897,317
170,train/stuttgart/stuttgart_000125_000019_leftImg8bit.png,1,287,387,427,504
171,train/stuttgart/stuttgart_000125_000019_leftImg8bit.png,1,677,369,767,443
172,train/stuttgart/stuttgart_000125_000019_leftImg8bit.png,1,739,361,883,448
173,train/stuttgart/stuttgart_000125_000019_leftImg8bit.png,1,1275,258,1588,606
174,train/stuttgart/stuttgart_000125_000019_leftImg8bit.png,1,1380,276,2044,785
175,train/stuttgart/stuttgart_000125_000019_leftImg8bit.png,0,1506,137,1928,874
176,train/stuttgart/stuttgart_000079_000019_leftImg8bit.png,1,1026,425,1096,485
177,train/stuttgart/stuttgart_000079_000019_leftImg8bit.png,1,1195,417,1458,545
178,train/stuttgart/stuttgart_000079_000019_leftImg8bit.png,1,1386,422,1608,635
179,train/stuttgart/stuttgart_000079_000019_leftImg8bit.png,1,1506,384,2047,727
180,train/stuttgart/stuttgart_000079_000019_leftImg8bit.png,1,718,429,813,521
181,train/stuttgart/stuttgart_000079_000019_leftImg8bit.png,1,705,453,780,534
182,train/stuttgart/stuttgart_000079_000019_leftImg8bit.png,1,906,441,986,500
183,train/stuttgart/stuttgart_000079_000019_leftImg8bit.png,1,625,453,751,544
184,train/stuttgart/stuttgart_000079_000019_leftImg8bit.png,1,513,449,644,572
185,train/stuttgart/stuttgart_000079_000019_leftImg8bit.png,1,378,438,575,600
186,train/stuttgart/stuttgart_000079_000019_leftImg8bit.png,1,108,451,443,653
187,train/stuttgart/stuttgart_000009_000019_leftImg8bit.png,1,106,292,700,694
188,train/stuttgart/stuttgart_000009_000019_leftImg8bit.png,1,1043,411,1159,501
189,train/stuttgart/stuttgart_000110_000019_leftImg8bit.png,0,1596,410,1678,696
190,train/stuttgart/stuttgart_000110_000019_leftImg8bit.png,0,1553,427,1676,712
191,train/stuttgart/stuttgart_000110_000019_leftImg8bit.png,0,1020,293,1262,921
192,train/stuttgart/stuttgart_000110_000019_leftImg8bit.png,0,688,352,922,885
193,train/stuttgart/stuttgart_000091_000019_leftImg8bit.png,1,940,461,1009,525
194,train/stuttgart/stuttgart_000091_000019_leftImg8bit.png,1,782,438,873,494
195,train/stuttgart/stuttgart_000091_000019_leftImg8bit.png,1,830,453,961,553
196,train/stuttgart/stuttgart_000091_000019_leftImg8bit.png,1,520,469,669,565
197,train/stuttgart/stuttgart_000091_000019_leftImg8bit.png,1,345,435,577,585
198,train/stuttgart/stuttgart_000091_000019_leftImg8bit.png,1,77,459,363,615
199,train/stuttgart/stuttgart_000091_000019_leftImg8bit.png,1,-2,493,72,635
200,train/stuttgart/stuttgart_000091_000019_leftImg8bit.png,1,988,457,1124,567
201,train/stuttgart/stuttgart_000091_000019_leftImg8bit.png,1,641,445,872,600
202,train/stuttgart/stuttgart_000141_000019_leftImg8bit.png,1,1239,431,1332,538
203,train/stuttgart/stuttgart_000141_000019_leftImg8bit.png,1,1273,428,1462,569
204,train/stuttgart/stuttgart_000141_000019_leftImg8bit.png,1,1442,400,1904,728
205,train/stuttgart/stuttgart_000141_000019_leftImg8bit.png,1,1676,371,2044,1010
206,train/stuttgart/stuttgart_000141_000019_leftImg8bit.png,1,846,387,938,497
207,train/stuttgart/stuttgart_000141_000019_leftImg8bit.png,1,782,422,891,519
208,train/stuttgart/stuttgart_000141_000019_leftImg8bit.png,1,745,432,848,534
209,train/stuttgart/stuttgart_000141_000019_leftImg8bit.png,1,643,432,797,553
210,train/stuttgart/stuttgart_000141_000019_leftImg8bit.png,1,534,426,688,595
211,train/stuttgart/stuttgart_000141_000019_leftImg8bit.png,1,319,411,610,634
212,train/stuttgart/stuttgart_000141_000019_leftImg8bit.png,1,-2,393,410,745
213,train/stuttgart/stuttgart_000141_000019_leftImg8bit.png,1,1023,414,1178,545
214,train/stuttgart/stuttgart_000051_000019_leftImg8bit.png,1,1502,413,1758,492
215,train/stuttgart/stuttgart_000051_000019_leftImg8bit.png,1,578,396,678,484
216,train/stuttgart/stuttgart_000051_000019_leftImg8bit.png,2,676,364,803,492
217,train/stuttgart/stuttgart_000051_000019_leftImg8bit.png,1,448,430,549,499
218,train/stuttgart/stuttgart_000051_000019_leftImg8bit.png,1,258,431,360,494
219,train/stuttgart/stuttgart_000051_000019_leftImg8bit.png,1,1014,425,1079,477
220,train/stuttgart/stuttgart_000051_000019_leftImg8bit.png,1,853,395,956,493
221,train/stuttgart/stuttgart_000051_000019_leftImg8bit.png,5,1916,423,1988,492
222,train/stuttgart/stuttgart_000051_000019_leftImg8bit.png,5,1836,419,1899,491
223,train/stuttgart/stuttgart_000051_000019_leftImg8bit.png,5,1790,422,1841,490
224,train/stuttgart/stuttgart_000122_000019_leftImg8bit.png,1,1033,425,1106,481
225,train/stuttgart/stuttgart_000122_000019_leftImg8bit.png,1,1153,409,1247,524
226,train/stuttgart/stuttgart_000122_000019_leftImg8bit.png,1,1186,411,1290,531
227,train/stuttgart/stuttgart_000122_000019_leftImg8bit.png,1,1215,409,1370,563
228,train/stuttgart/stuttgart_000122_000019_leftImg8bit.png,1,1281,388,1590,612
229,train/stuttgart/stuttgart_000122_000019_leftImg8bit.png,1,566,403,745,551
230,train/stuttgart/stuttgart_000122_000019_leftImg8bit.png,1,307,381,598,614
231,train/stuttgart/stuttgart_000122_000019_leftImg8bit.png,1,1403,406,1923,707
232,train/stuttgart/stuttgart_000122_000019_leftImg8bit.png,1,1933,603,2045,970
233,train/stuttgart/stuttgart_000122_000019_leftImg8bit.png,1,0,280,241,769
234,train/stuttgart/stuttgart_000194_000019_leftImg8bit.png,1,764,466,1005,618
235,train/stuttgart/stuttgart_000194_000019_leftImg8bit.png,3,1064,282,1372,612
236,train/stuttgart/stuttgart_000194_000019_leftImg8bit.png,1,-2,375,685,816
237,train/stuttgart/stuttgart_000021_000019_leftImg8bit.png,0,694,384,756,484
238,train/stuttgart/stuttgart_000021_000019_leftImg8bit.png,0,778,384,841,492
239,train/stuttgart/stuttgart_000021_000019_leftImg8bit.png,0,1488,359,1579,568
240,train/stuttgart/stuttgart_000021_000019_leftImg8bit.png,0,417,347,508,607
241,train/stuttgart/stuttgart_000021_000019_leftImg8bit.png,0,542,351,636,601
242,train/stuttgart/stuttgart_000021_000019_leftImg8bit.png,4,951,450,1028,710
243,train/stuttgart/stuttgart_000021_000019_leftImg8bit.png,0,1811,281,2046,844
244,train/stuttgart/stuttgart_000142_000019_leftImg8bit.png,1,1160,409,1230,474
245,train/stuttgart/stuttgart_000142_000019_leftImg8bit.png,1,1146,427,1209,479
246,train/stuttgart/stuttgart_000142_000019_leftImg8bit.png,1,1134,428,1191,487
247,train/stuttgart/stuttgart_000142_000019_leftImg8bit.png,1,946,371,1153,547
248,train/stuttgart/stuttgart_000142_000019_leftImg8bit.png,1,1432,402,1541,497
249,train/stuttgart/stuttgart_000142_000019_leftImg8bit.png,1,1434,406,1629,543
250,train/stuttgart/stuttgart_000187_000019_leftImg8bit.png,1,1237,398,1310,480
251,train/stuttgart/stuttgart_000187_000019_leftImg8bit.png,1,1299,315,1449,460
252,train/stuttgart/stuttgart_000187_000019_leftImg8bit.png,1,1285,324,1476,544
253,train/stuttgart/stuttgart_000187_000019_leftImg8bit.png,1,1370,315,1643,588
254,train/stuttgart/stuttgart_000187_000019_leftImg8bit.png,0,1515,384,1595,594
255,train/stuttgart/stuttgart_000187_000019_leftImg8bit.png,0,1702,368,1771,514
256,train/stuttgart/stuttgart_000187_000019_leftImg8bit.png,0,1800,333,1925,641
257,train/stuttgart/stuttgart_000187_000019_leftImg8bit.png,1,1096,407,1210,495
258,train/stuttgart/stuttgart_000187_000019_leftImg8bit.png,1,756,384,891,508
259,train/stuttgart/stuttgart_000187_000019_leftImg8bit.png,1,765,410,844,521
260,train/stuttgart/stuttgart_000187_000019_leftImg8bit.png,1,677,401,793,536
261,train/stuttgart/stuttgart_000187_000019_leftImg8bit.png,1,518,400,733,574
262,train/stuttgart/stuttgart_000187_000019_leftImg8bit.png,1,201,393,579,646
263,train/stuttgart/stuttgart_000187_000019_leftImg8bit.png,1,0,354,268,767
264,train/stuttgart/stuttgart_000178_000019_leftImg8bit.png,1,1051,352,1175,491
265,train/stuttgart/stuttgart_000178_000019_leftImg8bit.png,1,1146,406,1320,523
266,train/stuttgart/stuttgart_000178_000019_leftImg8bit.png,2,1758,162,2046,568
267,train/stuttgart/stuttgart_000178_000019_leftImg8bit.png,1,296,388,398,449
268,train/stuttgart/stuttgart_000178_000019_leftImg8bit.png,1,820,396,1142,635
269,train/stuttgart/stuttgart_000102_000019_leftImg8bit.png,1,929,425,1005,483
270,train/stuttgart/stuttgart_000102_000019_leftImg8bit.png,0,1423,366,1478,517
271,train/stuttgart/stuttgart_000102_000019_leftImg8bit.png,0,346,389,411,561
272,train/stuttgart/stuttgart_000060_000019_leftImg8bit.png,1,808,416,901,476
273,train/stuttgart/stuttgart_000060_000019_leftImg8bit.png,1,718,416,802,491
274,train/stuttgart/stuttgart_000060_000019_leftImg8bit.png,1,635,417,741,511
275,train/stuttgart/stuttgart_000060_000019_leftImg8bit.png,1,529,418,673,526
276,train/stuttgart/stuttgart_000060_000019_leftImg8bit.png,2,69,321,602,635
277,train/stuttgart/stuttgart_000060_000019_leftImg8bit.png,1,-2,450,166,820
278,train/stuttgart/stuttgart_000060_000019_leftImg8bit.png,1,1007,348,1179,452
279,train/stuttgart/stuttgart_000135_000019_leftImg8bit.png,1,767,454,819,512
280,train/stuttgart/stuttgart_000135_000019_leftImg8bit.png,1,727,449,784,521
281,train/stuttgart/stuttgart_000135_000019_leftImg8bit.png,1,571,380,739,528
282,train/stuttgart/stuttgart_000135_000019_leftImg8bit.png,1,145,435,338,524
283,train/stuttgart/stuttgart_000135_000019_leftImg8bit.png,1,1115,421,1196,500
284,train/stuttgart/stuttgart_000135_000019_leftImg8bit.png,1,1156,433,1231,513
285,train/stuttgart/stuttgart_000135_000019_leftImg8bit.png,1,1173,454,1264,520
286,train/stuttgart/stuttgart_000135_000019_leftImg8bit.png,1,1245,443,1342,573
287,train/stuttgart/stuttgart_000135_000019_leftImg8bit.png,1,1512,415,1690,530
288,train/stuttgart/stuttgart_000135_000019_leftImg8bit.png,1,1287,428,1542,605
289,train/stuttgart/stuttgart_000135_000019_leftImg8bit.png,1,1913,403,2046,454
290,train/stuttgart/stuttgart_000135_000019_leftImg8bit.png,1,1493,410,2046,766
291,train/stuttgart/stuttgart_000135_000019_leftImg8bit.png,1,1927,534,2046,912
292,train/stuttgart/stuttgart_000116_000019_leftImg8bit.png,1,993,435,1176,584
293,train/stuttgart/stuttgart_000116_000019_leftImg8bit.png,1,490,448,641,637
294,train/stuttgart/stuttgart_000116_000019_leftImg8bit.png,1,126,434,561,715
295,train/stuttgart/stuttgart_000116_000019_leftImg8bit.png,1,1336,332,2032,840
296,train/stuttgart/stuttgart_000116_000019_leftImg8bit.png,1,1842,454,2044,1022
297,train/stuttgart/stuttgart_000154_000019_leftImg8bit.png,1,0,336,480,670
298,train/stuttgart/stuttgart_000154_000019_leftImg8bit.png,1,430,390,1282,781
299,train/stuttgart/stuttgart_000154_000019_leftImg8bit.png,1,1423,371,2045,900
300,train/stuttgart/stuttgart_000077_000019_leftImg8bit.png,0,1568,333,1634,522
301,train/stuttgart/stuttgart_000077_000019_leftImg8bit.png,1,1222,369,1379,508
302,train/stuttgart/stuttgart_000077_000019_leftImg8bit.png,1,1343,382,1597,570
303,train/stuttgart/stuttgart_000077_000019_leftImg8bit.png,1,1977,205,2044,508
304,train/stuttgart/stuttgart_000077_000019_leftImg8bit.png,1,816,394,881,451
305,train/stuttgart/stuttgart_000077_000019_leftImg8bit.png,1,1004,390,1108,449
306,train/stuttgart/stuttgart_000077_000019_leftImg8bit.png,1,1093,385,1175,457
307,train/stuttgart/stuttgart_000077_000019_leftImg8bit.png,1,700,407,800,476
308,train/stuttgart/stuttgart_000077_000019_leftImg8bit.png,0,102,396,154,499
309,train/stuttgart/stuttgart_000077_000019_leftImg8bit.png,1,583,403,662,509
310,train/stuttgart/stuttgart_000077_000019_leftImg8bit.png,1,392,382,628,546
311,train/stuttgart/stuttgart_000077_000019_leftImg8bit.png,1,0,358,156,678
312,train/stuttgart/stuttgart_000161_000019_leftImg8bit.png,1,1122,367,1208,419
313,train/stuttgart/stuttgart_000161_000019_leftImg8bit.png,1,963,420,1031,473
314,train/stuttgart/stuttgart_000161_000019_leftImg8bit.png,1,1059,378,1220,538
315,train/stuttgart/stuttgart_000161_000019_leftImg8bit.png,4,1262,428,1316,489
316,train/stuttgart/stuttgart_000161_000019_leftImg8bit.png,1,1479,395,1569,487
317,train/stuttgart/stuttgart_000161_000019_leftImg8bit.png,0,1422,356,1485,519
318,train/stuttgart/stuttgart_000161_000019_leftImg8bit.png,4,1771,405,1893,543
319,train/stuttgart/stuttgart_000161_000019_leftImg8bit.png,1,1880,226,2045,871
320,train/stuttgart/stuttgart_000161_000019_leftImg8bit.png,1,744,418,826,484
321,train/stuttgart/stuttgart_000161_000019_leftImg8bit.png,1,624,426,778,539
322,train/stuttgart/stuttgart_000161_000019_leftImg8bit.png,0,207,410,267,542
323,train/stuttgart/stuttgart_000161_000019_leftImg8bit.png,5,0,433,54,560
324,train/stuttgart/stuttgart_000161_000019_leftImg8bit.png,0,68,388,155,580
325,train/stuttgart/stuttgart_000186_000019_leftImg8bit.png,2,844,314,927,386
326,train/stuttgart/stuttgart_000186_000019_leftImg8bit.png,1,774,344,892,452
327,train/stuttgart/stuttgart_000186_000019_leftImg8bit.png,0,285,121,647,884
328,train/stuttgart/stuttgart_000186_000019_leftImg8bit.png,0,824,195,1169,873
329,train/stuttgart/stuttgart_000186_000019_leftImg8bit.png,0,498,88,946,1000
330,train/stuttgart/stuttgart_000186_000019_leftImg8bit.png,0,1387,149,1626,848
331,train/stuttgart/stuttgart_000186_000019_leftImg8bit.png,0,1227,145,1596,912
332,train/stuttgart/stuttgart_000024_000019_leftImg8bit.png,1,810,351,1322,572
333,train/stuttgart/stuttgart_000024_000019_leftImg8bit.png,0,-2,381,98,996
334,train/stuttgart/stuttgart_000024_000019_leftImg8bit.png,0,1857,387,1953,588
335,train/stuttgart/stuttgart_000024_000019_leftImg8bit.png,0,1979,388,2045,589
336,train/stuttgart/stuttgart_000068_000019_leftImg8bit.png,1,731,409,796,485
337,train/stuttgart/stuttgart_000068_000019_leftImg8bit.png,2,5,306,413,548
338,train/stuttgart/stuttgart_000068_000019_leftImg8bit.png,1,349,429,696,571
339,train/stuttgart/stuttgart_000068_000019_leftImg8bit.png,1,4,411,375,694
340,train/stuttgart/stuttgart_000068_000019_leftImg8bit.png,0,4,240,195,940
341,train/stuttgart/stuttgart_000068_000019_leftImg8bit.png,1,899,435,958,486
342,train/stuttgart/stuttgart_000129_000019_leftImg8bit.png,1,901,421,980,519
343,train/stuttgart/stuttgart_000129_000019_leftImg8bit.png,1,789,415,930,534
344,train/stuttgart/stuttgart_000129_000019_leftImg8bit.png,1,632,411,822,595
345,train/stuttgart/stuttgart_000129_000019_leftImg8bit.png,1,448,396,703,670
346,train/stuttgart/stuttgart_000129_000019_leftImg8bit.png,1,-1,0,492,869
347,train/stuttgart/stuttgart_000129_000019_leftImg8bit.png,1,1079,400,1247,529
348,train/stuttgart/stuttgart_000129_000019_leftImg8bit.png,1,1350,349,1818,585
349,train/stuttgart/stuttgart_000129_000019_leftImg8bit.png,1,1627,402,2045,714
350,train/stuttgart/stuttgart_000160_000019_leftImg8bit.png,2,915,367,1002,473
351,train/stuttgart/stuttgart_000160_000019_leftImg8bit.png,1,1158,408,1221,482
352,train/stuttgart/stuttgart_000160_000019_leftImg8bit.png,1,1194,384,1269,495
353,train/stuttgart/stuttgart_000160_000019_leftImg8bit.png,1,1202,386,1333,505
354,train/stuttgart/stuttgart_000160_000019_leftImg8bit.png,1,1235,390,1344,518
355,train/stuttgart/stuttgart_000160_000019_leftImg8bit.png,1,1266,413,1338,541
356,train/stuttgart/stuttgart_000160_000019_leftImg8bit.png,1,1302,213,1672,588
357,train/stuttgart/stuttgart_000160_000019_leftImg8bit.png,0,1515,373,1614,617
358,train/stuttgart/stuttgart_000160_000019_leftImg8bit.png,1,710,426,802,513
359,train/stuttgart/stuttgart_000160_000019_leftImg8bit.png,1,612,430,741,536
360,train/stuttgart/stuttgart_000160_000019_leftImg8bit.png,0,404,452,455,530
361,train/stuttgart/stuttgart_000192_000019_leftImg8bit.png,1,177,363,323,435
362,train/stuttgart/stuttgart_000192_000019_leftImg8bit.png,1,212,408,322,468
363,train/stuttgart/stuttgart_000192_000019_leftImg8bit.png,1,273,403,436,495
364,train/stuttgart/stuttgart_000192_000019_leftImg8bit.png,1,-2,389,234,533
365,train/stuttgart/stuttgart_000192_000019_leftImg8bit.png,0,795,310,1034,799
366,train/stuttgart/stuttgart_000049_000019_leftImg8bit.png,1,551,392,647,446
367,train/stuttgart/stuttgart_000049_000019_leftImg8bit.png,1,775,394,876,471
368,train/stuttgart/stuttgart_000049_000019_leftImg8bit.png,1,379,385,477,444
369,train/stuttgart/stuttgart_000049_000019_leftImg8bit.png,1,337,392,464,461
370,train/stuttgart/stuttgart_000049_000019_leftImg8bit.png,1,180,382,317,458
371,train/stuttgart/stuttgart_000049_000019_leftImg8bit.png,1,-2,389,104,470
372,train/stuttgart/stuttgart_000049_000019_leftImg8bit.png,1,16,394,210,529
373,train/stuttgart/stuttgart_000049_000019_leftImg8bit.png,2,870,86,1432,596
374,train/stuttgart/stuttgart_000067_000019_leftImg8bit.png,1,1457,297,1890,632
375,train/stuttgart/stuttgart_000067_000019_leftImg8bit.png,1,1659,342,2044,783
376,train/stuttgart/stuttgart_000067_000019_leftImg8bit.png,2,925,399,1042,476
377,train/stuttgart/stuttgart_000067_000019_leftImg8bit.png,1,856,420,919,483
378,train/stuttgart/stuttgart_000067_000019_leftImg8bit.png,1,820,418,895,488
379,train/stuttgart/stuttgart_000067_000019_leftImg8bit.png,1,771,418,874,496
380,train/stuttgart/stuttgart_000067_000019_leftImg8bit.png,1,628,413,800,531
381,train/stuttgart/stuttgart_000067_000019_leftImg8bit.png,1,276,359,594,589
382,train/stuttgart/stuttgart_000067_000019_leftImg8bit.png,1,1098,423,1195,494
383,train/stuttgart/stuttgart_000014_000019_leftImg8bit.png,1,1305,334,1524,535
384,train/stuttgart/stuttgart_000014_000019_leftImg8bit.png,1,1434,291,1869,644
385,train/stuttgart/stuttgart_000014_000019_leftImg8bit.png,0,1821,286,1927,649
386,train/stuttgart/stuttgart_000014_000019_leftImg8bit.png,1,738,404,867,488
387,train/stuttgart/stuttgart_000014_000019_leftImg8bit.png,1,906,401,1026,489
388,train/stuttgart/stuttgart_000014_000019_leftImg8bit.png,1,225,369,833,611
389,train/stuttgart/stuttgart_000000_000019_leftImg8bit.png,1,1247,430,1354,531
390,train/stuttgart/stuttgart_000000_000019_leftImg8bit.png,1,1308,416,1483,571
391,train/stuttgart/stuttgart_000000_000019_leftImg8bit.png,1,1384,420,1667,627
392,train/stuttgart/stuttgart_000000_000019_leftImg8bit.png,1,1558,388,2044,739
393,train/stuttgart/stuttgart_000000_000019_leftImg8bit.png,1,1010,418,1194,576
394,train/stuttgart/stuttgart_000173_000019_leftImg8bit.png,1,1099,427,1193,502
395,train/stuttgart/stuttgart_000173_000019_leftImg8bit.png,1,1172,434,1295,521
396,train/stuttgart/stuttgart_000173_000019_leftImg8bit.png,1,1606,394,1831,544
397,train/stuttgart/stuttgart_000173_000019_leftImg8bit.png,1,1864,416,2045,574
398,train/stuttgart/stuttgart_000173_000019_leftImg8bit.png,1,666,419,732,478
399,train/stuttgart/stuttgart_000173_000019_leftImg8bit.png,1,475,436,589,521
400,train/stuttgart/stuttgart_000001_000019_leftImg8bit.png,1,1449,365,1683,540
401,train/stuttgart/stuttgart_000001_000019_leftImg8bit.png,1,1685,408,2034,569
402,train/stuttgart/stuttgart_000001_000019_leftImg8bit.png,1,853,429,919,494
403,train/stuttgart/stuttgart_000001_000019_leftImg8bit.png,1,717,423,886,541
404,train/stuttgart/stuttgart_000001_000019_leftImg8bit.png,1,490,370,706,616
405,train/stuttgart/stuttgart_000001_000019_leftImg8bit.png,1,976,405,1192,590
406,train/stuttgart/stuttgart_000001_000019_leftImg8bit.png,2,0,0,536,875
407,train/stuttgart/stuttgart_000072_000019_leftImg8bit.png,2,1273,306,1453,509
408,train/stuttgart/stuttgart_000072_000019_leftImg8bit.png,4,1459,435,1554,520
409,train/stuttgart/stuttgart_000072_000019_leftImg8bit.png,0,1868,344,1927,532
410,train/stuttgart/stuttgart_000072_000019_leftImg8bit.png,0,1661,349,1725,515
411,train/stuttgart/stuttgart_000072_000019_leftImg8bit.png,0,1745,342,1801,496
412,train/stuttgart/stuttgart_000072_000019_leftImg8bit.png,0,1748,376,1845,530
413,train/stuttgart/stuttgart_000072_000019_leftImg8bit.png,5,1911,368,2045,550
414,train/stuttgart/stuttgart_000072_000019_leftImg8bit.png,1,935,407,991,465
415,train/stuttgart/stuttgart_000072_000019_leftImg8bit.png,1,863,398,949,476
416,train/stuttgart/stuttgart_000072_000019_leftImg8bit.png,1,826,408,918,480
417,train/stuttgart/stuttgart_000072_000019_leftImg8bit.png,5,805,427,867,489
418,train/stuttgart/stuttgart_000031_000019_leftImg8bit.png,0,296,244,504,747
419,train/stuttgart/stuttgart_000038_000019_leftImg8bit.png,1,1193,393,1329,524
420,train/stuttgart/stuttgart_000038_000019_leftImg8bit.png,1,1256,390,1365,563
421,train/stuttgart/stuttgart_000038_000019_leftImg8bit.png,1,828,410,889,487
422,train/stuttgart/stuttgart_000038_000019_leftImg8bit.png,1,871,406,1011,501
423,train/stuttgart/stuttgart_000038_000019_leftImg8bit.png,1,770,417,870,506
424,train/stuttgart/stuttgart_000038_000019_leftImg8bit.png,1,987,375,1159,533
425,train/stuttgart/stuttgart_000038_000019_leftImg8bit.png,1,749,409,807,520
426,train/stuttgart/stuttgart_000038_000019_leftImg8bit.png,1,1302,332,1617,619
427,train/stuttgart/stuttgart_000038_000019_leftImg8bit.png,1,1433,361,1923,737
428,train/stuttgart/stuttgart_000038_000019_leftImg8bit.png,1,188,412,500,629
429,train/stuttgart/stuttgart_000038_000019_leftImg8bit.png,1,417,387,796,650
430,train/stuttgart/stuttgart_000038_000019_leftImg8bit.png,1,0,405,267,753
431,train/stuttgart/stuttgart_000169_000019_leftImg8bit.png,1,284,374,505,509
432,train/stuttgart/stuttgart_000169_000019_leftImg8bit.png,1,1986,400,2045,456
433,train/stuttgart/stuttgart_000169_000019_leftImg8bit.png,1,1577,400,1737,466
434,train/stuttgart/stuttgart_000169_000019_leftImg8bit.png,1,1667,399,1856,470
435,train/stuttgart/stuttgart_000169_000019_leftImg8bit.png,0,882,349,1135,764
436,train/stuttgart/stuttgart_000169_000019_leftImg8bit.png,0,55,260,281,825
437,train/stuttgart/stuttgart_000169_000019_leftImg8bit.png,0,483,614,607,747
438,train/stuttgart/stuttgart_000169_000019_leftImg8bit.png,0,418,285,659,787
439,train/stuttgart/stuttgart_000169_000019_leftImg8bit.png,0,620,669,696,802
440,train/stuttgart/stuttgart_000169_000019_leftImg8bit.png,0,537,235,847,876
441,train/stuttgart/stuttgart_000169_000019_leftImg8bit.png,0,490,241,838,913
442,train/stuttgart/stuttgart_000169_000019_leftImg8bit.png,0,1280,268,1604,856
443,train/stuttgart/stuttgart_000169_000019_leftImg8bit.png,0,1076,210,1363,902
444,train/stuttgart/stuttgart_000114_000019_leftImg8bit.png,1,13,448,110,503
445,train/stuttgart/stuttgart_000114_000019_leftImg8bit.png,1,228,447,367,509
446,train/stuttgart/stuttgart_000114_000019_leftImg8bit.png,1,106,437,273,535
447,train/stuttgart/stuttgart_000114_000019_leftImg8bit.png,1,334,448,466,511
448,train/stuttgart/stuttgart_000114_000019_leftImg8bit.png,1,458,439,600,513
449,train/stuttgart/stuttgart_000114_000019_leftImg8bit.png,1,561,443,720,519
450,train/stuttgart/stuttgart_000114_000019_leftImg8bit.png,1,1326,405,1724,675
451,train/stuttgart/stuttgart_000114_000019_leftImg8bit.png,1,1568,384,2045,805
452,train/stuttgart/stuttgart_000114_000019_leftImg8bit.png,1,735,430,908,528
453,train/stuttgart/stuttgart_000114_000019_leftImg8bit.png,1,857,431,1040,541
454,train/stuttgart/stuttgart_000114_000019_leftImg8bit.png,1,998,434,1210,560
455,train/stuttgart/stuttgart_000066_000019_leftImg8bit.png,2,575,412,652,469
456,train/stuttgart/stuttgart_000066_000019_leftImg8bit.png,1,496,428,565,488
457,train/stuttgart/stuttgart_000066_000019_leftImg8bit.png,1,405,409,515,504
458,train/stuttgart/stuttgart_000066_000019_leftImg8bit.png,1,188,438,396,558
459,train/stuttgart/stuttgart_000066_000019_leftImg8bit.png,0,14,395,77,547
460,train/stuttgart/stuttgart_000066_000019_leftImg8bit.png,1,886,391,998,501
461,train/stuttgart/stuttgart_000066_000019_leftImg8bit.png,1,906,412,1020,510
462,train/stuttgart/stuttgart_000066_000019_leftImg8bit.png,1,965,411,1093,519
463,train/stuttgart/stuttgart_000066_000019_leftImg8bit.png,1,988,410,1103,548
464,train/stuttgart/stuttgart_000066_000019_leftImg8bit.png,1,1053,384,1319,582
465,train/stuttgart/stuttgart_000066_000019_leftImg8bit.png,1,1577,346,2046,776
466,train/stuttgart/stuttgart_000013_000019_leftImg8bit.png,1,1066,380,1172,454
467,train/stuttgart/stuttgart_000013_000019_leftImg8bit.png,1,1279,328,1493,526
468,train/stuttgart/stuttgart_000013_000019_leftImg8bit.png,1,895,386,1070,493
469,train/stuttgart/stuttgart_000013_000019_leftImg8bit.png,1,400,384,703,540
470,train/stuttgart/stuttgart_000104_000019_leftImg8bit.png,1,1021,405,1113,487
471,train/stuttgart/stuttgart_000104_000019_leftImg8bit.png,1,753,412,816,484
472,train/stuttgart/stuttgart_000104_000019_leftImg8bit.png,1,784,393,924,510
473,train/stuttgart/stuttgart_000104_000019_leftImg8bit.png,1,676,414,777,505
474,train/stuttgart/stuttgart_000104_000019_leftImg8bit.png,1,591,407,714,521
475,train/stuttgart/stuttgart_000104_000019_leftImg8bit.png,1,413,409,639,550
476,train/stuttgart/stuttgart_000104_000019_leftImg8bit.png,0,1420,326,1520,598
477,train/stuttgart/stuttgart_000104_000019_leftImg8bit.png,0,1377,336,1489,625
478,train/stuttgart/stuttgart_000104_000019_leftImg8bit.png,0,1537,330,1646,607
479,train/stuttgart/stuttgart_000104_000019_leftImg8bit.png,0,1650,330,1755,621
480,train/stuttgart/stuttgart_000005_000019_leftImg8bit.png,3,860,366,928,435
481,train/stuttgart/stuttgart_000005_000019_leftImg8bit.png,0,363,357,458,555
482,train/stuttgart/stuttgart_000005_000019_leftImg8bit.png,1,1017,340,1161,465
483,train/stuttgart/stuttgart_000005_000019_leftImg8bit.png,1,1577,248,2048,838
484,train/stuttgart/stuttgart_000086_000019_leftImg8bit.png,1,810,306,918,414
485,train/stuttgart/stuttgart_000086_000019_leftImg8bit.png,1,694,359,783,411
486,train/stuttgart/stuttgart_000086_000019_leftImg8bit.png,1,-2,341,116,679
487,train/stuttgart/stuttgart_000096_000019_leftImg8bit.png,1,1165,430,1217,484
488,train/stuttgart/stuttgart_000096_000019_leftImg8bit.png,1,1171,435,1226,495
489,train/stuttgart/stuttgart_000096_000019_leftImg8bit.png,1,1216,431,1293,514
490,train/stuttgart/stuttgart_000096_000019_leftImg8bit.png,1,1227,433,1308,530
491,train/stuttgart/stuttgart_000096_000019_leftImg8bit.png,1,1264,423,1387,551
492,train/stuttgart/stuttgart_000096_000019_leftImg8bit.png,1,1325,418,1525,589
493,train/stuttgart/stuttgart_000096_000019_leftImg8bit.png,1,1414,419,1674,655
494,train/stuttgart/stuttgart_000096_000019_leftImg8bit.png,1,1528,391,2045,777
495,train/stuttgart/stuttgart_000096_000019_leftImg8bit.png,1,1892,534,2044,946
496,train/stuttgart/stuttgart_000096_000019_leftImg8bit.png,1,902,432,965,505
497,train/stuttgart/stuttgart_000096_000019_leftImg8bit.png,1,868,426,928,523
498,train/stuttgart/stuttgart_000096_000019_leftImg8bit.png,1,814,414,906,534
499,train/stuttgart/stuttgart_000096_000019_leftImg8bit.png,1,777,417,874,550
500,train/stuttgart/stuttgart_000096_000019_leftImg8bit.png,1,637,399,832,580
501,train/stuttgart/stuttgart_000096_000019_leftImg8bit.png,1,437,417,740,647
502,train/stuttgart/stuttgart_000096_000019_leftImg8bit.png,1,-2,370,364,976
503,train/stuttgart/stuttgart_000144_000019_leftImg8bit.png,1,1166,429,1249,504
504,train/stuttgart/stuttgart_000144_000019_leftImg8bit.png,1,1209,431,1287,521
505,train/stuttgart/stuttgart_000144_000019_leftImg8bit.png,1,1245,429,1384,543
506,train/stuttgart/stuttgart_000144_000019_leftImg8bit.png,1,1323,425,1432,589
507,train/stuttgart/stuttgart_000144_000019_leftImg8bit.png,1,1368,411,1677,624
508,train/stuttgart/stuttgart_000144_000019_leftImg8bit.png,1,1733,286,2046,845
509,train/stuttgart/stuttgart_000144_000019_leftImg8bit.png,1,382,442,588,572
510,train/stuttgart/stuttgart_000144_000019_leftImg8bit.png,1,-2,437,163,659
511,train/stuttgart/stuttgart_000143_000019_leftImg8bit.png,1,1078,425,1178,525
512,train/stuttgart/stuttgart_000143_000019_leftImg8bit.png,1,1110,417,1242,531
513,train/stuttgart/stuttgart_000143_000019_leftImg8bit.png,1,1126,422,1244,555
514,train/stuttgart/stuttgart_000143_000019_leftImg8bit.png,1,1199,402,1402,589
515,train/stuttgart/stuttgart_000143_000019_leftImg8bit.png,1,1370,376,1836,755
516,train/stuttgart/stuttgart_000143_000019_leftImg8bit.png,1,1631,324,2046,908
517,train/stuttgart/stuttgart_000143_000019_leftImg8bit.png,1,427,435,526,538
518,train/stuttgart/stuttgart_000143_000019_leftImg8bit.png,1,398,444,478,554
519,train/stuttgart/stuttgart_000143_000019_leftImg8bit.png,1,161,385,417,576
520,train/stuttgart/stuttgart_000143_000019_leftImg8bit.png,1,-2,428,235,623
521,train/stuttgart/stuttgart_000143_000019_leftImg8bit.png,3,482,291,857,558
522,train/stuttgart/stuttgart_000057_000019_leftImg8bit.png,1,893,287,970,369
523,train/stuttgart/stuttgart_000057_000019_leftImg8bit.png,1,861,334,949,410
524,train/stuttgart/stuttgart_000057_000019_leftImg8bit.png,1,1265,323,1319,383
525,train/stuttgart/stuttgart_000057_000019_leftImg8bit.png,1,985,383,1193,551
526,train/stuttgart/stuttgart_000150_000019_leftImg8bit.png,1,1026,429,1095,489
527,train/stuttgart/stuttgart_000150_000019_leftImg8bit.png,1,1157,410,1268,513
528,train/stuttgart/stuttgart_000150_000019_leftImg8bit.png,1,1184,424,1315,526
529,train/stuttgart/stuttgart_000150_000019_leftImg8bit.png,1,1257,412,1435,586
530,train/stuttgart/stuttgart_000150_000019_leftImg8bit.png,1,1351,406,1588,634
531,train/stuttgart/stuttgart_000150_000019_leftImg8bit.png,1,1472,358,2046,768
532,train/stuttgart/stuttgart_000150_000019_leftImg8bit.png,1,905,426,961,478
533,train/stuttgart/stuttgart_000150_000019_leftImg8bit.png,1,852,424,915,495
534,train/stuttgart/stuttgart_000150_000019_leftImg8bit.png,1,833,424,891,506
535,train/stuttgart/stuttgart_000150_000019_leftImg8bit.png,1,818,424,876,516
536,train/stuttgart/stuttgart_000150_000019_leftImg8bit.png,1,733,419,857,528
537,train/stuttgart/stuttgart_000150_000019_leftImg8bit.png,1,641,405,763,571
538,train/stuttgart/stuttgart_000150_000019_leftImg8bit.png,1,424,406,723,614
539,train/stuttgart/stuttgart_000150_000019_leftImg8bit.png,0,322,372,394,513
540,train/stuttgart/stuttgart_000150_000019_leftImg8bit.png,1,-2,389,405,857
541,train/stuttgart/stuttgart_000156_000019_leftImg8bit.png,0,586,398,638,533
542,train/stuttgart/stuttgart_000156_000019_leftImg8bit.png,0,518,392,569,534
543,train/stuttgart/stuttgart_000156_000019_leftImg8bit.png,0,440,385,505,561
544,train/stuttgart/stuttgart_000156_000019_leftImg8bit.png,0,359,398,427,560
545,train/stuttgart/stuttgart_000156_000019_leftImg8bit.png,0,265,381,335,561
546,train/stuttgart/stuttgart_000156_000019_leftImg8bit.png,1,1167,399,1268,515
547,train/stuttgart/stuttgart_000156_000019_leftImg8bit.png,1,1216,401,1363,529
548,train/stuttgart/stuttgart_000164_000019_leftImg8bit.png,0,1162,243,1400,808
549,train/stuttgart/stuttgart_000158_000019_leftImg8bit.png,1,943,324,1136,418
550,train/stuttgart/stuttgart_000158_000019_leftImg8bit.png,1,148,394,278,455
551,train/stuttgart/stuttgart_000158_000019_leftImg8bit.png,1,1054,356,1229,510
552,train/stuttgart/stuttgart_000158_000019_leftImg8bit.png,1,1460,403,1858,616
553,train/stuttgart/stuttgart_000158_000019_leftImg8bit.png,0,527,381,618,532
554,train/stuttgart/stuttgart_000018_000019_leftImg8bit.png,2,-2,63,328,553
555,train/stuttgart/stuttgart_000018_000019_leftImg8bit.png,1,-2,251,272,761
556,train/stuttgart/stuttgart_000018_000019_leftImg8bit.png,1,1023,488,1362,608
557,train/stuttgart/stuttgart_000018_000019_leftImg8bit.png,0,718,440,771,565
558,train/stuttgart/stuttgart_000195_000019_leftImg8bit.png,2,284,288,600,466
559,train/stuttgart/stuttgart_000195_000019_leftImg8bit.png,2,1177,311,1327,499
560,train/stuttgart/stuttgart_000195_000019_leftImg8bit.png,1,1043,413,1186,527
561,train/stuttgart/stuttgart_000177_000019_leftImg8bit.png,1,1144,440,1212,492
562,train/stuttgart/stuttgart_000177_000019_leftImg8bit.png,1,1568,423,1652,484
563,train/stuttgart/stuttgart_000177_000019_leftImg8bit.png,2,1329,392,1396,489
564,train/stuttgart/stuttgart_000177_000019_leftImg8bit.png,2,1210,364,1337,492
565,train/stuttgart/stuttgart_000177_000019_leftImg8bit.png,1,1266,435,1358,501
566,train/stuttgart/stuttgart_000177_000019_leftImg8bit.png,1,1365,440,1428,493
567,train/stuttgart/stuttgart_000177_000019_leftImg8bit.png,2,1415,340,1577,504
568,train/stuttgart/stuttgart_000177_000019_leftImg8bit.png,1,1834,425,2038,529
569,train/stuttgart/stuttgart_000177_000019_leftImg8bit.png,1,1990,438,2045,541
570,train/stuttgart/stuttgart_000177_000019_leftImg8bit.png,1,-2,376,160,504
571,train/stuttgart/stuttgart_000177_000019_leftImg8bit.png,1,-2,388,539,676
572,train/stuttgart/stuttgart_000177_000019_leftImg8bit.png,1,429,359,1122,848
573,train/stuttgart/stuttgart_000138_000019_leftImg8bit.png,1,1282,400,1413,510
574,train/stuttgart/stuttgart_000138_000019_leftImg8bit.png,1,1358,410,1551,576
575,train/stuttgart/stuttgart_000138_000019_leftImg8bit.png,1,1463,384,1871,675
576,train/stuttgart/stuttgart_000138_000019_leftImg8bit.png,1,1774,291,2046,862
577,train/stuttgart/stuttgart_000138_000019_leftImg8bit.png,1,972,413,1064,474
578,train/stuttgart/stuttgart_000138_000019_leftImg8bit.png,1,1107,385,1190,476
579,train/stuttgart/stuttgart_000138_000019_leftImg8bit.png,4,652,445,717,578
580,train/stuttgart/stuttgart_000019_000019_leftImg8bit.png,1,1682,261,1771,317
581,train/stuttgart/stuttgart_000019_000019_leftImg8bit.png,0,1122,273,1174,443
582,train/stuttgart/stuttgart_000019_000019_leftImg8bit.png,4,1406,325,1552,429
583,train/stuttgart/stuttgart_000019_000019_leftImg8bit.png,0,1536,182,1699,648
584,train/stuttgart/stuttgart_000002_000019_leftImg8bit.png,1,451,414,651,571
585,train/stuttgart/stuttgart_000119_000019_leftImg8bit.png,1,574,409,669,484
586,train/stuttgart/stuttgart_000119_000019_leftImg8bit.png,1,634,398,780,490
587,train/stuttgart/stuttgart_000119_000019_leftImg8bit.png,4,855,426,909,482
588,train/stuttgart/stuttgart_000119_000019_leftImg8bit.png,1,283,419,395,496
589,train/stuttgart/stuttgart_000119_000019_leftImg8bit.png,1,375,412,523,521
590,train/stuttgart/stuttgart_000119_000019_leftImg8bit.png,2,-2,157,303,580
591,train/stuttgart/stuttgart_000041_000019_leftImg8bit.png,1,711,454,793,523
592,train/stuttgart/stuttgart_000041_000019_leftImg8bit.png,1,755,448,881,543
593,train/stuttgart/stuttgart_000041_000019_leftImg8bit.png,1,1050,448,1103,519
594,train/stuttgart/stuttgart_000041_000019_leftImg8bit.png,1,1064,443,1137,526
595,train/stuttgart/stuttgart_000041_000019_leftImg8bit.png,1,1092,441,1154,539
596,train/stuttgart/stuttgart_000041_000019_leftImg8bit.png,1,1109,437,1196,551
597,train/stuttgart/stuttgart_000041_000019_leftImg8bit.png,1,1143,425,1266,571
598,train/stuttgart/stuttgart_000041_000019_leftImg8bit.png,1,592,458,715,553
599,train/stuttgart/stuttgart_000041_000019_leftImg8bit.png,1,471,458,651,588
600,train/stuttgart/stuttgart_000041_000019_leftImg8bit.png,1,1191,408,1424,607
601,train/stuttgart/stuttgart_000041_000019_leftImg8bit.png,1,1288,426,1557,665
602,train/stuttgart/stuttgart_000041_000019_leftImg8bit.png,1,1437,371,1960,783
603,train/stuttgart/stuttgart_000041_000019_leftImg8bit.png,1,8,446,426,703
604,train/stuttgart/stuttgart_000041_000019_leftImg8bit.png,1,1699,300,2043,939
605,train/stuttgart/stuttgart_000163_000019_leftImg8bit.png,1,1397,405,1592,561
606,train/stuttgart/stuttgart_000163_000019_leftImg8bit.png,0,1367,370,1426,559
607,train/stuttgart/stuttgart_000163_000019_leftImg8bit.png,1,1507,392,1906,646
608,train/stuttgart/stuttgart_000163_000019_leftImg8bit.png,1,1865,392,2045,781
609,train/stuttgart/stuttgart_000163_000019_leftImg8bit.png,1,753,393,941,538
610,train/stuttgart/stuttgart_000106_000019_leftImg8bit.png,1,1066,433,1167,512
611,train/stuttgart/stuttgart_000106_000019_leftImg8bit.png,1,779,449,844,526
612,train/stuttgart/stuttgart_000106_000019_leftImg8bit.png,1,766,450,818,545
613,train/stuttgart/stuttgart_000106_000019_leftImg8bit.png,1,707,445,807,557
614,train/stuttgart/stuttgart_000106_000019_leftImg8bit.png,1,613,436,753,578
615,train/stuttgart/stuttgart_000106_000019_leftImg8bit.png,0,935,410,989,535
616,train/stuttgart/stuttgart_000106_000019_leftImg8bit.png,0,884,417,935,539
617,train/stuttgart/stuttgart_000106_000019_leftImg8bit.png,1,1232,423,1424,606
618,train/stuttgart/stuttgart_000106_000019_leftImg8bit.png,1,1314,424,1696,672
619,train/stuttgart/stuttgart_000106_000019_leftImg8bit.png,1,1755,434,2045,912
620,train/stuttgart/stuttgart_000106_000019_leftImg8bit.png,5,649,499,716,592
621,train/stuttgart/stuttgart_000106_000019_leftImg8bit.png,1,447,420,684,650
622,train/stuttgart/stuttgart_000106_000019_leftImg8bit.png,1,35,414,575,779
623,train/stuttgart/stuttgart_000166_000019_leftImg8bit.png,1,816,413,879,475
624,train/stuttgart/stuttgart_000166_000019_leftImg8bit.png,3,876,314,1801,495
625,train/stuttgart/stuttgart_000166_000019_leftImg8bit.png,1,757,428,842,486
626,train/stuttgart/stuttgart_000166_000019_leftImg8bit.png,1,688,432,739,489
627,train/stuttgart/stuttgart_000166_000019_leftImg8bit.png,1,350,433,479,506
628,train/stuttgart/stuttgart_000166_000019_leftImg8bit.png,1,432,411,708,507
629,train/stuttgart/stuttgart_000166_000019_leftImg8bit.png,1,-2,437,188,507
630,train/stuttgart/stuttgart_000166_000019_leftImg8bit.png,1,154,430,380,510
631,train/stuttgart/stuttgart_000166_000019_leftImg8bit.png,1,1906,368,2044,472
632,train/stuttgart/stuttgart_000166_000019_leftImg8bit.png,1,1960,383,2045,548
633,train/stuttgart/stuttgart_000166_000019_leftImg8bit.png,1,1029,379,1628,593
634,train/stuttgart/stuttgart_000166_000019_leftImg8bit.png,0,1124,78,1627,974
635,train/stuttgart/stuttgart_000065_000019_leftImg8bit.png,1,885,415,954,482
636,train/stuttgart/stuttgart_000065_000019_leftImg8bit.png,1,858,430,923,495
637,train/stuttgart/stuttgart_000065_000019_leftImg8bit.png,1,824,436,897,507
638,train/stuttgart/stuttgart_000065_000019_leftImg8bit.png,1,735,432,862,531
639,train/stuttgart/stuttgart_000065_000019_leftImg8bit.png,1,541,431,754,587
640,train/stuttgart/stuttgart_000065_000019_leftImg8bit.png,1,41,375,569,721
641,train/stuttgart/stuttgart_000065_000019_leftImg8bit.png,1,1173,405,1365,502
642,train/stuttgart/stuttgart_000065_000019_leftImg8bit.png,1,1199,424,1297,508
643,train/stuttgart/stuttgart_000065_000019_leftImg8bit.png,1,1273,427,1409,540
644,train/stuttgart/stuttgart_000065_000019_leftImg8bit.png,1,1330,425,1598,567
645,train/stuttgart/stuttgart_000065_000019_leftImg8bit.png,1,1580,391,2029,638
646,train/stuttgart/stuttgart_000065_000019_leftImg8bit.png,1,1723,446,2032,692
647,train/stuttgart/stuttgart_000065_000019_leftImg8bit.png,1,1907,407,2045,815
648,train/stuttgart/stuttgart_000152_000019_leftImg8bit.png,0,520,413,573,501
649,train/stuttgart/stuttgart_000152_000019_leftImg8bit.png,1,858,410,909,470
650,train/stuttgart/stuttgart_000152_000019_leftImg8bit.png,1,779,386,878,484
651,train/stuttgart/stuttgart_000152_000019_leftImg8bit.png,1,772,402,867,485
652,train/stuttgart/stuttgart_000152_000019_leftImg8bit.png,1,727,404,809,516
653,train/stuttgart/stuttgart_000152_000019_leftImg8bit.png,1,588,401,790,552
654,train/stuttgart/stuttgart_000152_000019_leftImg8bit.png,2,1096,310,1220,439
655,train/stuttgart/stuttgart_000152_000019_leftImg8bit.png,1,1147,386,1244,479
656,train/stuttgart/stuttgart_000152_000019_leftImg8bit.png,1,1213,389,1376,531
657,train/stuttgart/stuttgart_000152_000019_leftImg8bit.png,1,936,388,1178,538
658,train/stuttgart/stuttgart_000152_000019_leftImg8bit.png,0,1180,345,1266,554
659,train/stuttgart/stuttgart_000152_000019_leftImg8bit.png,0,1252,357,1330,554
660,train/stuttgart/stuttgart_000152_000019_leftImg8bit.png,0,1951,273,2045,735
661,train/stuttgart/stuttgart_000103_000019_leftImg8bit.png,1,841,408,913,461
662,train/stuttgart/stuttgart_000103_000019_leftImg8bit.png,5,693,404,746,458
663,train/stuttgart/stuttgart_000103_000019_leftImg8bit.png,1,759,412,857,477
664,train/stuttgart/stuttgart_000103_000019_leftImg8bit.png,0,330,356,381,509
665,train/stuttgart/stuttgart_000103_000019_leftImg8bit.png,0,380,362,432,513
666,train/stuttgart/stuttgart_000103_000019_leftImg8bit.png,0,420,366,481,512
667,train/stuttgart/stuttgart_000023_000019_leftImg8bit.png,4,1502,536,1714,686
668,train/stuttgart/stuttgart_000023_000019_leftImg8bit.png,0,524,395,625,719
669,train/stuttgart/stuttgart_000071_000019_leftImg8bit.png,1,664,437,767,526
670,train/stuttgart/stuttgart_000071_000019_leftImg8bit.png,1,520,441,688,560
671,train/stuttgart/stuttgart_000071_000019_leftImg8bit.png,1,293,453,445,568
672,train/stuttgart/stuttgart_000071_000019_leftImg8bit.png,1,-2,286,317,810
673,train/stuttgart/stuttgart_000071_000019_leftImg8bit.png,2,937,419,991,476
674,train/stuttgart/stuttgart_000071_000019_leftImg8bit.png,0,1808,417,1859,573
675,train/stuttgart/stuttgart_000071_000019_leftImg8bit.png,3,801,364,948,516
676,train/stuttgart/stuttgart_000032_000019_leftImg8bit.png,1,-2,358,455,861
677,train/stuttgart/stuttgart_000032_000019_leftImg8bit.png,1,1285,370,1397,481
678,train/stuttgart/stuttgart_000032_000019_leftImg8bit.png,2,1003,378,1109,472
679,train/stuttgart/stuttgart_000032_000019_leftImg8bit.png,5,1247,407,1377,500
680,train/stuttgart/stuttgart_000032_000019_leftImg8bit.png,0,1094,412,1159,530
681,train/stuttgart/stuttgart_000032_000019_leftImg8bit.png,4,1667,418,1947,592
682,train/stuttgart/stuttgart_000179_000019_leftImg8bit.png,1,1180,376,1246,439
683,train/stuttgart/stuttgart_000179_000019_leftImg8bit.png,1,1179,383,1266,458
684,train/stuttgart/stuttgart_000179_000019_leftImg8bit.png,5,1210,401,1263,462
685,train/stuttgart/stuttgart_000179_000019_leftImg8bit.png,5,1232,405,1299,466
686,train/stuttgart/stuttgart_000179_000019_leftImg8bit.png,5,1274,411,1359,478
687,train/stuttgart/stuttgart_000179_000019_leftImg8bit.png,0,1534,365,1612,558
688,train/stuttgart/stuttgart_000179_000019_leftImg8bit.png,0,392,384,448,461
689,train/stuttgart/stuttgart_000179_000019_leftImg8bit.png,0,308,372,394,506
690,train/stuttgart/stuttgart_000179_000019_leftImg8bit.png,0,236,365,291,433
691,train/stuttgart/stuttgart_000179_000019_leftImg8bit.png,0,138,390,204,477
692,train/stuttgart/stuttgart_000179_000019_leftImg8bit.png,0,31,381,91,481
693,train/stuttgart/stuttgart_000179_000019_leftImg8bit.png,0,69,382,129,478
694,train/stuttgart/stuttgart_000179_000019_leftImg8bit.png,0,202,338,394,670
695,train/stuttgart/stuttgart_000179_000019_leftImg8bit.png,0,442,474,499,636
696,train/stuttgart/stuttgart_000179_000019_leftImg8bit.png,0,636,339,778,629
697,train/stuttgart/stuttgart_000179_000019_leftImg8bit.png,0,529,313,692,654
698,train/stuttgart/stuttgart_000179_000019_leftImg8bit.png,0,1030,379,1084,511
699,train/stuttgart/stuttgart_000179_000019_leftImg8bit.png,0,1059,331,1190,580
700,train/stuttgart/stuttgart_000179_000019_leftImg8bit.png,0,1077,290,1134,372
701,train/stuttgart/stuttgart_000179_000019_leftImg8bit.png,0,1079,360,1179,591
702,train/stuttgart/stuttgart_000179_000019_leftImg8bit.png,0,1392,278,1598,880
703,train/stuttgart/stuttgart_000179_000019_leftImg8bit.png,0,1653,244,1941,722
704,train/stuttgart/stuttgart_000179_000019_leftImg8bit.png,0,1693,229,1934,760
705,train/stuttgart/stuttgart_000010_000019_leftImg8bit.png,1,989,440,1061,491
706,train/stuttgart/stuttgart_000010_000019_leftImg8bit.png,1,1094,419,1214,521
707,train/stuttgart/stuttgart_000010_000019_leftImg8bit.png,1,1159,427,1289,551
708,train/stuttgart/stuttgart_000010_000019_leftImg8bit.png,1,1214,428,1412,585
709,train/stuttgart/stuttgart_000010_000019_leftImg8bit.png,1,1373,320,1869,693
710,train/stuttgart/stuttgart_000010_000019_leftImg8bit.png,1,1599,443,2045,866
711,train/stuttgart/stuttgart_000182_000019_leftImg8bit.png,0,688,384,749,525
712,train/stuttgart/stuttgart_000182_000019_leftImg8bit.png,1,420,372,667,562
713,train/stuttgart/stuttgart_000182_000019_leftImg8bit.png,5,311,418,427,554
714,train/stuttgart/stuttgart_000182_000019_leftImg8bit.png,5,242,429,507,615
715,train/stuttgart/stuttgart_000182_000019_leftImg8bit.png,5,219,436,422,636
716,train/stuttgart/stuttgart_000182_000019_leftImg8bit.png,0,19,338,94,485
717,train/stuttgart/stuttgart_000182_000019_leftImg8bit.png,5,0,423,117,560
718,train/stuttgart/stuttgart_000182_000019_leftImg8bit.png,5,73,371,198,516
719,train/stuttgart/stuttgart_000182_000019_leftImg8bit.png,5,50,500,281,695
720,train/stuttgart/stuttgart_000182_000019_leftImg8bit.png,5,0,489,141,737
721,train/stuttgart/stuttgart_000182_000019_leftImg8bit.png,1,1119,379,1202,475
722,train/stuttgart/stuttgart_000182_000019_leftImg8bit.png,1,1130,418,1198,484
723,train/stuttgart/stuttgart_000182_000019_leftImg8bit.png,0,1777,398,1842,513
724,train/stuttgart/stuttgart_000182_000019_leftImg8bit.png,0,1700,380,1760,527
725,train/stuttgart/stuttgart_000182_000019_leftImg8bit.png,5,1808,394,2046,583
726,train/stuttgart/stuttgart_000182_000019_leftImg8bit.png,0,636,383,694,574
727,train/stuttgart/stuttgart_000182_000019_leftImg8bit.png,0,646,369,709,582
728,train/stuttgart/stuttgart_000182_000019_leftImg8bit.png,0,842,372,907,573
729,train/stuttgart/stuttgart_000182_000019_leftImg8bit.png,0,909,372,1014,577
730,train/stuttgart/stuttgart_000182_000019_leftImg8bit.png,4,1569,449,1745,554
731,train/stuttgart/stuttgart_000090_000019_leftImg8bit.png,0,1810,333,1916,599
732,train/stuttgart/stuttgart_000090_000019_leftImg8bit.png,0,1716,268,1866,671
733,train/stuttgart/stuttgart_000090_000019_leftImg8bit.png,0,1499,253,1647,684
734,train/stuttgart/stuttgart_000090_000019_leftImg8bit.png,1,664,410,756,463
735,train/stuttgart/stuttgart_000090_000019_leftImg8bit.png,2,568,353,683,474
736,train/stuttgart/stuttgart_000090_000019_leftImg8bit.png,1,680,423,764,490
737,train/stuttgart/stuttgart_000090_000019_leftImg8bit.png,1,0,258,293,613
738,train/stuttgart/stuttgart_000090_000019_leftImg8bit.png,1,178,280,712,709
739,train/stuttgart/stuttgart_000090_000019_leftImg8bit.png,1,-2,378,257,922
740,train/stuttgart/stuttgart_000090_000019_leftImg8bit.png,1,657,335,1499,983
741,train/stuttgart/stuttgart_000004_000019_leftImg8bit.png,2,302,233,874,644
742,train/stuttgart/stuttgart_000004_000019_leftImg8bit.png,1,1029,418,1106,477
743,train/stuttgart/stuttgart_000004_000019_leftImg8bit.png,1,1390,380,1690,682
744,train/stuttgart/stuttgart_000004_000019_leftImg8bit.png,1,1553,138,2045,992
745,train/stuttgart/stuttgart_000093_000019_leftImg8bit.png,2,878,354,975,478
746,train/stuttgart/stuttgart_000093_000019_leftImg8bit.png,1,880,430,953,485
747,train/stuttgart/stuttgart_000093_000019_leftImg8bit.png,1,840,426,909,499
748,train/stuttgart/stuttgart_000093_000019_leftImg8bit.png,1,810,426,871,522
749,train/stuttgart/stuttgart_000093_000019_leftImg8bit.png,1,675,408,847,543
750,train/stuttgart/stuttgart_000093_000019_leftImg8bit.png,1,235,338,656,655
751,train/stuttgart/stuttgart_000093_000019_leftImg8bit.png,1,-2,360,307,788
752,train/stuttgart/stuttgart_000093_000019_leftImg8bit.png,1,1133,414,1232,493
753,train/stuttgart/stuttgart_000093_000019_leftImg8bit.png,1,1189,396,1305,515
754,train/stuttgart/stuttgart_000093_000019_leftImg8bit.png,1,1202,422,1281,530
755,train/stuttgart/stuttgart_000093_000019_leftImg8bit.png,1,1238,410,1328,543
756,train/stuttgart/stuttgart_000093_000019_leftImg8bit.png,1,1261,395,1486,584
757,train/stuttgart/stuttgart_000093_000019_leftImg8bit.png,1,1410,390,1920,718
758,train/stuttgart/stuttgart_000093_000019_leftImg8bit.png,4,1936,431,2045,602
759,train/stuttgart/stuttgart_000165_000019_leftImg8bit.png,1,780,470,872,531
760,train/stuttgart/stuttgart_000165_000019_leftImg8bit.png,0,1360,375,1484,679
761,train/stuttgart/stuttgart_000165_000019_leftImg8bit.png,0,1404,361,1558,685
762,train/stuttgart/stuttgart_000025_000019_leftImg8bit.png,1,948,399,1010,455
763,train/stuttgart/stuttgart_000025_000019_leftImg8bit.png,1,764,364,932,525
764,train/stuttgart/stuttgart_000025_000019_leftImg8bit.png,1,749,386,849,574
765,train/stuttgart/stuttgart_000025_000019_leftImg8bit.png,1,270,262,806,688
766,train/stuttgart/stuttgart_000025_000019_leftImg8bit.png,1,-2,318,503,1021
767,train/stuttgart/stuttgart_000025_000019_leftImg8bit.png,1,1162,406,1231,515
768,train/stuttgart/stuttgart_000025_000019_leftImg8bit.png,1,1176,410,1258,528
769,train/stuttgart/stuttgart_000025_000019_leftImg8bit.png,1,1207,404,1317,553
770,train/stuttgart/stuttgart_000025_000019_leftImg8bit.png,1,1241,402,1523,596
771,train/stuttgart/stuttgart_000025_000019_leftImg8bit.png,1,1468,248,2045,941
772,train/stuttgart/stuttgart_000139_000019_leftImg8bit.png,1,832,416,918,500
773,train/stuttgart/stuttgart_000139_000019_leftImg8bit.png,1,448,402,846,624
774,train/stuttgart/stuttgart_000139_000019_leftImg8bit.png,1,1032,403,1099,475
775,train/stuttgart/stuttgart_000139_000019_leftImg8bit.png,1,1167,407,1246,493
776,train/stuttgart/stuttgart_000139_000019_leftImg8bit.png,1,1189,422,1248,502
777,train/stuttgart/stuttgart_000139_000019_leftImg8bit.png,1,1207,405,1288,515
778,train/stuttgart/stuttgart_000139_000019_leftImg8bit.png,1,1263,357,1480,557
779,train/stuttgart/stuttgart_000139_000019_leftImg8bit.png,1,1317,409,1512,596
780,train/stuttgart/stuttgart_000139_000019_leftImg8bit.png,1,1401,387,1869,685
781,train/stuttgart/stuttgart_000139_000019_leftImg8bit.png,1,1842,166,2047,961
782,train/stuttgart/stuttgart_000015_000019_leftImg8bit.png,2,1063,368,1165,459
783,train/stuttgart/stuttgart_000015_000019_leftImg8bit.png,1,413,429,472,495
784,train/stuttgart/stuttgart_000015_000019_leftImg8bit.png,1,1553,410,1643,464
785,train/stuttgart/stuttgart_000015_000019_leftImg8bit.png,2,1446,345,1563,487
786,train/stuttgart/stuttgart_000015_000019_leftImg8bit.png,1,1436,426,1497,501
787,train/stuttgart/stuttgart_000015_000019_leftImg8bit.png,1,1394,427,1490,522
788,train/stuttgart/stuttgart_000015_000019_leftImg8bit.png,1,1178,398,1438,620
789,train/stuttgart/stuttgart_000015_000019_leftImg8bit.png,1,447,398,606,508
790,train/stuttgart/stuttgart_000044_000019_leftImg8bit.png,1,1691,342,1771,393
791,train/stuttgart/stuttgart_000044_000019_leftImg8bit.png,1,1362,351,1451,403
792,train/stuttgart/stuttgart_000044_000019_leftImg8bit.png,1,1488,390,1567,446
793,train/stuttgart/stuttgart_000044_000019_leftImg8bit.png,2,1207,318,1380,412
794,train/stuttgart/stuttgart_000044_000019_leftImg8bit.png,1,1075,350,1247,403
795,train/stuttgart/stuttgart_000044_000019_leftImg8bit.png,1,1011,355,1121,409
796,train/stuttgart/stuttgart_000044_000019_leftImg8bit.png,1,1049,373,1161,424
797,train/stuttgart/stuttgart_000044_000019_leftImg8bit.png,1,1016,393,1097,448
798,train/stuttgart/stuttgart_000044_000019_leftImg8bit.png,1,923,365,1032,461
799,train/stuttgart/stuttgart_000044_000019_leftImg8bit.png,1,911,397,968,471
800,train/stuttgart/stuttgart_000044_000019_leftImg8bit.png,1,710,378,805,439
801,train/stuttgart/stuttgart_000044_000019_leftImg8bit.png,1,788,352,934,478
802,train/stuttgart/stuttgart_000044_000019_leftImg8bit.png,1,694,407,836,494
803,train/stuttgart/stuttgart_000044_000019_leftImg8bit.png,1,572,401,709,515
804,train/stuttgart/stuttgart_000044_000019_leftImg8bit.png,1,390,382,601,525
805,train/stuttgart/stuttgart_000044_000019_leftImg8bit.png,1,125,411,422,562
806,train/stuttgart/stuttgart_000044_000019_leftImg8bit.png,1,0,339,132,544
807,train/stuttgart/stuttgart_000044_000019_leftImg8bit.png,1,0,402,94,589
808,train/stuttgart/stuttgart_000044_000019_leftImg8bit.png,1,1053,385,1367,639
809,train/stuttgart/stuttgart_000045_000019_leftImg8bit.png,1,783,352,901,489
810,train/stuttgart/stuttgart_000045_000019_leftImg8bit.png,1,1288,412,1547,550
811,train/stuttgart/stuttgart_000045_000019_leftImg8bit.png,1,1836,378,2045,523
812,train/stuttgart/stuttgart_000045_000019_leftImg8bit.png,2,953,285,1132,536
813,train/stuttgart/stuttgart_000045_000019_leftImg8bit.png,1,410,433,512,557
814,train/stuttgart/stuttgart_000045_000019_leftImg8bit.png,1,421,417,718,615
815,train/stuttgart/stuttgart_000045_000019_leftImg8bit.png,1,818,411,1071,599
816,train/stuttgart/stuttgart_000045_000019_leftImg8bit.png,1,0,404,229,666
817,train/stuttgart/stuttgart_000007_000019_leftImg8bit.png,1,608,329,744,434
818,train/stuttgart/stuttgart_000007_000019_leftImg8bit.png,1,367,322,543,452
819,train/stuttgart/stuttgart_000007_000019_leftImg8bit.png,1,580,251,644,308
820,train/stuttgart/stuttgart_000007_000019_leftImg8bit.png,1,505,267,598,322
821,train/stuttgart/stuttgart_000112_000019_leftImg8bit.png,1,1073,329,1131,398
822,train/stuttgart/stuttgart_000112_000019_leftImg8bit.png,1,1138,351,1245,443
823,train/stuttgart/stuttgart_000112_000019_leftImg8bit.png,1,1162,364,1272,455
824,train/stuttgart/stuttgart_000112_000019_leftImg8bit.png,0,1336,342,1392,429
825,train/stuttgart/stuttgart_000112_000019_leftImg8bit.png,1,1207,371,1380,462
826,train/stuttgart/stuttgart_000112_000019_leftImg8bit.png,5,1518,386,1596,492
827,train/stuttgart/stuttgart_000112_000019_leftImg8bit.png,5,398,346,481,496
828,train/stuttgart/stuttgart_000112_000019_leftImg8bit.png,1,839,363,895,445
829,train/stuttgart/stuttgart_000112_000019_leftImg8bit.png,1,813,365,888,448
830,train/stuttgart/stuttgart_000112_000019_leftImg8bit.png,1,776,369,848,475
831,train/stuttgart/stuttgart_000112_000019_leftImg8bit.png,1,658,356,809,499
832,train/stuttgart/stuttgart_000112_000019_leftImg8bit.png,1,554,381,767,537
833,train/stuttgart/stuttgart_000100_000019_leftImg8bit.png,3,961,381,1051,503
834,train/stuttgart/stuttgart_000100_000019_leftImg8bit.png,1,1101,430,1185,510
835,train/stuttgart/stuttgart_000100_000019_leftImg8bit.png,4,1694,527,1917,658
836,train/stuttgart/stuttgart_000100_000019_leftImg8bit.png,0,1594,404,1675,519
837,train/stuttgart/stuttgart_000100_000019_leftImg8bit.png,2,628,339,795,481
838,train/stuttgart/stuttgart_000100_000019_leftImg8bit.png,1,595,441,711,517
839,train/stuttgart/stuttgart_000100_000019_leftImg8bit.png,1,694,416,843,544
840,train/stuttgart/stuttgart_000100_000019_leftImg8bit.png,1,542,428,612,523
841,train/stuttgart/stuttgart_000100_000019_leftImg8bit.png,1,486,425,583,548
842,train/stuttgart/stuttgart_000100_000019_leftImg8bit.png,1,258,409,508,578
843,train/stuttgart/stuttgart_000100_000019_leftImg8bit.png,1,826,438,1076,636
844,train/stuttgart/stuttgart_000123_000019_leftImg8bit.png,1,952,416,1033,487
845,train/stuttgart/stuttgart_000123_000019_leftImg8bit.png,1,1003,415,1092,500
846,train/stuttgart/stuttgart_000123_000019_leftImg8bit.png,1,1072,425,1179,523
847,train/stuttgart/stuttgart_000123_000019_leftImg8bit.png,2,736,406,806,480
848,train/stuttgart/stuttgart_000123_000019_leftImg8bit.png,1,577,418,694,548
849,train/stuttgart/stuttgart_000123_000019_leftImg8bit.png,1,458,418,632,581
850,train/stuttgart/stuttgart_000123_000019_leftImg8bit.png,1,291,428,543,626
851,train/stuttgart/stuttgart_000123_000019_leftImg8bit.png,1,1112,420,1268,552
852,train/stuttgart/stuttgart_000123_000019_leftImg8bit.png,1,1211,411,1501,600
853,train/stuttgart/stuttgart_000123_000019_leftImg8bit.png,1,1449,381,2043,794
854,train/stuttgart/stuttgart_000123_000019_leftImg8bit.png,1,1762,444,2043,938
855,train/stuttgart/stuttgart_000123_000019_leftImg8bit.png,1,-2,438,370,747
856,train/stuttgart/stuttgart_000174_000019_leftImg8bit.png,1,1130,431,1189,482
857,train/stuttgart/stuttgart_000174_000019_leftImg8bit.png,1,1044,427,1149,511
858,train/stuttgart/stuttgart_000174_000019_leftImg8bit.png,2,1208,190,1608,593
859,train/stuttgart/stuttgart_000118_000019_leftImg8bit.png,1,1041,368,1106,429
860,train/stuttgart/stuttgart_000118_000019_leftImg8bit.png,1,1261,356,1338,444
861,train/stuttgart/stuttgart_000118_000019_leftImg8bit.png,1,1301,348,1424,468
862,train/stuttgart/stuttgart_000118_000019_leftImg8bit.png,1,1353,358,1612,543
863,train/stuttgart/stuttgart_000118_000019_leftImg8bit.png,1,986,366,1060,461
864,train/stuttgart/stuttgart_000118_000019_leftImg8bit.png,1,872,361,1019,498
865,train/stuttgart/stuttgart_000118_000019_leftImg8bit.png,1,820,369,960,536
866,train/stuttgart/stuttgart_000118_000019_leftImg8bit.png,1,787,369,903,600
867,train/stuttgart/stuttgart_000118_000019_leftImg8bit.png,1,1674,177,2044,1023
868,train/stuttgart/stuttgart_000118_000019_leftImg8bit.png,1,172,308,821,742
869,train/stuttgart/stuttgart_000191_000019_leftImg8bit.png,1,763,409,869,485
870,train/stuttgart/stuttgart_000191_000019_leftImg8bit.png,1,609,406,798,516
871,train/stuttgart/stuttgart_000191_000019_leftImg8bit.png,1,454,391,568,475
872,train/stuttgart/stuttgart_000191_000019_leftImg8bit.png,1,170,362,324,440
873,train/stuttgart/stuttgart_000191_000019_leftImg8bit.png,1,261,386,390,475
874,train/stuttgart/stuttgart_000191_000019_leftImg8bit.png,1,307,402,459,492
875,train/stuttgart/stuttgart_000191_000019_leftImg8bit.png,1,-2,383,170,539
876,train/stuttgart/stuttgart_000191_000019_leftImg8bit.png,1,1843,425,2046,512
877,train/stuttgart/stuttgart_000191_000019_leftImg8bit.png,1,1092,393,1351,532
878,train/stuttgart/stuttgart_000191_000019_leftImg8bit.png,1,1333,397,1828,603
879,train/stuttgart/stuttgart_000030_000019_leftImg8bit.png,2,967,382,1022,455
880,train/stuttgart/stuttgart_000030_000019_leftImg8bit.png,0,357,282,530,691
881,train/stuttgart/stuttgart_000030_000019_leftImg8bit.png,0,286,394,454,723
882,train/stuttgart/stuttgart_000030_000019_leftImg8bit.png,0,402,331,539,740
883,train/stuttgart/stuttgart_000030_000019_leftImg8bit.png,0,751,258,904,706
884,train/stuttgart/stuttgart_000030_000019_leftImg8bit.png,0,640,236,808,857
885,train/stuttgart/stuttgart_000030_000019_leftImg8bit.png,0,507,173,706,917
886,train/stuttgart/stuttgart_000080_000019_leftImg8bit.png,1,728,400,847,508
887,train/stuttgart/stuttgart_000080_000019_leftImg8bit.png,1,195,422,297,509
888,train/stuttgart/stuttgart_000080_000019_leftImg8bit.png,1,151,433,245,536
889,train/stuttgart/stuttgart_000080_000019_leftImg8bit.png,1,0,433,225,572
890,train/stuttgart/stuttgart_000188_000019_leftImg8bit.png,1,1108,402,1174,461
891,train/stuttgart/stuttgart_000188_000019_leftImg8bit.png,2,1242,294,1392,446
892,train/stuttgart/stuttgart_000188_000019_leftImg8bit.png,2,1370,278,1528,472
893,train/stuttgart/stuttgart_000188_000019_leftImg8bit.png,0,1416,398,1473,520
894,train/stuttgart/stuttgart_000188_000019_leftImg8bit.png,5,1805,377,2046,753
895,train/stuttgart/stuttgart_000188_000019_leftImg8bit.png,1,801,396,905,499
896,train/stuttgart/stuttgart_000188_000019_leftImg8bit.png,5,643,419,695,488
897,train/stuttgart/stuttgart_000188_000019_leftImg8bit.png,1,737,411,870,524
898,train/stuttgart/stuttgart_000188_000019_leftImg8bit.png,0,257,395,308,517
899,train/stuttgart/stuttgart_000188_000019_leftImg8bit.png,5,-2,401,202,725
900,train/stuttgart/stuttgart_000058_000019_leftImg8bit.png,1,704,323,760,375
901,train/stuttgart/stuttgart_000058_000019_leftImg8bit.png,1,686,328,743,379
902,train/stuttgart/stuttgart_000058_000019_leftImg8bit.png,1,541,328,643,409
903,train/stuttgart/stuttgart_000058_000019_leftImg8bit.png,1,814,325,875,381
904,train/stuttgart/stuttgart_000058_000019_leftImg8bit.png,1,757,337,857,412
905,train/stuttgart/stuttgart_000058_000019_leftImg8bit.png,1,606,360,756,476
906,train/stuttgart/stuttgart_000058_000019_leftImg8bit.png,1,334,370,642,577
907,train/stuttgart/stuttgart_000058_000019_leftImg8bit.png,1,1420,338,1576,461
908,train/stuttgart/stuttgart_000058_000019_leftImg8bit.png,1,1118,334,1220,413
909,train/stuttgart/stuttgart_000058_000019_leftImg8bit.png,1,1139,350,1242,435
910,train/stuttgart/stuttgart_000058_000019_leftImg8bit.png,1,921,379,1174,576
911,train/stuttgart/stuttgart_000092_000019_leftImg8bit.png,1,517,401,774,466
912,train/stuttgart/stuttgart_000092_000019_leftImg8bit.png,1,1768,385,2042,448
913,train/stuttgart/stuttgart_000092_000019_leftImg8bit.png,1,1647,398,1762,453
914,train/stuttgart/stuttgart_000092_000019_leftImg8bit.png,1,1409,400,1636,464
915,train/stuttgart/stuttgart_000092_000019_leftImg8bit.png,5,1732,408,1893,582
916,train/stuttgart/stuttgart_000092_000019_leftImg8bit.png,0,867,231,1065,802
917,train/stuttgart/stuttgart_000092_000019_leftImg8bit.png,0,1240,258,1437,755
918,train/stuttgart/stuttgart_000092_000019_leftImg8bit.png,0,1098,296,1292,784
919,train/stuttgart/stuttgart_000052_000019_leftImg8bit.png,2,582,416,641,478
920,train/stuttgart/stuttgart_000052_000019_leftImg8bit.png,1,447,471,542,525
921,train/stuttgart/stuttgart_000052_000019_leftImg8bit.png,1,299,468,435,543
922,train/stuttgart/stuttgart_000052_000019_leftImg8bit.png,1,-2,334,170,574
923,train/stuttgart/stuttgart_000052_000019_leftImg8bit.png,1,813,444,885,511
924,train/stuttgart/stuttgart_000078_000019_leftImg8bit.png,1,520,414,596,474
925,train/stuttgart/stuttgart_000078_000019_leftImg8bit.png,1,1032,331,1340,558
926,train/stuttgart/stuttgart_000029_000019_leftImg8bit.png,1,1742,383,1975,479
927,train/stuttgart/stuttgart_000029_000019_leftImg8bit.png,2,1039,369,1096,459
928,train/stuttgart/stuttgart_000029_000019_leftImg8bit.png,0,1570,377,1626,529
929,train/stuttgart/stuttgart_000029_000019_leftImg8bit.png,0,1641,404,1698,533
930,train/stuttgart/stuttgart_000029_000019_leftImg8bit.png,1,1362,403,1547,527
931,train/stuttgart/stuttgart_000029_000019_leftImg8bit.png,1,412,387,768,622
932,train/stuttgart/stuttgart_000029_000019_leftImg8bit.png,1,918,417,977,479
933,train/stuttgart/stuttgart_000029_000019_leftImg8bit.png,1,827,417,945,502
934,train/stuttgart/stuttgart_000046_000019_leftImg8bit.png,1,39,451,251,527
935,train/stuttgart/stuttgart_000046_000019_leftImg8bit.png,1,216,464,381,522
936,train/stuttgart/stuttgart_000046_000019_leftImg8bit.png,1,1849,385,2024,465
937,train/stuttgart/stuttgart_000046_000019_leftImg8bit.png,1,1727,392,1842,457
938,train/stuttgart/stuttgart_000046_000019_leftImg8bit.png,1,1573,373,1757,496
939,train/stuttgart/stuttgart_000046_000019_leftImg8bit.png,1,1109,389,1273,520
940,train/stuttgart/stuttgart_000046_000019_leftImg8bit.png,1,442,390,913,637
941,train/stuttgart/stuttgart_000046_000019_leftImg8bit.png,2,1186,115,1626,571
942,train/stuttgart/stuttgart_000111_000019_leftImg8bit.png,1,684,432,776,495
943,train/stuttgart/stuttgart_000111_000019_leftImg8bit.png,5,765,424,822,507
944,train/stuttgart/stuttgart_000111_000019_leftImg8bit.png,1,571,429,687,513
945,train/stuttgart/stuttgart_000111_000019_leftImg8bit.png,1,435,418,596,527
946,train/stuttgart/stuttgart_000111_000019_leftImg8bit.png,1,0,436,107,631
947,train/stuttgart/stuttgart_000111_000019_leftImg8bit.png,1,25,413,441,659
948,train/stuttgart/stuttgart_000153_000019_leftImg8bit.png,1,1198,423,1276,497
949,train/stuttgart/stuttgart_000153_000019_leftImg8bit.png,1,1212,429,1310,504
950,train/stuttgart/stuttgart_000153_000019_leftImg8bit.png,1,1238,436,1289,518
951,train/stuttgart/stuttgart_000153_000019_leftImg8bit.png,1,1249,438,1321,521
952,train/stuttgart/stuttgart_000153_000019_leftImg8bit.png,1,1285,438,1413,535
953,train/stuttgart/stuttgart_000153_000019_leftImg8bit.png,1,1368,467,1479,592
954,train/stuttgart/stuttgart_000153_000019_leftImg8bit.png,2,1408,72,2044,719
955,train/stuttgart/stuttgart_000153_000019_leftImg8bit.png,1,1075,424,1221,546
956,train/stuttgart/stuttgart_000153_000019_leftImg8bit.png,1,950,427,1022,493
957,train/stuttgart/stuttgart_000153_000019_leftImg8bit.png,1,922,411,979,515
958,train/stuttgart/stuttgart_000153_000019_leftImg8bit.png,1,807,408,963,548
959,train/stuttgart/stuttgart_000153_000019_leftImg8bit.png,1,750,425,901,573
960,train/stuttgart/stuttgart_000153_000019_leftImg8bit.png,1,405,334,770,660
961,train/stuttgart/stuttgart_000153_000019_leftImg8bit.png,1,-1,370,634,797
962,train/stuttgart/stuttgart_000075_000019_leftImg8bit.png,1,1149,401,1205,464
963,train/stuttgart/stuttgart_000075_000019_leftImg8bit.png,1,1191,411,1268,481
964,train/stuttgart/stuttgart_000075_000019_leftImg8bit.png,1,1213,422,1293,493
965,train/stuttgart/stuttgart_000075_000019_leftImg8bit.png,1,1246,425,1309,508
966,train/stuttgart/stuttgart_000075_000019_leftImg8bit.png,1,1265,423,1401,523
967,train/stuttgart/stuttgart_000075_000019_leftImg8bit.png,1,1352,417,1571,576
968,train/stuttgart/stuttgart_000075_000019_leftImg8bit.png,1,1517,398,1879,663
969,train/stuttgart/stuttgart_000075_000019_leftImg8bit.png,1,1705,429,2047,806
970,train/stuttgart/stuttgart_000075_000019_leftImg8bit.png,1,871,425,923,477
971,train/stuttgart/stuttgart_000075_000019_leftImg8bit.png,1,836,425,903,484
972,train/stuttgart/stuttgart_000075_000019_leftImg8bit.png,1,779,421,870,490
973,train/stuttgart/stuttgart_000075_000019_leftImg8bit.png,1,1035,403,1126,483
974,train/stuttgart/stuttgart_000075_000019_leftImg8bit.png,1,40,405,225,512
975,train/stuttgart/stuttgart_000075_000019_leftImg8bit.png,1,605,413,744,526
976,train/stuttgart/stuttgart_000075_000019_leftImg8bit.png,1,429,417,673,560
977,train/stuttgart/stuttgart_000115_000019_leftImg8bit.png,5,1489,459,1615,567
978,train/stuttgart/stuttgart_000115_000019_leftImg8bit.png,1,1959,497,2045,593
979,train/stuttgart/stuttgart_000115_000019_leftImg8bit.png,1,357,418,562,496
980,train/stuttgart/stuttgart_000170_000019_leftImg8bit.png,1,1764,404,1920,463
981,train/stuttgart/stuttgart_000170_000019_leftImg8bit.png,1,1933,404,2045,468
982,train/stuttgart/stuttgart_000170_000019_leftImg8bit.png,1,1296,390,1435,464
983,train/stuttgart/stuttgart_000170_000019_leftImg8bit.png,1,591,425,696,501
984,train/stuttgart/stuttgart_000170_000019_leftImg8bit.png,0,-2,497,122,777
985,train/stuttgart/stuttgart_000170_000019_leftImg8bit.png,0,497,261,666,865
986,train/stuttgart/stuttgart_000170_000019_leftImg8bit.png,0,333,177,730,928
987,train/stuttgart/stuttgart_000170_000019_leftImg8bit.png,0,867,187,1176,1023
988,train/stuttgart/stuttgart_000170_000019_leftImg8bit.png,0,661,108,1107,1022
989,train/stuttgart/stuttgart_000170_000019_leftImg8bit.png,0,1943,649,2045,834
990,train/stuttgart/stuttgart_000170_000019_leftImg8bit.png,0,1368,248,1569,815
991,train/stuttgart/stuttgart_000105_000019_leftImg8bit.png,1,843,415,918,478
992,train/stuttgart/stuttgart_000105_000019_leftImg8bit.png,1,481,407,627,521
993,train/stuttgart/stuttgart_000105_000019_leftImg8bit.png,2,605,310,864,538
994,train/stuttgart/stuttgart_000105_000019_leftImg8bit.png,1,193,399,423,575
995,train/stuttgart/stuttgart_000105_000019_leftImg8bit.png,1,0,385,269,644
996,train/stuttgart/stuttgart_000148_000019_leftImg8bit.png,1,1208,383,1273,440
997,train/stuttgart/stuttgart_000148_000019_leftImg8bit.png,1,1235,393,1333,468
998,train/stuttgart/stuttgart_000148_000019_leftImg8bit.png,1,1422,407,1588,575
999,train/stuttgart/stuttgart_000148_000019_leftImg8bit.png,1,1528,394,1858,655
1000,train/stuttgart/stuttgart_000148_000019_leftImg8bit.png,1,1704,363,2046,826
1001,train/stuttgart/stuttgart_000148_000019_leftImg8bit.png,1,979,376,1034,451
1002,train/stuttgart/stuttgart_000148_000019_leftImg8bit.png,1,909,355,1016,465
1003,train/stuttgart/stuttgart_000148_000019_leftImg8bit.png,1,475,356,793,618
1004,train/stuttgart/stuttgart_000148_000019_leftImg8bit.png,1,-2,361,516,822
1005,train/stuttgart/stuttgart_000148_000019_leftImg8bit.png,4,1412,465,1534,698
1006,train/stuttgart/stuttgart_000168_000019_leftImg8bit.png,1,477,423,657,475
1007,train/stuttgart/stuttgart_000168_000019_leftImg8bit.png,1,1241,392,1456,477
1008,train/stuttgart/stuttgart_000168_000019_leftImg8bit.png,4,1046,459,1437,686
1009,train/stuttgart/stuttgart_000168_000019_leftImg8bit.png,1,1825,394,1924,455
1010,train/stuttgart/stuttgart_000168_000019_leftImg8bit.png,1,1594,385,1760,465
1011,train/stuttgart/stuttgart_000168_000019_leftImg8bit.png,1,1703,397,1869,469
1012,train/stuttgart/stuttgart_000168_000019_leftImg8bit.png,4,1046,459,1437,686
1013,train/stuttgart/stuttgart_000083_000019_leftImg8bit.png,1,1038,437,1143,495
1014,train/stuttgart/stuttgart_000083_000019_leftImg8bit.png,1,965,443,1054,499
1015,train/stuttgart/stuttgart_000083_000019_leftImg8bit.png,5,660,457,756,523
1016,train/stuttgart/stuttgart_000083_000019_leftImg8bit.png,1,151,461,287,567
1017,train/stuttgart/stuttgart_000083_000019_leftImg8bit.png,1,265,462,528,575
1018,train/stuttgart/stuttgart_000083_000019_leftImg8bit.png,2,1276,372,1390,488
1019,train/stuttgart/stuttgart_000083_000019_leftImg8bit.png,1,1307,421,1418,550
1020,train/stuttgart/stuttgart_000083_000019_leftImg8bit.png,1,1373,376,1635,606
1021,train/stuttgart/stuttgart_000083_000019_leftImg8bit.png,1,1602,213,2045,751
1022,train/stuttgart/stuttgart_000047_000019_leftImg8bit.png,1,710,400,838,504
1023,train/stuttgart/stuttgart_000047_000019_leftImg8bit.png,2,320,330,466,514
1024,train/stuttgart/stuttgart_000047_000019_leftImg8bit.png,1,64,391,278,531
1025,train/stuttgart/stuttgart_000047_000019_leftImg8bit.png,1,468,434,580,509
1026,train/stuttgart/stuttgart_000047_000019_leftImg8bit.png,2,830,1,1340,642
1027,train/stuttgart/stuttgart_000108_000019_leftImg8bit.png,1,1090,389,1196,481
1028,train/stuttgart/stuttgart_000108_000019_leftImg8bit.png,1,1135,404,1220,502
1029,train/stuttgart/stuttgart_000108_000019_leftImg8bit.png,1,774,409,852,484
1030,train/stuttgart/stuttgart_000108_000019_leftImg8bit.png,1,1168,401,1278,519
1031,train/stuttgart/stuttgart_000108_000019_leftImg8bit.png,1,1208,402,1326,541
1032,train/stuttgart/stuttgart_000108_000019_leftImg8bit.png,1,1255,385,1429,577
1033,train/stuttgart/stuttgart_000108_000019_leftImg8bit.png,1,1344,373,1678,630
1034,train/stuttgart/stuttgart_000108_000019_leftImg8bit.png,1,1563,383,2047,822
1035,train/stuttgart/stuttgart_000108_000019_leftImg8bit.png,1,0,578,89,907
1036,train/stuttgart/stuttgart_000108_000019_leftImg8bit.png,1,685,377,800,521
1037,train/stuttgart/stuttgart_000108_000019_leftImg8bit.png,1,513,371,746,563
1038,train/stuttgart/stuttgart_000076_000019_leftImg8bit.png,1,1147,414,1242,491
1039,train/stuttgart/stuttgart_000076_000019_leftImg8bit.png,1,1190,425,1300,511
1040,train/stuttgart/stuttgart_000076_000019_leftImg8bit.png,0,1767,343,1854,596
1041,train/stuttgart/stuttgart_000076_000019_leftImg8bit.png,1,758,416,829,508
1042,train/stuttgart/stuttgart_000076_000019_leftImg8bit.png,1,604,414,760,540
1043,train/stuttgart/stuttgart_000076_000019_leftImg8bit.png,1,1014,425,1067,477
1044,train/stuttgart/stuttgart_000076_000019_leftImg8bit.png,1,259,426,487,617
1045,train/stuttgart/stuttgart_000076_000019_leftImg8bit.png,1,-2,435,326,686
1046,train/stuttgart/stuttgart_000193_000019_leftImg8bit.png,1,785,421,864,475
1047,train/stuttgart/stuttgart_000193_000019_leftImg8bit.png,1,484,395,686,528
1048,train/stuttgart/stuttgart_000193_000019_leftImg8bit.png,0,1763,303,1911,665
1049,train/stuttgart/stuttgart_000193_000019_leftImg8bit.png,0,1926,291,2046,661
1050,train/stuttgart/stuttgart_000193_000019_leftImg8bit.png,1,962,389,1182,581
1051,train/stuttgart/stuttgart_000081_000019_leftImg8bit.png,2,964,393,1020,457
1052,train/stuttgart/stuttgart_000081_000019_leftImg8bit.png,1,1179,426,1248,488
1053,train/stuttgart/stuttgart_000081_000019_leftImg8bit.png,1,1036,412,1195,492
1054,train/stuttgart/stuttgart_000081_000019_leftImg8bit.png,1,1207,422,1265,503
1055,train/stuttgart/stuttgart_000081_000019_leftImg8bit.png,1,1229,396,1370,523
1056,train/stuttgart/stuttgart_000081_000019_leftImg8bit.png,1,1268,412,1430,543
1057,train/stuttgart/stuttgart_000081_000019_leftImg8bit.png,1,1378,390,1588,603
1058,train/stuttgart/stuttgart_000081_000019_leftImg8bit.png,1,1442,249,1870,662
1059,train/stuttgart/stuttgart_000081_000019_leftImg8bit.png,1,1617,324,2044,820
1060,train/stuttgart/stuttgart_000081_000019_leftImg8bit.png,1,802,410,873,477
1061,train/stuttgart/stuttgart_000081_000019_leftImg8bit.png,1,797,426,848,480
1062,train/stuttgart/stuttgart_000081_000019_leftImg8bit.png,1,843,400,950,488
1063,train/stuttgart/stuttgart_000081_000019_leftImg8bit.png,1,723,409,825,493
1064,train/stuttgart/stuttgart_000081_000019_leftImg8bit.png,1,672,422,777,503
1065,train/stuttgart/stuttgart_000081_000019_leftImg8bit.png,1,577,419,681,517
1066,train/stuttgart/stuttgart_000081_000019_leftImg8bit.png,1,493,415,618,531
1067,train/stuttgart/stuttgart_000081_000019_leftImg8bit.png,1,312,412,551,556
1068,train/stuttgart/stuttgart_000081_000019_leftImg8bit.png,1,-2,374,326,615
1069,train/stuttgart/stuttgart_000176_000019_leftImg8bit.png,1,1269,378,1339,457
1070,train/stuttgart/stuttgart_000176_000019_leftImg8bit.png,1,1479,406,1599,507
1071,train/stuttgart/stuttgart_000176_000019_leftImg8bit.png,1,1528,406,1712,526
1072,train/stuttgart/stuttgart_000176_000019_leftImg8bit.png,1,1001,408,1134,500
1073,train/stuttgart/stuttgart_000176_000019_leftImg8bit.png,5,117,397,178,453
1074,train/stuttgart/stuttgart_000176_000019_leftImg8bit.png,1,1310,409,1390,471
1075,train/stuttgart/stuttgart_000062_000019_leftImg8bit.png,1,1044,415,1098,475
1076,train/stuttgart/stuttgart_000062_000019_leftImg8bit.png,1,1065,415,1128,476
1077,train/stuttgart/stuttgart_000062_000019_leftImg8bit.png,1,1100,423,1156,491
1078,train/stuttgart/stuttgart_000062_000019_leftImg8bit.png,1,1124,416,1220,500
1079,train/stuttgart/stuttgart_000062_000019_leftImg8bit.png,1,1155,421,1244,513
1080,train/stuttgart/stuttgart_000062_000019_leftImg8bit.png,1,1203,417,1341,537
1081,train/stuttgart/stuttgart_000062_000019_leftImg8bit.png,1,1262,413,1428,566
1082,train/stuttgart/stuttgart_000062_000019_leftImg8bit.png,1,1349,414,1651,611
1083,train/stuttgart/stuttgart_000062_000019_leftImg8bit.png,1,1595,396,2046,765
1084,train/stuttgart/stuttgart_000062_000019_leftImg8bit.png,1,1870,482,2044,860
1085,train/stuttgart/stuttgart_000064_000019_leftImg8bit.png,1,1148,421,1216,486
1086,train/stuttgart/stuttgart_000064_000019_leftImg8bit.png,1,1154,425,1206,491
1087,train/stuttgart/stuttgart_000064_000019_leftImg8bit.png,1,1160,425,1254,500
1088,train/stuttgart/stuttgart_000064_000019_leftImg8bit.png,1,1274,405,1415,603
1089,train/stuttgart/stuttgart_000064_000019_leftImg8bit.png,1,1318,398,1660,677
1090,train/stuttgart/stuttgart_000064_000019_leftImg8bit.png,1,1537,326,2045,880
1091,train/stuttgart/stuttgart_000064_000019_leftImg8bit.png,1,363,454,464,550
1092,train/stuttgart/stuttgart_000064_000019_leftImg8bit.png,1,538,432,674,571
1093,train/stuttgart/stuttgart_000064_000019_leftImg8bit.png,1,622,404,875,607
1094,train/stuttgart/stuttgart_000064_000019_leftImg8bit.png,1,25,451,212,594
1095,train/stuttgart/stuttgart_000064_000019_leftImg8bit.png,2,-2,208,100,575
1096,train/stuttgart/stuttgart_000147_000019_leftImg8bit.png,1,738,393,875,498
1097,train/stuttgart/stuttgart_000147_000019_leftImg8bit.png,1,727,403,847,512
1098,train/stuttgart/stuttgart_000147_000019_leftImg8bit.png,1,466,377,764,587
1099,train/stuttgart/stuttgart_000147_000019_leftImg8bit.png,1,917,374,977,428
1100,train/stuttgart/stuttgart_000147_000019_leftImg8bit.png,1,903,378,965,434
1101,train/stuttgart/stuttgart_000147_000019_leftImg8bit.png,1,879,379,958,442
1102,train/stuttgart/stuttgart_000147_000019_leftImg8bit.png,1,-2,451,50,888
1103,train/stuttgart/stuttgart_000147_000019_leftImg8bit.png,1,1168,382,1245,448
1104,train/stuttgart/stuttgart_000147_000019_leftImg8bit.png,1,1214,399,1269,488
1105,train/stuttgart/stuttgart_000147_000019_leftImg8bit.png,1,1228,380,1411,523
1106,train/stuttgart/stuttgart_000147_000019_leftImg8bit.png,1,1491,353,2046,762
1107,train/stuttgart/stuttgart_000131_000019_leftImg8bit.png,0,493,319,749,800
1108,train/stuttgart/stuttgart_000131_000019_leftImg8bit.png,0,562,348,679,816
1109,train/stuttgart/stuttgart_000131_000019_leftImg8bit.png,1,-2,370,350,787
1110,train/stuttgart/stuttgart_000131_000019_leftImg8bit.png,1,1637,426,2045,756
1111,train/stuttgart/stuttgart_000054_000019_leftImg8bit.png,1,-2,425,91,519
1112,train/stuttgart/stuttgart_000054_000019_leftImg8bit.png,1,1173,428,1226,481
1113,train/stuttgart/stuttgart_000054_000019_leftImg8bit.png,1,1183,423,1277,498
1114,train/stuttgart/stuttgart_000054_000019_leftImg8bit.png,1,988,406,1167,551
1115,train/stuttgart/stuttgart_000054_000019_leftImg8bit.png,1,1283,377,1412,492
1116,train/stuttgart/stuttgart_000054_000019_leftImg8bit.png,1,1397,332,1589,511
1117,train/stuttgart/stuttgart_000054_000019_leftImg8bit.png,1,1823,388,1953,523
1118,train/stuttgart/stuttgart_000054_000019_leftImg8bit.png,1,1909,350,2045,545
1119,train/stuttgart/stuttgart_000054_000019_leftImg8bit.png,1,1458,379,1918,661
1120,train/stuttgart/stuttgart_000121_000019_leftImg8bit.png,1,864,382,1008,510
1121,train/stuttgart/stuttgart_000121_000019_leftImg8bit.png,1,730,429,784,483
1122,train/stuttgart/stuttgart_000121_000019_leftImg8bit.png,1,438,439,523,502
1123,train/stuttgart/stuttgart_000121_000019_leftImg8bit.png,1,504,402,650,508
1124,train/stuttgart/stuttgart_000121_000019_leftImg8bit.png,0,1223,359,1279,464
1125,train/stuttgart/stuttgart_000172_000019_leftImg8bit.png,2,498,402,551,459
1126,train/stuttgart/stuttgart_000172_000019_leftImg8bit.png,1,-2,261,479,1021
1127,train/stuttgart/stuttgart_000172_000019_leftImg8bit.png,0,1300,399,1390,576
1128,train/stuttgart/stuttgart_000172_000019_leftImg8bit.png,0,1236,406,1339,575
1129,train/stuttgart/stuttgart_000172_000019_leftImg8bit.png,0,1380,400,1439,586
1130,train/stuttgart/stuttgart_000172_000019_leftImg8bit.png,1,811,344,1227,696
1131,train/stuttgart/stuttgart_000172_000019_leftImg8bit.png,1,1422,370,1929,680
1132,train/stuttgart/stuttgart_000136_000019_leftImg8bit.png,1,775,426,842,488
1133,train/stuttgart/stuttgart_000136_000019_leftImg8bit.png,1,757,431,815,492
1134,train/stuttgart/stuttgart_000136_000019_leftImg8bit.png,1,727,428,781,499
1135,train/stuttgart/stuttgart_000136_000019_leftImg8bit.png,1,203,388,452,593
1136,train/stuttgart/stuttgart_000136_000019_leftImg8bit.png,1,-2,402,268,646
1137,train/stuttgart/stuttgart_000136_000019_leftImg8bit.png,1,356,364,741,642
1138,train/stuttgart/stuttgart_000136_000019_leftImg8bit.png,1,1142,427,1215,484
1139,train/stuttgart/stuttgart_000136_000019_leftImg8bit.png,1,1193,416,1312,512
1140,train/stuttgart/stuttgart_000136_000019_leftImg8bit.png,1,1266,408,1381,554
1141,train/stuttgart/stuttgart_000136_000019_leftImg8bit.png,1,1317,400,1593,596
1142,train/stuttgart/stuttgart_000136_000019_leftImg8bit.png,1,1846,356,2046,853
1143,train/stuttgart/stuttgart_000063_000019_leftImg8bit.png,1,1155,412,1216,464
1144,train/stuttgart/stuttgart_000063_000019_leftImg8bit.png,2,842,347,957,466
1145,train/stuttgart/stuttgart_000063_000019_leftImg8bit.png,5,343,427,436,535
1146,train/stuttgart/stuttgart_000063_000019_leftImg8bit.png,1,393,376,676,598
1147,train/stuttgart/stuttgart_000063_000019_leftImg8bit.png,5,652,429,761,620
1148,train/stuttgart/stuttgart_000063_000019_leftImg8bit.png,1,1323,389,1688,628
1149,train/stuttgart/stuttgart_000127_000019_leftImg8bit.png,1,585,434,704,553
1150,train/stuttgart/stuttgart_000127_000019_leftImg8bit.png,1,391,439,648,600
1151,train/stuttgart/stuttgart_000127_000019_leftImg8bit.png,1,-2,362,435,1021
1152,train/stuttgart/stuttgart_000127_000019_leftImg8bit.png,2,1075,297,1277,534
1153,train/stuttgart/stuttgart_000127_000019_leftImg8bit.png,1,1226,418,1414,617
1154,train/stuttgart/stuttgart_000127_000019_leftImg8bit.png,1,1326,382,1822,703
1155,train/stuttgart/stuttgart_000127_000019_leftImg8bit.png,0,1820,301,1942,663
1156,train/stuttgart/stuttgart_000127_000019_leftImg8bit.png,0,1986,271,2046,657
1157,train/stuttgart/stuttgart_000155_000019_leftImg8bit.png,1,1118,381,1214,485
1158,train/stuttgart/stuttgart_000155_000019_leftImg8bit.png,1,1144,418,1228,501
1159,train/stuttgart/stuttgart_000155_000019_leftImg8bit.png,1,1195,419,1307,528
1160,train/stuttgart/stuttgart_000155_000019_leftImg8bit.png,1,1262,382,1528,581
1161,train/stuttgart/stuttgart_000155_000019_leftImg8bit.png,1,1352,405,1671,638
1162,train/stuttgart/stuttgart_000155_000019_leftImg8bit.png,1,1478,426,2043,772
1163,train/stuttgart/stuttgart_000155_000019_leftImg8bit.png,1,1964,605,2045,978
1164,train/stuttgart/stuttgart_000155_000019_leftImg8bit.png,1,629,414,847,558
1165,train/stuttgart/stuttgart_000022_000019_leftImg8bit.png,0,601,526,657,637
1166,train/stuttgart/stuttgart_000022_000019_leftImg8bit.png,0,1132,392,1285,719
1167,train/stuttgart/stuttgart_000022_000019_leftImg8bit.png,0,1450,418,1601,705
1168,train/stuttgart/stuttgart_000022_000019_leftImg8bit.png,0,1743,326,1979,755
1169,train/stuttgart/stuttgart_000022_000019_leftImg8bit.png,0,958,421,1112,706
1170,train/stuttgart/stuttgart_000022_000019_leftImg8bit.png,0,873,349,1128,809
1171,train/stuttgart/stuttgart_000006_000019_leftImg8bit.png,1,1141,405,1304,533
1172,train/stuttgart/stuttgart_000006_000019_leftImg8bit.png,1,1510,340,2045,788
1173,train/stuttgart/stuttgart_000012_000019_leftImg8bit.png,1,1377,428,1550,550
1174,train/stuttgart/stuttgart_000012_000019_leftImg8bit.png,4,879,473,1264,723
1175,train/stuttgart/stuttgart_000012_000019_leftImg8bit.png,4,437,427,621,565
1176,train/stuttgart/stuttgart_000012_000019_leftImg8bit.png,0,1733,389,1863,609
1177,train/stuttgart/stuttgart_000012_000019_leftImg8bit.png,0,1872,360,2010,621
1178,train/stuttgart/stuttgart_000107_000019_leftImg8bit.png,1,1017,423,1073,483
1179,train/stuttgart/stuttgart_000107_000019_leftImg8bit.png,1,773,425,832,489
1180,train/stuttgart/stuttgart_000107_000019_leftImg8bit.png,1,751,428,802,503
1181,train/stuttgart/stuttgart_000107_000019_leftImg8bit.png,1,702,424,785,516
1182,train/stuttgart/stuttgart_000107_000019_leftImg8bit.png,1,622,426,704,538
1183,train/stuttgart/stuttgart_000107_000019_leftImg8bit.png,1,537,428,668,543
1184,train/stuttgart/stuttgart_000107_000019_leftImg8bit.png,1,435,432,650,584
1185,train/stuttgart/stuttgart_000107_000019_leftImg8bit.png,4,668,463,752,611
1186,train/stuttgart/stuttgart_000107_000019_leftImg8bit.png,0,315,393,373,473
1187,train/stuttgart/stuttgart_000107_000019_leftImg8bit.png,0,417,367,495,617
1188,train/stuttgart/stuttgart_000107_000019_leftImg8bit.png,1,73,429,466,696
1189,train/stuttgart/stuttgart_000107_000019_leftImg8bit.png,1,-2,419,264,774
1190,train/stuttgart/stuttgart_000107_000019_leftImg8bit.png,1,1051,419,1103,508
1191,train/stuttgart/stuttgart_000107_000019_leftImg8bit.png,1,1068,395,1240,532
1192,train/stuttgart/stuttgart_000040_000019_leftImg8bit.png,1,1032,361,1131,470
1193,train/stuttgart/stuttgart_000040_000019_leftImg8bit.png,1,1027,371,1120,513
1194,train/stuttgart/stuttgart_000040_000019_leftImg8bit.png,1,1043,377,1130,545
1195,train/stuttgart/stuttgart_000040_000019_leftImg8bit.png,1,1058,365,1358,622
1196,train/stuttgart/stuttgart_000040_000019_leftImg8bit.png,1,0,349,342,619
1197,train/stuttgart/stuttgart_000040_000019_leftImg8bit.png,2,394,238,767,594
1198,train/stuttgart/stuttgart_000053_000019_leftImg8bit.png,2,1114,366,1199,420
1199,train/stuttgart/stuttgart_000053_000019_leftImg8bit.png,1,1145,411,1198,464
1200,train/stuttgart/stuttgart_000053_000019_leftImg8bit.png,1,1094,417,1157,483
1201,train/stuttgart/stuttgart_000053_000019_leftImg8bit.png,1,996,408,1120,513
1202,train/stuttgart/stuttgart_000053_000019_leftImg8bit.png,1,1242,400,1307,462
1203,train/stuttgart/stuttgart_000053_000019_leftImg8bit.png,1,1254,414,1433,545
1204,train/stuttgart/stuttgart_000145_000019_leftImg8bit.png,1,1186,401,1306,542
1205,train/stuttgart/stuttgart_000145_000019_leftImg8bit.png,1,1201,431,1338,553
1206,train/stuttgart/stuttgart_000145_000019_leftImg8bit.png,0,1611,416,1678,579
1207,train/stuttgart/stuttgart_000145_000019_leftImg8bit.png,0,1730,397,1805,599
1208,train/stuttgart/stuttgart_000145_000019_leftImg8bit.png,1,809,465,872,519
1209,train/stuttgart/stuttgart_000145_000019_leftImg8bit.png,1,760,463,844,526
1210,train/stuttgart/stuttgart_000145_000019_leftImg8bit.png,1,540,391,771,550
1211,train/stuttgart/stuttgart_000145_000019_leftImg8bit.png,0,108,428,161,562
1212,train/stuttgart/stuttgart_000145_000019_leftImg8bit.png,1,489,449,633,572
1213,train/stuttgart/stuttgart_000145_000019_leftImg8bit.png,1,286,443,527,594
1214,train/stuttgart/stuttgart_000028_000019_leftImg8bit.png,1,0,404,125,466
1215,train/stuttgart/stuttgart_000028_000019_leftImg8bit.png,2,985,384,1073,457
1216,train/stuttgart/stuttgart_000028_000019_leftImg8bit.png,1,999,430,1064,481
1217,train/stuttgart/stuttgart_000028_000019_leftImg8bit.png,1,810,425,873,478
1218,train/stuttgart/stuttgart_000028_000019_leftImg8bit.png,1,698,422,818,509
1219,train/stuttgart/stuttgart_000134_000019_leftImg8bit.png,2,664,427,715,489
1220,train/stuttgart/stuttgart_000134_000019_leftImg8bit.png,1,733,365,883,523
1221,train/stuttgart/stuttgart_000134_000019_leftImg8bit.png,0,1275,371,1328,541
1222,train/stuttgart/stuttgart_000134_000019_leftImg8bit.png,0,1201,382,1277,542
1223,train/stuttgart/stuttgart_000134_000019_leftImg8bit.png,0,1321,339,1398,569
1224,train/stuttgart/stuttgart_000134_000019_leftImg8bit.png,0,1388,335,1476,568
1225,train/stuttgart/stuttgart_000134_000019_leftImg8bit.png,0,1566,246,1730,678
1226,train/stuttgart/stuttgart_000134_000019_leftImg8bit.png,0,1791,236,1985,659
1227,train/stuttgart/stuttgart_000134_000019_leftImg8bit.png,1,135,468,208,570
1228,train/stuttgart/stuttgart_000134_000019_leftImg8bit.png,3,187,327,530,576
1229,train/stuttgart/stuttgart_000134_000019_leftImg8bit.png,1,-2,448,150,608
1230,train/stuttgart/stuttgart_000087_000019_leftImg8bit.png,1,1326,182,1386,244
1231,train/stuttgart/stuttgart_000087_000019_leftImg8bit.png,2,1003,135,1128,221
1232,train/stuttgart/stuttgart_000087_000019_leftImg8bit.png,1,-2,240,78,380
1233,train/stuttgart/stuttgart_000087_000019_leftImg8bit.png,1,1115,194,1218,264
1234,train/stuttgart/stuttgart_000087_000019_leftImg8bit.png,1,943,181,1021,234
1235,train/stuttgart/stuttgart_000087_000019_leftImg8bit.png,1,910,231,1064,371
1236,train/stuttgart/stuttgart_000087_000019_leftImg8bit.png,1,1203,161,1355,337
1237,train/stuttgart/stuttgart_000087_000019_leftImg8bit.png,0,1636,264,1754,542
1238,train/stuttgart/stuttgart_000087_000019_leftImg8bit.png,1,437,298,844,565
1239,train/stuttgart/stuttgart_000087_000019_leftImg8bit.png,1,1232,265,1296,371
1240,train/stuttgart/stuttgart_000087_000019_leftImg8bit.png,1,930,247,1309,584
1241,train/stuttgart/stuttgart_000042_000019_leftImg8bit.png,1,1715,321,1872,374
1242,train/stuttgart/stuttgart_000042_000019_leftImg8bit.png,1,0,317,54,421
1243,train/stuttgart/stuttgart_000042_000019_leftImg8bit.png,1,-2,358,148,427
1244,train/stuttgart/stuttgart_000042_000019_leftImg8bit.png,1,187,322,407,438
1245,train/stuttgart/stuttgart_000042_000019_leftImg8bit.png,1,466,332,579,442
1246,train/stuttgart/stuttgart_000042_000019_leftImg8bit.png,1,571,383,756,455
1247,train/stuttgart/stuttgart_000042_000019_leftImg8bit.png,1,1802,385,2020,544
1248,train/stuttgart/stuttgart_000042_000019_leftImg8bit.png,2,970,277,1242,458
1249,train/stuttgart/stuttgart_000042_000019_leftImg8bit.png,1,947,381,1212,667
1250,train/stuttgart/stuttgart_000042_000019_leftImg8bit.png,1,1032,328,1940,880
1251,train/stuttgart/stuttgart_000146_000019_leftImg8bit.png,1,1124,389,1188,447
1252,train/stuttgart/stuttgart_000146_000019_leftImg8bit.png,1,1158,394,1241,473
1253,train/stuttgart/stuttgart_000146_000019_leftImg8bit.png,1,1199,397,1282,503
1254,train/stuttgart/stuttgart_000146_000019_leftImg8bit.png,1,1245,389,1344,523
1255,train/stuttgart/stuttgart_000146_000019_leftImg8bit.png,1,1282,391,1468,550
1256,train/stuttgart/stuttgart_000146_000019_leftImg8bit.png,1,1701,437,2044,897
1257,train/stuttgart/stuttgart_000146_000019_leftImg8bit.png,1,875,390,941,456
1258,train/stuttgart/stuttgart_000146_000019_leftImg8bit.png,1,779,391,902,489
1259,train/stuttgart/stuttgart_000146_000019_leftImg8bit.png,1,598,397,779,561
1260,train/stuttgart/stuttgart_000146_000019_leftImg8bit.png,1,250,380,654,670
1261,train/stuttgart/stuttgart_000039_000019_leftImg8bit.png,1,806,350,865,406
1262,train/stuttgart/stuttgart_000039_000019_leftImg8bit.png,1,760,363,845,419
1263,train/stuttgart/stuttgart_000039_000019_leftImg8bit.png,1,837,364,932,441
1264,train/stuttgart/stuttgart_000039_000019_leftImg8bit.png,1,1084,363,1145,414
1265,train/stuttgart/stuttgart_000039_000019_leftImg8bit.png,1,1093,366,1187,432
1266,train/stuttgart/stuttgart_000039_000019_leftImg8bit.png,1,1159,379,1254,478
1267,train/stuttgart/stuttgart_000039_000019_leftImg8bit.png,1,1178,385,1308,487
1268,train/stuttgart/stuttgart_000039_000019_leftImg8bit.png,1,1203,393,1357,524
1269,train/stuttgart/stuttgart_000039_000019_leftImg8bit.png,1,746,371,817,432
1270,train/stuttgart/stuttgart_000039_000019_leftImg8bit.png,1,696,378,776,453
1271,train/stuttgart/stuttgart_000039_000019_leftImg8bit.png,1,660,386,758,463
1272,train/stuttgart/stuttgart_000039_000019_leftImg8bit.png,1,632,391,740,480
1273,train/stuttgart/stuttgart_000039_000019_leftImg8bit.png,1,584,400,688,502
1274,train/stuttgart/stuttgart_000039_000019_leftImg8bit.png,1,461,397,637,527
1275,train/stuttgart/stuttgart_000039_000019_leftImg8bit.png,1,1239,406,1481,563
1276,train/stuttgart/stuttgart_000039_000019_leftImg8bit.png,1,1413,385,1834,700
1277,train/stuttgart/stuttgart_000039_000019_leftImg8bit.png,1,1688,340,2044,979
1278,train/stuttgart/stuttgart_000069_000019_leftImg8bit.png,1,-2,411,50,570
1279,train/stuttgart/stuttgart_000069_000019_leftImg8bit.png,1,1181,412,1287,508
1280,train/stuttgart/stuttgart_000069_000019_leftImg8bit.png,1,1209,436,1314,518
1281,train/stuttgart/stuttgart_000069_000019_leftImg8bit.png,1,1290,427,1397,541
1282,train/stuttgart/stuttgart_000069_000019_leftImg8bit.png,1,1324,429,1467,563
1283,train/stuttgart/stuttgart_000069_000019_leftImg8bit.png,1,1375,430,1579,595
1284,train/stuttgart/stuttgart_000069_000019_leftImg8bit.png,1,1500,398,1943,666
1285,train/stuttgart/stuttgart_000069_000019_leftImg8bit.png,1,1801,448,2046,786
1286,train/stuttgart/stuttgart_000069_000019_leftImg8bit.png,1,798,411,886,502
1287,train/stuttgart/stuttgart_000069_000019_leftImg8bit.png,1,706,432,841,531
1288,train/stuttgart/stuttgart_000043_000019_leftImg8bit.png,1,1849,261,2045,371
1289,train/stuttgart/stuttgart_000043_000019_leftImg8bit.png,1,1641,302,1806,368
1290,train/stuttgart/stuttgart_000043_000019_leftImg8bit.png,1,1443,299,1581,386
1291,train/stuttgart/stuttgart_000043_000019_leftImg8bit.png,1,1202,121,1607,477
1292,train/stuttgart/stuttgart_000043_000019_leftImg8bit.png,1,877,349,1056,477
1293,train/stuttgart/stuttgart_000043_000019_leftImg8bit.png,1,982,357,1323,622
1294,train/stuttgart/stuttgart_000043_000019_leftImg8bit.png,2,604,276,870,440
1295,train/stuttgart/stuttgart_000043_000019_leftImg8bit.png,1,20,315,176,392
1296,train/stuttgart/stuttgart_000043_000019_leftImg8bit.png,5,398,348,475,403
1297,train/stuttgart/stuttgart_000043_000019_leftImg8bit.png,0,242,360,305,442
1298,train/stuttgart/stuttgart_000026_000019_leftImg8bit.png,0,390,342,450,481
1299,train/stuttgart/stuttgart_000026_000019_leftImg8bit.png,4,0,563,112,900
1300,train/stuttgart/stuttgart_000026_000019_leftImg8bit.png,1,671,363,846,602
1301,train/stuttgart/stuttgart_000026_000019_leftImg8bit.png,1,371,357,762,678
1302,train/stuttgart/stuttgart_000026_000019_leftImg8bit.png,1,1259,397,1428,610
1303,train/stuttgart/stuttgart_000026_000019_leftImg8bit.png,1,1344,373,1792,699
1304,train/stuttgart/stuttgart_000026_000019_leftImg8bit.png,1,1625,307,2045,985
1305,train/stuttgart/stuttgart_000098_000019_leftImg8bit.png,1,768,426,833,497
1306,train/stuttgart/stuttgart_000098_000019_leftImg8bit.png,1,705,439,780,498
1307,train/stuttgart/stuttgart_000098_000019_leftImg8bit.png,5,566,441,660,502
1308,train/stuttgart/stuttgart_000098_000019_leftImg8bit.png,1,73,446,212,513
1309,train/stuttgart/stuttgart_000098_000019_leftImg8bit.png,1,178,440,338,512
1310,train/stuttgart/stuttgart_000098_000019_leftImg8bit.png,1,892,403,1296,541
1311,train/stuttgart/stuttgart_000181_000019_leftImg8bit.png,0,490,364,550,551
1312,train/stuttgart/stuttgart_000181_000019_leftImg8bit.png,0,402,363,472,545
1313,train/stuttgart/stuttgart_000181_000019_leftImg8bit.png,0,426,352,498,548
1314,train/stuttgart/stuttgart_000181_000019_leftImg8bit.png,0,363,359,423,548
1315,train/stuttgart/stuttgart_000181_000019_leftImg8bit.png,0,56,304,202,600
1316,train/stuttgart/stuttgart_000181_000019_leftImg8bit.png,0,185,345,247,577
1317,train/stuttgart/stuttgart_000181_000019_leftImg8bit.png,0,280,308,442,719
1318,train/stuttgart/stuttgart_000181_000019_leftImg8bit.png,0,193,344,357,738
1319,train/stuttgart/stuttgart_000181_000019_leftImg8bit.png,1,1179,376,1242,438
1320,train/stuttgart/stuttgart_000181_000019_leftImg8bit.png,1,1212,376,1267,449
1321,train/stuttgart/stuttgart_000181_000019_leftImg8bit.png,5,1359,401,1478,511
1322,train/stuttgart/stuttgart_000181_000019_leftImg8bit.png,0,1963,332,2025,447
1323,train/stuttgart/stuttgart_000181_000019_leftImg8bit.png,0,1582,317,1802,707
1324,train/stuttgart/stuttgart_000181_000019_leftImg8bit.png,0,1407,239,1638,818
1325,train/stuttgart/stuttgart_000181_000019_leftImg8bit.png,0,1211,279,1404,792
1326,train/stuttgart/stuttgart_000181_000019_leftImg8bit.png,0,1072,360,1133,556
1327,train/stuttgart/stuttgart_000181_000019_leftImg8bit.png,0,702,339,915,735
1328,train/stuttgart/stuttgart_000181_000019_leftImg8bit.png,0,824,291,1017,746
1329,train/stuttgart/stuttgart_000181_000019_leftImg8bit.png,0,680,278,879,818
1330,train/stuttgart/stuttgart_000181_000019_leftImg8bit.png,0,862,314,1047,796
1331,train/stuttgart/stuttgart_000085_000019_leftImg8bit.png,1,745,552,810,610
1332,train/stuttgart/stuttgart_000085_000019_leftImg8bit.png,1,796,526,916,614
1333,train/stuttgart/stuttgart_000085_000019_leftImg8bit.png,1,626,525,723,623
1334,train/stuttgart/stuttgart_000085_000019_leftImg8bit.png,1,519,529,682,630
1335,train/stuttgart/stuttgart_000085_000019_leftImg8bit.png,1,0,496,188,739
1336,train/stuttgart/stuttgart_000085_000019_leftImg8bit.png,0,457,496,523,639
1337,train/stuttgart/stuttgart_000085_000019_leftImg8bit.png,1,1084,516,1139,597
1338,train/stuttgart/stuttgart_000085_000019_leftImg8bit.png,1,1103,507,1164,602
1339,train/stuttgart/stuttgart_000085_000019_leftImg8bit.png,1,1126,484,1223,609
1340,train/stuttgart/stuttgart_000085_000019_leftImg8bit.png,1,1166,478,1271,615
1341,train/stuttgart/stuttgart_000085_000019_leftImg8bit.png,1,1232,419,1502,635
1342,train/stuttgart/stuttgart_000085_000019_leftImg8bit.png,0,1574,362,1692,638
1343,train/stuttgart/stuttgart_000085_000019_leftImg8bit.png,0,1800,345,1939,631
1344,train/stuttgart/stuttgart_000085_000019_leftImg8bit.png,0,1716,350,1818,633
1345,train/stuttgart/stuttgart_000140_000019_leftImg8bit.png,1,861,368,979,502
1346,train/stuttgart/stuttgart_000140_000019_leftImg8bit.png,1,856,420,948,513
1347,train/stuttgart/stuttgart_000140_000019_leftImg8bit.png,1,854,432,908,532
1348,train/stuttgart/stuttgart_000140_000019_leftImg8bit.png,1,1240,401,1308,515
1349,train/stuttgart/stuttgart_000140_000019_leftImg8bit.png,1,1265,370,1453,539
1350,train/stuttgart/stuttgart_000140_000019_leftImg8bit.png,1,1324,398,1587,585
1351,train/stuttgart/stuttgart_000140_000019_leftImg8bit.png,1,514,412,790,604
1352,train/stuttgart/stuttgart_000140_000019_leftImg8bit.png,0,287,442,393,691
1353,train/stuttgart/stuttgart_000140_000019_leftImg8bit.png,0,751,308,915,747
1354,train/stuttgart/stuttgart_000140_000019_leftImg8bit.png,0,597,249,843,776
1355,train/stuttgart/stuttgart_000133_000019_leftImg8bit.png,1,946,416,1008,471
1356,train/stuttgart/stuttgart_000133_000019_leftImg8bit.png,1,1246,414,1304,474
1357,train/stuttgart/stuttgart_000133_000019_leftImg8bit.png,1,1237,424,1551,570
1358,train/stuttgart/stuttgart_000133_000019_leftImg8bit.png,4,1162,490,1245,770
1359,train/stuttgart/stuttgart_000133_000019_leftImg8bit.png,1,1931,382,2045,607
1360,train/stuttgart/stuttgart_000133_000019_leftImg8bit.png,1,1481,349,2046,764
1361,train/stuttgart/stuttgart_000132_000019_leftImg8bit.png,1,1089,392,1207,461
1362,train/stuttgart/stuttgart_000132_000019_leftImg8bit.png,2,1336,289,1740,618
1363,train/stuttgart/stuttgart_000132_000019_leftImg8bit.png,1,227,362,728,695
1364,train/stuttgart/stuttgart_000132_000019_leftImg8bit.png,1,-2,496,234,927
1365,train/stuttgart/stuttgart_000036_000019_leftImg8bit.png,2,1718,202,2043,439
1366,train/stuttgart/stuttgart_000036_000019_leftImg8bit.png,1,1642,397,1748,485
1367,train/stuttgart/stuttgart_000036_000019_leftImg8bit.png,1,1784,387,1995,532
1368,train/stuttgart/stuttgart_000036_000019_leftImg8bit.png,1,1962,316,2045,607
1369,train/stuttgart/stuttgart_000036_000019_leftImg8bit.png,1,201,389,551,582
1370,train/stuttgart/stuttgart_000036_000019_leftImg8bit.png,1,670,103,1497,982
1371,train/stuttgart/stuttgart_000159_000019_leftImg8bit.png,1,1039,371,1160,464
1372,train/stuttgart/stuttgart_000159_000019_leftImg8bit.png,1,1263,381,1585,478
1373,train/stuttgart/stuttgart_000159_000019_leftImg8bit.png,1,29,421,194,497
1374,train/stuttgart/stuttgart_000159_000019_leftImg8bit.png,0,1182,204,1604,966
1375,train/stuttgart/stuttgart_000117_000019_leftImg8bit.png,1,1382,321,1882,696
1376,train/stuttgart/stuttgart_000117_000019_leftImg8bit.png,1,1620,376,2045,997
1377,train/stuttgart/stuttgart_000117_000019_leftImg8bit.png,1,521,323,846,610
1378,train/stuttgart/stuttgart_000149_000019_leftImg8bit.png,1,762,393,834,489
1379,train/stuttgart/stuttgart_000149_000019_leftImg8bit.png,2,-2,92,381,734
1380,train/stuttgart/stuttgart_000149_000019_leftImg8bit.png,1,1064,334,1183,494
1381,train/stuttgart/stuttgart_000149_000019_leftImg8bit.png,0,1138,383,1197,520
1382,train/stuttgart/stuttgart_000149_000019_leftImg8bit.png,0,1149,106,1405,967
1383,train/stuttgart/stuttgart_000149_000019_leftImg8bit.png,0,1572,361,1624,505
1384,train/stuttgart/stuttgart_000149_000019_leftImg8bit.png,0,711,60,1128,973
1385,train/stuttgart/stuttgart_000048_000019_leftImg8bit.png,1,1484,450,1557,506
1386,train/stuttgart/stuttgart_000048_000019_leftImg8bit.png,1,1087,408,1323,514
1387,train/stuttgart/stuttgart_000048_000019_leftImg8bit.png,1,1159,447,1313,550
1388,train/stuttgart/stuttgart_000048_000019_leftImg8bit.png,1,578,450,659,525
1389,train/stuttgart/stuttgart_000048_000019_leftImg8bit.png,1,442,441,599,533
1390,train/stuttgart/stuttgart_000048_000019_leftImg8bit.png,1,208,459,377,534
1391,train/stuttgart/stuttgart_000048_000019_leftImg8bit.png,0,409,431,466,543
1392,train/stuttgart/stuttgart_000048_000019_leftImg8bit.png,0,551,439,615,549
1393,train/stuttgart/stuttgart_000048_000019_leftImg8bit.png,1,623,390,827,549
1394,train/stuttgart/stuttgart_000048_000019_leftImg8bit.png,1,1536,461,1789,563
1395,train/stuttgart/stuttgart_000048_000019_leftImg8bit.png,2,1649,1,2048,737
1396,train/stuttgart/stuttgart_000033_000019_leftImg8bit.png,0,1430,340,1527,539
1397,train/stuttgart/stuttgart_000033_000019_leftImg8bit.png,0,418,352,470,515
1398,train/stuttgart/stuttgart_000033_000019_leftImg8bit.png,1,0,365,353,613
1399,train/stuttgart/stuttgart_000033_000019_leftImg8bit.png,1,909,359,1309,675
1400,train/stuttgart/stuttgart_000033_000019_leftImg8bit.png,1,1520,329,1959,653
1401,train/stuttgart/stuttgart_000033_000019_leftImg8bit.png,1,1735,347,2045,864
1402,train/stuttgart/stuttgart_000033_000019_leftImg8bit.png,0,534,348,596,522
1403,train/stuttgart/stuttgart_000033_000019_leftImg8bit.png,0,478,365,593,534
1404,train/stuttgart/stuttgart_000033_000019_leftImg8bit.png,0,593,341,659,528
1405,train/stuttgart/stuttgart_000037_000019_leftImg8bit.png,1,601,453,666,514
1406,train/stuttgart/stuttgart_000037_000019_leftImg8bit.png,1,545,457,631,515
1407,train/stuttgart/stuttgart_000037_000019_leftImg8bit.png,1,297,470,519,541
1408,train/stuttgart/stuttgart_000037_000019_leftImg8bit.png,1,1037,429,1161,535
1409,train/stuttgart/stuttgart_000037_000019_leftImg8bit.png,1,1399,395,1625,554
1410,train/stuttgart/stuttgart_000037_000019_leftImg8bit.png,1,1539,401,1879,598
1411,train/stuttgart/stuttgart_000037_000019_leftImg8bit.png,1,1206,410,1332,508
1412,train/stuttgart/stuttgart_000094_000019_leftImg8bit.png,1,806,436,895,510
1413,train/stuttgart/stuttgart_000094_000019_leftImg8bit.png,1,700,430,839,538
1414,train/stuttgart/stuttgart_000094_000019_leftImg8bit.png,1,545,424,748,585
1415,train/stuttgart/stuttgart_000094_000019_leftImg8bit.png,1,364,399,583,671
1416,train/stuttgart/stuttgart_000094_000019_leftImg8bit.png,1,-2,386,461,776
1417,train/stuttgart/stuttgart_000094_000019_leftImg8bit.png,1,1037,334,1509,520
1418,train/stuttgart/stuttgart_000094_000019_leftImg8bit.png,1,1193,409,1388,575
1419,train/stuttgart/stuttgart_000094_000019_leftImg8bit.png,1,1301,401,1657,637
1420,train/stuttgart/stuttgart_000094_000019_leftImg8bit.png,1,1910,554,2045,1022
1421,train/stuttgart/stuttgart_000094_000019_leftImg8bit.png,0,897,407,953,514
1422,train/stuttgart/stuttgart_000126_000019_leftImg8bit.png,1,770,367,854,429
1423,train/stuttgart/stuttgart_000126_000019_leftImg8bit.png,1,-2,293,222,700
1424,train/stuttgart/stuttgart_000126_000019_leftImg8bit.png,1,1098,328,1231,437
1425,train/stuttgart/stuttgart_000126_000019_leftImg8bit.png,4,1268,337,1322,426
1426,train/stuttgart/stuttgart_000126_000019_leftImg8bit.png,0,1945,178,2031,438
1427,train/stuttgart/stuttgart_000126_000019_leftImg8bit.png,0,1872,174,1950,443
1428,train/stuttgart/stuttgart_000126_000019_leftImg8bit.png,0,1760,196,1844,456
1429,train/stuttgart/stuttgart_000126_000019_leftImg8bit.png,0,1575,211,1653,473
1430,train/stuttgart/stuttgart_000126_000019_leftImg8bit.png,0,1635,164,1783,497
1431,train/stuttgart/stuttgart_000034_000019_leftImg8bit.png,2,1442,394,1519,466
1432,train/stuttgart/stuttgart_000034_000019_leftImg8bit.png,1,1361,438,1440,504
1433,train/stuttgart/stuttgart_000034_000019_leftImg8bit.png,1,1470,425,2046,767
1434,train/stuttgart/stuttgart_000034_000019_leftImg8bit.png,1,726,401,915,550
1435,train/stuttgart/stuttgart_000034_000019_leftImg8bit.png,2,454,327,567,390
1436,train/stuttgart/stuttgart_000034_000019_leftImg8bit.png,1,165,311,320,382
1437,train/stuttgart/stuttgart_000034_000019_leftImg8bit.png,1,1066,436,1195,532
1438,train/stuttgart/stuttgart_000099_000019_leftImg8bit.png,3,1111,381,1162,441
1439,train/stuttgart/stuttgart_000099_000019_leftImg8bit.png,1,1162,417,1235,476
1440,train/stuttgart/stuttgart_000099_000019_leftImg8bit.png,1,1207,416,1322,511
1441,train/stuttgart/stuttgart_000099_000019_leftImg8bit.png,1,1274,414,1382,524
1442,train/stuttgart/stuttgart_000099_000019_leftImg8bit.png,1,1333,410,1458,546
1443,train/stuttgart/stuttgart_000099_000019_leftImg8bit.png,1,1385,392,1680,589
1444,train/stuttgart/stuttgart_000099_000019_leftImg8bit.png,0,1565,365,1642,599
1445,train/stuttgart/stuttgart_000099_000019_leftImg8bit.png,1,675,355,829,512
1446,train/stuttgart/stuttgart_000099_000019_leftImg8bit.png,1,404,323,683,555
1447,train/stuttgart/stuttgart_000101_000019_leftImg8bit.png,0,1690,379,1779,630
1448,train/stuttgart/stuttgart_000101_000019_leftImg8bit.png,0,870,361,985,700
1449,train/stuttgart/stuttgart_000101_000019_leftImg8bit.png,0,877,362,988,723
1450,train/stuttgart/stuttgart_000101_000019_leftImg8bit.png,0,745,375,910,712
1451,train/stuttgart/stuttgart_000101_000019_leftImg8bit.png,0,951,361,1060,758
1452,train/stuttgart/stuttgart_000109_000019_leftImg8bit.png,1,1146,274,1232,356
1453,train/stuttgart/stuttgart_000109_000019_leftImg8bit.png,1,1171,300,1262,366
1454,train/stuttgart/stuttgart_000109_000019_leftImg8bit.png,1,791,323,1075,490
1455,train/stuttgart/stuttgart_000109_000019_leftImg8bit.png,1,1078,359,1431,613
1456,train/stuttgart/stuttgart_000109_000019_leftImg8bit.png,0,463,283,521,490
1457,train/stuttgart/stuttgart_000109_000019_leftImg8bit.png,0,412,304,488,498
1458,train/stuttgart/stuttgart_000109_000019_leftImg8bit.png,4,1671,422,1784,595
1459,train/stuttgart/stuttgart_000109_000019_leftImg8bit.png,0,236,310,358,541
1460,train/stuttgart/stuttgart_000008_000019_leftImg8bit.png,0,1316,408,1369,500
1461,train/stuttgart/stuttgart_000008_000019_leftImg8bit.png,4,1701,436,1773,493
1462,train/stuttgart/stuttgart_000097_000019_leftImg8bit.png,5,1436,445,1536,539
1463,train/stuttgart/stuttgart_000097_000019_leftImg8bit.png,1,1024,451,1087,509
1464,train/stuttgart/stuttgart_000097_000019_leftImg8bit.png,1,1032,462,1105,517
1465,train/stuttgart/stuttgart_000097_000019_leftImg8bit.png,1,1087,447,1200,551
1466,train/stuttgart/stuttgart_000097_000019_leftImg8bit.png,1,1120,438,1288,575
1467,train/stuttgart/stuttgart_000097_000019_leftImg8bit.png,1,745,395,843,512
1468,train/stuttgart/stuttgart_000097_000019_leftImg8bit.png,1,645,429,785,545
1469,train/stuttgart/stuttgart_000097_000019_leftImg8bit.png,1,869,445,1006,543
1470,train/stuttgart/stuttgart_000097_000019_leftImg8bit.png,0,339,416,404,597
1471,train/stuttgart/stuttgart_000097_000019_leftImg8bit.png,0,336,450,408,606
1472,train/stuttgart/stuttgart_000011_000019_leftImg8bit.png,1,800,411,883,539
1473,train/stuttgart/stuttgart_000011_000019_leftImg8bit.png,1,769,407,836,577
1474,train/stuttgart/stuttgart_000011_000019_leftImg8bit.png,1,494,398,821,636
1475,train/stuttgart/stuttgart_000011_000019_leftImg8bit.png,1,1119,398,1178,455
1476,train/stuttgart/stuttgart_000011_000019_leftImg8bit.png,1,1138,406,1218,485
1477,train/stuttgart/stuttgart_000011_000019_leftImg8bit.png,1,1194,396,1330,523
1478,train/stuttgart/stuttgart_000011_000019_leftImg8bit.png,1,1210,403,1411,553
1479,train/stuttgart/stuttgart_000011_000019_leftImg8bit.png,1,1366,356,1863,711
1480,train/stuttgart/stuttgart_000011_000019_leftImg8bit.png,1,1664,347,2045,1019
1481,train/stuttgart/stuttgart_000128_000019_leftImg8bit.png,1,860,387,932,473
1482,train/stuttgart/stuttgart_000128_000019_leftImg8bit.png,1,848,417,911,481
1483,train/stuttgart/stuttgart_000128_000019_leftImg8bit.png,1,810,423,892,487
1484,train/stuttgart/stuttgart_000128_000019_leftImg8bit.png,1,674,407,795,526
1485,train/stuttgart/stuttgart_000128_000019_leftImg8bit.png,1,586,414,771,559
1486,train/stuttgart/stuttgart_000128_000019_leftImg8bit.png,1,348,407,612,638
1487,train/stuttgart/stuttgart_000128_000019_leftImg8bit.png,1,-2,383,418,757
1488,train/stuttgart/stuttgart_000128_000019_leftImg8bit.png,1,1160,424,1223,490
1489,train/stuttgart/stuttgart_000128_000019_leftImg8bit.png,1,1192,424,1280,505
1490,train/stuttgart/stuttgart_000128_000019_leftImg8bit.png,1,1238,413,1404,535
1491,train/stuttgart/stuttgart_000128_000019_leftImg8bit.png,1,1011,400,1176,528
1492,train/stuttgart/stuttgart_000128_000019_leftImg8bit.png,1,1336,423,1616,604
1493,train/stuttgart/stuttgart_000128_000019_leftImg8bit.png,1,1695,388,2047,848
1494,train/stuttgart/stuttgart_000137_000019_leftImg8bit.png,4,-2,419,90,514
1495,train/stuttgart/stuttgart_000137_000019_leftImg8bit.png,1,1213,357,1381,504
1496,train/stuttgart/stuttgart_000137_000019_leftImg8bit.png,1,1799,350,2045,767
1497,train/stuttgart/stuttgart_000061_000019_leftImg8bit.png,0,591,358,654,571
1498,train/stuttgart/stuttgart_000061_000019_leftImg8bit.png,1,1051,418,1129,480
1499,train/stuttgart/stuttgart_000061_000019_leftImg8bit.png,1,1094,431,1151,489
1500,train/stuttgart/stuttgart_000061_000019_leftImg8bit.png,1,1119,425,1196,496
1501,train/stuttgart/stuttgart_000061_000019_leftImg8bit.png,1,1163,431,1229,506
1502,train/stuttgart/stuttgart_000061_000019_leftImg8bit.png,1,1193,429,1248,510
1503,train/stuttgart/stuttgart_000061_000019_leftImg8bit.png,1,1210,425,1292,526
1504,train/stuttgart/stuttgart_000061_000019_leftImg8bit.png,1,1253,393,1430,542
1505,train/stuttgart/stuttgart_000061_000019_leftImg8bit.png,1,1316,443,1426,566
1506,train/stuttgart/stuttgart_000061_000019_leftImg8bit.png,1,1370,408,1603,621
1507,train/stuttgart/stuttgart_000061_000019_leftImg8bit.png,1,1526,348,2044,765
1508,train/stuttgart/stuttgart_000175_000019_leftImg8bit.png,2,1285,405,1345,482
1509,train/stuttgart/stuttgart_000175_000019_leftImg8bit.png,1,1646,422,1729,508
1510,train/stuttgart/stuttgart_000175_000019_leftImg8bit.png,1,1654,407,1832,520
1511,train/stuttgart/stuttgart_000175_000019_leftImg8bit.png,1,1909,408,2045,551
1512,train/stuttgart/stuttgart_000175_000019_leftImg8bit.png,4,745,435,1081,683
1513,train/stuttgart/stuttgart_000175_000019_leftImg8bit.png,0,1499,308,1747,769
1514,train/stuttgart/stuttgart_000175_000019_leftImg8bit.png,4,745,435,1081,683
1515,train/stuttgart/stuttgart_000020_000019_leftImg8bit.png,4,1390,451,1447,614
1516,train/stuttgart/stuttgart_000020_000019_leftImg8bit.png,1,668,216,934,536
1517,train/stuttgart/stuttgart_000020_000019_leftImg8bit.png,0,1132,330,1195,614
1518,train/stuttgart/stuttgart_000020_000019_leftImg8bit.png,0,1144,346,1237,625
1519,train/stuttgart/stuttgart_000074_000019_leftImg8bit.png,0,1536,370,1590,498
1520,train/stuttgart/stuttgart_000074_000019_leftImg8bit.png,0,1898,310,1973,583
1521,train/stuttgart/stuttgart_000074_000019_leftImg8bit.png,0,1938,333,2046,584
1522,train/stuttgart/stuttgart_000074_000019_leftImg8bit.png,1,912,393,983,457
1523,train/stuttgart/stuttgart_000074_000019_leftImg8bit.png,1,970,373,1121,512
1524,train/stuttgart/stuttgart_000074_000019_leftImg8bit.png,1,633,408,720,513
1525,train/stuttgart/stuttgart_000074_000019_leftImg8bit.png,1,505,396,681,538
1526,train/stuttgart/stuttgart_000074_000019_leftImg8bit.png,1,361,415,579,568
1527,train/stuttgart/stuttgart_000074_000019_leftImg8bit.png,1,73,409,410,625
1528,train/stuttgart/stuttgart_000074_000019_leftImg8bit.png,1,0,398,128,673
1529,train/stuttgart/stuttgart_000113_000019_leftImg8bit.png,1,824,438,877,498
1530,train/stuttgart/stuttgart_000113_000019_leftImg8bit.png,1,779,436,851,508
1531,train/stuttgart/stuttgart_000113_000019_leftImg8bit.png,1,1198,419,1313,532
1532,train/stuttgart/stuttgart_000113_000019_leftImg8bit.png,1,1222,438,1375,549
1533,train/stuttgart/stuttgart_000113_000019_leftImg8bit.png,1,1328,400,1658,631
1534,train/stuttgart/stuttgart_000113_000019_leftImg8bit.png,1,1855,612,2047,959
1535,train/stuttgart/stuttgart_000113_000019_leftImg8bit.png,1,679,437,807,523
1536,train/stuttgart/stuttgart_000088_000019_leftImg8bit.png,0,1447,381,1500,513
1537,train/stuttgart/stuttgart_000088_000019_leftImg8bit.png,5,1213,406,1268,473
1538,train/stuttgart/stuttgart_000088_000019_leftImg8bit.png,1,895,408,958,473
1539,train/stuttgart/stuttgart_000088_000019_leftImg8bit.png,1,827,416,952,504
1540,train/stuttgart/stuttgart_000088_000019_leftImg8bit.png,1,995,412,1064,466
1541,train/stuttgart/stuttgart_000088_000019_leftImg8bit.png,1,566,404,630,466
1542,train/stuttgart/stuttgart_000088_000019_leftImg8bit.png,1,420,418,558,508
1543,train/stuttgart/stuttgart_000088_000019_leftImg8bit.png,1,31,366,351,568
1544,train/stuttgart/stuttgart_000088_000019_leftImg8bit.png,0,232,343,295,556
1545,train/stuttgart/stuttgart_000088_000019_leftImg8bit.png,0,177,349,231,566
1546,train/stuttgart/stuttgart_000088_000019_leftImg8bit.png,0,122,342,190,570
1547,train/stuttgart/stuttgart_000088_000019_leftImg8bit.png,1,578,389,853,602
1548,train/stuttgart/stuttgart_000151_000019_leftImg8bit.png,2,1081,359,1178,448
1549,train/stuttgart/stuttgart_000151_000019_leftImg8bit.png,1,861,408,930,478
1550,train/stuttgart/stuttgart_000151_000019_leftImg8bit.png,1,810,421,917,502
1551,train/stuttgart/stuttgart_000151_000019_leftImg8bit.png,1,1129,419,1239,496
1552,train/stuttgart/stuttgart_000151_000019_leftImg8bit.png,1,1037,416,1166,515
1553,train/stuttgart/stuttgart_000151_000019_leftImg8bit.png,0,916,383,981,539
1554,train/stuttgart/stuttgart_000151_000019_leftImg8bit.png,1,1256,414,1381,573
1555,train/stuttgart/stuttgart_000151_000019_leftImg8bit.png,1,1316,405,1552,615
1556,train/stuttgart/stuttgart_000151_000019_leftImg8bit.png,1,1440,403,1871,699
1557,train/stuttgart/stuttgart_000151_000019_leftImg8bit.png,1,1721,299,2045,856
1558,train/stuttgart/stuttgart_000151_000019_leftImg8bit.png,1,627,418,746,572
1559,train/stuttgart/stuttgart_000151_000019_leftImg8bit.png,1,340,393,690,638
1560,train/stuttgart/stuttgart_000151_000019_leftImg8bit.png,1,0,397,396,836
1561,train/stuttgart/stuttgart_000120_000019_leftImg8bit.png,1,718,400,826,455
1562,train/stuttgart/stuttgart_000120_000019_leftImg8bit.png,1,792,406,912,465
1563,train/stuttgart/stuttgart_000120_000019_leftImg8bit.png,1,621,400,729,455
1564,train/stuttgart/stuttgart_000120_000019_leftImg8bit.png,1,414,380,523,460
1565,train/stuttgart/stuttgart_000120_000019_leftImg8bit.png,1,480,381,632,474
1566,train/stuttgart/stuttgart_000120_000019_leftImg8bit.png,1,281,388,429,464
1567,train/stuttgart/stuttgart_000120_000019_leftImg8bit.png,1,40,370,217,485
1568,train/stuttgart/stuttgart_000120_000019_leftImg8bit.png,1,1057,367,1252,516
1569,train/stuttgart/stuttgart_000120_000019_leftImg8bit.png,1,1057,367,1252,516
1570,train/stuttgart/stuttgart_000120_000019_leftImg8bit.png,1,1069,367,1252,564
1571,train/stuttgart/stuttgart_000120_000019_leftImg8bit.png,1,1069,367,1252,564
1572,train/stuttgart/stuttgart_000120_000019_leftImg8bit.png,1,1191,295,1606,617
1573,train/stuttgart/stuttgart_000157_000019_leftImg8bit.png,1,1124,415,1185,486
1574,train/stuttgart/stuttgart_000157_000019_leftImg8bit.png,1,1156,404,1209,505
1575,train/stuttgart/stuttgart_000157_000019_leftImg8bit.png,1,1164,405,1263,524
1576,train/stuttgart/stuttgart_000157_000019_leftImg8bit.png,1,1206,410,1305,561
1577,train/stuttgart/stuttgart_000157_000019_leftImg8bit.png,1,1242,392,1509,598
1578,train/stuttgart/stuttgart_000157_000019_leftImg8bit.png,1,1532,325,2044,881
1579,train/stuttgart/stuttgart_000157_000019_leftImg8bit.png,1,1925,633,2043,1021
1580,train/stuttgart/stuttgart_000157_000019_leftImg8bit.png,1,1001,411,1082,483
1581,train/stuttgart/stuttgart_000157_000019_leftImg8bit.png,2,230,257,670,633
1582,train/stuttgart/stuttgart_000157_000019_leftImg8bit.png,1,487,427,831,648
1583,train/stuttgart/stuttgart_000157_000019_leftImg8bit.png,0,106,419,173,552
1584,train/stuttgart/stuttgart_000157_000019_leftImg8bit.png,1,0,439,160,650
1585,train/stuttgart/stuttgart_000073_000019_leftImg8bit.png,1,1347,389,1456,540
1586,train/stuttgart/stuttgart_000073_000019_leftImg8bit.png,1,1395,360,1622,578
1587,train/stuttgart/stuttgart_000073_000019_leftImg8bit.png,1,1505,351,1749,641
1588,train/stuttgart/stuttgart_000073_000019_leftImg8bit.png,1,1688,169,2044,874
1589,train/stuttgart/stuttgart_000073_000019_leftImg8bit.png,1,1092,401,1156,459
1590,train/stuttgart/stuttgart_000073_000019_leftImg8bit.png,1,922,413,982,466
1591,train/stuttgart/stuttgart_000073_000019_leftImg8bit.png,1,850,418,917,481
1592,train/stuttgart/stuttgart_000073_000019_leftImg8bit.png,1,812,420,901,491
1593,train/stuttgart/stuttgart_000073_000019_leftImg8bit.png,1,608,408,767,533
1594,train/stuttgart/stuttgart_000073_000019_leftImg8bit.png,1,396,387,628,582
1595,train/stuttgart/stuttgart_000073_000019_leftImg8bit.png,1,160,408,489,623
1596,train/stuttgart/stuttgart_000073_000019_leftImg8bit.png,5,-2,483,218,667
1597,train/stuttgart/stuttgart_000190_000019_leftImg8bit.png,1,801,412,880,468
1598,train/stuttgart/stuttgart_000190_000019_leftImg8bit.png,1,687,405,767,466
1599,train/stuttgart/stuttgart_000190_000019_leftImg8bit.png,1,524,398,585,456
1600,train/stuttgart/stuttgart_000190_000019_leftImg8bit.png,1,473,406,540,461
1601,train/stuttgart/stuttgart_000190_000019_leftImg8bit.png,1,401,406,498,466
1602,train/stuttgart/stuttgart_000190_000019_leftImg8bit.png,1,171,362,322,440
1603,train/stuttgart/stuttgart_000190_000019_leftImg8bit.png,1,268,395,386,464
1604,train/stuttgart/stuttgart_000190_000019_leftImg8bit.png,0,486,307,754,764
1605,train/stuttgart/stuttgart_000190_000019_leftImg8bit.png,0,1832,409,1885,493
1606,train/stuttgart/stuttgart_000180_000019_leftImg8bit.png,1,1193,370,1268,428
1607,train/stuttgart/stuttgart_000180_000019_leftImg8bit.png,1,1196,378,1291,456
1608,train/stuttgart/stuttgart_000180_000019_leftImg8bit.png,0,1612,370,1663,506
1609,train/stuttgart/stuttgart_000180_000019_leftImg8bit.png,0,1430,358,1509,531
1610,train/stuttgart/stuttgart_000180_000019_leftImg8bit.png,0,1950,314,2024,572
1611,train/stuttgart/stuttgart_000180_000019_leftImg8bit.png,0,1963,276,2026,376
1612,train/stuttgart/stuttgart_000180_000019_leftImg8bit.png,0,1887,344,2046,665
1613,train/stuttgart/stuttgart_000180_000019_leftImg8bit.png,0,1310,308,1434,636
1614,train/stuttgart/stuttgart_000180_000019_leftImg8bit.png,0,985,338,1050,543
1615,train/stuttgart/stuttgart_000180_000019_leftImg8bit.png,0,980,351,1077,570
1616,train/stuttgart/stuttgart_000180_000019_leftImg8bit.png,0,1017,308,1117,566
1617,train/stuttgart/stuttgart_000180_000019_leftImg8bit.png,0,1133,583,1213,708
1618,train/stuttgart/stuttgart_000180_000019_leftImg8bit.png,0,1064,307,1268,721
1619,train/stuttgart/stuttgart_000180_000019_leftImg8bit.png,0,396,371,448,456
1620,train/stuttgart/stuttgart_000180_000019_leftImg8bit.png,0,379,373,435,457
1621,train/stuttgart/stuttgart_000180_000019_leftImg8bit.png,0,351,374,415,458
1622,train/stuttgart/stuttgart_000180_000019_leftImg8bit.png,0,268,346,321,418
1623,train/stuttgart/stuttgart_000180_000019_leftImg8bit.png,0,262,363,322,443
1624,train/stuttgart/stuttgart_000180_000019_leftImg8bit.png,0,225,361,330,466
1625,train/stuttgart/stuttgart_000180_000019_leftImg8bit.png,0,94,354,147,469
1626,train/stuttgart/stuttgart_000180_000019_leftImg8bit.png,0,17,357,76,550
1627,train/stuttgart/stuttgart_000180_000019_leftImg8bit.png,0,148,364,214,545
1628,train/stuttgart/stuttgart_000180_000019_leftImg8bit.png,0,486,370,547,461
1629,train/stuttgart/stuttgart_000180_000019_leftImg8bit.png,0,644,243,881,815
1630,train/stuttgart/stuttgart_000180_000019_leftImg8bit.png,0,505,279,749,855
1631,train/stuttgart/stuttgart_000167_000019_leftImg8bit.png,2,1365,341,1470,453
1632,train/stuttgart/stuttgart_000167_000019_leftImg8bit.png,1,1738,404,1898,461
1633,train/stuttgart/stuttgart_000167_000019_leftImg8bit.png,0,848,299,1107,757
1634,train/stuttgart/stuttgart_000167_000019_leftImg8bit.png,0,557,157,940,901
1635,train/stuttgart/stuttgart_000035_000019_leftImg8bit.png,1,1202,440,1303,517
1636,train/stuttgart/stuttgart_000035_000019_leftImg8bit.png,1,1075,434,1136,492
1637,train/stuttgart/stuttgart_000035_000019_leftImg8bit.png,1,1294,430,1486,569
1638,train/stuttgart/stuttgart_000016_000019_leftImg8bit.png,1,446,467,535,519
1639,train/stuttgart/stuttgart_000016_000019_leftImg8bit.png,1,510,449,639,536
1640,train/stuttgart/stuttgart_000016_000019_leftImg8bit.png,5,771,532,842,639
