client_id,sample_path,label_name,label_id
0,cropped/aachen/276.png,class1,1
0,cropped/aachen/277.png,class1,1
0,cropped/aachen/278.png,class1,1
0,cropped/aachen/275.png,class1,1
0,cropped/aachen/279.png,class1,1
0,cropped/aachen/1461.png,class1,1
0,cropped/aachen/274.png,class1,1
0,cropped/aachen/273.png,class1,1
0,cropped/aachen/1123.png,class1,1
0,cropped/aachen/562.png,class1,1
0,cropped/aachen/560.png,class1,1
0,cropped/aachen/558.png,class1,1
0,cropped/aachen/559.png,class1,1
0,cropped/aachen/561.png,class1,1
0,cropped/aachen/1122.png,class1,1
0,cropped/aachen/1462.png,class1,1
0,cropped/aachen/456.png,class1,1
0,cropped/aachen/564.png,class1,1
0,cropped/aachen/454.png,class1,1
0,cropped/aachen/566.png,class1,1
0,cropped/aachen/455.png,class0,0
0,cropped/aachen/565.png,class1,1
0,cropped/aachen/452.png,class1,1
0,cropped/aachen/458.png,class1,1
0,cropped/aachen/998.png,class1,1
0,cropped/aachen/997.png,class1,1
0,cropped/aachen/1001.png,class1,1
0,cropped/aachen/1000.png,class1,1
0,cropped/aachen/1098.png,class1,1
0,cropped/aachen/999.png,class1,1
0,cropped/aachen/1097.png,class1,1
0,cropped/aachen/1002.png,class1,1
0,cropped/aachen/1105.png,class1,1
0,cropped/aachen/995.png,class1,1
0,cropped/aachen/1101.png,class1,1
0,cropped/aachen/1100.png,class1,1
0,cropped/aachen/1102.png,class1,1
0,cropped/aachen/1451.png,class1,1
0,cropped/aachen/1107.png,class1,1
0,cropped/aachen/1104.png,class1,1
0,cropped/aachen/1255.png,class5,5
0,cropped/aachen/996.png,class5,5
0,cropped/aachen/1257.png,class1,1
0,cropped/aachen/1442.png,class1,1
0,cropped/aachen/1441.png,class4,4
0,cropped/aachen/1443.png,class0,0
0,cropped/aachen/1258.png,class1,1
0,cropped/aachen/1254.png,class0,0
0,cropped/aachen/1450.png,class1,1
0,cropped/aachen/1444.png,class1,1
0,cropped/aachen/1447.png,class4,4
0,cropped/aachen/1445.png,class1,1
0,cropped/aachen/1217.png,class3,3
0,cropped/aachen/1449.png,class4,4
0,cropped/aachen/1446.png,class4,4
0,cropped/aachen/1219.png,class1,1
0,cropped/aachen/145.png,class1,1
0,cropped/aachen/146.png,class0,0
0,cropped/aachen/1222.png,class1,1
0,cropped/aachen/1224.png,class1,1
0,cropped/aachen/147.png,class3,3
0,cropped/aachen/144.png,class1,1
0,cropped/aachen/1220.png,class1,1
0,cropped/aachen/1221.png,class1,1
0,cropped/aachen/895.png,class1,1
0,cropped/aachen/151.png,class1,1
0,cropped/aachen/896.png,class1,1
0,cropped/aachen/898.png,class1,1
0,cropped/aachen/897.png,class1,1
0,cropped/aachen/901.png,class1,1
0,cropped/aachen/899.png,class1,1
0,cropped/aachen/149.png,class3,3
0,cropped/aachen/909.png,class1,1
0,cropped/aachen/906.png,class1,1
0,cropped/aachen/907.png,class1,1
0,cropped/aachen/903.png,class1,1
0,cropped/aachen/910.png,class4,4
0,cropped/aachen/905.png,class1,1
0,cropped/aachen/902.png,class1,1
0,cropped/aachen/911.png,class1,1
1,cropped/aachen/1373.png,class1,1
1,cropped/aachen/1370.png,class0,0
1,cropped/aachen/1372.png,class1,1
1,cropped/aachen/914.png,class0,0
1,cropped/aachen/913.png,class1,1
1,cropped/aachen/1371.png,class3,3
1,cropped/aachen/916.png,class1,1
1,cropped/aachen/1374.png,class0,0
1,cropped/aachen/1376.png,class0,0
1,cropped/aachen/1382.png,class0,0
1,cropped/aachen/1015.png,class0,0
1,cropped/aachen/1380.png,class4,4
1,cropped/aachen/1375.png,class0,0
1,cropped/aachen/1378.png,class5,5
1,cropped/aachen/1381.png,class1,1
1,cropped/aachen/1379.png,class0,0
1,cropped/aachen/1022.png,class0,0
1,cropped/aachen/1019.png,class1,1
1,cropped/aachen/1016.png,class4,4
1,cropped/aachen/1060.png,class0,0
1,cropped/aachen/1018.png,class1,1
1,cropped/aachen/1020.png,class0,0
1,cropped/aachen/1017.png,class1,1
1,cropped/aachen/1023.png,class1,1
1,cropped/aachen/1111.png,class0,0
1,cropped/aachen/1062.png,class0,0
1,cropped/aachen/1110.png,class0,0
1,cropped/aachen/1112.png,class5,5
1,cropped/aachen/1063.png,class0,0
1,cropped/aachen/1108.png,class0,0
1,cropped/aachen/1109.png,class0,0
1,cropped/aachen/1064.png,class0,0
1,cropped/aachen/1115.png,class1,1
1,cropped/aachen/1113.png,class0,0
1,cropped/aachen/1118.png,class0,0
1,cropped/aachen/1436.png,class0,0
1,cropped/aachen/1437.png,class0,0
1,cropped/aachen/1435.png,class0,0
1,cropped/aachen/1116.png,class4,4
1,cropped/aachen/1434.png,class1,1
1,cropped/aachen/754.png,class0,0
1,cropped/aachen/1439.png,class0,0
1,cropped/aachen/753.png,class0,0
1,cropped/aachen/755.png,class0,0
1,cropped/aachen/1440.png,class4,4
1,cropped/aachen/752.png,class0,0
1,cropped/aachen/757.png,class0,0
1,cropped/aachen/1438.png,class0,0
1,cropped/aachen/759.png,class1,1
1,cropped/aachen/1367.png,class0,0
1,cropped/aachen/1368.png,class0,0
1,cropped/aachen/1369.png,class0,0
1,cropped/aachen/1363.png,class1,1
1,cropped/aachen/289.png,class4,4
1,cropped/aachen/1366.png,class0,0
1,cropped/aachen/1365.png,class0,0
1,cropped/aachen/298.png,class1,1
1,cropped/aachen/299.png,class1,1
1,cropped/aachen/292.png,class0,0
1,cropped/aachen/291.png,class0,0
1,cropped/aachen/294.png,class0,0
1,cropped/aachen/300.png,class1,1
1,cropped/aachen/297.png,class1,1
1,cropped/aachen/295.png,class1,1
1,cropped/aachen/243.png,class0,0
1,cropped/aachen/303.png,class0,0
1,cropped/aachen/245.png,class1,1
1,cropped/aachen/246.png,class0,0
1,cropped/aachen/305.png,class0,0
1,cropped/aachen/242.png,class1,1
1,cropped/aachen/302.png,class0,0
1,cropped/aachen/301.png,class1,1
1,cropped/aachen/249.png,class0,0
1,cropped/aachen/252.png,class0,0
1,cropped/aachen/256.png,class0,0
1,cropped/aachen/255.png,class0,0
1,cropped/aachen/248.png,class0,0
1,cropped/aachen/251.png,class0,0
1,cropped/aachen/250.png,class0,0
1,cropped/aachen/247.png,class1,1
2,cropped/aachen/783.png,class0,0
2,cropped/aachen/503.png,class0,0
2,cropped/aachen/506.png,class1,1
2,cropped/aachen/504.png,class1,1
2,cropped/aachen/502.png,class0,0
2,cropped/aachen/785.png,class0,0
2,cropped/aachen/505.png,class1,1
2,cropped/aachen/786.png,class0,0
2,cropped/aachen/1177.png,class1,1
2,cropped/aachen/1175.png,class1,1
2,cropped/aachen/1172.png,class1,1
2,cropped/aachen/1174.png,class1,1
2,cropped/aachen/1452.png,class1,1
2,cropped/aachen/1173.png,class1,1
2,cropped/aachen/1453.png,class1,1
2,cropped/aachen/1176.png,class1,1
2,cropped/aachen/1179.png,class1,1
2,cropped/aachen/542.png,class1,1
2,cropped/aachen/1180.png,class3,3
2,cropped/aachen/544.png,class1,1
2,cropped/aachen/540.png,class4,4
2,cropped/aachen/538.png,class1,1
2,cropped/aachen/543.png,class1,1
2,cropped/aachen/541.png,class1,1
2,cropped/aachen/124.png,class1,1
2,cropped/aachen/118.png,class1,1
2,cropped/aachen/122.png,class1,1
2,cropped/aachen/548.png,class1,1
2,cropped/aachen/121.png,class1,1
2,cropped/aachen/120.png,class1,1
2,cropped/aachen/546.png,class4,4
2,cropped/aachen/547.png,class3,3
2,cropped/aachen/127.png,class1,1
2,cropped/aachen/125.png,class3,3
2,cropped/aachen/126.png,class3,3
2,cropped/aachen/739.png,class1,1
2,cropped/aachen/738.png,class1,1
2,cropped/aachen/736.png,class1,1
2,cropped/aachen/128.png,class1,1
2,cropped/aachen/735.png,class1,1
2,cropped/aachen/743.png,class0,0
2,cropped/aachen/744.png,class4,4
2,cropped/aachen/748.png,class4,4
2,cropped/aachen/742.png,class0,0
2,cropped/aachen/740.png,class1,1
2,cropped/aachen/746.png,class0,0
2,cropped/aachen/741.png,class1,1
2,cropped/aachen/747.png,class0,0
2,cropped/aachen/478.png,class1,1
2,cropped/aachen/480.png,class1,1
2,cropped/aachen/477.png,class1,1
2,cropped/aachen/476.png,class1,1
2,cropped/aachen/479.png,class1,1
2,cropped/aachen/482.png,class1,1
2,cropped/aachen/475.png,class1,1
2,cropped/aachen/481.png,class1,1
2,cropped/aachen/550.png,class3,3
2,cropped/aachen/486.png,class1,1
2,cropped/aachen/553.png,class4,4
2,cropped/aachen/549.png,class0,0
2,cropped/aachen/551.png,class0,0
2,cropped/aachen/483.png,class1,1
2,cropped/aachen/485.png,class1,1
2,cropped/aachen/552.png,class0,0
2,cropped/aachen/44.png,class0,0
2,cropped/aachen/258.png,class4,4
2,cropped/aachen/555.png,class4,4
2,cropped/aachen/42.png,class0,0
2,cropped/aachen/257.png,class1,1
2,cropped/aachen/554.png,class0,0
2,cropped/aachen/40.png,class1,1
2,cropped/aachen/556.png,class0,0
2,cropped/aachen/864.png,class1,1
2,cropped/aachen/862.png,class1,1
2,cropped/aachen/859.png,class1,1
2,cropped/aachen/865.png,class1,1
2,cropped/aachen/863.png,class1,1
2,cropped/aachen/860.png,class1,1
2,cropped/aachen/45.png,class0,0
2,cropped/aachen/857.png,class1,1
3,cropped/aachen/872.png,class1,1
3,cropped/aachen/867.png,class1,1
3,cropped/aachen/869.png,class1,1
3,cropped/aachen/870.png,class1,1
3,cropped/aachen/873.png,class1,1
3,cropped/aachen/871.png,class1,1
3,cropped/aachen/868.png,class1,1
3,cropped/aachen/769.png,class1,1
3,cropped/aachen/771.png,class1,1
3,cropped/aachen/839.png,class1,1
3,cropped/aachen/840.png,class1,1
3,cropped/aachen/842.png,class1,1
3,cropped/aachen/841.png,class1,1
3,cropped/aachen/843.png,class4,4
3,cropped/aachen/772.png,class4,4
3,cropped/aachen/833.png,class1,1
3,cropped/aachen/835.png,class1,1
3,cropped/aachen/836.png,class1,1
3,cropped/aachen/838.png,class4,4
3,cropped/aachen/1391.png,class5,5
3,cropped/aachen/1396.png,class0,0
3,cropped/aachen/1393.png,class5,5
3,cropped/aachen/1394.png,class1,1
3,cropped/aachen/837.png,class1,1
3,cropped/aachen/1226.png,class1,1
3,cropped/aachen/1420.png,class0,0
3,cropped/aachen/1227.png,class1,1
3,cropped/aachen/1425.png,class5,5
3,cropped/aachen/1397.png,class1,1
3,cropped/aachen/1421.png,class1,1
3,cropped/aachen/1423.png,class5,5
3,cropped/aachen/1422.png,class1,1
3,cropped/aachen/1230.png,class1,1
3,cropped/aachen/401.png,class0,0
3,cropped/aachen/400.png,class1,1
3,cropped/aachen/403.png,class1,1
3,cropped/aachen/1232.png,class1,1
3,cropped/aachen/1228.png,class1,1
3,cropped/aachen/1233.png,class1,1
3,cropped/aachen/402.png,class0,0
3,cropped/aachen/407.png,class0,0
3,cropped/aachen/409.png,class1,1
3,cropped/aachen/411.png,class5,5
3,cropped/aachen/669.png,class0,0
3,cropped/aachen/408.png,class1,1
3,cropped/aachen/404.png,class0,0
3,cropped/aachen/670.png,class0,0
3,cropped/aachen/405.png,class1,1
3,cropped/aachen/672.png,class0,0
3,cropped/aachen/673.png,class0,0
3,cropped/aachen/671.png,class0,0
3,cropped/aachen/677.png,class1,1
3,cropped/aachen/680.png,class0,0
3,cropped/aachen/679.png,class1,1
3,cropped/aachen/678.png,class0,0
3,cropped/aachen/676.png,class1,1
3,cropped/aachen/373.png,class1,1
3,cropped/aachen/682.png,class0,0
3,cropped/aachen/370.png,class1,1
3,cropped/aachen/683.png,class5,5
3,cropped/aachen/681.png,class0,0
3,cropped/aachen/684.png,class0,0
3,cropped/aachen/372.png,class1,1
3,cropped/aachen/375.png,class1,1
3,cropped/aachen/973.png,class1,1
3,cropped/aachen/972.png,class1,1
3,cropped/aachen/974.png,class1,1
3,cropped/aachen/378.png,class1,1
3,cropped/aachen/379.png,class1,1
3,cropped/aachen/376.png,class1,1
3,cropped/aachen/971.png,class1,1
3,cropped/aachen/380.png,class1,1
3,cropped/aachen/977.png,class1,1
3,cropped/aachen/978.png,class1,1
3,cropped/aachen/762.png,class1,1
3,cropped/aachen/567.png,class1,1
3,cropped/aachen/764.png,class1,1
3,cropped/aachen/761.png,class0,0
3,cropped/aachen/976.png,class1,1
3,cropped/aachen/763.png,class1,1
4,cropped/aachen/7.png,class1,1
4,cropped/aachen/10.png,class1,1
4,cropped/aachen/9.png,class1,1
4,cropped/aachen/767.png,class0,0
4,cropped/aachen/765.png,class1,1
4,cropped/aachen/768.png,class0,0
4,cropped/aachen/12.png,class1,1
4,cropped/aachen/8.png,class1,1
4,cropped/aachen/15.png,class1,1
4,cropped/aachen/1399.png,class1,1
4,cropped/aachen/16.png,class0,0
4,cropped/aachen/18.png,class5,5
4,cropped/aachen/17.png,class1,1
4,cropped/aachen/13.png,class4,4
4,cropped/aachen/1398.png,class1,1
4,cropped/aachen/1401.png,class0,0
4,cropped/aachen/171.png,class0,0
4,cropped/aachen/1409.png,class4,4
4,cropped/aachen/1410.png,class0,0
4,cropped/aachen/1406.png,class1,1
4,cropped/aachen/1407.png,class1,1
4,cropped/aachen/1405.png,class0,0
4,cropped/aachen/1404.png,class0,0
4,cropped/aachen/1402.png,class0,0
4,cropped/aachen/181.png,class1,1
4,cropped/aachen/173.png,class1,1
4,cropped/aachen/179.png,class1,1
4,cropped/aachen/174.png,class1,1
4,cropped/aachen/176.png,class1,1
4,cropped/aachen/177.png,class1,1
4,cropped/aachen/172.png,class1,1
4,cropped/aachen/178.png,class1,1
4,cropped/aachen/848.png,class1,1
4,cropped/aachen/844.png,class1,1
4,cropped/aachen/852.png,class1,1
4,cropped/aachen/851.png,class1,1
4,cropped/aachen/847.png,class1,1
4,cropped/aachen/845.png,class4,4
4,cropped/aachen/853.png,class1,1
4,cropped/aachen/846.png,class1,1
4,cropped/aachen/1262.png,class1,1
4,cropped/aachen/854.png,class1,1
4,cropped/aachen/855.png,class1,1
4,cropped/aachen/306.png,class1,1
4,cropped/aachen/856.png,class1,1
4,cropped/aachen/1260.png,class4,4
4,cropped/aachen/1261.png,class1,1
4,cropped/aachen/309.png,class1,1
4,cropped/aachen/728.png,class1,1
4,cropped/aachen/729.png,class4,4
4,cropped/aachen/310.png,class1,1
4,cropped/aachen/727.png,class5,5
4,cropped/aachen/724.png,class1,1
4,cropped/aachen/311.png,class1,1
4,cropped/aachen/722.png,class1,1
4,cropped/aachen/723.png,class1,1
4,cropped/aachen/966.png,class1,1
4,cropped/aachen/963.png,class1,1
4,cropped/aachen/965.png,class1,1
4,cropped/aachen/364.png,class1,1
4,cropped/aachen/968.png,class1,1
4,cropped/aachen/969.png,class1,1
4,cropped/aachen/365.png,class1,1
4,cropped/aachen/964.png,class1,1
4,cropped/aachen/1416.png,class1,1
4,cropped/aachen/1417.png,class1,1
4,cropped/aachen/1418.png,class1,1
4,cropped/aachen/1415.png,class1,1
4,cropped/aachen/1414.png,class1,1
4,cropped/aachen/1413.png,class1,1
4,cropped/aachen/1411.png,class5,5
4,cropped/aachen/1412.png,class1,1
4,cropped/aachen/809.png,class1,1
4,cropped/aachen/816.png,class1,1
4,cropped/aachen/817.png,class1,1
4,cropped/aachen/1419.png,class1,1
4,cropped/aachen/810.png,class1,1
4,cropped/aachen/815.png,class1,1
4,cropped/aachen/812.png,class1,1
4,cropped/aachen/811.png,class1,1
5,cropped/aachen/1056.png,class1,1
5,cropped/aachen/1057.png,class1,1
5,cropped/aachen/819.png,class1,1
5,cropped/aachen/818.png,class1,1
5,cropped/aachen/1059.png,class1,1
5,cropped/aachen/1307.png,class1,1
5,cropped/aachen/821.png,class1,1
5,cropped/aachen/820.png,class1,1
5,cropped/aachen/1309.png,class1,1
5,cropped/aachen/1312.png,class1,1
5,cropped/aachen/1318.png,class1,1
5,cropped/aachen/1317.png,class1,1
5,cropped/aachen/1310.png,class1,1
5,cropped/aachen/1313.png,class1,1
5,cropped/aachen/1316.png,class1,1
5,cropped/aachen/1315.png,class1,1
5,cropped/aachen/1326.png,class1,1
5,cropped/aachen/1324.png,class5,5
5,cropped/aachen/1321.png,class1,1
5,cropped/aachen/1327.png,class1,1
5,cropped/aachen/1328.png,class1,1
5,cropped/aachen/1319.png,class1,1
5,cropped/aachen/1320.png,class1,1
5,cropped/aachen/1325.png,class1,1
5,cropped/aachen/1331.png,class1,1
5,cropped/aachen/318.png,class1,1
5,cropped/aachen/312.png,class1,1
5,cropped/aachen/317.png,class1,1
5,cropped/aachen/316.png,class1,1
5,cropped/aachen/314.png,class1,1
5,cropped/aachen/1330.png,class1,1
5,cropped/aachen/315.png,class1,1
5,cropped/aachen/324.png,class1,1
5,cropped/aachen/321.png,class1,1
5,cropped/aachen/322.png,class1,1
5,cropped/aachen/319.png,class1,1
5,cropped/aachen/326.png,class1,1
5,cropped/aachen/327.png,class1,1
5,cropped/aachen/328.png,class1,1
5,cropped/aachen/325.png,class1,1
5,cropped/aachen/329.png,class1,1
5,cropped/aachen/332.png,class1,1
5,cropped/aachen/333.png,class1,1
5,cropped/aachen/331.png,class1,1
5,cropped/aachen/337.png,class1,1
5,cropped/aachen/330.png,class1,1
5,cropped/aachen/338.png,class1,1
5,cropped/aachen/334.png,class1,1
5,cropped/aachen/344.png,class1,1
5,cropped/aachen/342.png,class1,1
5,cropped/aachen/339.png,class1,1
5,cropped/aachen/341.png,class1,1
5,cropped/aachen/343.png,class1,1
5,cropped/aachen/345.png,class1,1
5,cropped/aachen/346.png,class1,1
5,cropped/aachen/347.png,class1,1
5,cropped/aachen/353.png,class1,1
5,cropped/aachen/730.png,class3,3
5,cropped/aachen/356.png,class1,1
5,cropped/aachen/350.png,class1,1
5,cropped/aachen/355.png,class1,1
5,cropped/aachen/351.png,class1,1
5,cropped/aachen/349.png,class1,1
5,cropped/aachen/357.png,class1,1
5,cropped/aachen/1279.png,class1,1
5,cropped/aachen/774.png,class1,1
5,cropped/aachen/732.png,class3,3
5,cropped/aachen/731.png,class3,3
5,cropped/aachen/733.png,class3,3
5,cropped/aachen/1280.png,class4,4
5,cropped/aachen/778.png,class1,1
5,cropped/aachen/775.png,class1,1
5,cropped/aachen/388.png,class1,1
5,cropped/aachen/387.png,class1,1
5,cropped/aachen/383.png,class4,4
5,cropped/aachen/1281.png,class4,4
5,cropped/aachen/389.png,class0,0
5,cropped/aachen/386.png,class1,1
5,cropped/aachen/384.png,class4,4
5,cropped/aachen/381.png,class1,1
6,cropped/aachen/461.png,class1,1
6,cropped/aachen/468.png,class1,1
6,cropped/aachen/465.png,class1,1
6,cropped/aachen/467.png,class1,1
6,cropped/aachen/466.png,class1,1
6,cropped/aachen/460.png,class1,1
6,cropped/aachen/464.png,class1,1
6,cropped/aachen/459.png,class1,1
6,cropped/aachen/473.png,class1,1
6,cropped/aachen/470.png,class4,4
6,cropped/aachen/471.png,class4,4
6,cropped/aachen/474.png,class1,1
6,cropped/aachen/103.png,class1,1
6,cropped/aachen/469.png,class4,4
6,cropped/aachen/105.png,class1,1
6,cropped/aachen/472.png,class1,1
6,cropped/aachen/108.png,class1,1
6,cropped/aachen/113.png,class4,4
6,cropped/aachen/115.png,class1,1
6,cropped/aachen/116.png,class4,4
6,cropped/aachen/112.png,class1,1
6,cropped/aachen/107.png,class1,1
6,cropped/aachen/109.png,class1,1
6,cropped/aachen/111.png,class1,1
6,cropped/aachen/117.png,class1,1
6,cropped/aachen/1205.png,class1,1
6,cropped/aachen/891.png,class1,1
6,cropped/aachen/888.png,class4,4
6,cropped/aachen/887.png,class3,3
6,cropped/aachen/892.png,class1,1
6,cropped/aachen/889.png,class4,4
6,cropped/aachen/893.png,class1,1
6,cropped/aachen/702.png,class1,1
6,cropped/aachen/699.png,class3,3
6,cropped/aachen/701.png,class1,1
6,cropped/aachen/698.png,class1,1
6,cropped/aachen/704.png,class1,1
6,cropped/aachen/700.png,class1,1
6,cropped/aachen/695.png,class1,1
6,cropped/aachen/696.png,class1,1
6,cropped/aachen/692.png,class1,1
6,cropped/aachen/691.png,class1,1
6,cropped/aachen/689.png,class4,4
6,cropped/aachen/686.png,class4,4
6,cropped/aachen/687.png,class4,4
6,cropped/aachen/705.png,class0,0
6,cropped/aachen/693.png,class1,1
6,cropped/aachen/690.png,class1,1
6,cropped/aachen/1360.png,class1,1
6,cropped/aachen/1362.png,class1,1
6,cropped/aachen/694.png,class1,1
6,cropped/aachen/986.png,class1,1
6,cropped/aachen/1361.png,class1,1
6,cropped/aachen/1359.png,class0,0
6,cropped/aachen/988.png,class1,1
6,cropped/aachen/987.png,class1,1
6,cropped/aachen/570.png,class1,1
6,cropped/aachen/628.png,class1,1
6,cropped/aachen/573.png,class1,1
6,cropped/aachen/574.png,class1,1
6,cropped/aachen/627.png,class1,1
6,cropped/aachen/626.png,class1,1
6,cropped/aachen/571.png,class1,1
6,cropped/aachen/629.png,class1,1
6,cropped/aachen/1212.png,class1,1
6,cropped/aachen/630.png,class1,1
6,cropped/aachen/1214.png,class1,1
6,cropped/aachen/1027.png,class1,1
6,cropped/aachen/1215.png,class1,1
6,cropped/aachen/1216.png,class1,1
6,cropped/aachen/631.png,class1,1
6,cropped/aachen/1213.png,class1,1
6,cropped/aachen/1032.png,class1,1
6,cropped/aachen/1031.png,class1,1
6,cropped/aachen/1033.png,class1,1
6,cropped/aachen/1028.png,class1,1
6,cropped/aachen/1162.png,class1,1
6,cropped/aachen/1029.png,class1,1
6,cropped/aachen/1163.png,class1,1
6,cropped/aachen/1161.png,class1,1
7,cropped/aachen/1165.png,class1,1
7,cropped/aachen/619.png,class1,1
7,cropped/aachen/1170.png,class1,1
7,cropped/aachen/1166.png,class1,1
7,cropped/aachen/1168.png,class2,2
7,cropped/aachen/621.png,class1,1
7,cropped/aachen/620.png,class1,1
7,cropped/aachen/1169.png,class1,1
7,cropped/aachen/623.png,class1,1
7,cropped/aachen/93.png,class1,1
7,cropped/aachen/90.png,class1,1
7,cropped/aachen/92.png,class1,1
7,cropped/aachen/625.png,class1,1
7,cropped/aachen/624.png,class1,1
7,cropped/aachen/88.png,class1,1
7,cropped/aachen/89.png,class1,1
7,cropped/aachen/95.png,class1,1
7,cropped/aachen/102.png,class1,1
7,cropped/aachen/98.png,class1,1
7,cropped/aachen/99.png,class1,1
7,cropped/aachen/822.png,class1,1
7,cropped/aachen/100.png,class0,0
7,cropped/aachen/96.png,class1,1
7,cropped/aachen/94.png,class1,1
7,cropped/aachen/830.png,class1,1
7,cropped/aachen/828.png,class1,1
7,cropped/aachen/824.png,class1,1
7,cropped/aachen/823.png,class0,0
7,cropped/aachen/829.png,class1,1
7,cropped/aachen/152.png,class1,1
7,cropped/aachen/825.png,class1,1
7,cropped/aachen/826.png,class1,1
7,cropped/aachen/154.png,class1,1
7,cropped/aachen/155.png,class0,0
7,cropped/aachen/66.png,class1,1
7,cropped/aachen/69.png,class1,1
7,cropped/aachen/65.png,class1,1
7,cropped/aachen/68.png,class1,1
7,cropped/aachen/67.png,class1,1
7,cropped/aachen/156.png,class0,0
7,cropped/aachen/75.png,class1,1
7,cropped/aachen/1235.png,class1,1
7,cropped/aachen/74.png,class1,1
7,cropped/aachen/73.png,class1,1
7,cropped/aachen/1236.png,class1,1
7,cropped/aachen/1234.png,class0,0
7,cropped/aachen/70.png,class1,1
7,cropped/aachen/72.png,class1,1
7,cropped/aachen/1238.png,class1,1
7,cropped/aachen/1241.png,class1,1
7,cropped/aachen/1034.png,class1,1
7,cropped/aachen/1243.png,class1,1
7,cropped/aachen/1244.png,class1,1
7,cropped/aachen/1240.png,class1,1
7,cropped/aachen/1242.png,class1,1
7,cropped/aachen/1237.png,class1,1
7,cropped/aachen/1045.png,class1,1
7,cropped/aachen/1043.png,class1,1
7,cropped/aachen/1041.png,class1,1
7,cropped/aachen/1042.png,class1,1
7,cropped/aachen/1037.png,class1,1
7,cropped/aachen/1040.png,class1,1
7,cropped/aachen/1044.png,class1,1
7,cropped/aachen/1038.png,class1,1
7,cropped/aachen/632.png,class0,0
7,cropped/aachen/1428.png,class1,1
7,cropped/aachen/1046.png,class1,1
7,cropped/aachen/1430.png,class1,1
7,cropped/aachen/1429.png,class5,5
7,cropped/aachen/633.png,class0,0
7,cropped/aachen/1427.png,class1,1
7,cropped/aachen/1431.png,class1,1
7,cropped/aachen/1383.png,class4,4
7,cropped/aachen/1385.png,class1,1
7,cropped/aachen/637.png,class1,1
7,cropped/aachen/634.png,class0,0
7,cropped/aachen/1384.png,class4,4
7,cropped/aachen/1387.png,class1,1
7,cropped/aachen/635.png,class4,4
7,cropped/aachen/638.png,class1,1
8,cropped/aachen/427.png,class0,0
8,cropped/aachen/428.png,class4,4
8,cropped/aachen/426.png,class1,1
8,cropped/aachen/1389.png,class1,1
8,cropped/aachen/1390.png,class1,1
8,cropped/aachen/425.png,class1,1
8,cropped/aachen/1388.png,class1,1
8,cropped/aachen/424.png,class1,1
8,cropped/aachen/439.png,class4,4
8,cropped/aachen/437.png,class4,4
8,cropped/aachen/433.png,class5,5
8,cropped/aachen/438.png,class4,4
8,cropped/aachen/431.png,class4,4
8,cropped/aachen/440.png,class5,5
8,cropped/aachen/436.png,class5,5
8,cropped/aachen/435.png,class4,4
8,cropped/aachen/1250.png,class0,0
8,cropped/aachen/1252.png,class0,0
8,cropped/aachen/1247.png,class0,0
8,cropped/aachen/442.png,class5,5
8,cropped/aachen/1246.png,class0,0
8,cropped/aachen/441.png,class5,5
8,cropped/aachen/1249.png,class0,0
8,cropped/aachen/1248.png,class0,0
8,cropped/aachen/1288.png,class1,1
8,cropped/aachen/1289.png,class0,0
8,cropped/aachen/1253.png,class0,0
8,cropped/aachen/1282.png,class1,1
8,cropped/aachen/1290.png,class1,1
8,cropped/aachen/1284.png,class1,1
8,cropped/aachen/1287.png,class0,0
8,cropped/aachen/1285.png,class1,1
8,cropped/aachen/1291.png,class1,1
8,cropped/aachen/993.png,class1,1
8,cropped/aachen/1294.png,class0,0
8,cropped/aachen/991.png,class1,1
8,cropped/aachen/1292.png,class1,1
8,cropped/aachen/992.png,class4,4
8,cropped/aachen/990.png,class1,1
8,cropped/aachen/994.png,class1,1
8,cropped/aachen/1263.png,class0,0
8,cropped/aachen/1120.png,class0,0
8,cropped/aachen/165.png,class1,1
8,cropped/aachen/169.png,class0,0
8,cropped/aachen/166.png,class1,1
8,cropped/aachen/167.png,class0,0
8,cropped/aachen/1121.png,class0,0
8,cropped/aachen/168.png,class0,0
8,cropped/aachen/1458.png,class1,1
8,cropped/aachen/1266.png,class1,1
8,cropped/aachen/1456.png,class1,1
8,cropped/aachen/1265.png,class0,0
8,cropped/aachen/1264.png,class0,0
8,cropped/aachen/1455.png,class1,1
8,cropped/aachen/1454.png,class1,1
8,cropped/aachen/1457.png,class1,1
8,cropped/aachen/1081.png,class0,0
8,cropped/aachen/1459.png,class1,1
8,cropped/aachen/1080.png,class0,0
8,cropped/aachen/1078.png,class4,4
8,cropped/aachen/1077.png,class4,4
8,cropped/aachen/1079.png,class1,1
8,cropped/aachen/1083.png,class0,0
8,cropped/aachen/1024.png,class0,0
8,cropped/aachen/961.png,class1,1
8,cropped/aachen/959.png,class1,1
8,cropped/aachen/958.png,class1,1
8,cropped/aachen/954.png,class1,1
8,cropped/aachen/953.png,class1,1
8,cropped/aachen/956.png,class4,4
8,cropped/aachen/955.png,class0,0
8,cropped/aachen/960.png,class1,1
8,cropped/aachen/25.png,class1,1
8,cropped/aachen/24.png,class1,1
8,cropped/aachen/19.png,class0,0
8,cropped/aachen/22.png,class1,1
8,cropped/aachen/20.png,class1,1
8,cropped/aachen/23.png,class1,1
8,cropped/aachen/79.png,class0,0
8,cropped/aachen/21.png,class1,1
9,cropped/aachen/1.png,class1,1
9,cropped/aachen/84.png,class4,4
9,cropped/aachen/87.png,class1,1
9,cropped/aachen/83.png,class4,4
9,cropped/aachen/81.png,class0,0
9,cropped/aachen/86.png,class1,1
9,cropped/aachen/82.png,class5,5
9,cropped/aachen/80.png,class0,0
9,cropped/aachen/6.png,class1,1
9,cropped/aachen/200.png,class1,1
9,cropped/aachen/201.png,class3,3
9,cropped/aachen/3.png,class1,1
9,cropped/aachen/198.png,class1,1
9,cropped/aachen/197.png,class4,4
9,cropped/aachen/5.png,class1,1
9,cropped/aachen/199.png,class1,1
9,cropped/aachen/1133.png,class1,1
9,cropped/aachen/1136.png,class1,1
9,cropped/aachen/1181.png,class1,1
9,cropped/aachen/1132.png,class1,1
9,cropped/aachen/1140.png,class1,1
9,cropped/aachen/1134.png,class1,1
9,cropped/aachen/1138.png,class1,1
9,cropped/aachen/1135.png,class1,1
9,cropped/aachen/363.png,class1,1
9,cropped/aachen/359.png,class1,1
9,cropped/aachen/361.png,class3,3
9,cropped/aachen/1182.png,class1,1
9,cropped/aachen/358.png,class1,1
9,cropped/aachen/360.png,class1,1
9,cropped/aachen/362.png,class1,1
9,cropped/aachen/1185.png,class4,4
9,cropped/aachen/522.png,class1,1
9,cropped/aachen/513.png,class1,1
9,cropped/aachen/519.png,class1,1
9,cropped/aachen/514.png,class0,0
9,cropped/aachen/518.png,class1,1
9,cropped/aachen/520.png,class1,1
9,cropped/aachen/521.png,class1,1
9,cropped/aachen/517.png,class1,1
9,cropped/aachen/524.png,class4,4
9,cropped/aachen/1052.png,class1,1
9,cropped/aachen/525.png,class4,4
9,cropped/aachen/523.png,class0,0
9,cropped/aachen/1051.png,class1,1
9,cropped/aachen/1050.png,class1,1
9,cropped/aachen/1047.png,class4,4
9,cropped/aachen/1053.png,class1,1
9,cropped/aachen/928.png,class0,0
9,cropped/aachen/932.png,class5,5
9,cropped/aachen/927.png,class0,0
9,cropped/aachen/931.png,class0,0
9,cropped/aachen/934.png,class0,0
9,cropped/aachen/930.png,class0,0
9,cropped/aachen/1055.png,class0,0
9,cropped/aachen/1054.png,class4,4
9,cropped/aachen/938.png,class0,0
9,cropped/aachen/940.png,class0,0
9,cropped/aachen/942.png,class0,0
9,cropped/aachen/936.png,class0,0
9,cropped/aachen/941.png,class0,0
9,cropped/aachen/937.png,class0,0
9,cropped/aachen/935.png,class0,0
9,cropped/aachen/939.png,class0,0
9,cropped/aachen/945.png,class0,0
9,cropped/aachen/1006.png,class1,1
9,cropped/aachen/1009.png,class1,1
9,cropped/aachen/1012.png,class1,1
9,cropped/aachen/1004.png,class1,1
9,cropped/aachen/1008.png,class5,5
9,cropped/aachen/1011.png,class1,1
9,cropped/aachen/1005.png,class1,1
9,cropped/aachen/714.png,class1,1
9,cropped/aachen/946.png,class1,1
9,cropped/aachen/719.png,class0,0
9,cropped/aachen/715.png,class1,1
9,cropped/aachen/717.png,class0,0
9,cropped/aachen/720.png,class0,0
9,cropped/aachen/1013.png,class1,1
9,cropped/aachen/721.png,class0,0
10,cropped/aachen/951.png,class1,1
10,cropped/aachen/217.png,class1,1
10,cropped/aachen/948.png,class1,1
10,cropped/aachen/214.png,class1,1
10,cropped/aachen/950.png,class1,1
10,cropped/aachen/215.png,class1,1
10,cropped/aachen/947.png,class1,1
10,cropped/aachen/949.png,class1,1
10,cropped/aachen/221.png,class0,0
10,cropped/aachen/222.png,class0,0
10,cropped/aachen/660.png,class4,4
10,cropped/aachen/218.png,class1,1
10,cropped/aachen/219.png,class0,0
10,cropped/aachen/661.png,class1,1
10,cropped/aachen/662.png,class0,0
10,cropped/aachen/220.png,class0,0
10,cropped/aachen/666.png,class0,0
10,cropped/aachen/1351.png,class1,1
10,cropped/aachen/787.png,class0,0
10,cropped/aachen/668.png,class0,0
10,cropped/aachen/667.png,class0,0
10,cropped/aachen/665.png,class0,0
10,cropped/aachen/664.png,class0,0
10,cropped/aachen/1350.png,class1,1
10,cropped/aachen/791.png,class1,1
10,cropped/aachen/796.png,class0,0
10,cropped/aachen/798.png,class0,0
10,cropped/aachen/794.png,class0,0
10,cropped/aachen/797.png,class0,0
10,cropped/aachen/792.png,class1,1
10,cropped/aachen/795.png,class0,0
10,cropped/aachen/793.png,class1,1
10,cropped/aachen/799.png,class0,0
10,cropped/aachen/800.png,class0,0
10,cropped/aachen/803.png,class0,0
10,cropped/aachen/801.png,class0,0
10,cropped/aachen/807.png,class0,0
10,cropped/aachen/805.png,class0,0
10,cropped/aachen/806.png,class0,0
10,cropped/aachen/808.png,class0,0
10,cropped/aachen/227.png,class4,4
10,cropped/aachen/225.png,class4,4
10,cropped/aachen/228.png,class3,3
10,cropped/aachen/224.png,class0,0
10,cropped/aachen/230.png,class0,0
10,cropped/aachen/226.png,class4,4
10,cropped/aachen/231.png,class1,1
10,cropped/aachen/223.png,class1,1
10,cropped/aachen/282.png,class1,1
10,cropped/aachen/281.png,class1,1
10,cropped/aachen/283.png,class1,1
10,cropped/aachen/1160.png,class0,0
10,cropped/aachen/1156.png,class0,0
10,cropped/aachen/1159.png,class0,0
10,cropped/aachen/1158.png,class0,0
10,cropped/aachen/1157.png,class0,0
10,cropped/aachen/285.png,class4,4
10,cropped/aachen/288.png,class1,1
10,cropped/aachen/1070.png,class1,1
10,cropped/aachen/1071.png,class1,1
10,cropped/aachen/286.png,class1,1
10,cropped/aachen/1068.png,class1,1
10,cropped/aachen/287.png,class1,1
10,cropped/aachen/1067.png,class1,1
10,cropped/aachen/368.png,class1,1
10,cropped/aachen/369.png,class0,0
10,cropped/aachen/1074.png,class0,0
10,cropped/aachen/1076.png,class1,1
10,cropped/aachen/1086.png,class1,1
10,cropped/aachen/1085.png,class1,1
10,cropped/aachen/1073.png,class1,1
10,cropped/aachen/1084.png,class1,1
10,cropped/aachen/1088.png,class1,1
10,cropped/aachen/1093.png,class1,1
10,cropped/aachen/1095.png,class1,1
10,cropped/aachen/1090.png,class1,1
10,cropped/aachen/1094.png,class1,1
10,cropped/aachen/1092.png,class1,1
10,cropped/aachen/1089.png,class1,1
10,cropped/aachen/1096.png,class1,1
11,cropped/aachen/183.png,class1,1
11,cropped/aachen/187.png,class1,1
11,cropped/aachen/189.png,class1,1
11,cropped/aachen/184.png,class1,1
11,cropped/aachen/185.png,class1,1
11,cropped/aachen/188.png,class1,1
11,cropped/aachen/186.png,class1,1
11,cropped/aachen/190.png,class1,1
11,cropped/aachen/194.png,class1,1
11,cropped/aachen/649.png,class1,1
11,cropped/aachen/195.png,class1,1
11,cropped/aachen/196.png,class1,1
11,cropped/aachen/192.png,class1,1
11,cropped/aachen/193.png,class1,1
11,cropped/aachen/648.png,class4,4
11,cropped/aachen/645.png,class1,1
11,cropped/aachen/653.png,class1,1
11,cropped/aachen/652.png,class1,1
11,cropped/aachen/507.png,class0,0
11,cropped/aachen/650.png,class1,1
11,cropped/aachen/657.png,class1,1
11,cropped/aachen/508.png,class1,1
11,cropped/aachen/651.png,class1,1
11,cropped/aachen/655.png,class1,1
11,cropped/aachen/1304.png,class1,1
11,cropped/aachen/512.png,class1,1
11,cropped/aachen/1305.png,class1,1
11,cropped/aachen/511.png,class1,1
11,cropped/aachen/1296.png,class0,0
11,cropped/aachen/510.png,class1,1
11,cropped/aachen/1306.png,class1,1
11,cropped/aachen/1295.png,class0,0
11,cropped/aachen/1301.png,class0,0
11,cropped/aachen/599.png,class1,1
11,cropped/aachen/600.png,class1,1
11,cropped/aachen/1299.png,class1,1
11,cropped/aachen/1302.png,class0,0
11,cropped/aachen/1300.png,class0,0
11,cropped/aachen/598.png,class0,0
11,cropped/aachen/597.png,class0,0
11,cropped/aachen/413.png,class1,1
11,cropped/aachen/414.png,class1,1
11,cropped/aachen/604.png,class1,1
11,cropped/aachen/412.png,class1,1
11,cropped/aachen/602.png,class1,1
11,cropped/aachen/605.png,class1,1
11,cropped/aachen/601.png,class1,1
11,cropped/aachen/415.png,class1,1
11,cropped/aachen/418.png,class1,1
11,cropped/aachen/259.png,class1,1
11,cropped/aachen/416.png,class1,1
11,cropped/aachen/419.png,class1,1
11,cropped/aachen/421.png,class1,1
11,cropped/aachen/417.png,class1,1
11,cropped/aachen/423.png,class0,0
11,cropped/aachen/422.png,class0,0
11,cropped/aachen/263.png,class1,1
11,cropped/aachen/270.png,class1,1
11,cropped/aachen/261.png,class1,1
11,cropped/aachen/264.png,class1,1
11,cropped/aachen/265.png,class1,1
11,cropped/aachen/269.png,class1,1
11,cropped/aachen/268.png,class1,1
11,cropped/aachen/262.png,class1,1
11,cropped/aachen/134.png,class1,1
11,cropped/aachen/135.png,class1,1
11,cropped/aachen/132.png,class1,1
11,cropped/aachen/129.png,class1,1
11,cropped/aachen/133.png,class1,1
11,cropped/aachen/130.png,class1,1
11,cropped/aachen/272.png,class1,1
11,cropped/aachen/136.png,class1,1
11,cropped/aachen/444.png,class1,1
11,cropped/aachen/446.png,class1,1
11,cropped/aachen/445.png,class1,1
11,cropped/aachen/448.png,class1,1
11,cropped/aachen/447.png,class0,0
11,cropped/aachen/137.png,class1,1
11,cropped/aachen/138.png,class1,1
11,cropped/aachen/139.png,class1,1
12,cropped/aachen/451.png,class1,1
12,cropped/aachen/1353.png,class1,1
12,cropped/aachen/450.png,class1,1
12,cropped/aachen/1352.png,class1,1
12,cropped/aachen/1355.png,class1,1
12,cropped/aachen/1354.png,class1,1
12,cropped/aachen/449.png,class1,1
12,cropped/aachen/1356.png,class1,1
12,cropped/aachen/58.png,class1,1
12,cropped/aachen/56.png,class1,1
12,cropped/aachen/57.png,class1,1
12,cropped/aachen/54.png,class1,1
12,cropped/aachen/62.png,class1,1
12,cropped/aachen/55.png,class1,1
12,cropped/aachen/61.png,class1,1
12,cropped/aachen/59.png,class1,1
12,cropped/aachen/920.png,class1,1
12,cropped/aachen/922.png,class1,1
12,cropped/aachen/924.png,class1,1
12,cropped/aachen/921.png,class1,1
12,cropped/aachen/63.png,class1,1
12,cropped/aachen/917.png,class1,1
12,cropped/aachen/925.png,class1,1
12,cropped/aachen/918.png,class1,1
12,cropped/aachen/495.png,class1,1
12,cropped/aachen/488.png,class1,1
12,cropped/aachen/492.png,class1,1
12,cropped/aachen/494.png,class1,1
12,cropped/aachen/926.png,class1,1
12,cropped/aachen/489.png,class1,1
12,cropped/aachen/490.png,class1,1
12,cropped/aachen/491.png,class1,1
12,cropped/aachen/497.png,class1,1
12,cropped/aachen/1270.png,class1,1
12,cropped/aachen/1273.png,class1,1
12,cropped/aachen/1271.png,class1,1
12,cropped/aachen/499.png,class1,1
12,cropped/aachen/1269.png,class1,1
12,cropped/aachen/498.png,class1,1
12,cropped/aachen/501.png,class1,1
12,cropped/aachen/1276.png,class1,1
12,cropped/aachen/1275.png,class1,1
12,cropped/aachen/710.png,class1,1
12,cropped/aachen/706.png,class1,1
12,cropped/aachen/708.png,class5,5
12,cropped/aachen/709.png,class1,1
12,cropped/aachen/1274.png,class5,5
12,cropped/aachen/707.png,class1,1
12,cropped/aachen/235.png,class4,4
12,cropped/aachen/240.png,class4,4
12,cropped/aachen/239.png,class4,4
12,cropped/aachen/712.png,class1,1
12,cropped/aachen/237.png,class1,1
12,cropped/aachen/238.png,class1,1
12,cropped/aachen/711.png,class0,0
12,cropped/aachen/236.png,class0,0
12,cropped/aachen/241.png,class1,1
12,cropped/aachen/208.png,class0,0
12,cropped/aachen/205.png,class1,1
12,cropped/aachen/204.png,class1,1
12,cropped/aachen/209.png,class0,0
12,cropped/aachen/207.png,class1,1
12,cropped/aachen/390.png,class1,1
12,cropped/aachen/206.png,class1,1
12,cropped/aachen/393.png,class1,1
12,cropped/aachen/394.png,class4,4
12,cropped/aachen/577.png,class1,1
12,cropped/aachen/395.png,class1,1
12,cropped/aachen/576.png,class1,1
12,cropped/aachen/578.png,class1,1
12,cropped/aachen/396.png,class1,1
12,cropped/aachen/392.png,class1,1
12,cropped/aachen/579.png,class1,1
12,cropped/aachen/643.png,class1,1
12,cropped/aachen/642.png,class1,1
12,cropped/aachen/641.png,class1,1
12,cropped/aachen/580.png,class1,1
12,cropped/aachen/557.png,class1,1
12,cropped/aachen/640.png,class5,5
12,cropped/aachen/639.png,class5,5
13,cropped/aachen/590.png,class1,1
13,cropped/aachen/583.png,class1,1
13,cropped/aachen/585.png,class4,4
13,cropped/aachen/591.png,class1,1
13,cropped/aachen/582.png,class1,1
13,cropped/aachen/588.png,class1,1
13,cropped/aachen/587.png,class1,1
13,cropped/aachen/586.png,class4,4
13,cropped/aachen/595.png,class1,1
13,cropped/aachen/593.png,class1,1
13,cropped/aachen/596.png,class1,1
13,cropped/aachen/594.png,class1,1
13,cropped/aachen/160.png,class1,1
13,cropped/aachen/159.png,class1,1
13,cropped/aachen/158.png,class0,0
13,cropped/aachen/592.png,class1,1
13,cropped/aachen/30.png,class1,1
13,cropped/aachen/31.png,class1,1
13,cropped/aachen/28.png,class1,1
13,cropped/aachen/162.png,class1,1
13,cropped/aachen/32.png,class1,1
13,cropped/aachen/29.png,class1,1
13,cropped/aachen/26.png,class1,1
13,cropped/aachen/27.png,class1,1
13,cropped/aachen/37.png,class1,1
13,cropped/aachen/39.png,class1,1
13,cropped/aachen/36.png,class1,1
13,cropped/aachen/35.png,class1,1
13,cropped/aachen/34.png,class1,1
13,cropped/aachen/38.png,class1,1
13,cropped/aachen/233.png,class1,1
13,cropped/aachen/47.png,class4,4
13,cropped/aachen/780.png,class1,1
13,cropped/aachen/526.png,class1,1
13,cropped/aachen/527.png,class1,1
13,cropped/aachen/773.png,class2,2
13,cropped/aachen/528.png,class1,1
13,cropped/aachen/781.png,class1,1
13,cropped/aachen/894.png,class0,0
13,cropped/aachen/1124.png,class1,1
13,cropped/aachen/398.png,class1,1
13,cropped/aachen/1426.png,class1,1
13,cropped/aachen/1128.png,class0,0
13,cropped/aachen/1131.png,class1,1
13,cropped/aachen/1129.png,class0,0
13,cropped/aachen/530.png,class3,3
13,cropped/aachen/1126.png,class1,1
13,cropped/aachen/1130.png,class1,1
13,cropped/aachen/51.png,class1,1
13,cropped/aachen/568.png,class0,0
13,cropped/aachen/886.png,class1,1
13,cropped/aachen/48.png,class1,1
13,cropped/aachen/49.png,class1,1
13,cropped/aachen/1143.png,class0,0
13,cropped/aachen/50.png,class1,1
13,cropped/aachen/1142.png,class0,0
13,cropped/aachen/1186.png,class1,1
13,cropped/aachen/1190.png,class0,0
13,cropped/aachen/1192.png,class1,1
13,cropped/aachen/1189.png,class1,1
13,cropped/aachen/569.png,class5,5
13,cropped/aachen/1188.png,class1,1
13,cropped/aachen/1193.png,class1,1
13,cropped/aachen/1191.png,class1,1
13,cropped/aachen/1202.png,class1,1
13,cropped/aachen/1196.png,class1,1
13,cropped/aachen/1203.png,class1,1
13,cropped/aachen/1206.png,class5,5
13,cropped/aachen/1201.png,class1,1
13,cropped/aachen/1199.png,class1,1
13,cropped/aachen/1200.png,class1,1
13,cropped/aachen/1195.png,class1,1
13,cropped/aachen/1208.png,class0,0
13,cropped/aachen/1146.png,class1,1
13,cropped/aachen/142.png,class1,1
13,cropped/aachen/1207.png,class4,4
13,cropped/aachen/141.png,class1,1
13,cropped/aachen/1147.png,class1,1
13,cropped/aachen/1209.png,class0,0
13,cropped/aachen/143.png,class1,1
14,cropped/bochum/17.png,class1,1
14,cropped/bochum/21.png,class1,1
14,cropped/bochum/223.png,class1,1
14,cropped/bochum/19.png,class1,1
14,cropped/bochum/337.png,class1,1
14,cropped/bochum/126.png,class1,1
14,cropped/bochum/336.png,class1,1
14,cropped/bochum/338.png,class2,2
14,cropped/bochum/278.png,class1,1
14,cropped/bochum/279.png,class0,0
14,cropped/bochum/167.png,class1,1
14,cropped/bochum/168.png,class1,1
14,cropped/bochum/164.png,class1,1
14,cropped/bochum/166.png,class1,1
14,cropped/bochum/281.png,class1,1
14,cropped/bochum/280.png,class1,1
14,cropped/bochum/440.png,class1,1
14,cropped/bochum/442.png,class1,1
14,cropped/bochum/444.png,class1,1
14,cropped/bochum/443.png,class1,1
14,cropped/bochum/523.png,class1,1
14,cropped/bochum/282.png,class1,1
14,cropped/bochum/522.png,class1,1
14,cropped/bochum/439.png,class1,1
14,cropped/bochum/386.png,class1,1
14,cropped/bochum/104.png,class1,1
14,cropped/bochum/389.png,class1,1
14,cropped/bochum/385.png,class1,1
14,cropped/bochum/388.png,class1,1
14,cropped/bochum/390.png,class1,1
14,cropped/bochum/105.png,class1,1
14,cropped/bochum/384.png,class1,1
14,cropped/bochum/203.png,class1,1
14,cropped/bochum/364.png,class1,1
14,cropped/bochum/365.png,class1,1
14,cropped/bochum/204.png,class1,1
14,cropped/bochum/367.png,class1,1
14,cropped/bochum/366.png,class1,1
14,cropped/bochum/368.png,class1,1
14,cropped/bochum/391.png,class0,0
14,cropped/bochum/511.png,class1,1
14,cropped/bochum/471.png,class1,1
14,cropped/bochum/468.png,class1,1
14,cropped/bochum/465.png,class1,1
14,cropped/bochum/469.png,class1,1
14,cropped/bochum/470.png,class1,1
14,cropped/bochum/510.png,class1,1
14,cropped/bochum/467.png,class1,1
14,cropped/bochum/329.png,class1,1
14,cropped/bochum/117.png,class1,1
14,cropped/bochum/475.png,class1,1
14,cropped/bochum/116.png,class1,1
14,cropped/bochum/330.png,class1,1
14,cropped/bochum/473.png,class1,1
14,cropped/bochum/118.png,class1,1
14,cropped/bochum/474.png,class1,1
14,cropped/bochum/334.png,class1,1
14,cropped/bochum/333.png,class1,1
14,cropped/bochum/332.png,class1,1
14,cropped/bochum/308.png,class0,0
14,cropped/bochum/335.png,class1,1
14,cropped/bochum/331.png,class1,1
14,cropped/bochum/307.png,class0,0
14,cropped/bochum/309.png,class1,1
14,cropped/bochum/5.png,class0,0
14,cropped/bochum/505.png,class1,1
14,cropped/bochum/206.png,class1,1
14,cropped/bochum/207.png,class1,1
14,cropped/bochum/208.png,class1,1
14,cropped/bochum/506.png,class4,4
14,cropped/bochum/7.png,class1,1
14,cropped/bochum/6.png,class4,4
14,cropped/bochum/11.png,class1,1
14,cropped/bochum/9.png,class1,1
14,cropped/bochum/508.png,class1,1
14,cropped/bochum/509.png,class1,1
14,cropped/bochum/507.png,class1,1
14,cropped/bochum/14.png,class1,1
14,cropped/bochum/12.png,class1,1
14,cropped/bochum/13.png,class1,1
15,cropped/bochum/381.png,class1,1
15,cropped/bochum/382.png,class1,1
15,cropped/bochum/162.png,class1,1
15,cropped/bochum/163.png,class1,1
15,cropped/bochum/160.png,class1,1
15,cropped/bochum/16.png,class1,1
15,cropped/bochum/383.png,class2,2
15,cropped/bochum/161.png,class1,1
15,cropped/bochum/292.png,class1,1
15,cropped/bochum/395.png,class1,1
15,cropped/bochum/394.png,class1,1
15,cropped/bochum/393.png,class1,1
15,cropped/bochum/392.png,class1,1
15,cropped/bochum/396.png,class1,1
15,cropped/bochum/293.png,class1,1
15,cropped/bochum/290.png,class1,1
15,cropped/bochum/284.png,class1,1
15,cropped/bochum/80.png,class1,1
15,cropped/bochum/81.png,class1,1
15,cropped/bochum/82.png,class1,1
15,cropped/bochum/397.png,class1,1
15,cropped/bochum/286.png,class1,1
15,cropped/bochum/83.png,class0,0
15,cropped/bochum/398.png,class1,1
15,cropped/bochum/288.png,class1,1
15,cropped/bochum/298.png,class1,1
15,cropped/bochum/300.png,class1,1
15,cropped/bochum/303.png,class1,1
15,cropped/bochum/287.png,class1,1
15,cropped/bochum/304.png,class1,1
15,cropped/bochum/224.png,class1,1
15,cropped/bochum/301.png,class1,1
15,cropped/bochum/227.png,class1,1
15,cropped/bochum/213.png,class1,1
15,cropped/bochum/214.png,class1,1
15,cropped/bochum/210.png,class1,1
15,cropped/bochum/212.png,class1,1
15,cropped/bochum/226.png,class1,1
15,cropped/bochum/225.png,class1,1
15,cropped/bochum/211.png,class1,1
15,cropped/bochum/218.png,class1,1
15,cropped/bochum/220.png,class1,1
15,cropped/bochum/221.png,class4,4
15,cropped/bochum/222.png,class0,0
15,cropped/bochum/295.png,class1,1
15,cropped/bochum/219.png,class1,1
15,cropped/bochum/217.png,class1,1
15,cropped/bochum/216.png,class1,1
15,cropped/bochum/402.png,class1,1
15,cropped/bochum/399.png,class1,1
15,cropped/bochum/48.png,class1,1
15,cropped/bochum/401.png,class1,1
15,cropped/bochum/49.png,class1,1
15,cropped/bochum/400.png,class1,1
15,cropped/bochum/297.png,class1,1
15,cropped/bochum/521.png,class1,1
15,cropped/bochum/449.png,class1,1
15,cropped/bochum/84.png,class5,5
15,cropped/bochum/232.png,class1,1
15,cropped/bochum/230.png,class1,1
15,cropped/bochum/231.png,class1,1
15,cropped/bochum/233.png,class1,1
15,cropped/bochum/229.png,class1,1
15,cropped/bochum/448.png,class3,3
15,cropped/bochum/451.png,class1,1
15,cropped/bochum/196.png,class1,1
15,cropped/bochum/450.png,class1,1
15,cropped/bochum/194.png,class1,1
15,cropped/bochum/452.png,class1,1
15,cropped/bochum/455.png,class1,1
15,cropped/bochum/193.png,class1,1
15,cropped/bochum/195.png,class1,1
15,cropped/bochum/197.png,class1,1
15,cropped/bochum/199.png,class1,1
15,cropped/bochum/460.png,class1,1
15,cropped/bochum/119.png,class1,1
15,cropped/bochum/121.png,class4,4
15,cropped/bochum/198.png,class1,1
15,cropped/bochum/120.png,class1,1
15,cropped/bochum/201.png,class1,1
16,cropped/bochum/462.png,class1,1
16,cropped/bochum/156.png,class0,0
16,cropped/bochum/182.png,class1,1
16,cropped/bochum/461.png,class1,1
16,cropped/bochum/184.png,class1,1
16,cropped/bochum/464.png,class1,1
16,cropped/bochum/157.png,class0,0
16,cropped/bochum/183.png,class1,1
16,cropped/bochum/186.png,class1,1
16,cropped/bochum/89.png,class0,0
16,cropped/bochum/91.png,class0,0
16,cropped/bochum/87.png,class0,0
16,cropped/bochum/92.png,class0,0
16,cropped/bochum/88.png,class0,0
16,cropped/bochum/86.png,class0,0
16,cropped/bochum/188.png,class1,1
16,cropped/bochum/171.png,class0,0
16,cropped/bochum/95.png,class1,1
16,cropped/bochum/94.png,class1,1
16,cropped/bochum/175.png,class1,1
16,cropped/bochum/169.png,class0,0
16,cropped/bochum/174.png,class1,1
16,cropped/bochum/172.png,class1,1
16,cropped/bochum/173.png,class1,1
16,cropped/bochum/124.png,class0,0
16,cropped/bochum/55.png,class1,1
16,cropped/bochum/176.png,class0,0
16,cropped/bochum/123.png,class1,1
16,cropped/bochum/52.png,class1,1
16,cropped/bochum/122.png,class1,1
16,cropped/bochum/51.png,class1,1
16,cropped/bochum/53.png,class1,1
16,cropped/bochum/319.png,class1,1
16,cropped/bochum/320.png,class1,1
16,cropped/bochum/322.png,class1,1
16,cropped/bochum/323.png,class1,1
16,cropped/bochum/317.png,class1,1
16,cropped/bochum/125.png,class1,1
16,cropped/bochum/315.png,class1,1
16,cropped/bochum/318.png,class1,1
16,cropped/bochum/234.png,class1,1
16,cropped/bochum/324.png,class1,1
16,cropped/bochum/107.png,class1,1
16,cropped/bochum/238.png,class1,1
16,cropped/bochum/235.png,class1,1
16,cropped/bochum/326.png,class1,1
16,cropped/bochum/236.png,class1,1
16,cropped/bochum/106.png,class1,1
16,cropped/bochum/493.png,class1,1
16,cropped/bochum/111.png,class1,1
16,cropped/bochum/115.png,class1,1
16,cropped/bochum/108.png,class1,1
16,cropped/bochum/113.png,class1,1
16,cropped/bochum/112.png,class1,1
16,cropped/bochum/114.png,class1,1
16,cropped/bochum/494.png,class1,1
16,cropped/bochum/359.png,class1,1
16,cropped/bochum/497.png,class1,1
16,cropped/bochum/358.png,class1,1
16,cropped/bochum/496.png,class1,1
16,cropped/bochum/34.png,class1,1
16,cropped/bochum/495.png,class0,0
16,cropped/bochum/362.png,class1,1
16,cropped/bochum/360.png,class1,1
16,cropped/bochum/457.png,class1,1
16,cropped/bochum/35.png,class1,1
16,cropped/bochum/41.png,class1,1
16,cropped/bochum/39.png,class1,1
16,cropped/bochum/36.png,class1,1
16,cropped/bochum/40.png,class1,1
16,cropped/bochum/458.png,class1,1
16,cropped/bochum/38.png,class1,1
16,cropped/bochum/181.png,class1,1
16,cropped/bochum/73.png,class1,1
16,cropped/bochum/179.png,class1,1
16,cropped/bochum/76.png,class1,1
16,cropped/bochum/72.png,class1,1
16,cropped/bochum/75.png,class1,1
16,cropped/bochum/74.png,class1,1
16,cropped/bochum/459.png,class1,1
17,cropped/bochum/376.png,class1,1
17,cropped/bochum/77.png,class1,1
17,cropped/bochum/78.png,class1,1
17,cropped/bochum/374.png,class1,1
17,cropped/bochum/79.png,class1,1
17,cropped/bochum/375.png,class1,1
17,cropped/bochum/373.png,class1,1
17,cropped/bochum/371.png,class1,1
17,cropped/bochum/422.png,class1,1
17,cropped/bochum/143.png,class1,1
17,cropped/bochum/147.png,class1,1
17,cropped/bochum/148.png,class1,1
17,cropped/bochum/423.png,class1,1
17,cropped/bochum/145.png,class1,1
17,cropped/bochum/144.png,class1,1
17,cropped/bochum/378.png,class4,4
17,cropped/bochum/266.png,class1,1
17,cropped/bochum/427.png,class1,1
17,cropped/bochum/269.png,class1,1
17,cropped/bochum/424.png,class1,1
17,cropped/bochum/267.png,class1,1
17,cropped/bochum/425.png,class1,1
17,cropped/bochum/426.png,class0,0
17,cropped/bochum/429.png,class1,1
17,cropped/bochum/271.png,class0,0
17,cropped/bochum/240.png,class1,1
17,cropped/bochum/417.png,class1,1
17,cropped/bochum/270.png,class1,1
17,cropped/bochum/416.png,class1,1
17,cropped/bochum/415.png,class1,1
17,cropped/bochum/273.png,class0,0
17,cropped/bochum/239.png,class1,1
17,cropped/bochum/246.png,class1,1
17,cropped/bochum/245.png,class1,1
17,cropped/bochum/241.png,class1,1
17,cropped/bochum/244.png,class1,1
17,cropped/bochum/250.png,class1,1
17,cropped/bochum/242.png,class1,1
17,cropped/bochum/248.png,class1,1
17,cropped/bochum/247.png,class1,1
17,cropped/bochum/101.png,class0,0
17,cropped/bochum/100.png,class1,1
17,cropped/bochum/99.png,class1,1
17,cropped/bochum/96.png,class1,1
17,cropped/bochum/102.png,class1,1
17,cropped/bochum/251.png,class1,1
17,cropped/bochum/253.png,class1,1
17,cropped/bochum/97.png,class1,1
17,cropped/bochum/403.png,class1,1
17,cropped/bochum/406.png,class1,1
17,cropped/bochum/103.png,class1,1
17,cropped/bochum/514.png,class1,1
17,cropped/bochum/404.png,class1,1
17,cropped/bochum/513.png,class1,1
17,cropped/bochum/405.png,class1,1
17,cropped/bochum/515.png,class1,1
17,cropped/bochum/419.png,class1,1
17,cropped/bochum/420.png,class1,1
17,cropped/bochum/517.png,class1,1
17,cropped/bochum/57.png,class1,1
17,cropped/bochum/518.png,class1,1
17,cropped/bochum/71.png,class1,1
17,cropped/bochum/69.png,class1,1
17,cropped/bochum/421.png,class1,1
17,cropped/bochum/479.png,class1,1
17,cropped/bochum/477.png,class1,1
17,cropped/bochum/192.png,class1,1
17,cropped/bochum/189.png,class1,1
17,cropped/bochum/482.png,class0,0
17,cropped/bochum/190.png,class1,1
17,cropped/bochum/480.png,class1,1
17,cropped/bochum/191.png,class1,1
17,cropped/bochum/492.png,class1,1
17,cropped/bochum/483.png,class1,1
17,cropped/bochum/158.png,class1,1
17,cropped/bochum/33.png,class1,1
17,cropped/bochum/343.png,class1,1
17,cropped/bochum/344.png,class1,1
17,cropped/bochum/159.png,class1,1
17,cropped/bochum/445.png,class1,1
18,cropped/bochum/409.png,class1,1
18,cropped/bochum/407.png,class1,1
18,cropped/bochum/345.png,class1,1
18,cropped/bochum/348.png,class1,1
18,cropped/bochum/408.png,class1,1
18,cropped/bochum/349.png,class1,1
18,cropped/bochum/346.png,class1,1
18,cropped/bochum/347.png,class1,1
18,cropped/bochum/255.png,class1,1
18,cropped/bochum/412.png,class1,1
18,cropped/bochum/258.png,class1,1
18,cropped/bochum/413.png,class1,1
18,cropped/bochum/256.png,class1,1
18,cropped/bochum/414.png,class1,1
18,cropped/bochum/257.png,class1,1
18,cropped/bochum/411.png,class1,1
18,cropped/bochum/265.png,class1,1
18,cropped/bochum/261.png,class1,1
18,cropped/bochum/259.png,class1,1
18,cropped/bochum/485.png,class1,1
18,cropped/bochum/260.png,class1,1
18,cropped/bochum/264.png,class1,1
18,cropped/bochum/263.png,class1,1
18,cropped/bochum/486.png,class1,1
18,cropped/bochum/489.png,class1,1
18,cropped/bochum/432.png,class1,1
18,cropped/bochum/430.png,class1,1
18,cropped/bochum/434.png,class1,1
18,cropped/bochum/488.png,class1,1
18,cropped/bochum/433.png,class1,1
18,cropped/bochum/487.png,class1,1
18,cropped/bochum/431.png,class1,1
18,cropped/bochum/274.png,class1,1
18,cropped/bochum/437.png,class1,1
18,cropped/bochum/438.png,class1,1
18,cropped/bochum/435.png,class1,1
18,cropped/bochum/0.png,class3,3
18,cropped/bochum/4.png,class1,1
18,cropped/bochum/436.png,class1,1
18,cropped/bochum/275.png,class1,1
18,cropped/bochum/352.png,class1,1
18,cropped/bochum/2.png,class1,1
18,cropped/bochum/354.png,class1,1
18,cropped/bochum/310.png,class1,1
18,cropped/bochum/314.png,class1,1
18,cropped/bochum/312.png,class1,1
18,cropped/bochum/353.png,class1,1
18,cropped/bochum/311.png,class1,1
18,cropped/bochum/45.png,class1,1
18,cropped/bochum/44.png,class1,1
18,cropped/bochum/43.png,class1,1
18,cropped/bochum/499.png,class1,1
18,cropped/bochum/42.png,class1,1
18,cropped/bochum/498.png,class1,1
18,cropped/bochum/356.png,class1,1
18,cropped/bochum/357.png,class1,1
18,cropped/bochum/136.png,class1,1
18,cropped/bochum/503.png,class1,1
18,cropped/bochum/140.png,class1,1
18,cropped/bochum/500.png,class1,1
18,cropped/bochum/139.png,class1,1
18,cropped/bochum/138.png,class1,1
18,cropped/bochum/137.png,class1,1
18,cropped/bochum/135.png,class1,1
18,cropped/bochum/26.png,class1,1
18,cropped/bochum/22.png,class1,1
18,cropped/bochum/141.png,class1,1
18,cropped/bochum/25.png,class1,1
18,cropped/bochum/29.png,class1,1
18,cropped/bochum/24.png,class1,1
18,cropped/bochum/27.png,class1,1
18,cropped/bochum/142.png,class1,1
18,cropped/bochum/30.png,class1,1
18,cropped/bochum/130.png,class1,1
18,cropped/bochum/128.png,class1,1
18,cropped/bochum/127.png,class1,1
18,cropped/bochum/133.png,class1,1
18,cropped/bochum/32.png,class5,5
18,cropped/bochum/132.png,class1,1
18,cropped/bochum/129.png,class1,1
19,cropped/bremen/888.png,class1,1
19,cropped/bremen/890.png,class1,1
19,cropped/bremen/1110.png,class1,1
19,cropped/bremen/891.png,class1,1
19,cropped/bremen/1031.png,class0,0
19,cropped/bremen/892.png,class4,4
19,cropped/bremen/1109.png,class1,1
19,cropped/bremen/1111.png,class1,1
19,cropped/bremen/869.png,class1,1
19,cropped/bremen/806.png,class4,4
19,cropped/bremen/863.png,class1,1
19,cropped/bremen/807.png,class1,1
19,cropped/bremen/868.png,class1,1
19,cropped/bremen/864.png,class1,1
19,cropped/bremen/862.png,class1,1
19,cropped/bremen/865.png,class1,1
19,cropped/bremen/1907.png,class0,0
19,cropped/bremen/870.png,class1,1
19,cropped/bremen/1101.png,class1,1
19,cropped/bremen/871.png,class1,1
19,cropped/bremen/1102.png,class1,1
19,cropped/bremen/1912.png,class1,1
19,cropped/bremen/1909.png,class4,4
19,cropped/bremen/1908.png,class1,1
19,cropped/bremen/1470.png,class1,1
19,cropped/bremen/1629.png,class3,3
19,cropped/bremen/1630.png,class1,1
19,cropped/bremen/1105.png,class1,1
19,cropped/bremen/1106.png,class0,0
19,cropped/bremen/1104.png,class1,1
19,cropped/bremen/1103.png,class1,1
19,cropped/bremen/1631.png,class4,4
19,cropped/bremen/361.png,class1,1
19,cropped/bremen/359.png,class1,1
19,cropped/bremen/360.png,class1,1
19,cropped/bremen/1471.png,class1,1
19,cropped/bremen/364.png,class4,4
19,cropped/bremen/1472.png,class3,3
19,cropped/bremen/365.png,class0,0
19,cropped/bremen/362.png,class1,1
19,cropped/bremen/1512.png,class3,3
19,cropped/bremen/1514.png,class1,1
19,cropped/bremen/315.png,class0,0
19,cropped/bremen/1515.png,class3,3
19,cropped/bremen/316.png,class3,3
19,cropped/bremen/367.png,class1,1
19,cropped/bremen/1513.png,class3,3
19,cropped/bremen/314.png,class0,0
19,cropped/bremen/319.png,class0,0
19,cropped/bremen/320.png,class4,4
19,cropped/bremen/1519.png,class1,1
19,cropped/bremen/1518.png,class1,1
19,cropped/bremen/321.png,class4,4
19,cropped/bremen/1520.png,class1,1
19,cropped/bremen/1522.png,class1,1
19,cropped/bremen/317.png,class3,3
19,cropped/bremen/1788.png,class1,1
19,cropped/bremen/1810.png,class1,1
19,cropped/bremen/1808.png,class0,0
19,cropped/bremen/323.png,class0,0
19,cropped/bremen/1581.png,class4,4
19,cropped/bremen/1523.png,class1,1
19,cropped/bremen/322.png,class1,1
19,cropped/bremen/1809.png,class1,1
19,cropped/bremen/1789.png,class0,0
19,cropped/bremen/981.png,class1,1
19,cropped/bremen/976.png,class1,1
19,cropped/bremen/1790.png,class0,0
19,cropped/bremen/977.png,class1,1
19,cropped/bremen/979.png,class1,1
19,cropped/bremen/980.png,class1,1
19,cropped/bremen/982.png,class1,1
19,cropped/bremen/956.png,class1,1
19,cropped/bremen/957.png,class1,1
19,cropped/bremen/1291.png,class1,1
19,cropped/bremen/1290.png,class2,2
19,cropped/bremen/1294.png,class1,1
19,cropped/bremen/1633.png,class1,1
19,cropped/bremen/954.png,class1,1
19,cropped/bremen/1293.png,class1,1
20,cropped/bremen/633.png,class0,0
20,cropped/bremen/885.png,class0,0
20,cropped/bremen/636.png,class1,1
20,cropped/bremen/634.png,class0,0
20,cropped/bremen/886.png,class0,0
20,cropped/bremen/887.png,class0,0
20,cropped/bremen/884.png,class0,0
20,cropped/bremen/882.png,class0,0
20,cropped/bremen/1608.png,class0,0
20,cropped/bremen/1279.png,class4,4
20,cropped/bremen/1606.png,class0,0
20,cropped/bremen/1278.png,class1,1
20,cropped/bremen/408.png,class1,1
20,cropped/bremen/1739.png,class1,1
20,cropped/bremen/1607.png,class0,0
20,cropped/bremen/1610.png,class4,4
20,cropped/bremen/1779.png,class0,0
20,cropped/bremen/1775.png,class4,4
20,cropped/bremen/1778.png,class0,0
20,cropped/bremen/1281.png,class4,4
20,cropped/bremen/1777.png,class4,4
20,cropped/bremen/833.png,class4,4
20,cropped/bremen/1776.png,class4,4
20,cropped/bremen/834.png,class0,0
20,cropped/bremen/687.png,class1,1
20,cropped/bremen/527.png,class4,4
20,cropped/bremen/1782.png,class1,1
20,cropped/bremen/525.png,class4,4
20,cropped/bremen/529.png,class1,1
20,cropped/bremen/528.png,class1,1
20,cropped/bremen/1780.png,class4,4
20,cropped/bremen/688.png,class1,1
20,cropped/bremen/1673.png,class1,1
20,cropped/bremen/1457.png,class1,1
20,cropped/bremen/689.png,class4,4
20,cropped/bremen/690.png,class1,1
20,cropped/bremen/1456.png,class1,1
20,cropped/bremen/1672.png,class1,1
20,cropped/bremen/377.png,class1,1
20,cropped/bremen/1674.png,class1,1
20,cropped/bremen/1458.png,class1,1
20,cropped/bremen/803.png,class4,4
20,cropped/bremen/1459.png,class1,1
20,cropped/bremen/1257.png,class3,3
20,cropped/bremen/804.png,class0,0
20,cropped/bremen/102.png,class1,1
20,cropped/bremen/1258.png,class0,0
20,cropped/bremen/101.png,class0,0
20,cropped/bremen/574.png,class1,1
20,cropped/bremen/573.png,class1,1
20,cropped/bremen/480.png,class1,1
20,cropped/bremen/2002.png,class4,4
20,cropped/bremen/805.png,class0,0
20,cropped/bremen/2000.png,class4,4
20,cropped/bremen/2001.png,class4,4
20,cropped/bremen/571.png,class1,1
20,cropped/bremen/1893.png,class4,4
20,cropped/bremen/1894.png,class4,4
20,cropped/bremen/1792.png,class4,4
20,cropped/bremen/1891.png,class4,4
20,cropped/bremen/1896.png,class4,4
20,cropped/bremen/1946.png,class1,1
20,cropped/bremen/1892.png,class0,0
20,cropped/bremen/1890.png,class4,4
20,cropped/bremen/707.png,class0,0
20,cropped/bremen/708.png,class0,0
20,cropped/bremen/710.png,class5,5
20,cropped/bremen/705.png,class0,0
20,cropped/bremen/706.png,class4,4
20,cropped/bremen/711.png,class0,0
20,cropped/bremen/709.png,class0,0
20,cropped/bremen/712.png,class4,4
20,cropped/bremen/522.png,class0,0
20,cropped/bremen/809.png,class0,0
20,cropped/bremen/524.png,class0,0
20,cropped/bremen/521.png,class0,0
20,cropped/bremen/519.png,class0,0
20,cropped/bremen/520.png,class0,0
20,cropped/bremen/808.png,class1,1
20,cropped/bremen/713.png,class0,0
21,cropped/bremen/810.png,class1,1
21,cropped/bremen/813.png,class1,1
21,cropped/bremen/1603.png,class1,1
21,cropped/bremen/812.png,class1,1
21,cropped/bremen/1604.png,class1,1
21,cropped/bremen/811.png,class1,1
21,cropped/bremen/1602.png,class1,1
21,cropped/bremen/1601.png,class1,1
21,cropped/bremen/1200.png,class1,1
21,cropped/bremen/1991.png,class1,1
21,cropped/bremen/1204.png,class1,1
21,cropped/bremen/1992.png,class0,0
21,cropped/bremen/1990.png,class4,4
21,cropped/bremen/1201.png,class1,1
21,cropped/bremen/1203.png,class1,1
21,cropped/bremen/1199.png,class0,0
21,cropped/bremen/345.png,class4,4
21,cropped/bremen/343.png,class1,1
21,cropped/bremen/339.png,class1,1
21,cropped/bremen/342.png,class1,1
21,cropped/bremen/46.png,class1,1
21,cropped/bremen/346.png,class4,4
21,cropped/bremen/45.png,class1,1
21,cropped/bremen/344.png,class1,1
21,cropped/bremen/110.png,class4,4
21,cropped/bremen/106.png,class4,4
21,cropped/bremen/47.png,class1,1
21,cropped/bremen/112.png,class1,1
21,cropped/bremen/107.png,class1,1
21,cropped/bremen/109.png,class1,1
21,cropped/bremen/108.png,class1,1
21,cropped/bremen/49.png,class1,1
21,cropped/bremen/1414.png,class0,0
21,cropped/bremen/1412.png,class2,2
21,cropped/bremen/1413.png,class0,0
21,cropped/bremen/115.png,class4,4
21,cropped/bremen/116.png,class4,4
21,cropped/bremen/427.png,class1,1
21,cropped/bremen/1416.png,class5,5
21,cropped/bremen/113.png,class5,5
21,cropped/bremen/435.png,class4,4
21,cropped/bremen/431.png,class4,4
21,cropped/bremen/428.png,class1,1
21,cropped/bremen/436.png,class4,4
21,cropped/bremen/432.png,class4,4
21,cropped/bremen/429.png,class1,1
21,cropped/bremen/430.png,class1,1
21,cropped/bremen/433.png,class4,4
21,cropped/bremen/381.png,class1,1
21,cropped/bremen/383.png,class5,5
21,cropped/bremen/384.png,class0,0
21,cropped/bremen/382.png,class4,4
21,cropped/bremen/387.png,class4,4
21,cropped/bremen/388.png,class4,4
21,cropped/bremen/385.png,class0,0
21,cropped/bremen/386.png,class0,0
21,cropped/bremen/775.png,class0,0
21,cropped/bremen/776.png,class0,0
21,cropped/bremen/780.png,class0,0
21,cropped/bremen/781.png,class0,0
21,cropped/bremen/779.png,class0,0
21,cropped/bremen/637.png,class0,0
21,cropped/bremen/778.png,class1,1
21,cropped/bremen/389.png,class4,4
21,cropped/bremen/1000.png,class1,1
21,cropped/bremen/1002.png,class1,1
21,cropped/bremen/1001.png,class1,1
21,cropped/bremen/337.png,class0,0
21,cropped/bremen/1004.png,class1,1
21,cropped/bremen/335.png,class4,4
21,cropped/bremen/1003.png,class1,1
21,cropped/bremen/1005.png,class1,1
21,cropped/bremen/901.png,class4,4
21,cropped/bremen/1169.png,class1,1
21,cropped/bremen/1167.png,class1,1
21,cropped/bremen/902.png,class1,1
21,cropped/bremen/1170.png,class1,1
21,cropped/bremen/903.png,class1,1
21,cropped/bremen/900.png,class1,1
21,cropped/bremen/1006.png,class1,1
22,cropped/bremen/1027.png,class1,1
22,cropped/bremen/750.png,class1,1
22,cropped/bremen/753.png,class1,1
22,cropped/bremen/1171.png,class1,1
22,cropped/bremen/1025.png,class1,1
22,cropped/bremen/752.png,class1,1
22,cropped/bremen/751.png,class1,1
22,cropped/bremen/1172.png,class1,1
22,cropped/bremen/1377.png,class3,3
22,cropped/bremen/943.png,class1,1
22,cropped/bremen/1380.png,class4,4
22,cropped/bremen/1379.png,class4,4
22,cropped/bremen/1378.png,class4,4
22,cropped/bremen/945.png,class1,1
22,cropped/bremen/1030.png,class1,1
22,cropped/bremen/1029.png,class1,1
22,cropped/bremen/1381.png,class1,1
22,cropped/bremen/298.png,class1,1
22,cropped/bremen/296.png,class0,0
22,cropped/bremen/297.png,class1,1
22,cropped/bremen/554.png,class1,1
22,cropped/bremen/295.png,class1,1
22,cropped/bremen/294.png,class1,1
22,cropped/bremen/556.png,class0,0
22,cropped/bremen/565.png,class0,0
22,cropped/bremen/563.png,class0,0
22,cropped/bremen/562.png,class0,0
22,cropped/bremen/559.png,class0,0
22,cropped/bremen/561.png,class0,0
22,cropped/bremen/564.png,class0,0
22,cropped/bremen/560.png,class0,0
22,cropped/bremen/268.png,class1,1
22,cropped/bremen/270.png,class1,1
22,cropped/bremen/275.png,class1,1
22,cropped/bremen/274.png,class1,1
22,cropped/bremen/905.png,class4,4
22,cropped/bremen/276.png,class1,1
22,cropped/bremen/272.png,class1,1
22,cropped/bremen/269.png,class1,1
22,cropped/bremen/271.png,class1,1
22,cropped/bremen/910.png,class1,1
22,cropped/bremen/1722.png,class1,1
22,cropped/bremen/908.png,class1,1
22,cropped/bremen/912.png,class1,1
22,cropped/bremen/1723.png,class1,1
22,cropped/bremen/907.png,class1,1
22,cropped/bremen/1721.png,class0,0
22,cropped/bremen/906.png,class1,1
22,cropped/bremen/611.png,class4,4
22,cropped/bremen/1724.png,class1,1
22,cropped/bremen/1727.png,class1,1
22,cropped/bremen/613.png,class0,0
22,cropped/bremen/1725.png,class2,2
22,cropped/bremen/1728.png,class1,1
22,cropped/bremen/1726.png,class1,1
22,cropped/bremen/609.png,class0,0
22,cropped/bremen/937.png,class0,0
22,cropped/bremen/641.png,class1,1
22,cropped/bremen/935.png,class0,0
22,cropped/bremen/639.png,class1,1
22,cropped/bremen/614.png,class4,4
22,cropped/bremen/290.png,class0,0
22,cropped/bremen/934.png,class1,1
22,cropped/bremen/638.png,class1,1
22,cropped/bremen/1578.png,class0,0
22,cropped/bremen/292.png,class4,4
22,cropped/bremen/1576.png,class4,4
22,cropped/bremen/1574.png,class1,1
22,cropped/bremen/1577.png,class4,4
22,cropped/bremen/958.png,class0,0
22,cropped/bremen/293.png,class2,2
22,cropped/bremen/291.png,class0,0
22,cropped/bremen/1071.png,class1,1
22,cropped/bremen/549.png,class5,5
22,cropped/bremen/1068.png,class1,1
22,cropped/bremen/1069.png,class1,1
22,cropped/bremen/552.png,class1,1
22,cropped/bremen/550.png,class1,1
22,cropped/bremen/1067.png,class3,3
22,cropped/bremen/1070.png,class4,4
23,cropped/bremen/1405.png,class1,1
23,cropped/bremen/1406.png,class1,1
23,cropped/bremen/1401.png,class1,1
23,cropped/bremen/1404.png,class1,1
23,cropped/bremen/1402.png,class1,1
23,cropped/bremen/1407.png,class1,1
23,cropped/bremen/1403.png,class1,1
23,cropped/bremen/1399.png,class1,1
23,cropped/bremen/824.png,class1,1
23,cropped/bremen/822.png,class1,1
23,cropped/bremen/820.png,class1,1
23,cropped/bremen/819.png,class1,1
23,cropped/bremen/818.png,class1,1
23,cropped/bremen/821.png,class1,1
23,cropped/bremen/817.png,class1,1
23,cropped/bremen/816.png,class1,1
23,cropped/bremen/1811.png,class3,3
23,cropped/bremen/1812.png,class1,1
23,cropped/bremen/1813.png,class1,1
23,cropped/bremen/1126.png,class4,4
23,cropped/bremen/828.png,class4,4
23,cropped/bremen/1128.png,class1,1
23,cropped/bremen/829.png,class4,4
23,cropped/bremen/827.png,class4,4
23,cropped/bremen/244.png,class3,3
23,cropped/bremen/249.png,class1,1
23,cropped/bremen/1129.png,class1,1
23,cropped/bremen/245.png,class3,3
23,cropped/bremen/243.png,class1,1
23,cropped/bremen/247.png,class4,4
23,cropped/bremen/248.png,class1,1
23,cropped/bremen/246.png,class1,1
23,cropped/bremen/993.png,class1,1
23,cropped/bremen/996.png,class0,0
23,cropped/bremen/991.png,class4,4
23,cropped/bremen/999.png,class5,5
23,cropped/bremen/509.png,class4,4
23,cropped/bremen/998.png,class4,4
23,cropped/bremen/997.png,class4,4
23,cropped/bremen/992.png,class4,4
23,cropped/bremen/1854.png,class1,1
23,cropped/bremen/1859.png,class1,1
23,cropped/bremen/510.png,class1,1
23,cropped/bremen/1856.png,class1,1
23,cropped/bremen/1857.png,class1,1
23,cropped/bremen/1858.png,class1,1
23,cropped/bremen/1855.png,class1,1
23,cropped/bremen/1901.png,class1,1
23,cropped/bremen/1902.png,class0,0
23,cropped/bremen/783.png,class1,1
23,cropped/bremen/1904.png,class1,1
23,cropped/bremen/1905.png,class1,1
23,cropped/bremen/785.png,class1,1
23,cropped/bremen/1906.png,class1,1
23,cropped/bremen/787.png,class1,1
23,cropped/bremen/786.png,class1,1
23,cropped/bremen/40.png,class2,2
23,cropped/bremen/42.png,class1,1
23,cropped/bremen/41.png,class1,1
23,cropped/bremen/790.png,class1,1
23,cropped/bremen/44.png,class1,1
23,cropped/bremen/791.png,class1,1
23,cropped/bremen/789.png,class1,1
23,cropped/bremen/39.png,class1,1
23,cropped/bremen/1130.png,class1,1
23,cropped/bremen/1131.png,class1,1
23,cropped/bremen/1133.png,class1,1
23,cropped/bremen/1135.png,class1,1
23,cropped/bremen/1134.png,class1,1
23,cropped/bremen/1227.png,class1,1
23,cropped/bremen/1224.png,class4,4
23,cropped/bremen/1225.png,class4,4
23,cropped/bremen/502.png,class1,1
23,cropped/bremen/490.png,class1,1
23,cropped/bremen/487.png,class1,1
23,cropped/bremen/503.png,class1,1
23,cropped/bremen/1136.png,class1,1
23,cropped/bremen/491.png,class1,1
23,cropped/bremen/504.png,class1,1
23,cropped/bremen/501.png,class1,1
24,cropped/bremen/495.png,class1,1
24,cropped/bremen/498.png,class1,1
24,cropped/bremen/499.png,class1,1
24,cropped/bremen/950.png,class1,1
24,cropped/bremen/500.png,class1,1
24,cropped/bremen/497.png,class1,1
24,cropped/bremen/493.png,class1,1
24,cropped/bremen/494.png,class1,1
24,cropped/bremen/2043.png,class1,1
24,cropped/bremen/2047.png,class1,1
24,cropped/bremen/951.png,class1,1
24,cropped/bremen/2044.png,class1,1
24,cropped/bremen/952.png,class4,4
24,cropped/bremen/2048.png,class4,4
24,cropped/bremen/953.png,class1,1
24,cropped/bremen/2046.png,class1,1
24,cropped/bremen/1188.png,class1,1
24,cropped/bremen/2050.png,class0,0
24,cropped/bremen/2049.png,class0,0
24,cropped/bremen/1185.png,class1,1
24,cropped/bremen/1184.png,class1,1
24,cropped/bremen/230.png,class1,1
24,cropped/bremen/1186.png,class1,1
24,cropped/bremen/1189.png,class1,1
24,cropped/bremen/238.png,class1,1
24,cropped/bremen/232.png,class1,1
24,cropped/bremen/234.png,class1,1
24,cropped/bremen/236.png,class1,1
24,cropped/bremen/235.png,class0,0
24,cropped/bremen/237.png,class1,1
24,cropped/bremen/240.png,class4,4
24,cropped/bremen/239.png,class1,1
24,cropped/bremen/1014.png,class0,0
24,cropped/bremen/1011.png,class0,0
24,cropped/bremen/1012.png,class0,0
24,cropped/bremen/1015.png,class1,1
24,cropped/bremen/1008.png,class1,1
24,cropped/bremen/1007.png,class1,1
24,cropped/bremen/1010.png,class0,0
24,cropped/bremen/241.png,class1,1
24,cropped/bremen/1019.png,class1,1
24,cropped/bremen/1017.png,class1,1
24,cropped/bremen/1021.png,class1,1
24,cropped/bremen/1023.png,class0,0
24,cropped/bremen/1016.png,class1,1
24,cropped/bremen/1022.png,class0,0
24,cropped/bremen/1020.png,class1,1
24,cropped/bremen/1024.png,class5,5
24,cropped/bremen/457.png,class1,1
24,cropped/bremen/456.png,class4,4
24,cropped/bremen/461.png,class4,4
24,cropped/bremen/460.png,class1,1
24,cropped/bremen/464.png,class1,1
24,cropped/bremen/462.png,class4,4
24,cropped/bremen/463.png,class4,4
24,cropped/bremen/459.png,class4,4
24,cropped/bremen/474.png,class0,0
24,cropped/bremen/469.png,class0,0
24,cropped/bremen/466.png,class1,1
24,cropped/bremen/472.png,class0,0
24,cropped/bremen/467.png,class1,1
24,cropped/bremen/471.png,class2,2
24,cropped/bremen/1688.png,class0,0
24,cropped/bremen/468.png,class4,4
24,cropped/bremen/1689.png,class0,0
24,cropped/bremen/1695.png,class1,1
24,cropped/bremen/1693.png,class0,0
24,cropped/bremen/1696.png,class1,1
24,cropped/bremen/1697.png,class0,0
24,cropped/bremen/1698.png,class0,0
24,cropped/bremen/1691.png,class0,0
24,cropped/bremen/1690.png,class0,0
24,cropped/bremen/1488.png,class1,1
24,cropped/bremen/1482.png,class1,1
24,cropped/bremen/1486.png,class1,1
24,cropped/bremen/1487.png,class1,1
24,cropped/bremen/1701.png,class4,4
24,cropped/bremen/1485.png,class1,1
24,cropped/bremen/1483.png,class1,1
24,cropped/bremen/1484.png,class1,1
25,cropped/bremen/1491.png,class0,0
25,cropped/bremen/1434.png,class4,4
25,cropped/bremen/1432.png,class1,1
25,cropped/bremen/1433.png,class1,1
25,cropped/bremen/1493.png,class4,4
25,cropped/bremen/1490.png,class0,0
25,cropped/bremen/1492.png,class4,4
25,cropped/bremen/1489.png,class1,1
25,cropped/bremen/1442.png,class0,0
25,cropped/bremen/1437.png,class5,5
25,cropped/bremen/1439.png,class4,4
25,cropped/bremen/1441.png,class1,1
25,cropped/bremen/1438.png,class4,4
25,cropped/bremen/1443.png,class0,0
25,cropped/bremen/1444.png,class0,0
25,cropped/bremen/1440.png,class4,4
25,cropped/bremen/535.png,class0,0
25,cropped/bremen/533.png,class1,1
25,cropped/bremen/534.png,class0,0
25,cropped/bremen/530.png,class1,1
25,cropped/bremen/1446.png,class0,0
25,cropped/bremen/531.png,class1,1
25,cropped/bremen/1449.png,class0,0
25,cropped/bremen/1448.png,class4,4
25,cropped/bremen/1871.png,class1,1
25,cropped/bremen/1869.png,class1,1
25,cropped/bremen/1870.png,class1,1
25,cropped/bremen/536.png,class0,0
25,cropped/bremen/1868.png,class4,4
25,cropped/bremen/1872.png,class1,1
25,cropped/bremen/539.png,class0,0
25,cropped/bremen/538.png,class0,0
25,cropped/bremen/1158.png,class1,1
25,cropped/bremen/1164.png,class1,1
25,cropped/bremen/1159.png,class1,1
25,cropped/bremen/1162.png,class1,1
25,cropped/bremen/1161.png,class4,4
25,cropped/bremen/1160.png,class1,1
25,cropped/bremen/1157.png,class1,1
25,cropped/bremen/1163.png,class1,1
25,cropped/bremen/1757.png,class1,1
25,cropped/bremen/1759.png,class1,1
25,cropped/bremen/1760.png,class1,1
25,cropped/bremen/1761.png,class1,1
25,cropped/bremen/1755.png,class1,1
25,cropped/bremen/1931.png,class5,5
25,cropped/bremen/1166.png,class4,4
25,cropped/bremen/1756.png,class1,1
25,cropped/bremen/1934.png,class1,1
25,cropped/bremen/1933.png,class1,1
25,cropped/bremen/1917.png,class1,1
25,cropped/bremen/1916.png,class1,1
25,cropped/bremen/1922.png,class1,1
25,cropped/bremen/1920.png,class1,1
25,cropped/bremen/1915.png,class1,1
25,cropped/bremen/1919.png,class1,1
25,cropped/bremen/1929.png,class1,1
25,cropped/bremen/1928.png,class1,1
25,cropped/bremen/1926.png,class1,1
25,cropped/bremen/1930.png,class1,1
25,cropped/bremen/1304.png,class1,1
25,cropped/bremen/1925.png,class1,1
25,cropped/bremen/1927.png,class1,1
25,cropped/bremen/1305.png,class1,1
25,cropped/bremen/1309.png,class1,1
25,cropped/bremen/1307.png,class1,1
25,cropped/bremen/1312.png,class4,4
25,cropped/bremen/1306.png,class1,1
25,cropped/bremen/1314.png,class1,1
25,cropped/bremen/1313.png,class2,2
25,cropped/bremen/1311.png,class4,4
25,cropped/bremen/1308.png,class1,1
25,cropped/bremen/621.png,class1,1
25,cropped/bremen/625.png,class1,1
25,cropped/bremen/622.png,class1,1
25,cropped/bremen/626.png,class4,4
25,cropped/bremen/627.png,class1,1
25,cropped/bremen/618.png,class4,4
25,cropped/bremen/624.png,class1,1
25,cropped/bremen/619.png,class1,1
26,cropped/bremen/2.png,class1,1
26,cropped/bremen/1.png,class1,1
26,cropped/bremen/630.png,class1,1
26,cropped/bremen/628.png,class1,1
26,cropped/bremen/631.png,class1,1
26,cropped/bremen/629.png,class1,1
26,cropped/bremen/632.png,class1,1
26,cropped/bremen/4.png,class1,1
26,cropped/bremen/6.png,class1,1
26,cropped/bremen/11.png,class1,1
26,cropped/bremen/7.png,class1,1
26,cropped/bremen/10.png,class1,1
26,cropped/bremen/8.png,class1,1
26,cropped/bremen/12.png,class1,1
26,cropped/bremen/15.png,class1,1
26,cropped/bremen/9.png,class1,1
26,cropped/bremen/1709.png,class1,1
26,cropped/bremen/1712.png,class1,1
26,cropped/bremen/1711.png,class1,1
26,cropped/bremen/1703.png,class1,1
26,cropped/bremen/1705.png,class1,1
26,cropped/bremen/1704.png,class1,1
26,cropped/bremen/1706.png,class1,1
26,cropped/bremen/1710.png,class1,1
26,cropped/bremen/1422.png,class1,1
26,cropped/bremen/1425.png,class1,1
26,cropped/bremen/1424.png,class1,1
26,cropped/bremen/1423.png,class1,1
26,cropped/bremen/1714.png,class1,1
26,cropped/bremen/1427.png,class1,1
26,cropped/bremen/1426.png,class1,1
26,cropped/bremen/1428.png,class1,1
26,cropped/bremen/974.png,class1,1
26,cropped/bremen/1430.png,class1,1
26,cropped/bremen/1527.png,class1,1
26,cropped/bremen/970.png,class4,4
26,cropped/bremen/1524.png,class1,1
26,cropped/bremen/1526.png,class1,1
26,cropped/bremen/971.png,class1,1
26,cropped/bremen/1525.png,class1,1
26,cropped/bremen/1528.png,class1,1
26,cropped/bremen/1534.png,class1,1
26,cropped/bremen/81.png,class4,4
26,cropped/bremen/82.png,class1,1
26,cropped/bremen/83.png,class1,1
26,cropped/bremen/1533.png,class1,1
26,cropped/bremen/1532.png,class1,1
26,cropped/bremen/1529.png,class1,1
26,cropped/bremen/88.png,class1,1
26,cropped/bremen/87.png,class1,1
26,cropped/bremen/86.png,class1,1
26,cropped/bremen/1741.png,class1,1
26,cropped/bremen/1744.png,class1,1
26,cropped/bremen/84.png,class1,1
26,cropped/bremen/1742.png,class1,1
26,cropped/bremen/85.png,class1,1
26,cropped/bremen/1275.png,class1,1
26,cropped/bremen/1273.png,class1,1
26,cropped/bremen/1271.png,class1,1
26,cropped/bremen/1274.png,class3,3
26,cropped/bremen/1277.png,class1,1
26,cropped/bremen/1270.png,class1,1
26,cropped/bremen/1268.png,class1,1
26,cropped/bremen/1269.png,class1,1
26,cropped/bremen/1557.png,class1,1
26,cropped/bremen/881.png,class0,0
26,cropped/bremen/1554.png,class1,1
26,cropped/bremen/1553.png,class1,1
26,cropped/bremen/1556.png,class1,1
26,cropped/bremen/1555.png,class1,1
26,cropped/bremen/880.png,class4,4
26,cropped/bremen/1559.png,class1,1
26,cropped/bremen/29.png,class4,4
26,cropped/bremen/27.png,class1,1
26,cropped/bremen/25.png,class1,1
26,cropped/bremen/28.png,class0,0
26,cropped/bremen/26.png,class1,1
26,cropped/bremen/32.png,class1,1
26,cropped/bremen/30.png,class1,1
26,cropped/bremen/1835.png,class1,1
27,cropped/bremen/1842.png,class1,1
27,cropped/bremen/1838.png,class1,1
27,cropped/bremen/1476.png,class1,1
27,cropped/bremen/1841.png,class1,1
27,cropped/bremen/1839.png,class1,1
27,cropped/bremen/1475.png,class1,1
27,cropped/bremen/1840.png,class1,1
27,cropped/bremen/1474.png,class1,1
27,cropped/bremen/1619.png,class1,1
27,cropped/bremen/1479.png,class1,1
27,cropped/bremen/1481.png,class1,1
27,cropped/bremen/1618.png,class1,1
27,cropped/bremen/1480.png,class1,1
27,cropped/bremen/1620.png,class1,1
27,cropped/bremen/1478.png,class1,1
27,cropped/bremen/1621.png,class1,1
27,cropped/bremen/1625.png,class1,1
27,cropped/bremen/693.png,class1,1
27,cropped/bremen/692.png,class1,1
27,cropped/bremen/1626.png,class1,1
27,cropped/bremen/1940.png,class1,1
27,cropped/bremen/1622.png,class1,1
27,cropped/bremen/1624.png,class1,1
27,cropped/bremen/691.png,class1,1
27,cropped/bremen/1914.png,class1,1
27,cropped/bremen/1945.png,class1,1
27,cropped/bremen/1331.png,class1,1
27,cropped/bremen/1944.png,class1,1
27,cropped/bremen/1941.png,class1,1
27,cropped/bremen/1913.png,class1,1
27,cropped/bremen/1943.png,class1,1
27,cropped/bremen/1332.png,class1,1
27,cropped/bremen/1236.png,class1,1
27,cropped/bremen/1233.png,class1,1
27,cropped/bremen/1335.png,class1,1
27,cropped/bremen/1235.png,class1,1
27,cropped/bremen/1232.png,class1,1
27,cropped/bremen/938.png,class1,1
27,cropped/bremen/940.png,class1,1
27,cropped/bremen/1334.png,class1,1
27,cropped/bremen/1228.png,class1,1
27,cropped/bremen/513.png,class1,1
27,cropped/bremen/379.png,class1,1
27,cropped/bremen/942.png,class1,1
27,cropped/bremen/1230.png,class1,1
27,cropped/bremen/512.png,class1,1
27,cropped/bremen/941.png,class1,1
27,cropped/bremen/1229.png,class1,1
27,cropped/bremen/105.png,class1,1
27,cropped/bremen/103.png,class1,1
27,cropped/bremen/451.png,class1,1
27,cropped/bremen/452.png,class1,1
27,cropped/bremen/517.png,class1,1
27,cropped/bremen/514.png,class1,1
27,cropped/bremen/104.png,class1,1
27,cropped/bremen/516.png,class1,1
27,cropped/bremen/1034.png,class1,1
27,cropped/bremen/454.png,class1,1
27,cropped/bremen/1040.png,class1,1
27,cropped/bremen/1038.png,class1,1
27,cropped/bremen/1033.png,class1,1
27,cropped/bremen/1035.png,class1,1
27,cropped/bremen/1037.png,class1,1
27,cropped/bremen/1039.png,class1,1
27,cropped/bremen/1044.png,class1,1
27,cropped/bremen/1062.png,class1,1
27,cropped/bremen/1042.png,class1,1
27,cropped/bremen/1043.png,class1,1
27,cropped/bremen/1059.png,class1,1
27,cropped/bremen/1060.png,class1,1
27,cropped/bremen/1041.png,class1,1
27,cropped/bremen/1057.png,class1,1
27,cropped/bremen/541.png,class1,1
27,cropped/bremen/830.png,class4,4
27,cropped/bremen/1670.png,class1,1
27,cropped/bremen/1671.png,class1,1
27,cropped/bremen/1063.png,class1,1
27,cropped/bremen/831.png,class0,0
27,cropped/bremen/1669.png,class1,1
27,cropped/bremen/1064.png,class1,1
28,cropped/bremen/1231.png,class3,3
28,cropped/bremen/547.png,class4,4
28,cropped/bremen/545.png,class4,4
28,cropped/bremen/129.png,class1,1
28,cropped/bremen/542.png,class1,1
28,cropped/bremen/544.png,class0,0
28,cropped/bremen/543.png,class1,1
28,cropped/bremen/548.png,class0,0
28,cropped/bremen/133.png,class1,1
28,cropped/bremen/1324.png,class1,1
28,cropped/bremen/131.png,class1,1
28,cropped/bremen/132.png,class1,1
28,cropped/bremen/1325.png,class1,1
28,cropped/bremen/1328.png,class1,1
28,cropped/bremen/134.png,class1,1
28,cropped/bremen/1327.png,class1,1
28,cropped/bremen/1939.png,class1,1
28,cropped/bremen/212.png,class1,1
28,cropped/bremen/213.png,class1,1
28,cropped/bremen/1330.png,class1,1
28,cropped/bremen/1938.png,class1,1
28,cropped/bremen/1936.png,class1,1
28,cropped/bremen/1935.png,class1,1
28,cropped/bremen/1329.png,class1,1
28,cropped/bremen/214.png,class1,1
28,cropped/bremen/1546.png,class1,1
28,cropped/bremen/983.png,class4,4
28,cropped/bremen/1547.png,class1,1
28,cropped/bremen/1551.png,class1,1
28,cropped/bremen/1550.png,class1,1
28,cropped/bremen/1552.png,class1,1
28,cropped/bremen/984.png,class4,4
28,cropped/bremen/1648.png,class1,1
28,cropped/bremen/261.png,class1,1
28,cropped/bremen/263.png,class1,1
28,cropped/bremen/267.png,class1,1
28,cropped/bremen/264.png,class1,1
28,cropped/bremen/260.png,class1,1
28,cropped/bremen/259.png,class1,1
28,cropped/bremen/265.png,class1,1
28,cropped/bremen/76.png,class1,1
28,cropped/bremen/1650.png,class1,1
28,cropped/bremen/77.png,class1,1
28,cropped/bremen/1651.png,class1,1
28,cropped/bremen/1653.png,class1,1
28,cropped/bremen/75.png,class1,1
28,cropped/bremen/79.png,class5,5
28,cropped/bremen/78.png,class1,1
28,cropped/bremen/1421.png,class1,1
28,cropped/bremen/1417.png,class1,1
28,cropped/bremen/835.png,class1,1
28,cropped/bremen/836.png,class1,1
28,cropped/bremen/814.png,class1,1
28,cropped/bremen/80.png,class1,1
28,cropped/bremen/1420.png,class1,1
28,cropped/bremen/815.png,class1,1
28,cropped/bremen/837.png,class1,1
28,cropped/bremen/838.png,class1,1
28,cropped/bremen/615.png,class1,1
28,cropped/bremen/369.png,class1,1
28,cropped/bremen/616.png,class1,1
28,cropped/bremen/368.png,class1,1
28,cropped/bremen/839.png,class1,1
28,cropped/bremen/617.png,class1,1
28,cropped/bremen/675.png,class1,1
28,cropped/bremen/281.png,class1,1
28,cropped/bremen/279.png,class1,1
28,cropped/bremen/1680.png,class4,4
28,cropped/bremen/280.png,class1,1
28,cropped/bremen/277.png,class1,1
28,cropped/bremen/278.png,class1,1
28,cropped/bremen/677.png,class1,1
28,cropped/bremen/667.png,class1,1
28,cropped/bremen/669.png,class1,1
28,cropped/bremen/1684.png,class1,1
28,cropped/bremen/1686.png,class1,1
28,cropped/bremen/1682.png,class1,1
28,cropped/bremen/1681.png,class0,0
28,cropped/bremen/1687.png,class1,1
28,cropped/bremen/1683.png,class1,1
29,cropped/bremen/672.png,class2,2
29,cropped/bremen/673.png,class1,1
29,cropped/bremen/1634.png,class0,0
29,cropped/bremen/674.png,class5,5
29,cropped/bremen/2009.png,class1,1
29,cropped/bremen/1635.png,class1,1
29,cropped/bremen/671.png,class1,1
29,cropped/bremen/670.png,class1,1
29,cropped/bremen/2012.png,class1,1
29,cropped/bremen/2014.png,class1,1
29,cropped/bremen/2016.png,class1,1
29,cropped/bremen/1956.png,class1,1
29,cropped/bremen/2013.png,class1,1
29,cropped/bremen/2017.png,class1,1
29,cropped/bremen/2010.png,class1,1
29,cropped/bremen/2015.png,class1,1
29,cropped/bremen/1261.png,class1,1
29,cropped/bremen/1962.png,class1,1
29,cropped/bremen/1963.png,class5,5
29,cropped/bremen/1961.png,class1,1
29,cropped/bremen/1960.png,class1,1
29,cropped/bremen/1260.png,class1,1
29,cropped/bremen/1958.png,class1,1
29,cropped/bremen/1259.png,class4,4
29,cropped/bremen/1764.png,class1,1
29,cropped/bremen/1762.png,class1,1
29,cropped/bremen/1107.png,class1,1
29,cropped/bremen/1763.png,class1,1
29,cropped/bremen/1731.png,class1,1
29,cropped/bremen/1729.png,class0,0
29,cropped/bremen/1766.png,class2,2
29,cropped/bremen/1765.png,class1,1
29,cropped/bremen/568.png,class1,1
29,cropped/bremen/567.png,class1,1
29,cropped/bremen/1097.png,class1,1
29,cropped/bremen/1099.png,class1,1
29,cropped/bremen/1098.png,class1,1
29,cropped/bremen/1732.png,class1,1
29,cropped/bremen/1096.png,class1,1
29,cropped/bremen/570.png,class1,1
29,cropped/bremen/584.png,class1,1
29,cropped/bremen/1100.png,class1,1
29,cropped/bremen/1112.png,class1,1
29,cropped/bremen/1114.png,class1,1
29,cropped/bremen/1116.png,class1,1
29,cropped/bremen/582.png,class4,4
29,cropped/bremen/585.png,class1,1
29,cropped/bremen/1113.png,class1,1
29,cropped/bremen/1119.png,class1,1
29,cropped/bremen/1125.png,class1,1
29,cropped/bremen/1121.png,class4,4
29,cropped/bremen/1118.png,class1,1
29,cropped/bremen/1124.png,class4,4
29,cropped/bremen/754.png,class4,4
29,cropped/bremen/1122.png,class4,4
29,cropped/bremen/1117.png,class1,1
29,cropped/bremen/757.png,class1,1
29,cropped/bremen/758.png,class1,1
29,cropped/bremen/1351.png,class1,1
29,cropped/bremen/759.png,class0,0
29,cropped/bremen/1354.png,class1,1
29,cropped/bremen/1353.png,class1,1
29,cropped/bremen/1352.png,class1,1
29,cropped/bremen/755.png,class1,1
29,cropped/bremen/1999.png,class1,1
29,cropped/bremen/1355.png,class1,1
29,cropped/bremen/1998.png,class0,0
29,cropped/bremen/1174.png,class1,1
29,cropped/bremen/1993.png,class1,1
29,cropped/bremen/1995.png,class1,1
29,cropped/bremen/1356.png,class1,1
29,cropped/bremen/1997.png,class4,4
29,cropped/bremen/1176.png,class1,1
29,cropped/bremen/1179.png,class1,1
29,cropped/bremen/1178.png,class1,1
29,cropped/bremen/1181.png,class1,1
29,cropped/bremen/1175.png,class1,1
29,cropped/bremen/1182.png,class1,1
29,cropped/bremen/768.png,class1,1
29,cropped/bremen/1180.png,class1,1
30,cropped/bremen/770.png,class1,1
30,cropped/bremen/1612.png,class1,1
30,cropped/bremen/1616.png,class1,1
30,cropped/bremen/1614.png,class1,1
30,cropped/bremen/1615.png,class1,1
30,cropped/bremen/772.png,class1,1
30,cropped/bremen/1613.png,class1,1
30,cropped/bremen/1611.png,class1,1
30,cropped/bremen/2030.png,class1,1
30,cropped/bremen/2029.png,class1,1
30,cropped/bremen/800.png,class1,1
30,cropped/bremen/840.png,class1,1
30,cropped/bremen/842.png,class1,1
30,cropped/bremen/802.png,class4,4
30,cropped/bremen/2031.png,class1,1
30,cropped/bremen/843.png,class1,1
30,cropped/bremen/1244.png,class1,1
30,cropped/bremen/313.png,class1,1
30,cropped/bremen/1072.png,class1,1
30,cropped/bremen/1243.png,class1,1
30,cropped/bremen/215.png,class4,4
30,cropped/bremen/1242.png,class1,1
30,cropped/bremen/1073.png,class1,1
30,cropped/bremen/216.png,class1,1
30,cropped/bremen/1075.png,class1,1
30,cropped/bremen/1358.png,class4,4
30,cropped/bremen/1076.png,class1,1
30,cropped/bremen/1359.png,class1,1
30,cropped/bremen/33.png,class2,2
30,cropped/bremen/1357.png,class4,4
30,cropped/bremen/34.png,class1,1
30,cropped/bremen/1074.png,class1,1
30,cropped/bremen/1055.png,class1,1
30,cropped/bremen/36.png,class1,1
30,cropped/bremen/1054.png,class1,1
30,cropped/bremen/1052.png,class1,1
30,cropped/bremen/1056.png,class1,1
30,cropped/bremen/37.png,class1,1
30,cropped/bremen/1051.png,class1,1
30,cropped/bremen/1053.png,class1,1
30,cropped/bremen/1047.png,class1,1
30,cropped/bremen/1045.png,class1,1
30,cropped/bremen/1048.png,class1,1
30,cropped/bremen/1494.png,class1,1
30,cropped/bremen/1049.png,class1,1
30,cropped/bremen/1495.png,class1,1
30,cropped/bremen/1046.png,class1,1
30,cropped/bremen/50.png,class1,1
30,cropped/bremen/1397.png,class1,1
30,cropped/bremen/1498.png,class1,1
30,cropped/bremen/1497.png,class1,1
30,cropped/bremen/1396.png,class1,1
30,cropped/bremen/1395.png,class2,2
30,cropped/bremen/1390.png,class2,2
30,cropped/bremen/1394.png,class1,1
30,cropped/bremen/1392.png,class2,2
30,cropped/bremen/164.png,class1,1
30,cropped/bremen/166.png,class1,1
30,cropped/bremen/165.png,class1,1
30,cropped/bremen/170.png,class1,1
30,cropped/bremen/163.png,class1,1
30,cropped/bremen/169.png,class1,1
30,cropped/bremen/1398.png,class2,2
30,cropped/bremen/167.png,class1,1
30,cropped/bremen/1206.png,class1,1
30,cropped/bremen/1208.png,class1,1
30,cropped/bremen/1207.png,class1,1
30,cropped/bremen/1738.png,class4,4
30,cropped/bremen/1205.png,class1,1
30,cropped/bremen/55.png,class1,1
30,cropped/bremen/1737.png,class1,1
30,cropped/bremen/53.png,class1,1
30,cropped/bremen/1209.png,class1,1
30,cropped/bremen/1211.png,class1,1
30,cropped/bremen/1212.png,class1,1
30,cropped/bremen/2018.png,class1,1
30,cropped/bremen/2019.png,class1,1
30,cropped/bremen/1214.png,class0,0
30,cropped/bremen/1210.png,class1,1
30,cropped/bremen/1215.png,class0,0
31,cropped/bremen/2025.png,class1,1
31,cropped/bremen/200.png,class4,4
31,cropped/bremen/2021.png,class1,1
31,cropped/bremen/2024.png,class1,1
31,cropped/bremen/201.png,class5,5
31,cropped/bremen/2022.png,class1,1
31,cropped/bremen/2026.png,class1,1
31,cropped/bremen/2027.png,class1,1
31,cropped/bremen/206.png,class1,1
31,cropped/bremen/202.png,class1,1
31,cropped/bremen/207.png,class1,1
31,cropped/bremen/440.png,class1,1
31,cropped/bremen/203.png,class1,1
31,cropped/bremen/210.png,class1,1
31,cropped/bremen/205.png,class1,1
31,cropped/bremen/208.png,class1,1
31,cropped/bremen/443.png,class1,1
31,cropped/bremen/441.png,class1,1
31,cropped/bremen/446.png,class1,1
31,cropped/bremen/444.png,class1,1
31,cropped/bremen/450.png,class1,1
31,cropped/bremen/448.png,class1,1
31,cropped/bremen/447.png,class1,1
31,cropped/bremen/445.png,class1,1
31,cropped/bremen/722.png,class1,1
31,cropped/bremen/721.png,class1,1
31,cropped/bremen/726.png,class1,1
31,cropped/bremen/728.png,class1,1
31,cropped/bremen/725.png,class1,1
31,cropped/bremen/727.png,class1,1
31,cropped/bremen/720.png,class1,1
31,cropped/bremen/729.png,class1,1
31,cropped/bremen/1248.png,class1,1
31,cropped/bremen/1247.png,class1,1
31,cropped/bremen/1246.png,class1,1
31,cropped/bremen/1735.png,class1,1
31,cropped/bremen/1734.png,class1,1
31,cropped/bremen/1250.png,class1,1
31,cropped/bremen/1249.png,class1,1
31,cropped/bremen/730.png,class1,1
31,cropped/bremen/848.png,class1,1
31,cropped/bremen/845.png,class1,1
31,cropped/bremen/844.png,class1,1
31,cropped/bremen/849.png,class1,1
31,cropped/bremen/847.png,class1,1
31,cropped/bremen/1254.png,class1,1
31,cropped/bremen/1253.png,class4,4
31,cropped/bremen/1251.png,class1,1
31,cropped/bremen/1389.png,class1,1
31,cropped/bremen/851.png,class1,1
31,cropped/bremen/1384.png,class1,1
31,cropped/bremen/1388.png,class1,1
31,cropped/bremen/1386.png,class1,1
31,cropped/bremen/1383.png,class1,1
31,cropped/bremen/1387.png,class1,1
31,cropped/bremen/1385.png,class1,1
31,cropped/bremen/17.png,class1,1
31,cropped/bremen/1676.png,class5,5
31,cropped/bremen/19.png,class1,1
31,cropped/bremen/1678.png,class1,1
31,cropped/bremen/16.png,class1,1
31,cropped/bremen/18.png,class4,4
31,cropped/bremen/1675.png,class1,1
31,cropped/bremen/1677.png,class1,1
31,cropped/bremen/254.png,class1,1
31,cropped/bremen/251.png,class1,1
31,cropped/bremen/252.png,class1,1
31,cropped/bremen/21.png,class1,1
31,cropped/bremen/256.png,class1,1
31,cropped/bremen/255.png,class1,1
31,cropped/bremen/253.png,class1,1
31,cropped/bremen/257.png,class4,4
31,cropped/bremen/1989.png,class1,1
31,cropped/bremen/1984.png,class1,1
31,cropped/bremen/657.png,class1,1
31,cropped/bremen/1983.png,class1,1
31,cropped/bremen/1987.png,class1,1
31,cropped/bremen/258.png,class4,4
31,cropped/bremen/1985.png,class1,1
31,cropped/bremen/1986.png,class1,1
32,cropped/bremen/658.png,class1,1
32,cropped/bremen/661.png,class1,1
32,cropped/bremen/659.png,class1,1
32,cropped/bremen/662.png,class1,1
32,cropped/bremen/663.png,class1,1
32,cropped/bremen/666.png,class1,1
32,cropped/bremen/660.png,class1,1
32,cropped/bremen/1964.png,class1,1
32,cropped/bremen/1966.png,class1,1
32,cropped/bremen/1967.png,class1,1
32,cropped/bremen/1973.png,class1,1
32,cropped/bremen/1974.png,class1,1
32,cropped/bremen/1965.png,class1,1
32,cropped/bremen/1969.png,class1,1
32,cropped/bremen/1968.png,class1,1
32,cropped/bremen/1971.png,class1,1
32,cropped/bremen/332.png,class1,1
32,cropped/bremen/330.png,class1,1
32,cropped/bremen/328.png,class1,1
32,cropped/bremen/1975.png,class1,1
32,cropped/bremen/324.png,class1,1
32,cropped/bremen/326.png,class1,1
32,cropped/bremen/325.png,class1,1
32,cropped/bremen/329.png,class1,1
32,cropped/bremen/394.png,class0,0
32,cropped/bremen/390.png,class1,1
32,cropped/bremen/160.png,class4,4
32,cropped/bremen/392.png,class1,1
32,cropped/bremen/391.png,class1,1
32,cropped/bremen/396.png,class1,1
32,cropped/bremen/393.png,class0,0
32,cropped/bremen/395.png,class1,1
32,cropped/bremen/1300.png,class1,1
32,cropped/bremen/1296.png,class1,1
32,cropped/bremen/1301.png,class1,1
32,cropped/bremen/1295.png,class1,1
32,cropped/bremen/1297.png,class5,5
32,cropped/bremen/399.png,class4,4
32,cropped/bremen/397.png,class1,1
32,cropped/bremen/1298.png,class1,1
32,cropped/bremen/372.png,class4,4
32,cropped/bremen/374.png,class2,2
32,cropped/bremen/1336.png,class1,1
32,cropped/bremen/375.png,class1,1
32,cropped/bremen/1337.png,class4,4
32,cropped/bremen/371.png,class3,3
32,cropped/bremen/1302.png,class1,1
32,cropped/bremen/373.png,class4,4
32,cropped/bremen/1340.png,class5,5
32,cropped/bremen/1341.png,class4,4
32,cropped/bremen/1339.png,class1,1
32,cropped/bremen/1343.png,class4,4
32,cropped/bremen/1338.png,class1,1
32,cropped/bremen/1347.png,class1,1
32,cropped/bremen/1342.png,class4,4
32,cropped/bremen/1344.png,class1,1
32,cropped/bremen/965.png,class1,1
32,cropped/bremen/963.png,class1,1
32,cropped/bremen/959.png,class1,1
32,cropped/bremen/961.png,class1,1
32,cropped/bremen/960.png,class1,1
32,cropped/bremen/1349.png,class1,1
32,cropped/bremen/964.png,class1,1
32,cropped/bremen/966.png,class1,1
32,cropped/bremen/1720.png,class1,1
32,cropped/bremen/1716.png,class1,1
32,cropped/bremen/1715.png,class4,4
32,cropped/bremen/967.png,class1,1
32,cropped/bremen/1719.png,class1,1
32,cropped/bremen/969.png,class1,1
32,cropped/bremen/1718.png,class1,1
32,cropped/bremen/593.png,class1,1
32,cropped/bremen/603.png,class1,1
32,cropped/bremen/597.png,class1,1
32,cropped/bremen/602.png,class4,4
32,cropped/bremen/599.png,class1,1
32,cropped/bremen/595.png,class4,4
32,cropped/bremen/596.png,class4,4
32,cropped/bremen/601.png,class1,1
32,cropped/bremen/598.png,class1,1
33,cropped/bremen/182.png,class1,1
33,cropped/bremen/185.png,class1,1
33,cropped/bremen/181.png,class1,1
33,cropped/bremen/608.png,class1,1
33,cropped/bremen/184.png,class1,1
33,cropped/bremen/607.png,class5,5
33,cropped/bremen/183.png,class1,1
33,cropped/bremen/605.png,class5,5
33,cropped/bremen/187.png,class1,1
33,cropped/bremen/189.png,class1,1
33,cropped/bremen/193.png,class1,1
33,cropped/bremen/192.png,class1,1
33,cropped/bremen/194.png,class1,1
33,cropped/bremen/186.png,class1,1
33,cropped/bremen/218.png,class1,1
33,cropped/bremen/188.png,class1,1
33,cropped/bremen/224.png,class1,1
33,cropped/bremen/223.png,class1,1
33,cropped/bremen/228.png,class1,1
33,cropped/bremen/219.png,class1,1
33,cropped/bremen/221.png,class4,4
33,cropped/bremen/220.png,class4,4
33,cropped/bremen/222.png,class1,1
33,cropped/bremen/227.png,class1,1
33,cropped/bremen/349.png,class1,1
33,cropped/bremen/354.png,class1,1
33,cropped/bremen/348.png,class1,1
33,cropped/bremen/352.png,class1,1
33,cropped/bremen/351.png,class1,1
33,cropped/bremen/353.png,class1,1
33,cropped/bremen/350.png,class1,1
33,cropped/bremen/229.png,class1,1
33,cropped/bremen/859.png,class1,1
33,cropped/bremen/858.png,class1,1
33,cropped/bremen/356.png,class1,1
33,cropped/bremen/856.png,class1,1
33,cropped/bremen/854.png,class1,1
33,cropped/bremen/358.png,class1,1
33,cropped/bremen/855.png,class4,4
33,cropped/bremen/857.png,class1,1
33,cropped/bremen/680.png,class1,1
33,cropped/bremen/681.png,class1,1
33,cropped/bremen/683.png,class1,1
33,cropped/bremen/685.png,class4,4
33,cropped/bremen/684.png,class1,1
33,cropped/bremen/678.png,class4,4
33,cropped/bremen/860.png,class1,1
33,cropped/bremen/679.png,class1,1
33,cropped/bremen/716.png,class4,4
33,cropped/bremen/686.png,class1,1
33,cropped/bremen/715.png,class1,1
33,cropped/bremen/196.png,class1,1
33,cropped/bremen/719.png,class1,1
33,cropped/bremen/333.png,class1,1
33,cropped/bremen/195.png,class3,3
33,cropped/bremen/717.png,class4,4
33,cropped/bremen/198.png,class1,1
33,cropped/bremen/1501.png,class0,0
33,cropped/bremen/90.png,class1,1
33,cropped/bremen/89.png,class1,1
33,cropped/bremen/91.png,class1,1
33,cropped/bremen/1499.png,class1,1
33,cropped/bremen/1500.png,class1,1
33,cropped/bremen/197.png,class1,1
33,cropped/bremen/100.png,class1,1
33,cropped/bremen/94.png,class1,1
33,cropped/bremen/97.png,class1,1
33,cropped/bremen/96.png,class1,1
33,cropped/bremen/1949.png,class1,1
33,cropped/bremen/1948.png,class1,1
33,cropped/bremen/95.png,class1,1
33,cropped/bremen/98.png,class1,1
33,cropped/bremen/1950.png,class1,1
33,cropped/bremen/1953.png,class0,0
33,cropped/bremen/146.png,class1,1
33,cropped/bremen/1951.png,class1,1
33,cropped/bremen/1954.png,class1,1
33,cropped/bremen/143.png,class2,2
33,cropped/bremen/145.png,class1,1
33,cropped/bremen/147.png,class1,1
34,cropped/bremen/308.png,class4,4
34,cropped/bremen/305.png,class1,1
34,cropped/bremen/148.png,class1,1
34,cropped/bremen/149.png,class1,1
34,cropped/bremen/309.png,class1,1
34,cropped/bremen/307.png,class1,1
34,cropped/bremen/303.png,class1,1
34,cropped/bremen/306.png,class1,1
34,cropped/bremen/412.png,class1,1
34,cropped/bremen/311.png,class1,1
34,cropped/bremen/411.png,class1,1
34,cropped/bremen/310.png,class1,1
34,cropped/bremen/312.png,class1,1
34,cropped/bremen/410.png,class1,1
34,cropped/bremen/414.png,class1,1
34,cropped/bremen/1897.png,class1,1
34,cropped/bremen/587.png,class1,1
34,cropped/bremen/590.png,class1,1
34,cropped/bremen/588.png,class1,1
34,cropped/bremen/589.png,class1,1
34,cropped/bremen/586.png,class1,1
34,cropped/bremen/591.png,class1,1
34,cropped/bremen/1898.png,class1,1
34,cropped/bremen/1900.png,class1,1
34,cropped/bremen/733.png,class1,1
34,cropped/bremen/731.png,class1,1
34,cropped/bremen/740.png,class1,1
34,cropped/bremen/735.png,class1,1
34,cropped/bremen/734.png,class1,1
34,cropped/bremen/737.png,class1,1
34,cropped/bremen/736.png,class1,1
34,cropped/bremen/738.png,class1,1
34,cropped/bremen/300.png,class1,1
34,cropped/bremen/744.png,class1,1
34,cropped/bremen/284.png,class1,1
34,cropped/bremen/299.png,class1,1
34,cropped/bremen/741.png,class1,1
34,cropped/bremen/742.png,class1,1
34,cropped/bremen/282.png,class1,1
34,cropped/bremen/283.png,class1,1
34,cropped/bremen/287.png,class1,1
34,cropped/bremen/576.png,class1,1
34,cropped/bremen/1814.png,class5,5
34,cropped/bremen/289.png,class1,1
34,cropped/bremen/577.png,class1,1
34,cropped/bremen/285.png,class1,1
34,cropped/bremen/1816.png,class2,2
34,cropped/bremen/286.png,class1,1
34,cropped/bremen/1462.png,class1,1
34,cropped/bremen/1463.png,class1,1
34,cropped/bremen/579.png,class1,1
34,cropped/bremen/1460.png,class1,1
34,cropped/bremen/1465.png,class1,1
34,cropped/bremen/1464.png,class1,1
34,cropped/bremen/580.png,class1,1
34,cropped/bremen/1461.png,class1,1
34,cropped/bremen/57.png,class1,1
34,cropped/bremen/58.png,class1,1
34,cropped/bremen/1466.png,class1,1
34,cropped/bremen/1469.png,class4,4
34,cropped/bremen/59.png,class1,1
34,cropped/bremen/56.png,class1,1
34,cropped/bremen/60.png,class1,1
34,cropped/bremen/61.png,class1,1
34,cropped/bremen/121.png,class1,1
34,cropped/bremen/65.png,class1,1
34,cropped/bremen/120.png,class1,1
34,cropped/bremen/63.png,class1,1
34,cropped/bremen/117.png,class1,1
34,cropped/bremen/119.png,class1,1
34,cropped/bremen/62.png,class1,1
34,cropped/bremen/64.png,class1,1
34,cropped/bremen/124.png,class1,1
34,cropped/bremen/125.png,class1,1
34,cropped/bremen/127.png,class1,1
34,cropped/bremen/1361.png,class1,1
34,cropped/bremen/1362.png,class1,1
34,cropped/bremen/122.png,class1,1
34,cropped/bremen/123.png,class1,1
34,cropped/bremen/128.png,class1,1
35,cropped/bremen/1368.png,class1,1
35,cropped/bremen/1371.png,class1,1
35,cropped/bremen/1285.png,class1,1
35,cropped/bremen/1370.png,class1,1
35,cropped/bremen/1369.png,class1,1
35,cropped/bremen/1365.png,class1,1
35,cropped/bremen/1367.png,class1,1
35,cropped/bremen/1363.png,class1,1
35,cropped/bremen/1264.png,class1,1
35,cropped/bremen/1266.png,class1,1
35,cropped/bremen/1263.png,class1,1
35,cropped/bremen/1265.png,class1,1
35,cropped/bremen/1287.png,class4,4
35,cropped/bremen/1289.png,class1,1
35,cropped/bremen/1783.png,class1,1
35,cropped/bremen/1262.png,class1,1
35,cropped/bremen/158.png,class0,0
35,cropped/bremen/154.png,class0,0
35,cropped/bremen/1785.png,class1,1
35,cropped/bremen/1784.png,class1,1
35,cropped/bremen/156.png,class1,1
35,cropped/bremen/157.png,class0,0
35,cropped/bremen/1786.png,class1,1
35,cropped/bremen/155.png,class1,1
35,cropped/bremen/1978.png,class0,0
35,cropped/bremen/1979.png,class0,0
35,cropped/bremen/919.png,class1,1
35,cropped/bremen/1981.png,class1,1
35,cropped/bremen/1976.png,class0,0
35,cropped/bremen/920.png,class1,1
35,cropped/bremen/1980.png,class0,0
35,cropped/bremen/1787.png,class1,1
35,cropped/bremen/925.png,class0,0
35,cropped/bremen/922.png,class1,1
35,cropped/bremen/927.png,class1,1
35,cropped/bremen/930.png,class4,4
35,cropped/bremen/923.png,class0,0
35,cropped/bremen/924.png,class0,0
35,cropped/bremen/926.png,class0,0
35,cropped/bremen/928.png,class1,1
35,cropped/bremen/417.png,class1,1
35,cropped/bremen/931.png,class1,1
35,cropped/bremen/932.png,class1,1
35,cropped/bremen/421.png,class1,1
35,cropped/bremen/415.png,class1,1
35,cropped/bremen/420.png,class0,0
35,cropped/bremen/416.png,class1,1
35,cropped/bremen/933.png,class1,1
35,cropped/bremen/180.png,class1,1
35,cropped/bremen/179.png,class1,1
35,cropped/bremen/177.png,class1,1
35,cropped/bremen/422.png,class1,1
35,cropped/bremen/178.png,class1,1
35,cropped/bremen/425.png,class1,1
35,cropped/bremen/423.png,class1,1
35,cropped/bremen/426.png,class1,1
35,cropped/bremen/696.png,class1,1
35,cropped/bremen/694.png,class1,1
35,cropped/bremen/697.png,class1,1
35,cropped/bremen/698.png,class1,1
35,cropped/bremen/701.png,class1,1
35,cropped/bremen/702.png,class1,1
35,cropped/bremen/699.png,class1,1
35,cropped/bremen/695.png,class1,1
35,cropped/bremen/1640.png,class1,1
35,cropped/bremen/1639.png,class1,1
35,cropped/bremen/1641.png,class1,1
35,cropped/bremen/1642.png,class1,1
35,cropped/bremen/507.png,class1,1
35,cropped/bremen/508.png,class1,1
35,cropped/bremen/1283.png,class1,1
35,cropped/bremen/506.png,class0,0
35,cropped/bremen/1861.png,class1,1
35,cropped/bremen/1862.png,class1,1
35,cropped/bremen/1584.png,class1,1
35,cropped/bremen/1585.png,class1,1
35,cropped/bremen/1860.png,class1,1
35,cropped/bremen/1863.png,class1,1
35,cropped/bremen/1583.png,class1,1
35,cropped/bremen/1582.png,class1,1
36,cropped/bremen/1240.png,class1,1
36,cropped/bremen/1239.png,class1,1
36,cropped/bremen/1866.png,class1,1
36,cropped/bremen/1865.png,class1,1
36,cropped/bremen/1237.png,class1,1
36,cropped/bremen/1241.png,class1,1
36,cropped/bremen/1864.png,class1,1
36,cropped/bremen/1238.png,class1,1
36,cropped/bremen/1834.png,class1,1
36,cropped/bremen/151.png,class1,1
36,cropped/bremen/485.png,class1,1
36,cropped/bremen/152.png,class4,4
36,cropped/bremen/150.png,class1,1
36,cropped/bremen/153.png,class1,1
36,cropped/bremen/482.png,class1,1
36,cropped/bremen/483.png,class1,1
36,cropped/bremen/478.png,class4,4
36,cropped/bremen/486.png,class1,1
36,cropped/bremen/476.png,class1,1
36,cropped/bremen/477.png,class1,1
36,cropped/bremen/1453.png,class2,2
36,cropped/bremen/1450.png,class1,1
36,cropped/bremen/1452.png,class1,1
36,cropped/bremen/475.png,class1,1
36,cropped/bremen/1563.png,class1,1
36,cropped/bremen/1562.png,class1,1
36,cropped/bremen/1560.png,class1,1
36,cropped/bremen/1566.png,class1,1
36,cropped/bremen/1565.png,class1,1
36,cropped/bremen/1564.png,class1,1
36,cropped/bremen/1561.png,class1,1
36,cropped/bremen/1567.png,class1,1
36,cropped/bremen/1144.png,class1,1
36,cropped/bremen/1572.png,class1,1
36,cropped/bremen/1141.png,class1,1
36,cropped/bremen/1569.png,class1,1
36,cropped/bremen/1140.png,class1,1
36,cropped/bremen/1143.png,class1,1
36,cropped/bremen/1570.png,class1,1
36,cropped/bremen/1142.png,class1,1
36,cropped/bremen/1146.png,class1,1
36,cropped/bremen/1148.png,class1,1
36,cropped/bremen/1153.png,class1,1
36,cropped/bremen/1154.png,class1,1
36,cropped/bremen/1152.png,class1,1
36,cropped/bremen/1149.png,class1,1
36,cropped/bremen/1155.png,class1,1
36,cropped/bremen/1151.png,class1,1
36,cropped/bremen/1817.png,class1,1
36,cropped/bremen/1820.png,class4,4
36,cropped/bremen/1821.png,class4,4
36,cropped/bremen/1823.png,class1,1
36,cropped/bremen/1825.png,class4,4
36,cropped/bremen/1822.png,class4,4
36,cropped/bremen/1826.png,class1,1
36,cropped/bremen/1818.png,class1,1
36,cropped/bremen/1794.png,class1,1
36,cropped/bremen/1828.png,class1,1
36,cropped/bremen/1831.png,class1,1
36,cropped/bremen/1796.png,class1,1
36,cropped/bremen/1795.png,class1,1
36,cropped/bremen/1827.png,class1,1
36,cropped/bremen/1829.png,class1,1
36,cropped/bremen/1793.png,class1,1
36,cropped/bremen/1797.png,class1,1
36,cropped/bremen/1799.png,class1,1
36,cropped/bremen/1803.png,class5,5
36,cropped/bremen/1800.png,class1,1
36,cropped/bremen/1806.png,class0,0
36,cropped/bremen/1798.png,class1,1
36,cropped/bremen/1805.png,class1,1
36,cropped/bremen/1804.png,class1,1
36,cropped/bremen/1077.png,class1,1
36,cropped/bremen/793.png,class1,1
36,cropped/bremen/798.png,class1,1
36,cropped/bremen/792.png,class1,1
36,cropped/bremen/795.png,class1,1
36,cropped/bremen/797.png,class1,1
36,cropped/bremen/799.png,class1,1
36,cropped/bremen/794.png,class1,1
37,cropped/bremen/1079.png,class1,1
37,cropped/bremen/1078.png,class1,1
37,cropped/bremen/1080.png,class1,1
37,cropped/bremen/1082.png,class1,1
37,cropped/bremen/1083.png,class1,1
37,cropped/bremen/1086.png,class1,1
37,cropped/bremen/1084.png,class1,1
37,cropped/bremen/1085.png,class1,1
37,cropped/bremen/1660.png,class1,1
37,cropped/bremen/1088.png,class1,1
37,cropped/bremen/1656.png,class1,1
37,cropped/bremen/1089.png,class1,1
37,cropped/bremen/1090.png,class1,1
37,cropped/bremen/1654.png,class1,1
37,cropped/bremen/1655.png,class1,1
37,cropped/bremen/1659.png,class1,1
37,cropped/bremen/1663.png,class1,1
37,cropped/bremen/747.png,class1,1
37,cropped/bremen/746.png,class1,1
37,cropped/bremen/1661.png,class1,1
37,cropped/bremen/1666.png,class1,1
37,cropped/bremen/1664.png,class1,1
37,cropped/bremen/1667.png,class1,1
37,cropped/bremen/1662.png,class1,1
37,cropped/bremen/749.png,class1,1
37,cropped/bremen/916.png,class1,1
37,cropped/bremen/1646.png,class1,1
37,cropped/bremen/1643.png,class1,1
37,cropped/bremen/913.png,class1,1
37,cropped/bremen/1645.png,class1,1
37,cropped/bremen/1644.png,class1,1
37,cropped/bremen/748.png,class1,1
37,cropped/bremen/760.png,class1,1
37,cropped/bremen/917.png,class1,1
37,cropped/bremen/918.png,class1,1
37,cropped/bremen/761.png,class1,1
37,cropped/bremen/897.png,class1,1
37,cropped/bremen/894.png,class1,1
37,cropped/bremen/898.png,class4,4
37,cropped/bremen/893.png,class1,1
37,cropped/bremen/764.png,class1,1
37,cropped/bremen/766.png,class1,1
37,cropped/bremen/763.png,class1,1
37,cropped/bremen/872.png,class1,1
37,cropped/bremen/765.png,class1,1
37,cropped/bremen/762.png,class1,1
37,cropped/bremen/874.png,class1,1
37,cropped/bremen/767.png,class1,1
37,cropped/bremen/1885.png,class4,4
37,cropped/bremen/876.png,class4,4
37,cropped/bremen/1880.png,class1,1
37,cropped/bremen/877.png,class4,4
37,cropped/bremen/1881.png,class1,1
37,cropped/bremen/1879.png,class1,1
37,cropped/bremen/878.png,class4,4
37,cropped/bremen/1883.png,class0,0
37,cropped/bremen/1544.png,class1,1
37,cropped/bremen/1541.png,class0,0
37,cropped/bremen/1888.png,class1,1
37,cropped/bremen/1545.png,class1,1
37,cropped/bremen/1543.png,class3,3
37,cropped/bremen/1542.png,class0,0
37,cropped/bremen/1887.png,class1,1
37,cropped/bremen/1886.png,class0,0
37,cropped/bremen/141.png,class1,1
37,cropped/bremen/135.png,class4,4
37,cropped/bremen/142.png,class1,1
37,cropped/bremen/138.png,class1,1
37,cropped/bremen/140.png,class1,1
37,cropped/bremen/1190.png,class4,4
37,cropped/bremen/139.png,class1,1
37,cropped/bremen/1191.png,class1,1
37,cropped/bremen/1196.png,class1,1
37,cropped/bremen/1065.png,class1,1
37,cropped/bremen/1851.png,class1,1
37,cropped/bremen/1194.png,class1,1
37,cropped/bremen/1192.png,class1,1
37,cropped/bremen/1195.png,class1,1
37,cropped/bremen/1197.png,class1,1
37,cropped/bremen/1198.png,class1,1
38,cropped/bremen/1768.png,class1,1
38,cropped/bremen/1767.png,class4,4
38,cropped/bremen/1771.png,class1,1
38,cropped/bremen/1852.png,class1,1
38,cropped/bremen/1770.png,class1,1
38,cropped/bremen/1772.png,class1,1
38,cropped/bremen/1773.png,class1,1
38,cropped/bremen/1504.png,class1,1
38,cropped/bremen/1507.png,class1,1
38,cropped/bremen/1505.png,class1,1
38,cropped/bremen/1506.png,class1,1
38,cropped/bremen/1511.png,class1,1
38,cropped/bremen/1510.png,class1,1
38,cropped/bremen/1508.png,class1,1
38,cropped/bremen/1218.png,class1,1
38,cropped/bremen/1509.png,class1,1
38,cropped/bremen/1221.png,class1,1
38,cropped/bremen/1538.png,class0,0
38,cropped/bremen/1535.png,class1,1
38,cropped/bremen/1537.png,class0,0
38,cropped/bremen/1539.png,class1,1
38,cropped/bremen/1220.png,class1,1
38,cropped/bremen/1223.png,class1,1
38,cropped/bremen/1536.png,class1,1
38,cropped/bremen/175.png,class1,1
38,cropped/bremen/172.png,class1,1
38,cropped/bremen/1647.png,class1,1
38,cropped/bremen/1844.png,class1,1
38,cropped/bremen/1843.png,class1,1
38,cropped/bremen/1847.png,class1,1
38,cropped/bremen/174.png,class1,1
38,cropped/bremen/1846.png,class1,1
38,cropped/bremen/403.png,class1,1
38,cropped/bremen/1850.png,class0,0
38,cropped/bremen/402.png,class1,1
38,cropped/bremen/644.png,class2,2
38,cropped/bremen/404.png,class4,4
38,cropped/bremen/1848.png,class1,1
38,cropped/bremen/642.png,class4,4
38,cropped/bremen/401.png,class1,1
38,cropped/bremen/648.png,class1,1
38,cropped/bremen/654.png,class1,1
38,cropped/bremen/651.png,class1,1
38,cropped/bremen/653.png,class1,1
38,cropped/bremen/649.png,class1,1
38,cropped/bremen/646.png,class2,2
38,cropped/bremen/647.png,class2,2
38,cropped/bremen/650.png,class1,1
38,cropped/bremen/948.png,class0,0
38,cropped/bremen/655.png,class1,1
38,cropped/bremen/1875.png,class1,1
38,cropped/bremen/1873.png,class1,1
38,cropped/bremen/946.png,class4,4
38,cropped/bremen/1878.png,class1,1
38,cropped/bremen/1874.png,class1,1
38,cropped/bremen/947.png,class0,0
38,cropped/bremen/1092.png,class4,4
38,cropped/bremen/985.png,class1,1
38,cropped/bremen/988.png,class1,1
38,cropped/bremen/949.png,class1,1
38,cropped/bremen/1091.png,class1,1
38,cropped/bremen/987.png,class1,1
38,cropped/bremen/1095.png,class4,4
38,cropped/bremen/1093.png,class1,1
38,cropped/bremen/990.png,class1,1
38,cropped/bremen/2005.png,class4,4
38,cropped/bremen/2007.png,class4,4
38,cropped/bremen/2008.png,class1,1
38,cropped/bremen/2004.png,class1,1
38,cropped/bremen/989.png,class1,1
38,cropped/bremen/68.png,class1,1
38,cropped/bremen/67.png,class1,1
38,cropped/bremen/71.png,class1,1
38,cropped/bremen/407.png,class4,4
38,cropped/bremen/74.png,class1,1
38,cropped/bremen/73.png,class1,1
38,cropped/bremen/72.png,class1,1
38,cropped/bremen/69.png,class1,1
38,cropped/bremen/70.png,class1,1
38,cropped/bremen/405.png,class1,1
39,cropped/cologne/170.png,class1,1
39,cropped/cologne/44.png,class1,1
39,cropped/cologne/46.png,class1,1
39,cropped/cologne/43.png,class1,1
39,cropped/cologne/47.png,class1,1
39,cropped/cologne/48.png,class1,1
39,cropped/cologne/169.png,class1,1
39,cropped/cologne/45.png,class1,1
39,cropped/cologne/178.png,class1,1
39,cropped/cologne/173.png,class1,1
39,cropped/cologne/181.png,class0,0
39,cropped/cologne/176.png,class1,1
39,cropped/cologne/179.png,class4,4
39,cropped/cologne/180.png,class5,5
39,cropped/cologne/174.png,class1,1
39,cropped/cologne/177.png,class1,1
39,cropped/cologne/761.png,class1,1
39,cropped/cologne/757.png,class1,1
39,cropped/cologne/759.png,class1,1
39,cropped/cologne/755.png,class1,1
39,cropped/cologne/760.png,class1,1
39,cropped/cologne/756.png,class1,1
39,cropped/cologne/754.png,class1,1
39,cropped/cologne/182.png,class1,1
39,cropped/cologne/1374.png,class1,1
39,cropped/cologne/1373.png,class1,1
39,cropped/cologne/1371.png,class1,1
39,cropped/cologne/1370.png,class1,1
39,cropped/cologne/1368.png,class1,1
39,cropped/cologne/763.png,class0,0
39,cropped/cologne/1372.png,class0,0
39,cropped/cologne/1375.png,class1,1
39,cropped/cologne/438.png,class0,0
39,cropped/cologne/443.png,class1,1
39,cropped/cologne/441.png,class1,1
39,cropped/cologne/439.png,class1,1
39,cropped/cologne/444.png,class1,1
39,cropped/cologne/435.png,class1,1
39,cropped/cologne/442.png,class1,1
39,cropped/cologne/437.png,class1,1
39,cropped/cologne/445.png,class1,1
39,cropped/cologne/357.png,class1,1
39,cropped/cologne/356.png,class1,1
39,cropped/cologne/351.png,class0,0
39,cropped/cologne/354.png,class1,1
39,cropped/cologne/507.png,class1,1
39,cropped/cologne/350.png,class1,1
39,cropped/cologne/355.png,class1,1
39,cropped/cologne/510.png,class4,4
39,cropped/cologne/514.png,class1,1
39,cropped/cologne/511.png,class0,0
39,cropped/cologne/508.png,class0,0
39,cropped/cologne/513.png,class0,0
39,cropped/cologne/509.png,class4,4
39,cropped/cologne/286.png,class1,1
39,cropped/cologne/287.png,class1,1
39,cropped/cologne/291.png,class1,1
39,cropped/cologne/289.png,class1,1
39,cropped/cologne/296.png,class4,4
39,cropped/cologne/297.png,class4,4
39,cropped/cologne/295.png,class1,1
39,cropped/cologne/288.png,class1,1
39,cropped/cologne/294.png,class4,4
39,cropped/cologne/293.png,class4,4
39,cropped/cologne/1321.png,class1,1
39,cropped/cologne/1314.png,class1,1
39,cropped/cologne/299.png,class0,0
39,cropped/cologne/1318.png,class0,0
39,cropped/cologne/298.png,class4,4
39,cropped/cologne/1319.png,class1,1
39,cropped/cologne/1320.png,class1,1
39,cropped/cologne/1315.png,class1,1
39,cropped/cologne/1322.png,class1,1
39,cropped/cologne/1520.png,class1,1
39,cropped/cologne/1328.png,class4,4
39,cropped/cologne/1522.png,class4,4
39,cropped/cologne/1326.png,class0,0
39,cropped/cologne/1521.png,class1,1
39,cropped/cologne/1323.png,class1,1
39,cropped/cologne/1324.png,class1,1
40,cropped/cologne/1523.png,class0,0
40,cropped/cologne/1525.png,class1,1
40,cropped/cologne/1530.png,class0,0
40,cropped/cologne/1527.png,class1,1
40,cropped/cologne/1528.png,class1,1
40,cropped/cologne/1531.png,class0,0
40,cropped/cologne/1532.png,class4,4
40,cropped/cologne/1526.png,class1,1
40,cropped/cologne/1533.png,class4,4
40,cropped/cologne/1411.png,class1,1
40,cropped/cologne/1412.png,class1,1
40,cropped/cologne/1410.png,class1,1
40,cropped/cologne/1416.png,class1,1
40,cropped/cologne/1415.png,class1,1
40,cropped/cologne/1414.png,class1,1
40,cropped/cologne/1413.png,class1,1
40,cropped/cologne/694.png,class1,1
40,cropped/cologne/1166.png,class4,4
40,cropped/cologne/1169.png,class1,1
40,cropped/cologne/1167.png,class1,1
40,cropped/cologne/696.png,class1,1
40,cropped/cologne/1165.png,class1,1
40,cropped/cologne/1418.png,class1,1
40,cropped/cologne/695.png,class0,0
40,cropped/cologne/900.png,class1,1
40,cropped/cologne/1171.png,class4,4
40,cropped/cologne/398.png,class1,1
40,cropped/cologne/400.png,class1,1
40,cropped/cologne/399.png,class1,1
40,cropped/cologne/901.png,class1,1
40,cropped/cologne/1170.png,class1,1
40,cropped/cologne/401.png,class0,0
40,cropped/cologne/546.png,class1,1
40,cropped/cologne/551.png,class0,0
40,cropped/cologne/402.png,class1,1
40,cropped/cologne/554.png,class0,0
40,cropped/cologne/548.png,class1,1
40,cropped/cologne/550.png,class0,0
40,cropped/cologne/552.png,class1,1
40,cropped/cologne/549.png,class0,0
40,cropped/cologne/1536.png,class1,1
40,cropped/cologne/556.png,class0,0
40,cropped/cologne/560.png,class0,0
40,cropped/cologne/557.png,class0,0
40,cropped/cologne/1535.png,class1,1
40,cropped/cologne/559.png,class1,1
40,cropped/cologne/558.png,class0,0
40,cropped/cologne/1537.png,class1,1
40,cropped/cologne/1547.png,class1,1
40,cropped/cologne/1544.png,class1,1
40,cropped/cologne/1542.png,class1,1
40,cropped/cologne/1541.png,class1,1
40,cropped/cologne/1543.png,class1,1
40,cropped/cologne/1539.png,class1,1
40,cropped/cologne/1538.png,class1,1
40,cropped/cologne/1540.png,class1,1
40,cropped/cologne/197.png,class1,1
40,cropped/cologne/148.png,class1,1
40,cropped/cologne/153.png,class0,0
40,cropped/cologne/151.png,class1,1
40,cropped/cologne/149.png,class1,1
40,cropped/cologne/198.png,class3,3
40,cropped/cologne/147.png,class1,1
40,cropped/cologne/196.png,class1,1
40,cropped/cologne/206.png,class0,0
40,cropped/cologne/204.png,class4,4
40,cropped/cologne/199.png,class4,4
40,cropped/cologne/205.png,class4,4
40,cropped/cologne/202.png,class0,0
40,cropped/cologne/207.png,class4,4
40,cropped/cologne/203.png,class0,0
40,cropped/cologne/201.png,class0,0
40,cropped/cologne/210.png,class4,4
40,cropped/cologne/1296.png,class5,5
40,cropped/cologne/211.png,class0,0
40,cropped/cologne/1295.png,class5,5
40,cropped/cologne/1299.png,class1,1
40,cropped/cologne/209.png,class0,0
40,cropped/cologne/1300.png,class1,1
40,cropped/cologne/1294.png,class0,0
41,cropped/cologne/1304.png,class5,5
41,cropped/cologne/3.png,class0,0
41,cropped/cologne/1.png,class1,1
41,cropped/cologne/1302.png,class1,1
41,cropped/cologne/1303.png,class1,1
41,cropped/cologne/1305.png,class5,5
41,cropped/cologne/0.png,class2,2
41,cropped/cologne/1301.png,class1,1
41,cropped/cologne/12.png,class0,0
41,cropped/cologne/6.png,class0,0
41,cropped/cologne/8.png,class0,0
41,cropped/cologne/10.png,class0,0
41,cropped/cologne/7.png,class0,0
41,cropped/cologne/11.png,class0,0
41,cropped/cologne/4.png,class0,0
41,cropped/cologne/13.png,class0,0
41,cropped/cologne/17.png,class0,0
41,cropped/cologne/19.png,class0,0
41,cropped/cologne/18.png,class1,1
41,cropped/cologne/20.png,class1,1
41,cropped/cologne/21.png,class0,0
41,cropped/cologne/15.png,class0,0
41,cropped/cologne/23.png,class0,0
41,cropped/cologne/22.png,class0,0
41,cropped/cologne/1498.png,class5,5
41,cropped/cologne/1501.png,class4,4
41,cropped/cologne/532.png,class1,1
41,cropped/cologne/533.png,class1,1
41,cropped/cologne/530.png,class1,1
41,cropped/cologne/1500.png,class4,4
41,cropped/cologne/1499.png,class1,1
41,cropped/cologne/531.png,class1,1
41,cropped/cologne/534.png,class2,2
41,cropped/cologne/535.png,class2,2
41,cropped/cologne/538.png,class0,0
41,cropped/cologne/536.png,class1,1
41,cropped/cologne/540.png,class0,0
41,cropped/cologne/542.png,class0,0
41,cropped/cologne/543.png,class5,5
41,cropped/cologne/541.png,class0,0
41,cropped/cologne/1280.png,class0,0
41,cropped/cologne/1281.png,class0,0
41,cropped/cologne/545.png,class4,4
41,cropped/cologne/1278.png,class1,1
41,cropped/cologne/1277.png,class1,1
41,cropped/cologne/544.png,class4,4
41,cropped/cologne/1279.png,class0,0
41,cropped/cologne/1275.png,class1,1
41,cropped/cologne/623.png,class1,1
41,cropped/cologne/1287.png,class1,1
41,cropped/cologne/624.png,class1,1
41,cropped/cologne/1288.png,class0,0
41,cropped/cologne/1286.png,class1,1
41,cropped/cologne/1284.png,class0,0
41,cropped/cologne/625.png,class1,1
41,cropped/cologne/1285.png,class0,0
41,cropped/cologne/771.png,class1,1
41,cropped/cologne/630.png,class1,1
41,cropped/cologne/629.png,class1,1
41,cropped/cologne/628.png,class1,1
41,cropped/cologne/770.png,class1,1
41,cropped/cologne/772.png,class1,1
41,cropped/cologne/627.png,class1,1
41,cropped/cologne/769.png,class1,1
41,cropped/cologne/781.png,class1,1
41,cropped/cologne/773.png,class1,1
41,cropped/cologne/1269.png,class1,1
41,cropped/cologne/779.png,class1,1
41,cropped/cologne/777.png,class1,1
41,cropped/cologne/774.png,class1,1
41,cropped/cologne/776.png,class1,1
41,cropped/cologne/775.png,class1,1
41,cropped/cologne/1270.png,class0,0
41,cropped/cologne/1271.png,class1,1
41,cropped/cologne/1367.png,class1,1
41,cropped/cologne/1274.png,class4,4
41,cropped/cologne/1364.png,class1,1
41,cropped/cologne/1366.png,class1,1
41,cropped/cologne/1272.png,class1,1
41,cropped/cologne/1365.png,class1,1
42,cropped/cologne/806.png,class1,1
42,cropped/cologne/561.png,class1,1
42,cropped/cologne/800.png,class4,4
42,cropped/cologne/804.png,class1,1
42,cropped/cologne/807.png,class1,1
42,cropped/cologne/562.png,class1,1
42,cropped/cologne/801.png,class0,0
42,cropped/cologne/802.png,class1,1
42,cropped/cologne/987.png,class4,4
42,cropped/cologne/982.png,class1,1
42,cropped/cologne/985.png,class5,5
42,cropped/cologne/986.png,class5,5
42,cropped/cologne/983.png,class0,0
42,cropped/cologne/808.png,class1,1
42,cropped/cologne/809.png,class4,4
42,cropped/cologne/988.png,class4,4
42,cropped/cologne/1267.png,class1,1
42,cropped/cologne/1264.png,class1,1
42,cropped/cologne/1268.png,class1,1
42,cropped/cologne/1266.png,class1,1
42,cropped/cologne/1261.png,class1,1
42,cropped/cologne/464.png,class1,1
42,cropped/cologne/1263.png,class1,1
42,cropped/cologne/1262.png,class1,1
42,cropped/cologne/1468.png,class1,1
42,cropped/cologne/467.png,class0,0
42,cropped/cologne/469.png,class0,0
42,cropped/cologne/468.png,class0,0
42,cropped/cologne/1467.png,class0,0
42,cropped/cologne/465.png,class1,1
42,cropped/cologne/470.png,class4,4
42,cropped/cologne/1469.png,class1,1
42,cropped/cologne/1472.png,class1,1
42,cropped/cologne/1471.png,class1,1
42,cropped/cologne/1475.png,class0,0
42,cropped/cologne/930.png,class5,5
42,cropped/cologne/1474.png,class0,0
42,cropped/cologne/1470.png,class1,1
42,cropped/cologne/1473.png,class0,0
42,cropped/cologne/928.png,class1,1
42,cropped/cologne/951.png,class1,1
42,cropped/cologne/955.png,class1,1
42,cropped/cologne/952.png,class1,1
42,cropped/cologne/585.png,class1,1
42,cropped/cologne/954.png,class1,1
42,cropped/cologne/584.png,class1,1
42,cropped/cologne/953.png,class1,1
42,cropped/cologne/932.png,class1,1
42,cropped/cologne/595.png,class1,1
42,cropped/cologne/587.png,class1,1
42,cropped/cologne/586.png,class1,1
42,cropped/cologne/594.png,class1,1
42,cropped/cologne/589.png,class1,1
42,cropped/cologne/592.png,class1,1
42,cropped/cologne/593.png,class1,1
42,cropped/cologne/590.png,class1,1
42,cropped/cologne/1145.png,class1,1
42,cropped/cologne/1143.png,class1,1
42,cropped/cologne/1142.png,class1,1
42,cropped/cologne/446.png,class1,1
42,cropped/cologne/1600.png,class0,0
42,cropped/cologne/907.png,class1,1
42,cropped/cologne/908.png,class1,1
42,cropped/cologne/1599.png,class1,1
42,cropped/cologne/417.png,class4,4
42,cropped/cologne/409.png,class1,1
42,cropped/cologne/415.png,class1,1
42,cropped/cologne/412.png,class1,1
42,cropped/cologne/416.png,class1,1
42,cropped/cologne/408.png,class1,1
42,cropped/cologne/414.png,class1,1
42,cropped/cologne/410.png,class1,1
42,cropped/cologne/1482.png,class1,1
42,cropped/cologne/1225.png,class1,1
42,cropped/cologne/1222.png,class2,2
42,cropped/cologne/1483.png,class1,1
42,cropped/cologne/1221.png,class1,1
42,cropped/cologne/1223.png,class2,2
42,cropped/cologne/1224.png,class1,1
42,cropped/cologne/1484.png,class1,1
43,cropped/cologne/1489.png,class1,1
43,cropped/cologne/1491.png,class1,1
43,cropped/cologne/1487.png,class1,1
43,cropped/cologne/1486.png,class1,1
43,cropped/cologne/1490.png,class4,4
43,cropped/cologne/1494.png,class1,1
43,cropped/cologne/1485.png,class1,1
43,cropped/cologne/1492.png,class1,1
43,cropped/cologne/405.png,class1,1
43,cropped/cologne/403.png,class1,1
43,cropped/cologne/407.png,class4,4
43,cropped/cologne/1308.png,class1,1
43,cropped/cologne/406.png,class0,0
43,cropped/cologne/1309.png,class1,1
43,cropped/cologne/1307.png,class1,1
43,cropped/cologne/1496.png,class4,4
43,cropped/cologne/1311.png,class1,1
43,cropped/cologne/1310.png,class1,1
43,cropped/cologne/157.png,class0,0
43,cropped/cologne/155.png,class1,1
43,cropped/cologne/158.png,class0,0
43,cropped/cologne/156.png,class1,1
43,cropped/cologne/154.png,class1,1
43,cropped/cologne/1312.png,class1,1
43,cropped/cologne/162.png,class0,0
43,cropped/cologne/160.png,class0,0
43,cropped/cologne/161.png,class0,0
43,cropped/cologne/165.png,class4,4
43,cropped/cologne/167.png,class0,0
43,cropped/cologne/164.png,class0,0
43,cropped/cologne/1227.png,class1,1
43,cropped/cologne/168.png,class1,1
43,cropped/cologne/1230.png,class1,1
43,cropped/cologne/1228.png,class1,1
43,cropped/cologne/1233.png,class1,1
43,cropped/cologne/1229.png,class1,1
43,cropped/cologne/1232.png,class1,1
43,cropped/cologne/1234.png,class0,0
43,cropped/cologne/607.png,class1,1
43,cropped/cologne/1235.png,class1,1
43,cropped/cologne/610.png,class1,1
43,cropped/cologne/611.png,class1,1
43,cropped/cologne/615.png,class1,1
43,cropped/cologne/613.png,class1,1
43,cropped/cologne/608.png,class1,1
43,cropped/cologne/616.png,class1,1
43,cropped/cologne/614.png,class1,1
43,cropped/cologne/609.png,class1,1
43,cropped/cologne/1184.png,class1,1
43,cropped/cologne/619.png,class1,1
43,cropped/cologne/618.png,class1,1
43,cropped/cologne/622.png,class1,1
43,cropped/cologne/621.png,class1,1
43,cropped/cologne/1183.png,class1,1
43,cropped/cologne/1185.png,class1,1
43,cropped/cologne/1181.png,class1,1
43,cropped/cologne/1189.png,class1,1
43,cropped/cologne/1195.png,class4,4
43,cropped/cologne/1186.png,class1,1
43,cropped/cologne/1190.png,class1,1
43,cropped/cologne/1191.png,class1,1
43,cropped/cologne/1187.png,class1,1
43,cropped/cologne/1194.png,class4,4
43,cropped/cologne/1192.png,class4,4
43,cropped/cologne/1196.png,class4,4
43,cropped/cologne/1129.png,class1,1
43,cropped/cologne/1201.png,class4,4
43,cropped/cologne/1130.png,class1,1
43,cropped/cologne/1199.png,class4,4
43,cropped/cologne/1131.png,class1,1
43,cropped/cologne/1198.png,class4,4
43,cropped/cologne/1128.png,class1,1
43,cropped/cologne/1133.png,class1,1
43,cropped/cologne/1137.png,class1,1
43,cropped/cologne/1136.png,class1,1
43,cropped/cologne/1135.png,class1,1
43,cropped/cologne/1138.png,class1,1
43,cropped/cologne/1140.png,class4,4
43,cropped/cologne/1134.png,class4,4
43,cropped/cologne/1141.png,class4,4
44,cropped/cologne/380.png,class1,1
44,cropped/cologne/383.png,class1,1
44,cropped/cologne/387.png,class1,1
44,cropped/cologne/388.png,class1,1
44,cropped/cologne/382.png,class1,1
44,cropped/cologne/385.png,class1,1
44,cropped/cologne/386.png,class0,0
44,cropped/cologne/389.png,class1,1
44,cropped/cologne/1557.png,class1,1
44,cropped/cologne/1559.png,class0,0
44,cropped/cologne/1558.png,class0,0
44,cropped/cologne/390.png,class1,1
44,cropped/cologne/1564.png,class0,0
44,cropped/cologne/1561.png,class0,0
44,cropped/cologne/1560.png,class0,0
44,cropped/cologne/1563.png,class0,0
44,cropped/cologne/1419.png,class1,1
44,cropped/cologne/1570.png,class0,0
44,cropped/cologne/1569.png,class1,1
44,cropped/cologne/1420.png,class1,1
44,cropped/cologne/1421.png,class1,1
44,cropped/cologne/1422.png,class1,1
44,cropped/cologne/1568.png,class0,0
44,cropped/cologne/1566.png,class0,0
44,cropped/cologne/1426.png,class1,1
44,cropped/cologne/1427.png,class0,0
44,cropped/cologne/1423.png,class1,1
44,cropped/cologne/1429.png,class1,1
44,cropped/cologne/1425.png,class1,1
44,cropped/cologne/1428.png,class0,0
44,cropped/cologne/1430.png,class1,1
44,cropped/cologne/1431.png,class1,1
44,cropped/cologne/1436.png,class4,4
44,cropped/cologne/1435.png,class1,1
44,cropped/cologne/1433.png,class1,1
44,cropped/cologne/1005.png,class1,1
44,cropped/cologne/1008.png,class1,1
44,cropped/cologne/1007.png,class1,1
44,cropped/cologne/1006.png,class1,1
44,cropped/cologne/1434.png,class1,1
44,cropped/cologne/1014.png,class5,5
44,cropped/cologne/1019.png,class1,1
44,cropped/cologne/1012.png,class5,5
44,cropped/cologne/1015.png,class0,0
44,cropped/cologne/1020.png,class4,4
44,cropped/cologne/1017.png,class1,1
44,cropped/cologne/1016.png,class0,0
44,cropped/cologne/1011.png,class4,4
44,cropped/cologne/1022.png,class4,4
44,cropped/cologne/1021.png,class4,4
44,cropped/cologne/728.png,class1,1
44,cropped/cologne/1024.png,class4,4
44,cropped/cologne/725.png,class1,1
44,cropped/cologne/726.png,class1,1
44,cropped/cologne/727.png,class1,1
44,cropped/cologne/1023.png,class4,4
44,cropped/cologne/738.png,class4,4
44,cropped/cologne/730.png,class1,1
44,cropped/cologne/733.png,class1,1
44,cropped/cologne/731.png,class1,1
44,cropped/cologne/729.png,class4,4
44,cropped/cologne/736.png,class4,4
44,cropped/cologne/735.png,class1,1
44,cropped/cologne/737.png,class4,4
44,cropped/cologne/1439.png,class0,0
44,cropped/cologne/1444.png,class0,0
44,cropped/cologne/1443.png,class0,0
44,cropped/cologne/1437.png,class0,0
44,cropped/cologne/1445.png,class0,0
44,cropped/cologne/1440.png,class0,0
44,cropped/cologne/1438.png,class0,0
44,cropped/cologne/1442.png,class0,0
44,cropped/cologne/1449.png,class4,4
44,cropped/cologne/136.png,class1,1
44,cropped/cologne/1450.png,class4,4
44,cropped/cologne/1451.png,class4,4
44,cropped/cologne/1447.png,class0,0
44,cropped/cologne/134.png,class1,1
44,cropped/cologne/1448.png,class0,0
44,cropped/cologne/1446.png,class0,0
45,cropped/cologne/665.png,class0,0
45,cropped/cologne/663.png,class4,4
45,cropped/cologne/139.png,class1,1
45,cropped/cologne/661.png,class1,1
45,cropped/cologne/658.png,class0,0
45,cropped/cologne/659.png,class0,0
45,cropped/cologne/662.png,class1,1
45,cropped/cologne/138.png,class4,4
45,cropped/cologne/326.png,class1,1
45,cropped/cologne/328.png,class1,1
45,cropped/cologne/324.png,class1,1
45,cropped/cologne/668.png,class0,0
45,cropped/cologne/329.png,class1,1
45,cropped/cologne/330.png,class1,1
45,cropped/cologne/325.png,class1,1
45,cropped/cologne/666.png,class0,0
45,cropped/cologne/909.png,class1,1
45,cropped/cologne/130.png,class1,1
45,cropped/cologne/912.png,class1,1
45,cropped/cologne/133.png,class1,1
45,cropped/cologne/132.png,class1,1
45,cropped/cologne/910.png,class1,1
45,cropped/cologne/331.png,class1,1
45,cropped/cologne/131.png,class1,1
45,cropped/cologne/918.png,class0,0
45,cropped/cologne/916.png,class1,1
45,cropped/cologne/915.png,class1,1
45,cropped/cologne/1404.png,class1,1
45,cropped/cologne/914.png,class1,1
45,cropped/cologne/1402.png,class1,1
45,cropped/cologne/1401.png,class1,1
45,cropped/cologne/917.png,class0,0
45,cropped/cologne/934.png,class1,1
45,cropped/cologne/935.png,class3,3
45,cropped/cologne/142.png,class1,1
45,cropped/cologne/140.png,class1,1
45,cropped/cologne/1407.png,class1,1
45,cropped/cologne/1406.png,class4,4
45,cropped/cologne/1408.png,class1,1
45,cropped/cologne/141.png,class1,1
45,cropped/cologne/971.png,class1,1
45,cropped/cologne/145.png,class4,4
45,cropped/cologne/970.png,class1,1
45,cropped/cologne/972.png,class1,1
45,cropped/cologne/968.png,class1,1
45,cropped/cologne/143.png,class1,1
45,cropped/cologne/144.png,class1,1
45,cropped/cologne/969.png,class1,1
45,cropped/cologne/975.png,class1,1
45,cropped/cologne/978.png,class1,1
45,cropped/cologne/977.png,class1,1
45,cropped/cologne/980.png,class1,1
45,cropped/cologne/974.png,class1,1
45,cropped/cologne/979.png,class1,1
45,cropped/cologne/641.png,class1,1
45,cropped/cologne/981.png,class1,1
45,cropped/cologne/644.png,class1,1
45,cropped/cologne/645.png,class1,1
45,cropped/cologne/849.png,class1,1
45,cropped/cologne/646.png,class1,1
45,cropped/cologne/642.png,class1,1
45,cropped/cologne/643.png,class1,1
45,cropped/cologne/850.png,class1,1
45,cropped/cologne/847.png,class1,1
45,cropped/cologne/852.png,class1,1
45,cropped/cologne/855.png,class1,1
45,cropped/cologne/854.png,class1,1
45,cropped/cologne/856.png,class1,1
45,cropped/cologne/115.png,class0,0
45,cropped/cologne/853.png,class1,1
45,cropped/cologne/851.png,class1,1
45,cropped/cologne/116.png,class5,5
45,cropped/cologne/125.png,class4,4
45,cropped/cologne/120.png,class0,0
45,cropped/cologne/118.png,class0,0
45,cropped/cologne/124.png,class1,1
45,cropped/cologne/119.png,class0,0
45,cropped/cologne/121.png,class1,1
45,cropped/cologne/117.png,class0,0
45,cropped/cologne/123.png,class1,1
46,cropped/cologne/129.png,class4,4
46,cropped/cologne/1453.png,class1,1
46,cropped/cologne/1452.png,class1,1
46,cropped/cologne/1458.png,class1,1
46,cropped/cologne/127.png,class4,4
46,cropped/cologne/1454.png,class1,1
46,cropped/cologne/1457.png,class1,1
46,cropped/cologne/1455.png,class1,1
46,cropped/cologne/1461.png,class1,1
46,cropped/cologne/1459.png,class0,0
46,cropped/cologne/1465.png,class1,1
46,cropped/cologne/1464.png,class1,1
46,cropped/cologne/1462.png,class1,1
46,cropped/cologne/1460.png,class0,0
46,cropped/cologne/1466.png,class1,1
46,cropped/cologne/1172.png,class1,1
46,cropped/cologne/712.png,class1,1
46,cropped/cologne/713.png,class1,1
46,cropped/cologne/1178.png,class4,4
46,cropped/cologne/1177.png,class1,1
46,cropped/cologne/1175.png,class1,1
46,cropped/cologne/714.png,class1,1
46,cropped/cologne/1179.png,class4,4
46,cropped/cologne/1176.png,class1,1
46,cropped/cologne/719.png,class4,4
46,cropped/cologne/716.png,class1,1
46,cropped/cologne/721.png,class1,1
46,cropped/cologne/718.png,class4,4
46,cropped/cologne/717.png,class4,4
46,cropped/cologne/715.png,class1,1
46,cropped/cologne/516.png,class1,1
46,cropped/cologne/722.png,class4,4
46,cropped/cologne/518.png,class1,1
46,cropped/cologne/524.png,class1,1
46,cropped/cologne/519.png,class1,1
46,cropped/cologne/523.png,class0,0
46,cropped/cologne/522.png,class0,0
46,cropped/cologne/525.png,class1,1
46,cropped/cologne/520.png,class1,1
46,cropped/cologne/521.png,class1,1
46,cropped/cologne/1098.png,class1,1
46,cropped/cologne/1102.png,class1,1
46,cropped/cologne/1099.png,class1,1
46,cropped/cologne/527.png,class1,1
46,cropped/cologne/1097.png,class1,1
46,cropped/cologne/1104.png,class1,1
46,cropped/cologne/528.png,class1,1
46,cropped/cologne/1101.png,class1,1
46,cropped/cologne/1109.png,class1,1
46,cropped/cologne/1107.png,class1,1
46,cropped/cologne/1105.png,class1,1
46,cropped/cologne/310.png,class1,1
46,cropped/cologne/1108.png,class1,1
46,cropped/cologne/311.png,class1,1
46,cropped/cologne/309.png,class1,1
46,cropped/cologne/308.png,class1,1
46,cropped/cologne/563.png,class1,1
46,cropped/cologne/320.png,class4,4
46,cropped/cologne/314.png,class1,1
46,cropped/cologne/319.png,class1,1
46,cropped/cologne/313.png,class1,1
46,cropped/cologne/317.png,class1,1
46,cropped/cologne/312.png,class1,1
46,cropped/cologne/315.png,class1,1
46,cropped/cologne/569.png,class0,0
46,cropped/cologne/570.png,class4,4
46,cropped/cologne/565.png,class1,1
46,cropped/cologne/568.png,class0,0
46,cropped/cologne/573.png,class4,4
46,cropped/cologne/566.png,class0,0
46,cropped/cologne/571.png,class4,4
46,cropped/cologne/572.png,class4,4
46,cropped/cologne/741.png,class1,1
46,cropped/cologne/784.png,class2,2
46,cropped/cologne/785.png,class1,1
46,cropped/cologne/740.png,class1,1
46,cropped/cologne/787.png,class1,1
46,cropped/cologne/742.png,class1,1
46,cropped/cologne/783.png,class1,1
46,cropped/cologne/786.png,class1,1
47,cropped/cologne/797.png,class1,1
47,cropped/cologne/788.png,class1,1
47,cropped/cologne/791.png,class1,1
47,cropped/cologne/793.png,class1,1
47,cropped/cologne/789.png,class1,1
47,cropped/cologne/790.png,class1,1
47,cropped/cologne/794.png,class1,1
47,cropped/cologne/795.png,class1,1
47,cropped/cologne/956.png,class1,1
47,cropped/cologne/961.png,class1,1
47,cropped/cologne/962.png,class1,1
47,cropped/cologne/957.png,class4,4
47,cropped/cologne/798.png,class1,1
47,cropped/cologne/958.png,class4,4
47,cropped/cologne/799.png,class1,1
47,cropped/cologne/960.png,class4,4
47,cropped/cologne/185.png,class1,1
47,cropped/cologne/964.png,class1,1
47,cropped/cologne/183.png,class1,1
47,cropped/cologne/967.png,class1,1
47,cropped/cologne/188.png,class1,1
47,cropped/cologne/965.png,class1,1
47,cropped/cologne/187.png,class1,1
47,cropped/cologne/186.png,class1,1
47,cropped/cologne/194.png,class0,0
47,cropped/cologne/1353.png,class1,1
47,cropped/cologne/190.png,class1,1
47,cropped/cologne/193.png,class1,1
47,cropped/cologne/189.png,class1,1
47,cropped/cologne/191.png,class1,1
47,cropped/cologne/1352.png,class1,1
47,cropped/cologne/1351.png,class1,1
47,cropped/cologne/1358.png,class1,1
47,cropped/cologne/1354.png,class2,2
47,cropped/cologne/1362.png,class1,1
47,cropped/cologne/1355.png,class1,1
47,cropped/cologne/1356.png,class1,1
47,cropped/cologne/1360.png,class1,1
47,cropped/cologne/1357.png,class1,1
47,cropped/cologne/1361.png,class1,1
47,cropped/cologne/282.png,class1,1
47,cropped/cologne/274.png,class1,1
47,cropped/cologne/276.png,class1,1
47,cropped/cologne/277.png,class1,1
47,cropped/cologne/280.png,class1,1
47,cropped/cologne/273.png,class1,1
47,cropped/cologne/278.png,class1,1
47,cropped/cologne/275.png,class1,1
47,cropped/cologne/28.png,class0,0
47,cropped/cologne/25.png,class1,1
47,cropped/cologne/31.png,class0,0
47,cropped/cologne/24.png,class1,1
47,cropped/cologne/30.png,class0,0
47,cropped/cologne/29.png,class0,0
47,cropped/cologne/27.png,class0,0
47,cropped/cologne/283.png,class1,1
47,cropped/cologne/601.png,class1,1
47,cropped/cologne/32.png,class0,0
47,cropped/cologne/599.png,class1,1
47,cropped/cologne/35.png,class4,4
47,cropped/cologne/34.png,class4,4
47,cropped/cologne/602.png,class1,1
47,cropped/cologne/600.png,class1,1
47,cropped/cologne/603.png,class0,0
47,cropped/cologne/1585.png,class1,1
47,cropped/cologne/1590.png,class1,1
47,cropped/cologne/605.png,class0,0
47,cropped/cologne/606.png,class0,0
47,cropped/cologne/1584.png,class1,1
47,cropped/cologne/1586.png,class1,1
47,cropped/cologne/1587.png,class1,1
47,cropped/cologne/1583.png,class1,1
47,cropped/cologne/1597.png,class1,1
47,cropped/cologne/1591.png,class1,1
47,cropped/cologne/1596.png,class1,1
47,cropped/cologne/1593.png,class1,1
47,cropped/cologne/1592.png,class1,1
47,cropped/cologne/63.png,class1,1
47,cropped/cologne/1598.png,class1,1
47,cropped/cologne/1595.png,class1,1
48,cropped/cologne/67.png,class0,0
48,cropped/cologne/68.png,class0,0
48,cropped/cologne/73.png,class4,4
48,cropped/cologne/69.png,class1,1
48,cropped/cologne/70.png,class4,4
48,cropped/cologne/71.png,class4,4
48,cropped/cologne/66.png,class0,0
48,cropped/cologne/65.png,class0,0
48,cropped/cologne/337.png,class0,0
48,cropped/cologne/336.png,class0,0
48,cropped/cologne/335.png,class0,0
48,cropped/cologne/334.png,class1,1
48,cropped/cologne/341.png,class4,4
48,cropped/cologne/332.png,class0,0
48,cropped/cologne/339.png,class0,0
48,cropped/cologne/333.png,class1,1
48,cropped/cologne/1292.png,class1,1
48,cropped/cologne/343.png,class4,4
48,cropped/cologne/1293.png,class4,4
48,cropped/cologne/1290.png,class1,1
48,cropped/cologne/1146.png,class1,1
48,cropped/cologne/342.png,class4,4
48,cropped/cologne/344.png,class4,4
48,cropped/cologne/345.png,class4,4
48,cropped/cologne/1157.png,class1,1
48,cropped/cologne/1149.png,class1,1
48,cropped/cologne/1153.png,class1,1
48,cropped/cologne/1151.png,class1,1
48,cropped/cologne/1156.png,class1,1
48,cropped/cologne/1148.png,class1,1
48,cropped/cologne/1155.png,class1,1
48,cropped/cologne/1152.png,class4,4
48,cropped/cologne/1158.png,class4,4
48,cropped/cologne/1161.png,class4,4
48,cropped/cologne/1159.png,class4,4
48,cropped/cologne/1162.png,class4,4
48,cropped/cologne/815.png,class1,1
48,cropped/cologne/818.png,class1,1
48,cropped/cologne/816.png,class1,1
48,cropped/cologne/1160.png,class4,4
48,cropped/cologne/828.png,class0,0
48,cropped/cologne/823.png,class4,4
48,cropped/cologne/822.png,class1,1
48,cropped/cologne/821.png,class4,4
48,cropped/cologne/825.png,class0,0
48,cropped/cologne/819.png,class1,1
48,cropped/cologne/827.png,class0,0
48,cropped/cologne/824.png,class1,1
48,cropped/cologne/671.png,class1,1
48,cropped/cologne/675.png,class1,1
48,cropped/cologne/829.png,class4,4
48,cropped/cologne/673.png,class1,1
48,cropped/cologne/831.png,class4,4
48,cropped/cologne/674.png,class1,1
48,cropped/cologne/830.png,class4,4
48,cropped/cologne/669.png,class1,1
48,cropped/cologne/681.png,class1,1
48,cropped/cologne/680.png,class1,1
48,cropped/cologne/678.png,class1,1
48,cropped/cologne/676.png,class1,1
48,cropped/cologne/679.png,class1,1
48,cropped/cologne/682.png,class1,1
48,cropped/cologne/677.png,class1,1
48,cropped/cologne/685.png,class4,4
48,cropped/cologne/989.png,class1,1
48,cropped/cologne/994.png,class1,1
48,cropped/cologne/996.png,class1,1
48,cropped/cologne/992.png,class1,1
48,cropped/cologne/991.png,class1,1
48,cropped/cologne/990.png,class1,1
48,cropped/cologne/993.png,class1,1
48,cropped/cologne/997.png,class1,1
48,cropped/cologne/998.png,class1,1
48,cropped/cologne/999.png,class1,1
48,cropped/cologne/212.png,class1,1
48,cropped/cologne/1003.png,class1,1
48,cropped/cologne/214.png,class1,1
48,cropped/cologne/213.png,class1,1
48,cropped/cologne/1002.png,class1,1
48,cropped/cologne/1001.png,class1,1
49,cropped/cologne/217.png,class1,1
49,cropped/cologne/221.png,class4,4
49,cropped/cologne/215.png,class1,1
49,cropped/cologne/219.png,class0,0
49,cropped/cologne/223.png,class4,4
49,cropped/cologne/218.png,class1,1
49,cropped/cologne/220.png,class4,4
49,cropped/cologne/216.png,class1,1
49,cropped/cologne/228.png,class1,1
49,cropped/cologne/233.png,class4,4
49,cropped/cologne/230.png,class4,4
49,cropped/cologne/232.png,class4,4
49,cropped/cologne/231.png,class4,4
49,cropped/cologne/229.png,class5,5
49,cropped/cologne/225.png,class4,4
49,cropped/cologne/226.png,class4,4
49,cropped/cologne/57.png,class4,4
49,cropped/cologne/50.png,class1,1
49,cropped/cologne/56.png,class1,1
49,cropped/cologne/54.png,class1,1
49,cropped/cologne/58.png,class1,1
49,cropped/cologne/53.png,class1,1
49,cropped/cologne/59.png,class1,1
49,cropped/cologne/51.png,class1,1
49,cropped/cologne/234.png,class1,1
49,cropped/cologne/60.png,class1,1
49,cropped/cologne/61.png,class1,1
49,cropped/cologne/239.png,class1,1
49,cropped/cologne/236.png,class1,1
49,cropped/cologne/62.png,class1,1
49,cropped/cologne/237.png,class1,1
49,cropped/cologne/235.png,class1,1
49,cropped/cologne/242.png,class0,0
49,cropped/cologne/246.png,class4,4
49,cropped/cologne/241.png,class1,1
49,cropped/cologne/361.png,class1,1
49,cropped/cologne/243.png,class1,1
49,cropped/cologne/360.png,class1,1
49,cropped/cologne/244.png,class1,1
49,cropped/cologne/245.png,class4,4
49,cropped/cologne/366.png,class1,1
49,cropped/cologne/362.png,class1,1
49,cropped/cologne/365.png,class1,1
49,cropped/cologne/369.png,class0,0
49,cropped/cologne/371.png,class1,1
49,cropped/cologne/363.png,class1,1
49,cropped/cologne/367.png,class1,1
49,cropped/cologne/370.png,class1,1
49,cropped/cologne/836.png,class1,1
49,cropped/cologne/372.png,class1,1
49,cropped/cologne/837.png,class1,1
49,cropped/cologne/832.png,class1,1
49,cropped/cologne/373.png,class0,0
49,cropped/cologne/834.png,class4,4
49,cropped/cologne/839.png,class1,1
49,cropped/cologne/833.png,class1,1
49,cropped/cologne/447.png,class1,1
49,cropped/cologne/842.png,class1,1
49,cropped/cologne/844.png,class4,4
49,cropped/cologne/840.png,class1,1
49,cropped/cologne/843.png,class1,1
49,cropped/cologne/845.png,class1,1
49,cropped/cologne/448.png,class1,1
49,cropped/cologne/449.png,class1,1
49,cropped/cologne/459.png,class4,4
49,cropped/cologne/455.png,class1,1
49,cropped/cologne/452.png,class1,1
49,cropped/cologne/460.png,class1,1
49,cropped/cologne/453.png,class1,1
49,cropped/cologne/458.png,class1,1
49,cropped/cologne/454.png,class1,1
49,cropped/cologne/451.png,class1,1
49,cropped/cologne/709.png,class1,1
49,cropped/cologne/710.png,class1,1
49,cropped/cologne/707.png,class1,1
49,cropped/cologne/706.png,class1,1
49,cropped/cologne/462.png,class1,1
49,cropped/cologne/711.png,class1,1
49,cropped/cologne/708.png,class1,1
49,cropped/cologne/461.png,class1,1
50,cropped/cologne/1124.png,class0,0
50,cropped/cologne/1113.png,class4,4
50,cropped/cologne/1127.png,class0,0
50,cropped/cologne/1116.png,class4,4
50,cropped/cologne/1114.png,class4,4
50,cropped/cologne/1111.png,class4,4
50,cropped/cologne/1126.png,class1,1
50,cropped/cologne/1112.png,class4,4
50,cropped/cologne/924.png,class0,0
50,cropped/cologne/921.png,class1,1
50,cropped/cologne/1378.png,class0,0
50,cropped/cologne/920.png,class1,1
50,cropped/cologne/925.png,class0,0
50,cropped/cologne/922.png,class1,1
50,cropped/cologne/1376.png,class0,0
50,cropped/cologne/1377.png,class0,0
50,cropped/cologne/927.png,class1,1
50,cropped/cologne/1329.png,class1,1
50,cropped/cologne/1334.png,class1,1
50,cropped/cologne/1336.png,class1,1
50,cropped/cologne/1333.png,class1,1
50,cropped/cologne/1332.png,class1,1
50,cropped/cologne/926.png,class0,0
50,cropped/cologne/1330.png,class1,1
50,cropped/cologne/1338.png,class1,1
50,cropped/cologne/1341.png,class4,4
50,cropped/cologne/1337.png,class4,4
50,cropped/cologne/1342.png,class4,4
50,cropped/cologne/75.png,class0,0
50,cropped/cologne/76.png,class0,0
50,cropped/cologne/1340.png,class1,1
50,cropped/cologne/1339.png,class1,1
50,cropped/cologne/81.png,class1,1
50,cropped/cologne/251.png,class1,1
50,cropped/cologne/252.png,class1,1
50,cropped/cologne/82.png,class1,1
50,cropped/cologne/247.png,class1,1
50,cropped/cologne/80.png,class1,1
50,cropped/cologne/79.png,class1,1
50,cropped/cologne/249.png,class1,1
50,cropped/cologne/904.png,class0,0
50,cropped/cologne/906.png,class0,0
50,cropped/cologne/256.png,class4,4
50,cropped/cologne/253.png,class0,0
50,cropped/cologne/254.png,class0,0
50,cropped/cologne/1117.png,class0,0
50,cropped/cologne/903.png,class1,1
50,cropped/cologne/902.png,class1,1
50,cropped/cologne/392.png,class0,0
50,cropped/cologne/1122.png,class4,4
50,cropped/cologne/394.png,class0,0
50,cropped/cologne/1121.png,class1,1
50,cropped/cologne/1118.png,class0,0
50,cropped/cologne/1119.png,class1,1
50,cropped/cologne/395.png,class0,0
50,cropped/cologne/393.png,class0,0
50,cropped/cologne/498.png,class1,1
50,cropped/cologne/499.png,class1,1
50,cropped/cologne/494.png,class1,1
50,cropped/cologne/495.png,class1,1
50,cropped/cologne/492.png,class1,1
50,cropped/cologne/396.png,class0,0
50,cropped/cologne/497.png,class1,1
50,cropped/cologne/397.png,class0,0
50,cropped/cologne/651.png,class1,1
50,cropped/cologne/321.png,class1,1
50,cropped/cologne/323.png,class1,1
50,cropped/cologne/649.png,class1,1
50,cropped/cologne/501.png,class1,1
50,cropped/cologne/322.png,class1,1
50,cropped/cologne/647.png,class1,1
50,cropped/cologne/500.png,class1,1
50,cropped/cologne/654.png,class1,1
50,cropped/cologne/1246.png,class1,1
50,cropped/cologne/656.png,class1,1
50,cropped/cologne/765.png,class1,1
50,cropped/cologne/767.png,class1,1
50,cropped/cologne/766.png,class1,1
50,cropped/cologne/653.png,class1,1
50,cropped/cologne/652.png,class1,1
51,cropped/cologne/1252.png,class1,1
51,cropped/cologne/1574.png,class1,1
51,cropped/cologne/1251.png,class1,1
51,cropped/cologne/1249.png,class1,1
51,cropped/cologne/1250.png,class1,1
51,cropped/cologne/1247.png,class1,1
51,cropped/cologne/1573.png,class1,1
51,cropped/cologne/1248.png,class1,1
51,cropped/cologne/888.png,class1,1
51,cropped/cologne/1576.png,class1,1
51,cropped/cologne/1575.png,class1,1
51,cropped/cologne/889.png,class1,1
51,cropped/cologne/1578.png,class1,1
51,cropped/cologne/1577.png,class1,1
51,cropped/cologne/1581.png,class1,1
51,cropped/cologne/1580.png,class1,1
51,cropped/cologne/1038.png,class1,1
51,cropped/cologne/897.png,class4,4
51,cropped/cologne/896.png,class4,4
51,cropped/cologne/1039.png,class1,1
51,cropped/cologne/894.png,class1,1
51,cropped/cologne/890.png,class1,1
51,cropped/cologne/891.png,class1,1
51,cropped/cologne/892.png,class1,1
51,cropped/cologne/1042.png,class1,1
51,cropped/cologne/1345.png,class1,1
51,cropped/cologne/1347.png,class1,1
51,cropped/cologne/1043.png,class1,1
51,cropped/cologne/1040.png,class1,1
51,cropped/cologne/1044.png,class1,1
51,cropped/cologne/1343.png,class1,1
51,cropped/cologne/1344.png,class1,1
51,cropped/cologne/1350.png,class5,5
51,cropped/cologne/1258.png,class1,1
51,cropped/cologne/1253.png,class1,1
51,cropped/cologne/1257.png,class1,1
51,cropped/cologne/1255.png,class2,2
51,cropped/cologne/1256.png,class1,1
51,cropped/cologne/1348.png,class1,1
51,cropped/cologne/1254.png,class1,1
51,cropped/cologne/576.png,class1,1
51,cropped/cologne/579.png,class0,0
51,cropped/cologne/597.png,class1,1
51,cropped/cologne/578.png,class0,0
51,cropped/cologne/575.png,class1,1
51,cropped/cologne/1260.png,class1,1
51,cropped/cologne/596.png,class1,1
51,cropped/cologne/574.png,class3,3
51,cropped/cologne/1090.png,class1,1
51,cropped/cologne/581.png,class1,1
51,cropped/cologne/580.png,class0,0
51,cropped/cologne/1093.png,class0,0
51,cropped/cologne/583.png,class0,0
51,cropped/cologne/1091.png,class0,0
51,cropped/cologne/1088.png,class3,3
51,cropped/cologne/1089.png,class5,5
51,cropped/cologne/1095.png,class0,0
51,cropped/cologne/1217.png,class1,1
51,cropped/cologne/1216.png,class1,1
51,cropped/cologne/1219.png,class1,1
51,cropped/cologne/1096.png,class4,4
51,cropped/cologne/1214.png,class1,1
51,cropped/cologne/1215.png,class1,1
51,cropped/cologne/502.png,class0,0
51,cropped/cologne/505.png,class1,1
51,cropped/cologne/1078.png,class1,1
51,cropped/cologne/504.png,class0,0
51,cropped/cologne/1076.png,class1,1
51,cropped/cologne/503.png,class0,0
51,cropped/cologne/506.png,class4,4
51,cropped/cologne/1079.png,class0,0
51,cropped/cologne/1077.png,class1,1
51,cropped/cologne/419.png,class0,0
51,cropped/cologne/1087.png,class1,1
51,cropped/cologne/1083.png,class0,0
51,cropped/cologne/420.png,class0,0
51,cropped/cologne/1084.png,class0,0
51,cropped/cologne/1086.png,class1,1
51,cropped/cologne/1085.png,class0,0
51,cropped/cologne/1082.png,class0,0
52,cropped/cologne/427.png,class0,0
52,cropped/cologne/424.png,class0,0
52,cropped/cologne/428.png,class1,1
52,cropped/cologne/423.png,class0,0
52,cropped/cologne/430.png,class1,1
52,cropped/cologne/429.png,class1,1
52,cropped/cologne/421.png,class0,0
52,cropped/cologne/422.png,class0,0
52,cropped/cologne/858.png,class1,1
52,cropped/cologne/862.png,class1,1
52,cropped/cologne/434.png,class0,0
52,cropped/cologne/859.png,class0,0
52,cropped/cologne/863.png,class1,1
52,cropped/cologne/432.png,class0,0
52,cropped/cologne/433.png,class0,0
52,cropped/cologne/860.png,class1,1
52,cropped/cologne/305.png,class4,4
52,cropped/cologne/304.png,class0,0
52,cropped/cologne/301.png,class1,1
52,cropped/cologne/306.png,class0,0
52,cropped/cologne/864.png,class0,0
52,cropped/cologne/302.png,class1,1
52,cropped/cologne/303.png,class0,0
52,cropped/cologne/300.png,class1,1
52,cropped/cologne/1027.png,class1,1
52,cropped/cologne/1025.png,class1,1
52,cropped/cologne/1034.png,class0,0
52,cropped/cologne/1033.png,class0,0
52,cropped/cologne/1032.png,class0,0
52,cropped/cologne/1029.png,class0,0
52,cropped/cologne/1026.png,class1,1
52,cropped/cologne/1030.png,class0,0
52,cropped/cologne/1204.png,class1,1
52,cropped/cologne/1202.png,class1,1
52,cropped/cologne/1205.png,class0,0
52,cropped/cologne/1208.png,class0,0
52,cropped/cologne/1037.png,class0,0
52,cropped/cologne/1203.png,class1,1
52,cropped/cologne/1036.png,class1,1
52,cropped/cologne/1206.png,class0,0
52,cropped/cologne/1209.png,class1,1
52,cropped/cologne/1213.png,class1,1
52,cropped/cologne/937.png,class1,1
52,cropped/cologne/1210.png,class1,1
52,cropped/cologne/1211.png,class1,1
52,cropped/cologne/940.png,class0,0
52,cropped/cologne/936.png,class1,1
52,cropped/cologne/1212.png,class0,0
52,cropped/cologne/942.png,class1,1
52,cropped/cologne/947.png,class0,0
52,cropped/cologne/1237.png,class1,1
52,cropped/cologne/946.png,class0,0
52,cropped/cologne/945.png,class0,0
52,cropped/cologne/944.png,class0,0
52,cropped/cologne/941.png,class1,1
52,cropped/cologne/943.png,class1,1
52,cropped/cologne/262.png,class1,1
52,cropped/cologne/261.png,class1,1
52,cropped/cologne/260.png,class1,1
52,cropped/cologne/265.png,class1,1
52,cropped/cologne/263.png,class1,1
52,cropped/cologne/259.png,class1,1
52,cropped/cologne/257.png,class1,1
52,cropped/cologne/258.png,class3,3
52,cropped/cologne/84.png,class1,1
52,cropped/cologne/267.png,class1,1
52,cropped/cologne/268.png,class1,1
52,cropped/cologne/85.png,class1,1
52,cropped/cologne/271.png,class1,1
52,cropped/cologne/269.png,class1,1
52,cropped/cologne/270.png,class1,1
52,cropped/cologne/86.png,class1,1
52,cropped/cologne/92.png,class1,1
52,cropped/cologne/90.png,class1,1
52,cropped/cologne/93.png,class3,3
52,cropped/cologne/89.png,class1,1
52,cropped/cologne/94.png,class0,0
52,cropped/cologne/88.png,class1,1
52,cropped/cologne/91.png,class1,1
52,cropped/cologne/87.png,class3,3
53,cropped/cologne/102.png,class4,4
53,cropped/cologne/99.png,class1,1
53,cropped/cologne/100.png,class0,0
53,cropped/cologne/101.png,class0,0
53,cropped/cologne/106.png,class0,0
53,cropped/cologne/103.png,class0,0
53,cropped/cologne/97.png,class1,1
53,cropped/cologne/98.png,class0,0
53,cropped/cologne/1381.png,class1,1
53,cropped/cologne/110.png,class1,1
53,cropped/cologne/107.png,class0,0
53,cropped/cologne/111.png,class0,0
53,cropped/cologne/113.png,class4,4
53,cropped/cologne/1379.png,class3,3
53,cropped/cologne/112.png,class4,4
53,cropped/cologne/108.png,class0,0
53,cropped/cologne/1390.png,class0,0
53,cropped/cologne/1388.png,class0,0
53,cropped/cologne/1387.png,class0,0
53,cropped/cologne/1382.png,class0,0
53,cropped/cologne/1391.png,class1,1
53,cropped/cologne/1386.png,class1,1
53,cropped/cologne/1389.png,class0,0
53,cropped/cologne/1383.png,class0,0
53,cropped/cologne/1503.png,class3,3
53,cropped/cologne/1397.png,class0,0
53,cropped/cologne/1395.png,class1,1
53,cropped/cologne/1502.png,class3,3
53,cropped/cologne/1396.png,class1,1
53,cropped/cologne/1392.png,class1,1
53,cropped/cologne/1393.png,class0,0
53,cropped/cologne/1399.png,class0,0
53,cropped/cologne/1512.png,class1,1
53,cropped/cologne/1508.png,class0,0
53,cropped/cologne/1513.png,class1,1
53,cropped/cologne/1504.png,class3,3
53,cropped/cologne/1506.png,class0,0
53,cropped/cologne/1507.png,class0,0
53,cropped/cologne/1509.png,class3,3
53,cropped/cologne/1510.png,class1,1
53,cropped/cologne/812.png,class0,0
53,cropped/cologne/1514.png,class1,1
53,cropped/cologne/811.png,class1,1
53,cropped/cologne/813.png,class1,1
53,cropped/cologne/1515.png,class1,1
53,cropped/cologne/1519.png,class1,1
53,cropped/cologne/1517.png,class1,1
53,cropped/cologne/814.png,class4,4
53,cropped/cologne/346.png,class0,0
53,cropped/cologne/1240.png,class0,0
53,cropped/cologne/1243.png,class1,1
53,cropped/cologne/349.png,class0,0
53,cropped/cologne/347.png,class1,1
53,cropped/cologne/1244.png,class1,1
53,cropped/cologne/348.png,class4,4
53,cropped/cologne/1245.png,class1,1
53,cropped/cologne/692.png,class1,1
53,cropped/cologne/688.png,class1,1
53,cropped/cologne/38.png,class1,1
53,cropped/cologne/37.png,class1,1
53,cropped/cologne/690.png,class1,1
53,cropped/cologne/691.png,class1,1
53,cropped/cologne/36.png,class1,1
53,cropped/cologne/687.png,class1,1
53,cropped/cologne/1050.png,class1,1
53,cropped/cologne/1051.png,class1,1
53,cropped/cologne/1048.png,class1,1
53,cropped/cologne/1047.png,class1,1
53,cropped/cologne/40.png,class1,1
53,cropped/cologne/1049.png,class1,1
53,cropped/cologne/41.png,class4,4
53,cropped/cologne/1046.png,class1,1
53,cropped/cologne/882.png,class1,1
53,cropped/cologne/1054.png,class1,1
53,cropped/cologne/1055.png,class1,1
53,cropped/cologne/887.png,class1,1
53,cropped/cologne/884.png,class1,1
53,cropped/cologne/1053.png,class1,1
53,cropped/cologne/883.png,class1,1
53,cropped/cologne/885.png,class1,1
54,cropped/cologne/1061.png,class1,1
54,cropped/cologne/1058.png,class1,1
54,cropped/cologne/1063.png,class1,1
54,cropped/cologne/1064.png,class1,1
54,cropped/cologne/1059.png,class1,1
54,cropped/cologne/1060.png,class1,1
54,cropped/cologne/1062.png,class1,1
54,cropped/cologne/1057.png,class1,1
54,cropped/cologne/1070.png,class1,1
54,cropped/cologne/1069.png,class1,1
54,cropped/cologne/1072.png,class1,1
54,cropped/cologne/1068.png,class1,1
54,cropped/cologne/867.png,class1,1
54,cropped/cologne/1067.png,class1,1
54,cropped/cologne/1071.png,class1,1
54,cropped/cologne/1074.png,class1,1
54,cropped/cologne/877.png,class1,1
54,cropped/cologne/873.png,class1,1
54,cropped/cologne/874.png,class1,1
54,cropped/cologne/875.png,class1,1
54,cropped/cologne/869.png,class1,1
54,cropped/cologne/876.png,class1,1
54,cropped/cologne/872.png,class1,1
54,cropped/cologne/870.png,class1,1
54,cropped/cologne/1481.png,class1,1
54,cropped/cologne/881.png,class1,1
54,cropped/cologne/879.png,class1,1
54,cropped/cologne/1479.png,class1,1
54,cropped/cologne/880.png,class1,1
54,cropped/cologne/878.png,class1,1
54,cropped/cologne/1480.png,class1,1
54,cropped/cologne/1478.png,class1,1
54,cropped/cologne/374.png,class1,1
54,cropped/cologne/747.png,class1,1
54,cropped/cologne/744.png,class0,0
54,cropped/cologne/746.png,class1,1
54,cropped/cologne/375.png,class1,1
54,cropped/cologne/745.png,class0,0
54,cropped/cologne/378.png,class1,1
54,cropped/cologne/376.png,class1,1
54,cropped/cologne/753.png,class4,4
54,cropped/cologne/748.png,class1,1
54,cropped/cologne/751.png,class1,1
54,cropped/cologne/486.png,class1,1
54,cropped/cologne/484.png,class3,3
54,cropped/cologne/749.png,class4,4
54,cropped/cologne/485.png,class1,1
54,cropped/cologne/750.png,class4,4
54,cropped/cologne/476.png,class1,1
54,cropped/cologne/489.png,class1,1
54,cropped/cologne/474.png,class1,1
54,cropped/cologne/488.png,class1,1
54,cropped/cologne/472.png,class1,1
54,cropped/cologne/490.png,class1,1
54,cropped/cologne/473.png,class1,1
54,cropped/cologne/477.png,class1,1
54,cropped/cologne/631.png,class1,1
54,cropped/cologne/480.png,class1,1
54,cropped/cologne/483.png,class1,1
54,cropped/cologne/482.png,class1,1
54,cropped/cologne/481.png,class1,1
54,cropped/cologne/479.png,class1,1
54,cropped/cologne/632.png,class1,1
54,cropped/cologne/633.png,class1,1
54,cropped/cologne/698.png,class3,3
54,cropped/cologne/700.png,class1,1
54,cropped/cologne/701.png,class1,1
54,cropped/cologne/639.png,class1,1
54,cropped/cologne/636.png,class1,1
54,cropped/cologne/697.png,class0,0
54,cropped/cologne/699.png,class1,1
54,cropped/cologne/637.png,class1,1
54,cropped/cologne/1554.png,class1,1
54,cropped/cologne/1553.png,class1,1
54,cropped/cologne/703.png,class1,1
54,cropped/cologne/704.png,class4,4
54,cropped/cologne/1552.png,class1,1
54,cropped/cologne/1551.png,class1,1
54,cropped/cologne/1550.png,class1,1
54,cropped/cologne/1548.png,class1,1
55,cropped/darmstadt/239.png,class1,1
55,cropped/darmstadt/592.png,class1,1
55,cropped/darmstadt/238.png,class4,4
55,cropped/darmstadt/595.png,class1,1
55,cropped/darmstadt/597.png,class1,1
55,cropped/darmstadt/594.png,class1,1
55,cropped/darmstadt/599.png,class1,1
55,cropped/darmstadt/598.png,class1,1
55,cropped/darmstadt/241.png,class2,2
55,cropped/darmstadt/651.png,class2,2
55,cropped/darmstadt/650.png,class1,1
55,cropped/darmstadt/243.png,class1,1
55,cropped/darmstadt/653.png,class1,1
55,cropped/darmstadt/240.png,class1,1
55,cropped/darmstadt/652.png,class1,1
55,cropped/darmstadt/654.png,class1,1
55,cropped/darmstadt/64.png,class1,1
55,cropped/darmstadt/39.png,class4,4
55,cropped/darmstadt/657.png,class1,1
55,cropped/darmstadt/37.png,class1,1
55,cropped/darmstadt/658.png,class2,2
55,cropped/darmstadt/655.png,class1,1
55,cropped/darmstadt/63.png,class1,1
55,cropped/darmstadt/38.png,class1,1
55,cropped/darmstadt/69.png,class1,1
55,cropped/darmstadt/70.png,class1,1
55,cropped/darmstadt/66.png,class1,1
55,cropped/darmstadt/67.png,class1,1
55,cropped/darmstadt/65.png,class1,1
55,cropped/darmstadt/71.png,class1,1
55,cropped/darmstadt/73.png,class1,1
55,cropped/darmstadt/68.png,class1,1
55,cropped/darmstadt/399.png,class1,1
55,cropped/darmstadt/401.png,class1,1
55,cropped/darmstadt/396.png,class1,1
55,cropped/darmstadt/394.png,class1,1
55,cropped/darmstadt/75.png,class1,1
55,cropped/darmstadt/398.png,class1,1
55,cropped/darmstadt/400.png,class1,1
55,cropped/darmstadt/397.png,class1,1
55,cropped/darmstadt/600.png,class2,2
55,cropped/darmstadt/405.png,class1,1
55,cropped/darmstadt/407.png,class1,1
55,cropped/darmstadt/406.png,class1,1
55,cropped/darmstadt/542.png,class1,1
55,cropped/darmstadt/541.png,class0,0
55,cropped/darmstadt/404.png,class1,1
55,cropped/darmstadt/402.png,class1,1
55,cropped/darmstadt/246.png,class1,1
55,cropped/darmstadt/604.png,class0,0
55,cropped/darmstadt/248.png,class1,1
55,cropped/darmstadt/605.png,class0,0
55,cropped/darmstadt/603.png,class4,4
55,cropped/darmstadt/247.png,class0,0
55,cropped/darmstadt/245.png,class1,1
55,cropped/darmstadt/601.png,class1,1
55,cropped/darmstadt/224.png,class2,2
55,cropped/darmstadt/512.png,class1,1
55,cropped/darmstadt/507.png,class2,2
55,cropped/darmstadt/225.png,class2,2
55,cropped/darmstadt/511.png,class1,1
55,cropped/darmstadt/510.png,class1,1
55,cropped/darmstadt/509.png,class1,1
55,cropped/darmstadt/222.png,class1,1
55,cropped/darmstadt/545.png,class1,1
55,cropped/darmstadt/546.png,class1,1
55,cropped/darmstadt/677.png,class2,2
55,cropped/darmstadt/226.png,class1,1
55,cropped/darmstadt/228.png,class1,1
55,cropped/darmstadt/544.png,class1,1
55,cropped/darmstadt/227.png,class1,1
55,cropped/darmstadt/676.png,class1,1
55,cropped/darmstadt/15.png,class1,1
55,cropped/darmstadt/279.png,class1,1
55,cropped/darmstadt/182.png,class1,1
55,cropped/darmstadt/12.png,class2,2
55,cropped/darmstadt/11.png,class1,1
55,cropped/darmstadt/184.png,class1,1
55,cropped/darmstadt/183.png,class1,1
55,cropped/darmstadt/181.png,class1,1
56,cropped/darmstadt/190.png,class2,2
56,cropped/darmstadt/192.png,class1,1
56,cropped/darmstadt/188.png,class1,1
56,cropped/darmstadt/191.png,class1,1
56,cropped/darmstadt/185.png,class1,1
56,cropped/darmstadt/194.png,class1,1
56,cropped/darmstadt/186.png,class1,1
56,cropped/darmstadt/193.png,class3,3
56,cropped/darmstadt/664.png,class1,1
56,cropped/darmstadt/660.png,class1,1
56,cropped/darmstadt/663.png,class1,1
56,cropped/darmstadt/196.png,class1,1
56,cropped/darmstadt/665.png,class1,1
56,cropped/darmstadt/659.png,class1,1
56,cropped/darmstadt/661.png,class1,1
56,cropped/darmstadt/195.png,class1,1
56,cropped/darmstadt/631.png,class1,1
56,cropped/darmstadt/634.png,class1,1
56,cropped/darmstadt/667.png,class1,1
56,cropped/darmstadt/629.png,class1,1
56,cropped/darmstadt/668.png,class1,1
56,cropped/darmstadt/633.png,class1,1
56,cropped/darmstadt/669.png,class1,1
56,cropped/darmstadt/632.png,class1,1
56,cropped/darmstadt/429.png,class1,1
56,cropped/darmstadt/433.png,class1,1
56,cropped/darmstadt/428.png,class1,1
56,cropped/darmstadt/635.png,class1,1
56,cropped/darmstadt/637.png,class1,1
56,cropped/darmstadt/636.png,class2,2
56,cropped/darmstadt/638.png,class1,1
56,cropped/darmstadt/431.png,class1,1
56,cropped/darmstadt/434.png,class1,1
56,cropped/darmstadt/291.png,class1,1
56,cropped/darmstadt/619.png,class1,1
56,cropped/darmstadt/292.png,class1,1
56,cropped/darmstadt/290.png,class1,1
56,cropped/darmstadt/294.png,class1,1
56,cropped/darmstadt/692.png,class1,1
56,cropped/darmstadt/295.png,class1,1
56,cropped/darmstadt/696.png,class1,1
56,cropped/darmstadt/694.png,class2,2
56,cropped/darmstadt/695.png,class1,1
56,cropped/darmstadt/693.png,class1,1
56,cropped/darmstadt/381.png,class3,3
56,cropped/darmstadt/699.png,class0,0
56,cropped/darmstadt/383.png,class1,1
56,cropped/darmstadt/698.png,class1,1
56,cropped/darmstadt/681.png,class1,1
56,cropped/darmstadt/387.png,class1,1
56,cropped/darmstadt/388.png,class1,1
56,cropped/darmstadt/680.png,class1,1
56,cropped/darmstadt/389.png,class1,1
56,cropped/darmstadt/386.png,class0,0
56,cropped/darmstadt/679.png,class1,1
56,cropped/darmstadt/385.png,class1,1
56,cropped/darmstadt/684.png,class0,0
56,cropped/darmstadt/688.png,class1,1
56,cropped/darmstadt/689.png,class1,1
56,cropped/darmstadt/687.png,class1,1
56,cropped/darmstadt/682.png,class1,1
56,cropped/darmstadt/685.png,class1,1
56,cropped/darmstadt/683.png,class1,1
56,cropped/darmstadt/690.png,class1,1
56,cropped/darmstadt/417.png,class2,2
56,cropped/darmstadt/418.png,class2,2
56,cropped/darmstadt/57.png,class1,1
56,cropped/darmstadt/56.png,class1,1
56,cropped/darmstadt/59.png,class0,0
56,cropped/darmstadt/415.png,class2,2
56,cropped/darmstadt/54.png,class1,1
56,cropped/darmstadt/416.png,class2,2
56,cropped/darmstadt/425.png,class3,3
56,cropped/darmstadt/427.png,class4,4
56,cropped/darmstadt/421.png,class1,1
56,cropped/darmstadt/420.png,class2,2
56,cropped/darmstadt/84.png,class2,2
56,cropped/darmstadt/426.png,class4,4
56,cropped/darmstadt/423.png,class1,1
56,cropped/darmstadt/419.png,class2,2
57,cropped/darmstadt/89.png,class2,2
57,cropped/darmstadt/88.png,class2,2
57,cropped/darmstadt/92.png,class0,0
57,cropped/darmstadt/91.png,class0,0
57,cropped/darmstadt/85.png,class1,1
57,cropped/darmstadt/86.png,class2,2
57,cropped/darmstadt/94.png,class0,0
57,cropped/darmstadt/90.png,class0,0
57,cropped/darmstadt/100.png,class0,0
57,cropped/darmstadt/104.png,class0,0
57,cropped/darmstadt/103.png,class0,0
57,cropped/darmstadt/98.png,class0,0
57,cropped/darmstadt/102.png,class0,0
57,cropped/darmstadt/97.png,class0,0
57,cropped/darmstadt/99.png,class0,0
57,cropped/darmstadt/96.png,class0,0
57,cropped/darmstadt/110.png,class0,0
57,cropped/darmstadt/105.png,class0,0
57,cropped/darmstadt/112.png,class0,0
57,cropped/darmstadt/109.png,class0,0
57,cropped/darmstadt/113.png,class0,0
57,cropped/darmstadt/106.png,class0,0
57,cropped/darmstadt/111.png,class0,0
57,cropped/darmstadt/108.png,class0,0
57,cropped/darmstadt/139.png,class2,2
57,cropped/darmstadt/140.png,class2,2
57,cropped/darmstadt/144.png,class0,0
57,cropped/darmstadt/142.png,class0,0
57,cropped/darmstadt/143.png,class0,0
57,cropped/darmstadt/141.png,class2,2
57,cropped/darmstadt/145.png,class0,0
57,cropped/darmstadt/148.png,class0,0
57,cropped/darmstadt/154.png,class0,0
57,cropped/darmstadt/150.png,class0,0
57,cropped/darmstadt/151.png,class0,0
57,cropped/darmstadt/156.png,class0,0
57,cropped/darmstadt/149.png,class0,0
57,cropped/darmstadt/157.png,class0,0
57,cropped/darmstadt/158.png,class0,0
57,cropped/darmstadt/152.png,class0,0
57,cropped/darmstadt/160.png,class0,0
57,cropped/darmstadt/161.png,class1,1
57,cropped/darmstadt/162.png,class1,1
57,cropped/darmstadt/168.png,class0,0
57,cropped/darmstadt/163.png,class0,0
57,cropped/darmstadt/165.png,class0,0
57,cropped/darmstadt/159.png,class0,0
57,cropped/darmstadt/164.png,class0,0
57,cropped/darmstadt/255.png,class0,0
57,cropped/darmstadt/258.png,class2,2
57,cropped/darmstadt/259.png,class1,1
57,cropped/darmstadt/260.png,class2,2
57,cropped/darmstadt/253.png,class2,2
57,cropped/darmstadt/252.png,class2,2
57,cropped/darmstadt/254.png,class2,2
57,cropped/darmstadt/261.png,class0,0
57,cropped/darmstadt/268.png,class0,0
57,cropped/darmstadt/265.png,class1,1
57,cropped/darmstadt/263.png,class2,2
57,cropped/darmstadt/266.png,class0,0
57,cropped/darmstadt/262.png,class1,1
57,cropped/darmstadt/267.png,class0,0
57,cropped/darmstadt/269.png,class0,0
57,cropped/darmstadt/270.png,class0,0
57,cropped/darmstadt/553.png,class1,1
57,cropped/darmstadt/275.png,class0,0
57,cropped/darmstadt/551.png,class2,2
57,cropped/darmstadt/274.png,class1,1
57,cropped/darmstadt/277.png,class0,0
57,cropped/darmstadt/278.png,class0,0
57,cropped/darmstadt/552.png,class2,2
57,cropped/darmstadt/276.png,class0,0
57,cropped/darmstadt/557.png,class2,2
57,cropped/darmstadt/555.png,class1,1
57,cropped/darmstadt/560.png,class1,1
57,cropped/darmstadt/77.png,class2,2
57,cropped/darmstadt/78.png,class2,2
57,cropped/darmstadt/561.png,class2,2
57,cropped/darmstadt/554.png,class1,1
57,cropped/darmstadt/559.png,class1,1
58,cropped/darmstadt/82.png,class2,2
58,cropped/darmstadt/573.png,class1,1
58,cropped/darmstadt/80.png,class1,1
58,cropped/darmstadt/574.png,class1,1
58,cropped/darmstadt/79.png,class2,2
58,cropped/darmstadt/576.png,class1,1
58,cropped/darmstadt/575.png,class1,1
58,cropped/darmstadt/572.png,class1,1
58,cropped/darmstadt/135.png,class1,1
58,cropped/darmstadt/328.png,class1,1
58,cropped/darmstadt/330.png,class1,1
58,cropped/darmstadt/327.png,class1,1
58,cropped/darmstadt/137.png,class1,1
58,cropped/darmstadt/132.png,class4,4
58,cropped/darmstadt/136.png,class1,1
58,cropped/darmstadt/134.png,class1,1
58,cropped/darmstadt/484.png,class2,2
58,cropped/darmstadt/127.png,class1,1
58,cropped/darmstadt/130.png,class0,0
58,cropped/darmstadt/124.png,class2,2
58,cropped/darmstadt/126.png,class1,1
58,cropped/darmstadt/129.png,class4,4
58,cropped/darmstadt/131.png,class0,0
58,cropped/darmstadt/138.png,class1,1
58,cropped/darmstadt/493.png,class1,1
58,cropped/darmstadt/490.png,class1,1
58,cropped/darmstadt/494.png,class1,1
58,cropped/darmstadt/489.png,class1,1
58,cropped/darmstadt/491.png,class4,4
58,cropped/darmstadt/492.png,class1,1
58,cropped/darmstadt/485.png,class1,1
58,cropped/darmstadt/486.png,class2,2
58,cropped/darmstadt/498.png,class5,5
58,cropped/darmstadt/495.png,class5,5
58,cropped/darmstadt/199.png,class1,1
58,cropped/darmstadt/501.png,class5,5
58,cropped/darmstadt/497.png,class5,5
58,cropped/darmstadt/197.png,class1,1
58,cropped/darmstadt/499.png,class5,5
58,cropped/darmstadt/198.png,class1,1
58,cropped/darmstadt/206.png,class1,1
58,cropped/darmstadt/200.png,class1,1
58,cropped/darmstadt/208.png,class0,0
58,cropped/darmstadt/201.png,class1,1
58,cropped/darmstadt/202.png,class1,1
58,cropped/darmstadt/203.png,class2,2
58,cropped/darmstadt/205.png,class1,1
58,cropped/darmstadt/207.png,class1,1
58,cropped/darmstadt/171.png,class1,1
58,cropped/darmstadt/212.png,class4,4
58,cropped/darmstadt/170.png,class1,1
58,cropped/darmstadt/210.png,class4,4
58,cropped/darmstadt/172.png,class1,1
58,cropped/darmstadt/169.png,class1,1
58,cropped/darmstadt/173.png,class1,1
58,cropped/darmstadt/174.png,class1,1
58,cropped/darmstadt/671.png,class1,1
58,cropped/darmstadt/180.png,class1,1
58,cropped/darmstadt/178.png,class1,1
58,cropped/darmstadt/176.png,class1,1
58,cropped/darmstadt/670.png,class1,1
58,cropped/darmstadt/179.png,class1,1
58,cropped/darmstadt/175.png,class1,1
58,cropped/darmstadt/177.png,class1,1
58,cropped/darmstadt/409.png,class1,1
58,cropped/darmstadt/547.png,class1,1
58,cropped/darmstadt/550.png,class1,1
58,cropped/darmstadt/237.png,class1,1
58,cropped/darmstadt/236.png,class1,1
58,cropped/darmstadt/410.png,class1,1
58,cropped/darmstadt/214.png,class1,1
58,cropped/darmstadt/548.png,class1,1
58,cropped/darmstadt/219.png,class0,0
58,cropped/darmstadt/673.png,class1,1
58,cropped/darmstadt/674.png,class1,1
58,cropped/darmstadt/218.png,class1,1
58,cropped/darmstadt/217.png,class1,1
58,cropped/darmstadt/216.png,class1,1
58,cropped/darmstadt/221.png,class1,1
58,cropped/darmstadt/215.png,class1,1
59,cropped/darmstadt/0.png,class1,1
59,cropped/darmstadt/250.png,class1,1
59,cropped/darmstadt/249.png,class0,0
59,cropped/darmstadt/413.png,class1,1
59,cropped/darmstadt/251.png,class1,1
59,cropped/darmstadt/2.png,class1,1
59,cropped/darmstadt/412.png,class1,1
59,cropped/darmstadt/411.png,class1,1
59,cropped/darmstadt/392.png,class1,1
59,cropped/darmstadt/391.png,class1,1
59,cropped/darmstadt/622.png,class1,1
59,cropped/darmstadt/4.png,class1,1
59,cropped/darmstadt/312.png,class4,4
59,cropped/darmstadt/620.png,class1,1
59,cropped/darmstadt/621.png,class1,1
59,cropped/darmstadt/311.png,class1,1
59,cropped/darmstadt/626.png,class1,1
59,cropped/darmstadt/321.png,class1,1
59,cropped/darmstadt/324.png,class1,1
59,cropped/darmstadt/322.png,class1,1
59,cropped/darmstadt/325.png,class5,5
59,cropped/darmstadt/627.png,class1,1
59,cropped/darmstadt/624.png,class1,1
59,cropped/darmstadt/625.png,class1,1
59,cropped/darmstadt/563.png,class1,1
59,cropped/darmstadt/326.png,class1,1
59,cropped/darmstadt/564.png,class1,1
59,cropped/darmstadt/562.png,class1,1
59,cropped/darmstadt/570.png,class1,1
59,cropped/darmstadt/569.png,class1,1
59,cropped/darmstadt/566.png,class1,1
59,cropped/darmstadt/567.png,class1,1
59,cropped/darmstadt/315.png,class1,1
59,cropped/darmstadt/571.png,class1,1
59,cropped/darmstadt/297.png,class1,1
59,cropped/darmstadt/316.png,class1,1
59,cropped/darmstadt/318.png,class1,1
59,cropped/darmstadt/320.png,class1,1
59,cropped/darmstadt/317.png,class1,1
59,cropped/darmstadt/313.png,class1,1
59,cropped/darmstadt/301.png,class0,0
59,cropped/darmstadt/299.png,class1,1
59,cropped/darmstadt/303.png,class0,0
59,cropped/darmstadt/307.png,class0,0
59,cropped/darmstadt/302.png,class0,0
59,cropped/darmstadt/300.png,class0,0
59,cropped/darmstadt/304.png,class0,0
59,cropped/darmstadt/306.png,class0,0
59,cropped/darmstadt/581.png,class0,0
59,cropped/darmstadt/578.png,class1,1
59,cropped/darmstadt/580.png,class0,0
59,cropped/darmstadt/310.png,class1,1
59,cropped/darmstadt/309.png,class0,0
59,cropped/darmstadt/308.png,class0,0
59,cropped/darmstadt/583.png,class0,0
59,cropped/darmstadt/579.png,class1,1
59,cropped/darmstadt/587.png,class0,0
59,cropped/darmstadt/584.png,class0,0
59,cropped/darmstadt/590.png,class0,0
59,cropped/darmstadt/588.png,class0,0
59,cropped/darmstadt/591.png,class0,0
59,cropped/darmstadt/586.png,class0,0
59,cropped/darmstadt/280.png,class1,1
59,cropped/darmstadt/281.png,class1,1
59,cropped/darmstadt/41.png,class1,1
59,cropped/darmstadt/286.png,class0,0
59,cropped/darmstadt/282.png,class1,1
59,cropped/darmstadt/288.png,class0,0
59,cropped/darmstadt/283.png,class1,1
59,cropped/darmstadt/40.png,class1,1
59,cropped/darmstadt/287.png,class0,0
59,cropped/darmstadt/284.png,class4,4
59,cropped/darmstadt/43.png,class1,1
59,cropped/darmstadt/45.png,class1,1
59,cropped/darmstadt/49.png,class1,1
59,cropped/darmstadt/51.png,class1,1
59,cropped/darmstadt/50.png,class1,1
59,cropped/darmstadt/46.png,class1,1
59,cropped/darmstadt/42.png,class1,1
59,cropped/darmstadt/48.png,class1,1
60,cropped/darmstadt/649.png,class1,1
60,cropped/darmstadt/648.png,class1,1
60,cropped/darmstadt/513.png,class5,5
60,cropped/darmstadt/647.png,class5,5
60,cropped/darmstadt/514.png,class1,1
60,cropped/darmstadt/53.png,class1,1
60,cropped/darmstadt/646.png,class1,1
60,cropped/darmstadt/52.png,class1,1
60,cropped/darmstadt/518.png,class1,1
60,cropped/darmstadt/515.png,class1,1
60,cropped/darmstadt/523.png,class1,1
60,cropped/darmstadt/522.png,class1,1
60,cropped/darmstadt/520.png,class1,1
60,cropped/darmstadt/521.png,class1,1
60,cropped/darmstadt/517.png,class1,1
60,cropped/darmstadt/519.png,class1,1
60,cropped/darmstadt/483.png,class1,1
60,cropped/darmstadt/369.png,class1,1
60,cropped/darmstadt/525.png,class1,1
60,cropped/darmstadt/370.png,class1,1
60,cropped/darmstadt/371.png,class1,1
60,cropped/darmstadt/367.png,class1,1
60,cropped/darmstadt/372.png,class1,1
60,cropped/darmstadt/526.png,class1,1
60,cropped/darmstadt/373.png,class1,1
60,cropped/darmstadt/607.png,class1,1
60,cropped/darmstadt/377.png,class0,0
60,cropped/darmstadt/378.png,class1,1
60,cropped/darmstadt/380.png,class1,1
60,cropped/darmstadt/374.png,class1,1
60,cropped/darmstadt/608.png,class1,1
60,cropped/darmstadt/376.png,class3,3
60,cropped/darmstadt/613.png,class1,1
60,cropped/darmstadt/610.png,class1,1
60,cropped/darmstadt/615.png,class1,1
60,cropped/darmstadt/617.png,class1,1
60,cropped/darmstadt/609.png,class0,0
60,cropped/darmstadt/614.png,class1,1
60,cropped/darmstadt/611.png,class1,1
60,cropped/darmstadt/612.png,class1,1
60,cropped/darmstadt/24.png,class1,1
60,cropped/darmstadt/31.png,class1,1
60,cropped/darmstadt/29.png,class1,1
60,cropped/darmstadt/27.png,class1,1
60,cropped/darmstadt/22.png,class1,1
60,cropped/darmstadt/25.png,class0,0
60,cropped/darmstadt/26.png,class1,1
60,cropped/darmstadt/30.png,class0,0
60,cropped/darmstadt/502.png,class2,2
60,cropped/darmstadt/504.png,class1,1
60,cropped/darmstadt/32.png,class4,4
60,cropped/darmstadt/711.png,class2,2
60,cropped/darmstadt/505.png,class0,0
60,cropped/darmstadt/35.png,class4,4
60,cropped/darmstadt/506.png,class0,0
60,cropped/darmstadt/33.png,class4,4
60,cropped/darmstadt/715.png,class1,1
60,cropped/darmstadt/229.png,class1,1
60,cropped/darmstadt/713.png,class1,1
60,cropped/darmstadt/714.png,class1,1
60,cropped/darmstadt/231.png,class0,0
60,cropped/darmstadt/233.png,class2,2
60,cropped/darmstadt/232.png,class0,0
60,cropped/darmstadt/712.png,class1,1
60,cropped/darmstadt/338.png,class0,0
60,cropped/darmstadt/335.png,class4,4
60,cropped/darmstadt/334.png,class0,0
60,cropped/darmstadt/234.png,class0,0
60,cropped/darmstadt/337.png,class4,4
60,cropped/darmstadt/333.png,class4,4
60,cropped/darmstadt/332.png,class4,4
60,cropped/darmstadt/336.png,class4,4
60,cropped/darmstadt/115.png,class2,2
60,cropped/darmstadt/342.png,class0,0
60,cropped/darmstadt/343.png,class0,0
60,cropped/darmstadt/340.png,class4,4
60,cropped/darmstadt/344.png,class1,1
60,cropped/darmstadt/345.png,class4,4
60,cropped/darmstadt/347.png,class4,4
60,cropped/darmstadt/116.png,class4,4
61,cropped/darmstadt/117.png,class1,1
61,cropped/darmstadt/119.png,class0,0
61,cropped/darmstadt/123.png,class4,4
61,cropped/darmstadt/121.png,class1,1
61,cropped/darmstadt/357.png,class4,4
61,cropped/darmstadt/355.png,class4,4
61,cropped/darmstadt/122.png,class4,4
61,cropped/darmstadt/356.png,class0,0
61,cropped/darmstadt/363.png,class0,0
61,cropped/darmstadt/348.png,class2,2
61,cropped/darmstadt/364.png,class0,0
61,cropped/darmstadt/360.png,class4,4
61,cropped/darmstadt/361.png,class4,4
61,cropped/darmstadt/365.png,class2,2
61,cropped/darmstadt/366.png,class0,0
61,cropped/darmstadt/359.png,class4,4
61,cropped/darmstadt/466.png,class1,1
61,cropped/darmstadt/354.png,class0,0
61,cropped/darmstadt/464.png,class2,2
61,cropped/darmstadt/465.png,class4,4
61,cropped/darmstadt/467.png,class0,0
61,cropped/darmstadt/349.png,class1,1
61,cropped/darmstadt/353.png,class0,0
61,cropped/darmstadt/350.png,class1,1
61,cropped/darmstadt/473.png,class4,4
61,cropped/darmstadt/469.png,class0,0
61,cropped/darmstadt/471.png,class1,1
61,cropped/darmstadt/60.png,class1,1
61,cropped/darmstadt/472.png,class4,4
61,cropped/darmstadt/470.png,class1,1
61,cropped/darmstadt/474.png,class4,4
61,cropped/darmstadt/61.png,class1,1
61,cropped/darmstadt/478.png,class2,2
61,cropped/darmstadt/481.png,class1,1
61,cropped/darmstadt/476.png,class1,1
61,cropped/darmstadt/62.png,class1,1
61,cropped/darmstadt/717.png,class1,1
61,cropped/darmstadt/719.png,class1,1
61,cropped/darmstadt/480.png,class1,1
61,cropped/darmstadt/718.png,class1,1
61,cropped/darmstadt/705.png,class1,1
61,cropped/darmstadt/721.png,class4,4
61,cropped/darmstadt/701.png,class1,1
61,cropped/darmstadt/703.png,class1,1
61,cropped/darmstadt/9.png,class1,1
61,cropped/darmstadt/702.png,class1,1
61,cropped/darmstadt/704.png,class1,1
61,cropped/darmstadt/700.png,class1,1
61,cropped/darmstadt/710.png,class1,1
61,cropped/darmstadt/708.png,class1,1
61,cropped/darmstadt/709.png,class1,1
61,cropped/darmstadt/706.png,class1,1
61,cropped/darmstadt/436.png,class1,1
61,cropped/darmstadt/437.png,class1,1
61,cropped/darmstadt/435.png,class1,1
61,cropped/darmstadt/707.png,class1,1
61,cropped/darmstadt/442.png,class1,1
61,cropped/darmstadt/445.png,class1,1
61,cropped/darmstadt/448.png,class1,1
61,cropped/darmstadt/443.png,class1,1
61,cropped/darmstadt/440.png,class1,1
61,cropped/darmstadt/449.png,class1,1
61,cropped/darmstadt/441.png,class1,1
61,cropped/darmstadt/447.png,class1,1
61,cropped/darmstadt/527.png,class1,1
61,cropped/darmstadt/532.png,class1,1
61,cropped/darmstadt/531.png,class1,1
61,cropped/darmstadt/529.png,class1,1
61,cropped/darmstadt/452.png,class1,1
61,cropped/darmstadt/530.png,class1,1
61,cropped/darmstadt/450.png,class1,1
61,cropped/darmstadt/533.png,class1,1
61,cropped/darmstadt/639.png,class2,2
61,cropped/darmstadt/539.png,class1,1
61,cropped/darmstadt/535.png,class1,1
61,cropped/darmstadt/640.png,class4,4
61,cropped/darmstadt/537.png,class1,1
61,cropped/darmstadt/641.png,class1,1
61,cropped/darmstadt/536.png,class1,1
61,cropped/darmstadt/534.png,class1,1
62,cropped/dusseldorf/493.png,class4,4
62,cropped/dusseldorf/1137.png,class1,1
62,cropped/dusseldorf/495.png,class4,4
62,cropped/dusseldorf/491.png,class1,1
62,cropped/dusseldorf/1136.png,class1,1
62,cropped/dusseldorf/1135.png,class1,1
62,cropped/dusseldorf/494.png,class1,1
62,cropped/dusseldorf/492.png,class1,1
62,cropped/dusseldorf/504.png,class1,1
62,cropped/dusseldorf/500.png,class4,4
62,cropped/dusseldorf/502.png,class1,1
62,cropped/dusseldorf/505.png,class1,1
62,cropped/dusseldorf/501.png,class1,1
62,cropped/dusseldorf/497.png,class1,1
62,cropped/dusseldorf/506.png,class1,1
62,cropped/dusseldorf/498.png,class1,1
62,cropped/dusseldorf/990.png,class4,4
62,cropped/dusseldorf/987.png,class0,0
62,cropped/dusseldorf/994.png,class1,1
62,cropped/dusseldorf/988.png,class1,1
62,cropped/dusseldorf/993.png,class1,1
62,cropped/dusseldorf/985.png,class1,1
62,cropped/dusseldorf/991.png,class4,4
62,cropped/dusseldorf/989.png,class4,4
62,cropped/dusseldorf/580.png,class1,1
62,cropped/dusseldorf/110.png,class1,1
62,cropped/dusseldorf/112.png,class1,1
62,cropped/dusseldorf/115.png,class1,1
62,cropped/dusseldorf/111.png,class1,1
62,cropped/dusseldorf/113.png,class1,1
62,cropped/dusseldorf/581.png,class1,1
62,cropped/dusseldorf/579.png,class1,1
62,cropped/dusseldorf/1186.png,class1,1
62,cropped/dusseldorf/1192.png,class1,1
62,cropped/dusseldorf/1189.png,class1,1
62,cropped/dusseldorf/1188.png,class1,1
62,cropped/dusseldorf/1190.png,class1,1
62,cropped/dusseldorf/1184.png,class4,4
62,cropped/dusseldorf/1187.png,class1,1
62,cropped/dusseldorf/1185.png,class1,1
62,cropped/dusseldorf/836.png,class1,1
62,cropped/dusseldorf/840.png,class1,1
62,cropped/dusseldorf/835.png,class1,1
62,cropped/dusseldorf/837.png,class1,1
62,cropped/dusseldorf/841.png,class5,5
62,cropped/dusseldorf/1194.png,class1,1
62,cropped/dusseldorf/1196.png,class5,5
62,cropped/dusseldorf/1195.png,class4,4
62,cropped/dusseldorf/1679.png,class1,1
62,cropped/dusseldorf/1681.png,class1,1
62,cropped/dusseldorf/843.png,class1,1
62,cropped/dusseldorf/1680.png,class1,1
62,cropped/dusseldorf/1677.png,class1,1
62,cropped/dusseldorf/1678.png,class1,1
62,cropped/dusseldorf/1675.png,class1,1
62,cropped/dusseldorf/842.png,class1,1
62,cropped/dusseldorf/1686.png,class1,1
62,cropped/dusseldorf/942.png,class1,1
62,cropped/dusseldorf/1683.png,class1,1
62,cropped/dusseldorf/945.png,class1,1
62,cropped/dusseldorf/1684.png,class1,1
62,cropped/dusseldorf/943.png,class4,4
62,cropped/dusseldorf/944.png,class1,1
62,cropped/dusseldorf/1687.png,class1,1
62,cropped/dusseldorf/949.png,class1,1
62,cropped/dusseldorf/180.png,class1,1
62,cropped/dusseldorf/950.png,class1,1
62,cropped/dusseldorf/948.png,class1,1
62,cropped/dusseldorf/952.png,class1,1
62,cropped/dusseldorf/947.png,class4,4
62,cropped/dusseldorf/177.png,class1,1
62,cropped/dusseldorf/179.png,class1,1
62,cropped/dusseldorf/190.png,class1,1
62,cropped/dusseldorf/182.png,class1,1
62,cropped/dusseldorf/181.png,class1,1
62,cropped/dusseldorf/187.png,class1,1
62,cropped/dusseldorf/185.png,class1,1
62,cropped/dusseldorf/186.png,class1,1
62,cropped/dusseldorf/188.png,class1,1
62,cropped/dusseldorf/184.png,class1,1
63,cropped/dusseldorf/1278.png,class1,1
63,cropped/dusseldorf/1282.png,class0,0
63,cropped/dusseldorf/1279.png,class1,1
63,cropped/dusseldorf/1277.png,class1,1
63,cropped/dusseldorf/1280.png,class1,1
63,cropped/dusseldorf/1274.png,class1,1
63,cropped/dusseldorf/1275.png,class1,1
63,cropped/dusseldorf/1281.png,class4,4
63,cropped/dusseldorf/242.png,class1,1
63,cropped/dusseldorf/642.png,class1,1
63,cropped/dusseldorf/643.png,class1,1
63,cropped/dusseldorf/1283.png,class0,0
63,cropped/dusseldorf/639.png,class1,1
63,cropped/dusseldorf/244.png,class1,1
63,cropped/dusseldorf/243.png,class1,1
63,cropped/dusseldorf/641.png,class1,1
63,cropped/dusseldorf/142.png,class1,1
63,cropped/dusseldorf/141.png,class1,1
63,cropped/dusseldorf/139.png,class1,1
63,cropped/dusseldorf/143.png,class1,1
63,cropped/dusseldorf/137.png,class1,1
63,cropped/dusseldorf/140.png,class1,1
63,cropped/dusseldorf/645.png,class1,1
63,cropped/dusseldorf/144.png,class4,4
63,cropped/dusseldorf/717.png,class1,1
63,cropped/dusseldorf/145.png,class4,4
63,cropped/dusseldorf/722.png,class1,1
63,cropped/dusseldorf/721.png,class1,1
63,cropped/dusseldorf/719.png,class1,1
63,cropped/dusseldorf/718.png,class1,1
63,cropped/dusseldorf/724.png,class1,1
63,cropped/dusseldorf/146.png,class1,1
63,cropped/dusseldorf/731.png,class1,1
63,cropped/dusseldorf/725.png,class1,1
63,cropped/dusseldorf/730.png,class1,1
63,cropped/dusseldorf/1412.png,class1,1
63,cropped/dusseldorf/1411.png,class1,1
63,cropped/dusseldorf/729.png,class1,1
63,cropped/dusseldorf/726.png,class1,1
63,cropped/dusseldorf/728.png,class4,4
63,cropped/dusseldorf/825.png,class1,1
63,cropped/dusseldorf/826.png,class1,1
63,cropped/dusseldorf/821.png,class4,4
63,cropped/dusseldorf/822.png,class1,1
63,cropped/dusseldorf/827.png,class4,4
63,cropped/dusseldorf/824.png,class1,1
63,cropped/dusseldorf/1414.png,class0,0
63,cropped/dusseldorf/1413.png,class0,0
63,cropped/dusseldorf/830.png,class4,4
63,cropped/dusseldorf/202.png,class1,1
63,cropped/dusseldorf/203.png,class1,1
63,cropped/dusseldorf/200.png,class1,1
63,cropped/dusseldorf/829.png,class4,4
63,cropped/dusseldorf/201.png,class1,1
63,cropped/dusseldorf/205.png,class1,1
63,cropped/dusseldorf/199.png,class1,1
63,cropped/dusseldorf/415.png,class1,1
63,cropped/dusseldorf/207.png,class1,1
63,cropped/dusseldorf/412.png,class1,1
63,cropped/dusseldorf/417.png,class1,1
63,cropped/dusseldorf/413.png,class1,1
63,cropped/dusseldorf/416.png,class1,1
63,cropped/dusseldorf/411.png,class1,1
63,cropped/dusseldorf/414.png,class1,1
63,cropped/dusseldorf/1323.png,class4,4
63,cropped/dusseldorf/1320.png,class1,1
63,cropped/dusseldorf/421.png,class4,4
63,cropped/dusseldorf/420.png,class4,4
63,cropped/dusseldorf/1319.png,class1,1
63,cropped/dusseldorf/418.png,class1,1
63,cropped/dusseldorf/422.png,class1,1
63,cropped/dusseldorf/1321.png,class1,1
63,cropped/dusseldorf/1324.png,class1,1
63,cropped/dusseldorf/1331.png,class1,1
63,cropped/dusseldorf/1328.png,class1,1
63,cropped/dusseldorf/1325.png,class1,1
63,cropped/dusseldorf/1332.png,class1,1
63,cropped/dusseldorf/1326.png,class1,1
63,cropped/dusseldorf/1330.png,class1,1
63,cropped/dusseldorf/1327.png,class1,1
64,cropped/dusseldorf/407.png,class1,1
64,cropped/dusseldorf/1291.png,class1,1
64,cropped/dusseldorf/409.png,class1,1
64,cropped/dusseldorf/408.png,class1,1
64,cropped/dusseldorf/1293.png,class4,4
64,cropped/dusseldorf/1295.png,class4,4
64,cropped/dusseldorf/1292.png,class1,1
64,cropped/dusseldorf/1294.png,class1,1
64,cropped/dusseldorf/1690.png,class1,1
64,cropped/dusseldorf/1694.png,class1,1
64,cropped/dusseldorf/1692.png,class1,1
64,cropped/dusseldorf/1506.png,class1,1
64,cropped/dusseldorf/1504.png,class1,1
64,cropped/dusseldorf/1505.png,class1,1
64,cropped/dusseldorf/1691.png,class1,1
64,cropped/dusseldorf/1689.png,class1,1
64,cropped/dusseldorf/1148.png,class1,1
64,cropped/dusseldorf/1146.png,class1,1
64,cropped/dusseldorf/626.png,class1,1
64,cropped/dusseldorf/1147.png,class1,1
64,cropped/dusseldorf/313.png,class1,1
64,cropped/dusseldorf/627.png,class0,0
64,cropped/dusseldorf/314.png,class1,1
64,cropped/dusseldorf/315.png,class1,1
64,cropped/dusseldorf/1152.png,class1,1
64,cropped/dusseldorf/1156.png,class1,1
64,cropped/dusseldorf/1158.png,class1,1
64,cropped/dusseldorf/1155.png,class1,1
64,cropped/dusseldorf/1153.png,class1,1
64,cropped/dusseldorf/1151.png,class1,1
64,cropped/dusseldorf/1154.png,class1,1
64,cropped/dusseldorf/1150.png,class1,1
64,cropped/dusseldorf/1233.png,class1,1
64,cropped/dusseldorf/1232.png,class1,1
64,cropped/dusseldorf/1159.png,class1,1
64,cropped/dusseldorf/1230.png,class1,1
64,cropped/dusseldorf/1160.png,class1,1
64,cropped/dusseldorf/1228.png,class1,1
64,cropped/dusseldorf/1161.png,class1,1
64,cropped/dusseldorf/1229.png,class1,1
64,cropped/dusseldorf/954.png,class1,1
64,cropped/dusseldorf/953.png,class1,1
64,cropped/dusseldorf/1236.png,class1,1
64,cropped/dusseldorf/956.png,class1,1
64,cropped/dusseldorf/1234.png,class1,1
64,cropped/dusseldorf/128.png,class1,1
64,cropped/dusseldorf/1235.png,class1,1
64,cropped/dusseldorf/955.png,class4,4
64,cropped/dusseldorf/129.png,class1,1
64,cropped/dusseldorf/134.png,class1,1
64,cropped/dusseldorf/131.png,class1,1
64,cropped/dusseldorf/928.png,class0,0
64,cropped/dusseldorf/135.png,class1,1
64,cropped/dusseldorf/130.png,class1,1
64,cropped/dusseldorf/929.png,class1,1
64,cropped/dusseldorf/132.png,class1,1
64,cropped/dusseldorf/366.png,class1,1
64,cropped/dusseldorf/371.png,class1,1
64,cropped/dusseldorf/367.png,class1,1
64,cropped/dusseldorf/372.png,class1,1
64,cropped/dusseldorf/368.png,class1,1
64,cropped/dusseldorf/370.png,class1,1
64,cropped/dusseldorf/369.png,class1,1
64,cropped/dusseldorf/374.png,class1,1
64,cropped/dusseldorf/1363.png,class1,1
64,cropped/dusseldorf/375.png,class1,1
64,cropped/dusseldorf/1364.png,class1,1
64,cropped/dusseldorf/1367.png,class1,1
64,cropped/dusseldorf/1366.png,class1,1
64,cropped/dusseldorf/376.png,class1,1
64,cropped/dusseldorf/1369.png,class1,1
64,cropped/dusseldorf/1368.png,class1,1
64,cropped/dusseldorf/46.png,class1,1
64,cropped/dusseldorf/48.png,class4,4
64,cropped/dusseldorf/47.png,class1,1
64,cropped/dusseldorf/44.png,class4,4
64,cropped/dusseldorf/1372.png,class1,1
64,cropped/dusseldorf/1333.png,class5,5
64,cropped/dusseldorf/45.png,class1,1
64,cropped/dusseldorf/43.png,class0,0
65,cropped/dusseldorf/1347.png,class0,0
65,cropped/dusseldorf/1345.png,class1,1
65,cropped/dusseldorf/1346.png,class0,0
65,cropped/dusseldorf/1334.png,class0,0
65,cropped/dusseldorf/1335.png,class4,4
65,cropped/dusseldorf/1348.png,class0,0
65,cropped/dusseldorf/1349.png,class0,0
65,cropped/dusseldorf/1350.png,class0,0
65,cropped/dusseldorf/563.png,class1,1
65,cropped/dusseldorf/1091.png,class4,4
65,cropped/dusseldorf/1052.png,class1,1
65,cropped/dusseldorf/1053.png,class1,1
65,cropped/dusseldorf/562.png,class3,3
65,cropped/dusseldorf/1050.png,class1,1
65,cropped/dusseldorf/1051.png,class1,1
65,cropped/dusseldorf/1055.png,class1,1
65,cropped/dusseldorf/646.png,class0,0
65,cropped/dusseldorf/650.png,class2,2
65,cropped/dusseldorf/1093.png,class4,4
65,cropped/dusseldorf/1095.png,class0,0
65,cropped/dusseldorf/1094.png,class0,0
65,cropped/dusseldorf/648.png,class0,0
65,cropped/dusseldorf/1096.png,class1,1
65,cropped/dusseldorf/1097.png,class1,1
65,cropped/dusseldorf/1393.png,class3,3
65,cropped/dusseldorf/1391.png,class1,1
65,cropped/dusseldorf/774.png,class1,1
65,cropped/dusseldorf/776.png,class1,1
65,cropped/dusseldorf/1390.png,class1,1
65,cropped/dusseldorf/775.png,class1,1
65,cropped/dusseldorf/1394.png,class3,3
65,cropped/dusseldorf/1395.png,class1,1
65,cropped/dusseldorf/1126.png,class1,1
65,cropped/dusseldorf/631.png,class1,1
65,cropped/dusseldorf/1127.png,class1,1
65,cropped/dusseldorf/778.png,class1,1
65,cropped/dusseldorf/780.png,class1,1
65,cropped/dusseldorf/630.png,class1,1
65,cropped/dusseldorf/629.png,class1,1
65,cropped/dusseldorf/628.png,class1,1
65,cropped/dusseldorf/1131.png,class0,0
65,cropped/dusseldorf/0.png,class1,1
65,cropped/dusseldorf/1132.png,class0,0
65,cropped/dusseldorf/1130.png,class0,0
65,cropped/dusseldorf/1129.png,class0,0
65,cropped/dusseldorf/1133.png,class1,1
65,cropped/dusseldorf/2.png,class1,1
65,cropped/dusseldorf/1134.png,class1,1
65,cropped/dusseldorf/40.png,class1,1
65,cropped/dusseldorf/1222.png,class1,1
65,cropped/dusseldorf/4.png,class1,1
65,cropped/dusseldorf/1224.png,class1,1
65,cropped/dusseldorf/1220.png,class1,1
65,cropped/dusseldorf/1226.png,class1,1
65,cropped/dusseldorf/1225.png,class1,1
65,cropped/dusseldorf/3.png,class1,1
65,cropped/dusseldorf/699.png,class1,1
65,cropped/dusseldorf/700.png,class1,1
65,cropped/dusseldorf/701.png,class1,1
65,cropped/dusseldorf/42.png,class1,1
65,cropped/dusseldorf/1464.png,class1,1
65,cropped/dusseldorf/702.png,class1,1
65,cropped/dusseldorf/810.png,class0,0
65,cropped/dusseldorf/703.png,class1,1
65,cropped/dusseldorf/163.png,class1,1
65,cropped/dusseldorf/1468.png,class1,1
65,cropped/dusseldorf/162.png,class1,1
65,cropped/dusseldorf/1467.png,class1,1
65,cropped/dusseldorf/1465.png,class1,1
65,cropped/dusseldorf/1469.png,class1,1
65,cropped/dusseldorf/1470.png,class1,1
65,cropped/dusseldorf/1513.png,class1,1
65,cropped/dusseldorf/325.png,class1,1
65,cropped/dusseldorf/169.png,class1,1
65,cropped/dusseldorf/170.png,class1,1
65,cropped/dusseldorf/165.png,class1,1
65,cropped/dusseldorf/164.png,class1,1
65,cropped/dusseldorf/167.png,class1,1
65,cropped/dusseldorf/324.png,class1,1
65,cropped/dusseldorf/168.png,class1,1
66,cropped/dusseldorf/211.png,class1,1
66,cropped/dusseldorf/212.png,class1,1
66,cropped/dusseldorf/213.png,class1,1
66,cropped/dusseldorf/216.png,class2,2
66,cropped/dusseldorf/327.png,class1,1
66,cropped/dusseldorf/210.png,class1,1
66,cropped/dusseldorf/208.png,class1,1
66,cropped/dusseldorf/214.png,class1,1
66,cropped/dusseldorf/1502.png,class0,0
66,cropped/dusseldorf/1498.png,class1,1
66,cropped/dusseldorf/1499.png,class1,1
66,cropped/dusseldorf/217.png,class1,1
66,cropped/dusseldorf/1501.png,class0,0
66,cropped/dusseldorf/1503.png,class0,0
66,cropped/dusseldorf/1500.png,class0,0
66,cropped/dusseldorf/587.png,class1,1
66,cropped/dusseldorf/591.png,class1,1
66,cropped/dusseldorf/589.png,class1,1
66,cropped/dusseldorf/592.png,class1,1
66,cropped/dusseldorf/595.png,class1,1
66,cropped/dusseldorf/597.png,class1,1
66,cropped/dusseldorf/590.png,class1,1
66,cropped/dusseldorf/596.png,class1,1
66,cropped/dusseldorf/588.png,class1,1
66,cropped/dusseldorf/600.png,class1,1
66,cropped/dusseldorf/604.png,class1,1
66,cropped/dusseldorf/603.png,class1,1
66,cropped/dusseldorf/607.png,class1,1
66,cropped/dusseldorf/599.png,class1,1
66,cropped/dusseldorf/606.png,class1,1
66,cropped/dusseldorf/602.png,class1,1
66,cropped/dusseldorf/605.png,class1,1
66,cropped/dusseldorf/1517.png,class1,1
66,cropped/dusseldorf/1518.png,class1,1
66,cropped/dusseldorf/1521.png,class1,1
66,cropped/dusseldorf/1516.png,class1,1
66,cropped/dusseldorf/1522.png,class1,1
66,cropped/dusseldorf/1519.png,class1,1
66,cropped/dusseldorf/1520.png,class1,1
66,cropped/dusseldorf/1514.png,class1,1
66,cropped/dusseldorf/1523.png,class1,1
66,cropped/dusseldorf/1525.png,class1,1
66,cropped/dusseldorf/1530.png,class1,1
66,cropped/dusseldorf/1528.png,class1,1
66,cropped/dusseldorf/1524.png,class1,1
66,cropped/dusseldorf/96.png,class0,0
66,cropped/dusseldorf/1526.png,class1,1
66,cropped/dusseldorf/97.png,class0,0
66,cropped/dusseldorf/279.png,class1,1
66,cropped/dusseldorf/277.png,class1,1
66,cropped/dusseldorf/278.png,class1,1
66,cropped/dusseldorf/98.png,class1,1
66,cropped/dusseldorf/102.png,class1,1
66,cropped/dusseldorf/280.png,class1,1
66,cropped/dusseldorf/101.png,class1,1
66,cropped/dusseldorf/281.png,class1,1
66,cropped/dusseldorf/284.png,class1,1
66,cropped/dusseldorf/288.png,class1,1
66,cropped/dusseldorf/290.png,class1,1
66,cropped/dusseldorf/286.png,class1,1
66,cropped/dusseldorf/287.png,class1,1
66,cropped/dusseldorf/283.png,class1,1
66,cropped/dusseldorf/289.png,class1,1
66,cropped/dusseldorf/916.png,class1,1
66,cropped/dusseldorf/1706.png,class1,1
66,cropped/dusseldorf/1701.png,class1,1
66,cropped/dusseldorf/1707.png,class1,1
66,cropped/dusseldorf/1700.png,class1,1
66,cropped/dusseldorf/1705.png,class1,1
66,cropped/dusseldorf/1708.png,class1,1
66,cropped/dusseldorf/1703.png,class1,1
66,cropped/dusseldorf/1702.png,class1,1
66,cropped/dusseldorf/1711.png,class1,1
66,cropped/dusseldorf/1712.png,class1,1
66,cropped/dusseldorf/1713.png,class1,1
66,cropped/dusseldorf/1715.png,class1,1
66,cropped/dusseldorf/1714.png,class1,1
66,cropped/dusseldorf/1716.png,class1,1
66,cropped/dusseldorf/1709.png,class1,1
66,cropped/dusseldorf/1104.png,class0,0
67,cropped/dusseldorf/1109.png,class1,1
67,cropped/dusseldorf/1106.png,class1,1
67,cropped/dusseldorf/1108.png,class1,1
67,cropped/dusseldorf/1285.png,class1,1
67,cropped/dusseldorf/1107.png,class1,1
67,cropped/dusseldorf/1287.png,class1,1
67,cropped/dusseldorf/1286.png,class1,1
67,cropped/dusseldorf/782.png,class1,1
67,cropped/dusseldorf/792.png,class1,1
67,cropped/dusseldorf/784.png,class1,1
67,cropped/dusseldorf/786.png,class1,1
67,cropped/dusseldorf/783.png,class1,1
67,cropped/dusseldorf/789.png,class1,1
67,cropped/dusseldorf/788.png,class1,1
67,cropped/dusseldorf/791.png,class1,1
67,cropped/dusseldorf/785.png,class1,1
67,cropped/dusseldorf/342.png,class1,1
67,cropped/dusseldorf/796.png,class0,0
67,cropped/dusseldorf/340.png,class1,1
67,cropped/dusseldorf/338.png,class4,4
67,cropped/dusseldorf/795.png,class1,1
67,cropped/dusseldorf/797.png,class0,0
67,cropped/dusseldorf/339.png,class4,4
67,cropped/dusseldorf/793.png,class1,1
67,cropped/dusseldorf/1406.png,class0,0
67,cropped/dusseldorf/1408.png,class0,0
67,cropped/dusseldorf/344.png,class1,1
67,cropped/dusseldorf/347.png,class1,1
67,cropped/dusseldorf/343.png,class1,1
67,cropped/dusseldorf/1409.png,class0,0
67,cropped/dusseldorf/346.png,class0,0
67,cropped/dusseldorf/345.png,class1,1
67,cropped/dusseldorf/1112.png,class1,1
67,cropped/dusseldorf/1113.png,class4,4
67,cropped/dusseldorf/1114.png,class1,1
67,cropped/dusseldorf/743.png,class1,1
67,cropped/dusseldorf/744.png,class1,1
67,cropped/dusseldorf/1111.png,class1,1
67,cropped/dusseldorf/745.png,class1,1
67,cropped/dusseldorf/742.png,class1,1
67,cropped/dusseldorf/750.png,class0,0
67,cropped/dusseldorf/442.png,class0,0
67,cropped/dusseldorf/441.png,class5,5
67,cropped/dusseldorf/439.png,class1,1
67,cropped/dusseldorf/440.png,class1,1
67,cropped/dusseldorf/749.png,class1,1
67,cropped/dusseldorf/747.png,class1,1
67,cropped/dusseldorf/748.png,class1,1
67,cropped/dusseldorf/445.png,class0,0
67,cropped/dusseldorf/444.png,class0,0
67,cropped/dusseldorf/799.png,class1,1
67,cropped/dusseldorf/800.png,class1,1
67,cropped/dusseldorf/798.png,class1,1
67,cropped/dusseldorf/801.png,class1,1
67,cropped/dusseldorf/803.png,class4,4
67,cropped/dusseldorf/443.png,class0,0
67,cropped/dusseldorf/844.png,class1,1
67,cropped/dusseldorf/804.png,class4,4
67,cropped/dusseldorf/449.png,class1,1
67,cropped/dusseldorf/846.png,class1,1
67,cropped/dusseldorf/450.png,class1,1
67,cropped/dusseldorf/452.png,class1,1
67,cropped/dusseldorf/451.png,class1,1
67,cropped/dusseldorf/845.png,class1,1
67,cropped/dusseldorf/855.png,class1,1
67,cropped/dusseldorf/852.png,class1,1
67,cropped/dusseldorf/848.png,class1,1
67,cropped/dusseldorf/851.png,class1,1
67,cropped/dusseldorf/853.png,class4,4
67,cropped/dusseldorf/847.png,class1,1
67,cropped/dusseldorf/850.png,class1,1
67,cropped/dusseldorf/856.png,class1,1
67,cropped/dusseldorf/320.png,class1,1
67,cropped/dusseldorf/860.png,class1,1
67,cropped/dusseldorf/317.png,class1,1
67,cropped/dusseldorf/318.png,class1,1
67,cropped/dusseldorf/316.png,class1,1
67,cropped/dusseldorf/319.png,class1,1
67,cropped/dusseldorf/321.png,class1,1
67,cropped/dusseldorf/857.png,class1,1
68,cropped/dusseldorf/619.png,class0,0
68,cropped/dusseldorf/617.png,class1,1
68,cropped/dusseldorf/618.png,class1,1
68,cropped/dusseldorf/322.png,class1,1
68,cropped/dusseldorf/323.png,class1,1
68,cropped/dusseldorf/615.png,class1,1
68,cropped/dusseldorf/616.png,class1,1
68,cropped/dusseldorf/614.png,class1,1
68,cropped/dusseldorf/62.png,class1,1
68,cropped/dusseldorf/64.png,class1,1
68,cropped/dusseldorf/65.png,class1,1
68,cropped/dusseldorf/67.png,class1,1
68,cropped/dusseldorf/66.png,class1,1
68,cropped/dusseldorf/60.png,class1,1
68,cropped/dusseldorf/61.png,class1,1
68,cropped/dusseldorf/69.png,class1,1
68,cropped/dusseldorf/1397.png,class0,0
68,cropped/dusseldorf/70.png,class1,1
68,cropped/dusseldorf/996.png,class0,0
68,cropped/dusseldorf/997.png,class0,0
68,cropped/dusseldorf/998.png,class0,0
68,cropped/dusseldorf/1001.png,class0,0
68,cropped/dusseldorf/1000.png,class0,0
68,cropped/dusseldorf/995.png,class0,0
68,cropped/dusseldorf/1401.png,class1,1
68,cropped/dusseldorf/1403.png,class1,1
68,cropped/dusseldorf/1025.png,class1,1
68,cropped/dusseldorf/1023.png,class1,1
68,cropped/dusseldorf/1027.png,class1,1
68,cropped/dusseldorf/1026.png,class5,5
68,cropped/dusseldorf/1402.png,class1,1
68,cropped/dusseldorf/1399.png,class3,3
68,cropped/dusseldorf/1375.png,class0,0
68,cropped/dusseldorf/174.png,class1,1
68,cropped/dusseldorf/171.png,class1,1
68,cropped/dusseldorf/176.png,class1,1
68,cropped/dusseldorf/172.png,class1,1
68,cropped/dusseldorf/1373.png,class1,1
68,cropped/dusseldorf/173.png,class1,1
68,cropped/dusseldorf/175.png,class1,1
68,cropped/dusseldorf/769.png,class1,1
68,cropped/dusseldorf/1378.png,class0,0
68,cropped/dusseldorf/767.png,class1,1
68,cropped/dusseldorf/768.png,class1,1
68,cropped/dusseldorf/770.png,class1,1
68,cropped/dusseldorf/1380.png,class1,1
68,cropped/dusseldorf/1381.png,class1,1
68,cropped/dusseldorf/1379.png,class1,1
68,cropped/dusseldorf/771.png,class0,0
68,cropped/dusseldorf/193.png,class1,1
68,cropped/dusseldorf/197.png,class1,1
68,cropped/dusseldorf/195.png,class1,1
68,cropped/dusseldorf/194.png,class0,0
68,cropped/dusseldorf/196.png,class1,1
68,cropped/dusseldorf/198.png,class1,1
68,cropped/dusseldorf/192.png,class1,1
68,cropped/dusseldorf/866.png,class1,1
68,cropped/dusseldorf/868.png,class1,1
68,cropped/dusseldorf/308.png,class1,1
68,cropped/dusseldorf/865.png,class1,1
68,cropped/dusseldorf/311.png,class1,1
68,cropped/dusseldorf/867.png,class1,1
68,cropped/dusseldorf/309.png,class5,5
68,cropped/dusseldorf/864.png,class1,1
68,cropped/dusseldorf/671.png,class1,1
68,cropped/dusseldorf/676.png,class1,1
68,cropped/dusseldorf/673.png,class1,1
68,cropped/dusseldorf/679.png,class1,1
68,cropped/dusseldorf/678.png,class1,1
68,cropped/dusseldorf/674.png,class1,1
68,cropped/dusseldorf/672.png,class1,1
68,cropped/dusseldorf/677.png,class1,1
68,cropped/dusseldorf/405.png,class0,0
68,cropped/dusseldorf/807.png,class1,1
68,cropped/dusseldorf/808.png,class0,0
68,cropped/dusseldorf/806.png,class1,1
68,cropped/dusseldorf/1318.png,class1,1
68,cropped/dusseldorf/682.png,class4,4
68,cropped/dusseldorf/681.png,class1,1
68,cropped/dusseldorf/406.png,class1,1
69,cropped/dusseldorf/124.png,class0,0
69,cropped/dusseldorf/872.png,class1,1
69,cropped/dusseldorf/870.png,class1,1
69,cropped/dusseldorf/871.png,class1,1
69,cropped/dusseldorf/125.png,class4,4
69,cropped/dusseldorf/809.png,class0,0
69,cropped/dusseldorf/873.png,class1,1
69,cropped/dusseldorf/869.png,class1,1
69,cropped/dusseldorf/766.png,class1,1
69,cropped/dusseldorf/900.png,class1,1
69,cropped/dusseldorf/1718.png,class1,1
69,cropped/dusseldorf/1717.png,class1,1
69,cropped/dusseldorf/1720.png,class1,1
69,cropped/dusseldorf/136.png,class1,1
69,cropped/dusseldorf/1098.png,class1,1
69,cropped/dusseldorf/1719.png,class1,1
69,cropped/dusseldorf/1177.png,class4,4
69,cropped/dusseldorf/1178.png,class1,1
69,cropped/dusseldorf/1179.png,class1,1
69,cropped/dusseldorf/1180.png,class1,1
69,cropped/dusseldorf/874.png,class4,4
69,cropped/dusseldorf/1102.png,class1,1
69,cropped/dusseldorf/1099.png,class1,1
69,cropped/dusseldorf/1103.png,class1,1
69,cropped/dusseldorf/1674.png,class1,1
69,cropped/dusseldorf/1183.png,class1,1
69,cropped/dusseldorf/1404.png,class3,3
69,cropped/dusseldorf/1181.png,class1,1
69,cropped/dusseldorf/1670.png,class1,1
69,cropped/dusseldorf/1182.png,class5,5
69,cropped/dusseldorf/1673.png,class5,5
69,cropped/dusseldorf/1672.png,class1,1
69,cropped/dusseldorf/1608.png,class1,1
69,cropped/dusseldorf/1385.png,class1,1
69,cropped/dusseldorf/1386.png,class1,1
69,cropped/dusseldorf/1611.png,class1,1
69,cropped/dusseldorf/1609.png,class1,1
69,cropped/dusseldorf/1389.png,class1,1
69,cropped/dusseldorf/1388.png,class4,4
69,cropped/dusseldorf/1384.png,class1,1
69,cropped/dusseldorf/1614.png,class1,1
69,cropped/dusseldorf/1615.png,class1,1
69,cropped/dusseldorf/1621.png,class1,1
69,cropped/dusseldorf/1617.png,class1,1
69,cropped/dusseldorf/1619.png,class1,1
69,cropped/dusseldorf/1613.png,class1,1
69,cropped/dusseldorf/1612.png,class1,1
69,cropped/dusseldorf/1620.png,class1,1
69,cropped/dusseldorf/12.png,class0,0
69,cropped/dusseldorf/18.png,class1,1
69,cropped/dusseldorf/20.png,class1,1
69,cropped/dusseldorf/14.png,class0,0
69,cropped/dusseldorf/13.png,class0,0
69,cropped/dusseldorf/17.png,class1,1
69,cropped/dusseldorf/1351.png,class1,1
69,cropped/dusseldorf/19.png,class1,1
69,cropped/dusseldorf/1355.png,class1,1
69,cropped/dusseldorf/1356.png,class1,1
69,cropped/dusseldorf/1360.png,class1,1
69,cropped/dusseldorf/1359.png,class1,1
69,cropped/dusseldorf/1353.png,class1,1
69,cropped/dusseldorf/1352.png,class1,1
69,cropped/dusseldorf/1354.png,class4,4
69,cropped/dusseldorf/1358.png,class1,1
69,cropped/dusseldorf/752.png,class1,1
69,cropped/dusseldorf/760.png,class1,1
69,cropped/dusseldorf/753.png,class1,1
69,cropped/dusseldorf/758.png,class1,1
69,cropped/dusseldorf/756.png,class1,1
69,cropped/dusseldorf/1362.png,class1,1
69,cropped/dusseldorf/759.png,class1,1
69,cropped/dusseldorf/755.png,class1,1
69,cropped/dusseldorf/763.png,class0,0
69,cropped/dusseldorf/762.png,class1,1
69,cropped/dusseldorf/764.png,class0,0
69,cropped/dusseldorf/1256.png,class1,1
69,cropped/dusseldorf/666.png,class4,4
69,cropped/dusseldorf/1255.png,class1,1
69,cropped/dusseldorf/761.png,class1,1
69,cropped/dusseldorf/1254.png,class1,1
70,cropped/dusseldorf/391.png,class4,4
70,cropped/dusseldorf/397.png,class1,1
70,cropped/dusseldorf/394.png,class4,4
70,cropped/dusseldorf/669.png,class1,1
70,cropped/dusseldorf/668.png,class1,1
70,cropped/dusseldorf/395.png,class4,4
70,cropped/dusseldorf/393.png,class4,4
70,cropped/dusseldorf/667.png,class4,4
70,cropped/dusseldorf/399.png,class1,1
70,cropped/dusseldorf/403.png,class1,1
70,cropped/dusseldorf/398.png,class1,1
70,cropped/dusseldorf/1087.png,class4,4
70,cropped/dusseldorf/1088.png,class1,1
70,cropped/dusseldorf/401.png,class1,1
70,cropped/dusseldorf/402.png,class1,1
70,cropped/dusseldorf/404.png,class1,1
70,cropped/dusseldorf/710.png,class1,1
70,cropped/dusseldorf/707.png,class1,1
70,cropped/dusseldorf/709.png,class0,0
70,cropped/dusseldorf/708.png,class1,1
70,cropped/dusseldorf/1090.png,class1,1
70,cropped/dusseldorf/1697.png,class1,1
70,cropped/dusseldorf/706.png,class1,1
70,cropped/dusseldorf/705.png,class1,1
70,cropped/dusseldorf/1699.png,class1,1
70,cropped/dusseldorf/1463.png,class1,1
70,cropped/dusseldorf/1459.png,class4,4
70,cropped/dusseldorf/1460.png,class4,4
70,cropped/dusseldorf/1462.png,class5,5
70,cropped/dusseldorf/1461.png,class4,4
70,cropped/dusseldorf/1458.png,class1,1
70,cropped/dusseldorf/1698.png,class1,1
70,cropped/dusseldorf/51.png,class1,1
70,cropped/dusseldorf/50.png,class0,0
70,cropped/dusseldorf/548.png,class1,1
70,cropped/dusseldorf/546.png,class1,1
70,cropped/dusseldorf/547.png,class0,0
70,cropped/dusseldorf/833.png,class4,4
70,cropped/dusseldorf/545.png,class1,1
70,cropped/dusseldorf/832.png,class1,1
70,cropped/dusseldorf/583.png,class1,1
70,cropped/dusseldorf/654.png,class1,1
70,cropped/dusseldorf/655.png,class0,0
70,cropped/dusseldorf/585.png,class1,1
70,cropped/dusseldorf/653.png,class1,1
70,cropped/dusseldorf/582.png,class1,1
70,cropped/dusseldorf/586.png,class1,1
70,cropped/dusseldorf/652.png,class1,1
70,cropped/dusseldorf/81.png,class1,1
70,cropped/dusseldorf/88.png,class1,1
70,cropped/dusseldorf/86.png,class1,1
70,cropped/dusseldorf/84.png,class1,1
70,cropped/dusseldorf/85.png,class1,1
70,cropped/dusseldorf/82.png,class1,1
70,cropped/dusseldorf/83.png,class1,1
70,cropped/dusseldorf/79.png,class1,1
70,cropped/dusseldorf/1650.png,class1,1
70,cropped/dusseldorf/92.png,class1,1
70,cropped/dusseldorf/94.png,class0,0
70,cropped/dusseldorf/95.png,class1,1
70,cropped/dusseldorf/1651.png,class1,1
70,cropped/dusseldorf/90.png,class1,1
70,cropped/dusseldorf/1652.png,class1,1
70,cropped/dusseldorf/93.png,class1,1
70,cropped/dusseldorf/1654.png,class1,1
70,cropped/dusseldorf/1653.png,class1,1
70,cropped/dusseldorf/1657.png,class1,1
70,cropped/dusseldorf/1659.png,class1,1
70,cropped/dusseldorf/1658.png,class1,1
70,cropped/dusseldorf/959.png,class1,1
70,cropped/dusseldorf/961.png,class1,1
70,cropped/dusseldorf/1656.png,class1,1
70,cropped/dusseldorf/740.png,class1,1
70,cropped/dusseldorf/1633.png,class1,1
70,cropped/dusseldorf/1635.png,class1,1
70,cropped/dusseldorf/1631.png,class2,2
70,cropped/dusseldorf/964.png,class1,1
70,cropped/dusseldorf/1632.png,class1,1
70,cropped/dusseldorf/962.png,class1,1
70,cropped/dusseldorf/741.png,class1,1
71,cropped/dusseldorf/1636.png,class1,1
71,cropped/dusseldorf/30.png,class1,1
71,cropped/dusseldorf/1241.png,class1,1
71,cropped/dusseldorf/1242.png,class1,1
71,cropped/dusseldorf/28.png,class1,1
71,cropped/dusseldorf/1240.png,class4,4
71,cropped/dusseldorf/1237.png,class1,1
71,cropped/dusseldorf/1238.png,class1,1
71,cropped/dusseldorf/1555.png,class1,1
71,cropped/dusseldorf/1552.png,class1,1
71,cropped/dusseldorf/1084.png,class1,1
71,cropped/dusseldorf/1553.png,class1,1
71,cropped/dusseldorf/1086.png,class1,1
71,cropped/dusseldorf/1085.png,class1,1
71,cropped/dusseldorf/863.png,class1,1
71,cropped/dusseldorf/861.png,class1,1
71,cropped/dusseldorf/1562.png,class1,1
71,cropped/dusseldorf/1563.png,class1,1
71,cropped/dusseldorf/1565.png,class5,5
71,cropped/dusseldorf/1559.png,class0,0
71,cropped/dusseldorf/1561.png,class1,1
71,cropped/dusseldorf/1557.png,class1,1
71,cropped/dusseldorf/1560.png,class1,1
71,cropped/dusseldorf/1558.png,class1,1
71,cropped/dusseldorf/1566.png,class1,1
71,cropped/dusseldorf/1569.png,class1,1
71,cropped/dusseldorf/1482.png,class1,1
71,cropped/dusseldorf/1484.png,class1,1
71,cropped/dusseldorf/984.png,class1,1
71,cropped/dusseldorf/1481.png,class1,1
71,cropped/dusseldorf/1568.png,class1,1
71,cropped/dusseldorf/1567.png,class1,1
71,cropped/dusseldorf/1493.png,class1,1
71,cropped/dusseldorf/1486.png,class0,0
71,cropped/dusseldorf/1491.png,class1,1
71,cropped/dusseldorf/1492.png,class1,1
71,cropped/dusseldorf/1488.png,class1,1
71,cropped/dusseldorf/1495.png,class1,1
71,cropped/dusseldorf/1487.png,class1,1
71,cropped/dusseldorf/1490.png,class1,1
71,cropped/dusseldorf/895.png,class1,1
71,cropped/dusseldorf/897.png,class1,1
71,cropped/dusseldorf/1144.png,class1,1
71,cropped/dusseldorf/896.png,class1,1
71,cropped/dusseldorf/933.png,class1,1
71,cropped/dusseldorf/898.png,class1,1
71,cropped/dusseldorf/1145.png,class0,0
71,cropped/dusseldorf/894.png,class1,1
71,cropped/dusseldorf/938.png,class1,1
71,cropped/dusseldorf/937.png,class1,1
71,cropped/dusseldorf/940.png,class1,1
71,cropped/dusseldorf/72.png,class4,4
71,cropped/dusseldorf/941.png,class1,1
71,cropped/dusseldorf/935.png,class1,1
71,cropped/dusseldorf/71.png,class1,1
71,cropped/dusseldorf/939.png,class0,0
71,cropped/dusseldorf/73.png,class4,4
71,cropped/dusseldorf/77.png,class1,1
71,cropped/dusseldorf/74.png,class4,4
71,cropped/dusseldorf/75.png,class1,1
71,cropped/dusseldorf/76.png,class1,1
71,cropped/dusseldorf/78.png,class1,1
71,cropped/dusseldorf/611.png,class1,1
71,cropped/dusseldorf/610.png,class1,1
71,cropped/dusseldorf/558.png,class4,4
71,cropped/dusseldorf/555.png,class1,1
71,cropped/dusseldorf/557.png,class1,1
71,cropped/dusseldorf/549.png,class1,1
71,cropped/dusseldorf/552.png,class1,1
71,cropped/dusseldorf/556.png,class1,1
71,cropped/dusseldorf/553.png,class1,1
71,cropped/dusseldorf/554.png,class1,1
71,cropped/dusseldorf/104.png,class1,1
71,cropped/dusseldorf/103.png,class1,1
71,cropped/dusseldorf/1173.png,class1,1
71,cropped/dusseldorf/561.png,class4,4
71,cropped/dusseldorf/559.png,class1,1
71,cropped/dusseldorf/1176.png,class1,1
71,cropped/dusseldorf/1174.png,class1,1
71,cropped/dusseldorf/560.png,class4,4
72,cropped/dusseldorf/1599.png,class5,5
72,cropped/dusseldorf/107.png,class4,4
72,cropped/dusseldorf/109.png,class1,1
72,cropped/dusseldorf/1600.png,class1,1
72,cropped/dusseldorf/1598.png,class1,1
72,cropped/dusseldorf/1597.png,class4,4
72,cropped/dusseldorf/105.png,class1,1
72,cropped/dusseldorf/1596.png,class1,1
72,cropped/dusseldorf/1604.png,class1,1
72,cropped/dusseldorf/191.png,class1,1
72,cropped/dusseldorf/1603.png,class1,1
72,cropped/dusseldorf/1297.png,class1,1
72,cropped/dusseldorf/1606.png,class1,1
72,cropped/dusseldorf/1605.png,class1,1
72,cropped/dusseldorf/1298.png,class1,1
72,cropped/dusseldorf/1601.png,class1,1
72,cropped/dusseldorf/1305.png,class1,1
72,cropped/dusseldorf/1303.png,class1,1
72,cropped/dusseldorf/425.png,class1,1
72,cropped/dusseldorf/1304.png,class1,1
72,cropped/dusseldorf/1302.png,class1,1
72,cropped/dusseldorf/1300.png,class1,1
72,cropped/dusseldorf/1301.png,class1,1
72,cropped/dusseldorf/424.png,class1,1
72,cropped/dusseldorf/433.png,class1,1
72,cropped/dusseldorf/426.png,class1,1
72,cropped/dusseldorf/434.png,class1,1
72,cropped/dusseldorf/431.png,class1,1
72,cropped/dusseldorf/435.png,class1,1
72,cropped/dusseldorf/428.png,class1,1
72,cropped/dusseldorf/430.png,class1,1
72,cropped/dusseldorf/429.png,class1,1
72,cropped/dusseldorf/436.png,class1,1
72,cropped/dusseldorf/26.png,class1,1
72,cropped/dusseldorf/25.png,class1,1
72,cropped/dusseldorf/21.png,class1,1
72,cropped/dusseldorf/24.png,class1,1
72,cropped/dusseldorf/437.png,class1,1
72,cropped/dusseldorf/23.png,class1,1
72,cropped/dusseldorf/27.png,class4,4
72,cropped/dusseldorf/1057.png,class0,0
72,cropped/dusseldorf/638.png,class1,1
72,cropped/dusseldorf/1059.png,class1,1
72,cropped/dusseldorf/636.png,class5,5
72,cropped/dusseldorf/634.png,class1,1
72,cropped/dusseldorf/635.png,class1,1
72,cropped/dusseldorf/1056.png,class0,0
72,cropped/dusseldorf/1058.png,class4,4
72,cropped/dusseldorf/1066.png,class1,1
72,cropped/dusseldorf/261.png,class4,4
72,cropped/dusseldorf/1060.png,class1,1
72,cropped/dusseldorf/262.png,class0,0
72,cropped/dusseldorf/1062.png,class1,1
72,cropped/dusseldorf/1064.png,class1,1
72,cropped/dusseldorf/1063.png,class1,1
72,cropped/dusseldorf/1061.png,class1,1
72,cropped/dusseldorf/33.png,class1,1
72,cropped/dusseldorf/336.png,class1,1
72,cropped/dusseldorf/32.png,class0,0
72,cropped/dusseldorf/879.png,class1,1
72,cropped/dusseldorf/337.png,class1,1
72,cropped/dusseldorf/878.png,class1,1
72,cropped/dusseldorf/31.png,class0,0
72,cropped/dusseldorf/877.png,class1,1
72,cropped/dusseldorf/37.png,class1,1
72,cropped/dusseldorf/1510.png,class1,1
72,cropped/dusseldorf/35.png,class1,1
72,cropped/dusseldorf/34.png,class1,1
72,cropped/dusseldorf/38.png,class1,1
72,cropped/dusseldorf/1509.png,class1,1
72,cropped/dusseldorf/1511.png,class1,1
72,cropped/dusseldorf/39.png,class1,1
72,cropped/dusseldorf/1665.png,class1,1
72,cropped/dusseldorf/1664.png,class1,1
72,cropped/dusseldorf/1667.png,class1,1
72,cropped/dusseldorf/1512.png,class1,1
72,cropped/dusseldorf/1666.png,class1,1
72,cropped/dusseldorf/1663.png,class1,1
72,cropped/dusseldorf/1660.png,class1,1
72,cropped/dusseldorf/1662.png,class1,1
73,cropped/dusseldorf/231.png,class4,4
73,cropped/dusseldorf/235.png,class1,1
73,cropped/dusseldorf/1669.png,class1,1
73,cropped/dusseldorf/234.png,class1,1
73,cropped/dusseldorf/229.png,class1,1
73,cropped/dusseldorf/237.png,class1,1
73,cropped/dusseldorf/230.png,class1,1
73,cropped/dusseldorf/236.png,class1,1
73,cropped/dusseldorf/920.png,class1,1
73,cropped/dusseldorf/923.png,class4,4
73,cropped/dusseldorf/921.png,class0,0
73,cropped/dusseldorf/919.png,class1,1
73,cropped/dusseldorf/922.png,class5,5
73,cropped/dusseldorf/240.png,class1,1
73,cropped/dusseldorf/241.png,class1,1
73,cropped/dusseldorf/918.png,class1,1
73,cropped/dusseldorf/927.png,class4,4
73,cropped/dusseldorf/926.png,class1,1
73,cropped/dusseldorf/1202.png,class1,1
73,cropped/dusseldorf/925.png,class4,4
73,cropped/dusseldorf/1201.png,class1,1
73,cropped/dusseldorf/1199.png,class1,1
73,cropped/dusseldorf/924.png,class4,4
73,cropped/dusseldorf/1197.png,class1,1
73,cropped/dusseldorf/1208.png,class1,1
73,cropped/dusseldorf/1205.png,class1,1
73,cropped/dusseldorf/1204.png,class1,1
73,cropped/dusseldorf/1207.png,class1,1
73,cropped/dusseldorf/1206.png,class1,1
73,cropped/dusseldorf/1203.png,class1,1
73,cropped/dusseldorf/1211.png,class1,1
73,cropped/dusseldorf/1210.png,class1,1
73,cropped/dusseldorf/1215.png,class0,0
73,cropped/dusseldorf/52.png,class0,0
73,cropped/dusseldorf/1216.png,class1,1
73,cropped/dusseldorf/53.png,class0,0
73,cropped/dusseldorf/1213.png,class1,1
73,cropped/dusseldorf/54.png,class1,1
73,cropped/dusseldorf/1218.png,class1,1
73,cropped/dusseldorf/1219.png,class1,1
73,cropped/dusseldorf/56.png,class1,1
73,cropped/dusseldorf/1532.png,class1,1
73,cropped/dusseldorf/1534.png,class1,1
73,cropped/dusseldorf/1535.png,class1,1
73,cropped/dusseldorf/57.png,class4,4
73,cropped/dusseldorf/1536.png,class1,1
73,cropped/dusseldorf/58.png,class4,4
73,cropped/dusseldorf/1533.png,class1,1
73,cropped/dusseldorf/1540.png,class1,1
73,cropped/dusseldorf/328.png,class1,1
73,cropped/dusseldorf/1537.png,class1,1
73,cropped/dusseldorf/329.png,class1,1
73,cropped/dusseldorf/1538.png,class1,1
73,cropped/dusseldorf/330.png,class1,1
73,cropped/dusseldorf/1541.png,class4,4
73,cropped/dusseldorf/332.png,class1,1
73,cropped/dusseldorf/335.png,class5,5
73,cropped/dusseldorf/333.png,class1,1
73,cropped/dusseldorf/660.png,class1,1
73,cropped/dusseldorf/334.png,class1,1
73,cropped/dusseldorf/657.png,class1,1
73,cropped/dusseldorf/662.png,class1,1
73,cropped/dusseldorf/656.png,class1,1
73,cropped/dusseldorf/658.png,class1,1
73,cropped/dusseldorf/663.png,class1,1
73,cropped/dusseldorf/687.png,class1,1
73,cropped/dusseldorf/664.png,class1,1
73,cropped/dusseldorf/683.png,class1,1
73,cropped/dusseldorf/688.png,class1,1
73,cropped/dusseldorf/685.png,class1,1
73,cropped/dusseldorf/686.png,class1,1
73,cropped/dusseldorf/684.png,class1,1
73,cropped/dusseldorf/1436.png,class1,1
73,cropped/dusseldorf/694.png,class1,1
73,cropped/dusseldorf/693.png,class1,1
73,cropped/dusseldorf/691.png,class1,1
73,cropped/dusseldorf/696.png,class1,1
73,cropped/dusseldorf/697.png,class1,1
73,cropped/dusseldorf/695.png,class1,1
73,cropped/dusseldorf/698.png,class1,1
74,cropped/dusseldorf/1444.png,class1,1
74,cropped/dusseldorf/1441.png,class1,1
74,cropped/dusseldorf/1446.png,class1,1
74,cropped/dusseldorf/1447.png,class1,1
74,cropped/dusseldorf/1445.png,class1,1
74,cropped/dusseldorf/1443.png,class1,1
74,cropped/dusseldorf/1442.png,class1,1
74,cropped/dusseldorf/1438.png,class1,1
74,cropped/dusseldorf/507.png,class1,1
74,cropped/dusseldorf/509.png,class1,1
74,cropped/dusseldorf/512.png,class1,1
74,cropped/dusseldorf/1448.png,class1,1
74,cropped/dusseldorf/513.png,class1,1
74,cropped/dusseldorf/508.png,class1,1
74,cropped/dusseldorf/514.png,class1,1
74,cropped/dusseldorf/510.png,class1,1
74,cropped/dusseldorf/518.png,class1,1
74,cropped/dusseldorf/515.png,class1,1
74,cropped/dusseldorf/1003.png,class1,1
74,cropped/dusseldorf/517.png,class1,1
74,cropped/dusseldorf/1004.png,class1,1
74,cropped/dusseldorf/520.png,class1,1
74,cropped/dusseldorf/516.png,class1,1
74,cropped/dusseldorf/519.png,class1,1
74,cropped/dusseldorf/1005.png,class1,1
74,cropped/dusseldorf/1012.png,class1,1
74,cropped/dusseldorf/1007.png,class1,1
74,cropped/dusseldorf/1006.png,class1,1
74,cropped/dusseldorf/1011.png,class1,1
74,cropped/dusseldorf/1013.png,class1,1
74,cropped/dusseldorf/1014.png,class1,1
74,cropped/dusseldorf/1008.png,class1,1
74,cropped/dusseldorf/1022.png,class1,1
74,cropped/dusseldorf/1015.png,class1,1
74,cropped/dusseldorf/1450.png,class1,1
74,cropped/dusseldorf/1019.png,class1,1
74,cropped/dusseldorf/1018.png,class1,1
74,cropped/dusseldorf/1021.png,class1,1
74,cropped/dusseldorf/1016.png,class1,1
74,cropped/dusseldorf/1017.png,class1,1
74,cropped/dusseldorf/222.png,class1,1
74,cropped/dusseldorf/218.png,class1,1
74,cropped/dusseldorf/220.png,class1,1
74,cropped/dusseldorf/1453.png,class1,1
74,cropped/dusseldorf/223.png,class1,1
74,cropped/dusseldorf/1452.png,class1,1
74,cropped/dusseldorf/1455.png,class1,1
74,cropped/dusseldorf/221.png,class1,1
74,cropped/dusseldorf/1476.png,class1,1
74,cropped/dusseldorf/224.png,class2,2
74,cropped/dusseldorf/1473.png,class1,1
74,cropped/dusseldorf/225.png,class1,1
74,cropped/dusseldorf/228.png,class1,1
74,cropped/dusseldorf/1472.png,class1,1
74,cropped/dusseldorf/1475.png,class1,1
74,cropped/dusseldorf/1474.png,class1,1
74,cropped/dusseldorf/1480.png,class1,1
74,cropped/dusseldorf/621.png,class1,1
74,cropped/dusseldorf/622.png,class1,1
74,cropped/dusseldorf/149.png,class4,4
74,cropped/dusseldorf/1478.png,class1,1
74,cropped/dusseldorf/148.png,class1,1
74,cropped/dusseldorf/147.png,class1,1
74,cropped/dusseldorf/1477.png,class1,1
74,cropped/dusseldorf/966.png,class1,1
74,cropped/dusseldorf/969.png,class1,1
74,cropped/dusseldorf/968.png,class1,1
74,cropped/dusseldorf/967.png,class1,1
74,cropped/dusseldorf/965.png,class1,1
74,cropped/dusseldorf/564.png,class1,1
74,cropped/dusseldorf/624.png,class0,0
74,cropped/dusseldorf/623.png,class1,1
74,cropped/dusseldorf/575.png,class1,1
74,cropped/dusseldorf/572.png,class1,1
74,cropped/dusseldorf/567.png,class1,1
74,cropped/dusseldorf/574.png,class1,1
74,cropped/dusseldorf/566.png,class0,0
74,cropped/dusseldorf/568.png,class1,1
74,cropped/dusseldorf/570.png,class1,1
74,cropped/dusseldorf/571.png,class1,1
75,cropped/dusseldorf/577.png,class2,2
75,cropped/dusseldorf/576.png,class1,1
75,cropped/dusseldorf/1313.png,class4,4
75,cropped/dusseldorf/1308.png,class1,1
75,cropped/dusseldorf/1312.png,class1,1
75,cropped/dusseldorf/1311.png,class1,1
75,cropped/dusseldorf/1310.png,class1,1
75,cropped/dusseldorf/1309.png,class1,1
75,cropped/dusseldorf/9.png,class1,1
75,cropped/dusseldorf/10.png,class1,1
75,cropped/dusseldorf/5.png,class1,1
75,cropped/dusseldorf/1315.png,class1,1
75,cropped/dusseldorf/1316.png,class1,1
75,cropped/dusseldorf/11.png,class1,1
75,cropped/dusseldorf/1314.png,class1,1
75,cropped/dusseldorf/8.png,class4,4
75,cropped/dusseldorf/1640.png,class1,1
75,cropped/dusseldorf/1642.png,class1,1
75,cropped/dusseldorf/1644.png,class1,1
75,cropped/dusseldorf/1646.png,class1,1
75,cropped/dusseldorf/1643.png,class1,1
75,cropped/dusseldorf/1639.png,class1,1
75,cropped/dusseldorf/1645.png,class1,1
75,cropped/dusseldorf/1638.png,class1,1
75,cropped/dusseldorf/1647.png,class1,1
75,cropped/dusseldorf/458.png,class1,1
75,cropped/dusseldorf/457.png,class1,1
75,cropped/dusseldorf/454.png,class1,1
75,cropped/dusseldorf/1648.png,class1,1
75,cropped/dusseldorf/1649.png,class1,1
75,cropped/dusseldorf/455.png,class1,1
75,cropped/dusseldorf/456.png,class1,1
75,cropped/dusseldorf/461.png,class1,1
75,cropped/dusseldorf/468.png,class1,1
75,cropped/dusseldorf/467.png,class1,1
75,cropped/dusseldorf/463.png,class1,1
75,cropped/dusseldorf/464.png,class1,1
75,cropped/dusseldorf/469.png,class1,1
75,cropped/dusseldorf/465.png,class1,1
75,cropped/dusseldorf/460.png,class1,1
75,cropped/dusseldorf/1589.png,class1,1
75,cropped/dusseldorf/470.png,class1,1
75,cropped/dusseldorf/1585.png,class1,1
75,cropped/dusseldorf/1587.png,class1,1
75,cropped/dusseldorf/1586.png,class1,1
75,cropped/dusseldorf/1588.png,class1,1
75,cropped/dusseldorf/1584.png,class1,1
75,cropped/dusseldorf/471.png,class1,1
75,cropped/dusseldorf/1591.png,class1,1
75,cropped/dusseldorf/1417.png,class1,1
75,cropped/dusseldorf/1590.png,class1,1
75,cropped/dusseldorf/1418.png,class1,1
75,cropped/dusseldorf/1595.png,class1,1
75,cropped/dusseldorf/1416.png,class1,1
75,cropped/dusseldorf/1592.png,class1,1
75,cropped/dusseldorf/1593.png,class1,1
75,cropped/dusseldorf/1421.png,class1,1
75,cropped/dusseldorf/1429.png,class1,1
75,cropped/dusseldorf/1428.png,class1,1
75,cropped/dusseldorf/1425.png,class1,1
75,cropped/dusseldorf/1422.png,class1,1
75,cropped/dusseldorf/1423.png,class1,1
75,cropped/dusseldorf/1426.png,class1,1
75,cropped/dusseldorf/1424.png,class1,1
75,cropped/dusseldorf/716.png,class1,1
75,cropped/dusseldorf/714.png,class1,1
75,cropped/dusseldorf/1430.png,class1,1
75,cropped/dusseldorf/1433.png,class1,1
75,cropped/dusseldorf/715.png,class0,0
75,cropped/dusseldorf/712.png,class1,1
75,cropped/dusseldorf/1432.png,class1,1
75,cropped/dusseldorf/713.png,class4,4
75,cropped/dusseldorf/907.png,class1,1
75,cropped/dusseldorf/903.png,class5,5
75,cropped/dusseldorf/905.png,class1,1
75,cropped/dusseldorf/908.png,class1,1
75,cropped/dusseldorf/906.png,class1,1
75,cropped/dusseldorf/902.png,class1,1
75,cropped/dusseldorf/901.png,class1,1
75,cropped/dusseldorf/910.png,class1,1
76,cropped/dusseldorf/295.png,class1,1
76,cropped/dusseldorf/911.png,class1,1
76,cropped/dusseldorf/913.png,class1,1
76,cropped/dusseldorf/291.png,class1,1
76,cropped/dusseldorf/294.png,class1,1
76,cropped/dusseldorf/292.png,class1,1
76,cropped/dusseldorf/293.png,class1,1
76,cropped/dusseldorf/912.png,class1,1
76,cropped/dusseldorf/301.png,class1,1
76,cropped/dusseldorf/299.png,class1,1
76,cropped/dusseldorf/297.png,class1,1
76,cropped/dusseldorf/305.png,class1,1
76,cropped/dusseldorf/304.png,class1,1
76,cropped/dusseldorf/300.png,class1,1
76,cropped/dusseldorf/302.png,class1,1
76,cropped/dusseldorf/303.png,class1,1
76,cropped/dusseldorf/307.png,class1,1
76,cropped/dusseldorf/269.png,class1,1
76,cropped/dusseldorf/306.png,class1,1
76,cropped/dusseldorf/263.png,class1,1
76,cropped/dusseldorf/267.png,class1,1
76,cropped/dusseldorf/264.png,class1,1
76,cropped/dusseldorf/265.png,class1,1
76,cropped/dusseldorf/268.png,class1,1
76,cropped/dusseldorf/350.png,class1,1
76,cropped/dusseldorf/273.png,class1,1
76,cropped/dusseldorf/348.png,class1,1
76,cropped/dusseldorf/349.png,class1,1
76,cropped/dusseldorf/274.png,class1,1
76,cropped/dusseldorf/351.png,class1,1
76,cropped/dusseldorf/276.png,class1,1
76,cropped/dusseldorf/275.png,class1,1
76,cropped/dusseldorf/353.png,class1,1
76,cropped/dusseldorf/357.png,class1,1
76,cropped/dusseldorf/359.png,class1,1
76,cropped/dusseldorf/354.png,class1,1
76,cropped/dusseldorf/358.png,class1,1
76,cropped/dusseldorf/360.png,class1,1
76,cropped/dusseldorf/352.png,class1,1
76,cropped/dusseldorf/356.png,class1,1
76,cropped/dusseldorf/383.png,class0,0
76,cropped/dusseldorf/378.png,class1,1
76,cropped/dusseldorf/379.png,class1,1
76,cropped/dusseldorf/377.png,class0,0
76,cropped/dusseldorf/386.png,class0,0
76,cropped/dusseldorf/384.png,class4,4
76,cropped/dusseldorf/381.png,class1,1
76,cropped/dusseldorf/382.png,class0,0
76,cropped/dusseldorf/881.png,class1,1
76,cropped/dusseldorf/883.png,class1,1
76,cropped/dusseldorf/882.png,class1,1
76,cropped/dusseldorf/390.png,class0,0
76,cropped/dusseldorf/388.png,class0,0
76,cropped/dusseldorf/389.png,class0,0
76,cropped/dusseldorf/880.png,class1,1
76,cropped/dusseldorf/885.png,class1,1
76,cropped/dusseldorf/887.png,class1,1
76,cropped/dusseldorf/886.png,class1,1
76,cropped/dusseldorf/889.png,class1,1
76,cropped/dusseldorf/1038.png,class4,4
76,cropped/dusseldorf/888.png,class4,4
76,cropped/dusseldorf/891.png,class1,1
76,cropped/dusseldorf/892.png,class1,1
76,cropped/dusseldorf/890.png,class1,1
76,cropped/dusseldorf/1041.png,class4,4
76,cropped/dusseldorf/1039.png,class1,1
76,cropped/dusseldorf/1046.png,class1,1
76,cropped/dusseldorf/1045.png,class1,1
76,cropped/dusseldorf/1040.png,class1,1
76,cropped/dusseldorf/1048.png,class1,1
76,cropped/dusseldorf/1043.png,class1,1
76,cropped/dusseldorf/1044.png,class1,1
76,cropped/dusseldorf/1542.png,class1,1
76,cropped/dusseldorf/1543.png,class1,1
76,cropped/dusseldorf/1544.png,class1,1
76,cropped/dusseldorf/1117.png,class1,1
76,cropped/dusseldorf/1548.png,class1,1
76,cropped/dusseldorf/1116.png,class1,1
76,cropped/dusseldorf/1549.png,class1,1
76,cropped/dusseldorf/1547.png,class1,1
77,cropped/dusseldorf/1550.png,class1,1
77,cropped/dusseldorf/250.png,class1,1
77,cropped/dusseldorf/245.png,class1,1
77,cropped/dusseldorf/1551.png,class1,1
77,cropped/dusseldorf/246.png,class1,1
77,cropped/dusseldorf/251.png,class4,4
77,cropped/dusseldorf/252.png,class5,5
77,cropped/dusseldorf/249.png,class1,1
77,cropped/dusseldorf/1249.png,class1,1
77,cropped/dusseldorf/1247.png,class1,1
77,cropped/dusseldorf/1243.png,class1,1
77,cropped/dusseldorf/1244.png,class4,4
77,cropped/dusseldorf/1252.png,class1,1
77,cropped/dusseldorf/1251.png,class1,1
77,cropped/dusseldorf/1250.png,class1,1
77,cropped/dusseldorf/1245.png,class1,1
77,cropped/dusseldorf/970.png,class1,1
77,cropped/dusseldorf/977.png,class1,1
77,cropped/dusseldorf/976.png,class3,3
77,cropped/dusseldorf/973.png,class1,1
77,cropped/dusseldorf/971.png,class1,1
77,cropped/dusseldorf/974.png,class1,1
77,cropped/dusseldorf/978.png,class1,1
77,cropped/dusseldorf/1253.png,class1,1
77,cropped/dusseldorf/116.png,class1,1
77,cropped/dusseldorf/979.png,class1,1
77,cropped/dusseldorf/120.png,class1,1
77,cropped/dusseldorf/982.png,class4,4
77,cropped/dusseldorf/983.png,class1,1
77,cropped/dusseldorf/117.png,class1,1
77,cropped/dusseldorf/118.png,class1,1
77,cropped/dusseldorf/119.png,class1,1
77,cropped/dusseldorf/1570.png,class1,1
77,cropped/dusseldorf/819.png,class1,1
77,cropped/dusseldorf/122.png,class1,1
77,cropped/dusseldorf/818.png,class1,1
77,cropped/dusseldorf/1622.png,class1,1
77,cropped/dusseldorf/121.png,class1,1
77,cropped/dusseldorf/817.png,class1,1
77,cropped/dusseldorf/820.png,class1,1
77,cropped/dusseldorf/1626.png,class1,1
77,cropped/dusseldorf/1630.png,class1,1
77,cropped/dusseldorf/472.png,class1,1
77,cropped/dusseldorf/1628.png,class1,1
77,cropped/dusseldorf/473.png,class1,1
77,cropped/dusseldorf/1627.png,class1,1
77,cropped/dusseldorf/474.png,class1,1
77,cropped/dusseldorf/1629.png,class1,1
77,cropped/dusseldorf/477.png,class1,1
77,cropped/dusseldorf/734.png,class1,1
77,cropped/dusseldorf/476.png,class1,1
77,cropped/dusseldorf/733.png,class1,1
77,cropped/dusseldorf/732.png,class1,1
77,cropped/dusseldorf/738.png,class1,1
77,cropped/dusseldorf/475.png,class1,1
77,cropped/dusseldorf/736.png,class1,1
77,cropped/dusseldorf/259.png,class1,1
77,cropped/dusseldorf/1067.png,class1,1
77,cropped/dusseldorf/253.png,class1,1
77,cropped/dusseldorf/255.png,class1,1
77,cropped/dusseldorf/258.png,class1,1
77,cropped/dusseldorf/260.png,class4,4
77,cropped/dusseldorf/739.png,class1,1
77,cropped/dusseldorf/254.png,class4,4
77,cropped/dusseldorf/1071.png,class1,1
77,cropped/dusseldorf/1077.png,class1,1
77,cropped/dusseldorf/1076.png,class1,1
77,cropped/dusseldorf/1075.png,class1,1
77,cropped/dusseldorf/1074.png,class1,1
77,cropped/dusseldorf/1069.png,class1,1
77,cropped/dusseldorf/1068.png,class1,1
77,cropped/dusseldorf/1073.png,class1,1
77,cropped/dusseldorf/1162.png,class1,1
77,cropped/dusseldorf/1080.png,class1,1
77,cropped/dusseldorf/1081.png,class1,1
77,cropped/dusseldorf/1078.png,class1,1
77,cropped/dusseldorf/1165.png,class1,1
77,cropped/dusseldorf/1079.png,class1,1
77,cropped/dusseldorf/1164.png,class1,1
77,cropped/dusseldorf/1163.png,class1,1
78,cropped/dusseldorf/153.png,class1,1
78,cropped/dusseldorf/1168.png,class1,1
78,cropped/dusseldorf/150.png,class1,1
78,cropped/dusseldorf/151.png,class1,1
78,cropped/dusseldorf/1170.png,class1,1
78,cropped/dusseldorf/1171.png,class1,1
78,cropped/dusseldorf/1166.png,class1,1
78,cropped/dusseldorf/152.png,class4,4
78,cropped/dusseldorf/159.png,class1,1
78,cropped/dusseldorf/157.png,class1,1
78,cropped/dusseldorf/155.png,class1,1
78,cropped/dusseldorf/156.png,class1,1
78,cropped/dusseldorf/160.png,class1,1
78,cropped/dusseldorf/1029.png,class1,1
78,cropped/dusseldorf/161.png,class1,1
78,cropped/dusseldorf/154.png,class1,1
78,cropped/dusseldorf/813.png,class3,3
78,cropped/dusseldorf/1033.png,class1,1
78,cropped/dusseldorf/1032.png,class1,1
78,cropped/dusseldorf/1035.png,class1,1
78,cropped/dusseldorf/1030.png,class1,1
78,cropped/dusseldorf/811.png,class0,0
78,cropped/dusseldorf/1036.png,class1,1
78,cropped/dusseldorf/1034.png,class1,1
78,cropped/dusseldorf/1143.png,class1,1
78,cropped/dusseldorf/816.png,class1,1
78,cropped/dusseldorf/1139.png,class1,1
78,cropped/dusseldorf/1142.png,class1,1
78,cropped/dusseldorf/1141.png,class1,1
78,cropped/dusseldorf/815.png,class1,1
78,cropped/dusseldorf/1571.png,class1,1
78,cropped/dusseldorf/814.png,class1,1
78,cropped/dusseldorf/1581.png,class4,4
78,cropped/dusseldorf/1579.png,class0,0
78,cropped/dusseldorf/1573.png,class0,0
78,cropped/dusseldorf/1575.png,class1,1
78,cropped/dusseldorf/1576.png,class0,0
78,cropped/dusseldorf/1578.png,class0,0
78,cropped/dusseldorf/1572.png,class1,1
78,cropped/dusseldorf/1574.png,class1,1
78,cropped/dusseldorf/480.png,class1,1
78,cropped/dusseldorf/483.png,class1,1
78,cropped/dusseldorf/478.png,class1,1
78,cropped/dusseldorf/485.png,class1,1
78,cropped/dusseldorf/482.png,class1,1
78,cropped/dusseldorf/486.png,class1,1
78,cropped/dusseldorf/484.png,class1,1
78,cropped/dusseldorf/487.png,class1,1
78,cropped/dusseldorf/1337.png,class1,1
78,cropped/dusseldorf/1343.png,class1,1
78,cropped/dusseldorf/1342.png,class1,1
78,cropped/dusseldorf/1338.png,class1,1
78,cropped/dusseldorf/489.png,class1,1
78,cropped/dusseldorf/1336.png,class1,1
78,cropped/dusseldorf/1339.png,class1,1
78,cropped/dusseldorf/1340.png,class1,1
78,cropped/dusseldorf/522.png,class1,1
78,cropped/dusseldorf/529.png,class1,1
78,cropped/dusseldorf/525.png,class1,1
78,cropped/dusseldorf/528.png,class1,1
78,cropped/dusseldorf/527.png,class1,1
78,cropped/dusseldorf/531.png,class1,1
78,cropped/dusseldorf/530.png,class1,1
78,cropped/dusseldorf/526.png,class1,1
78,cropped/dusseldorf/1118.png,class1,1
78,cropped/dusseldorf/535.png,class1,1
78,cropped/dusseldorf/1122.png,class1,1
78,cropped/dusseldorf/1120.png,class1,1
78,cropped/dusseldorf/532.png,class1,1
78,cropped/dusseldorf/533.png,class4,4
78,cropped/dusseldorf/1119.png,class1,1
78,cropped/dusseldorf/536.png,class1,1
78,cropped/dusseldorf/1260.png,class1,1
78,cropped/dusseldorf/1258.png,class1,1
78,cropped/dusseldorf/1123.png,class1,1
78,cropped/dusseldorf/1262.png,class1,1
78,cropped/dusseldorf/1257.png,class1,1
78,cropped/dusseldorf/1125.png,class1,1
78,cropped/dusseldorf/1259.png,class1,1
78,cropped/dusseldorf/1124.png,class1,1
79,cropped/erfurt/83.png,class1,1
79,cropped/erfurt/82.png,class1,1
79,cropped/erfurt/343.png,class1,1
79,cropped/erfurt/342.png,class1,1
79,cropped/erfurt/81.png,class4,4
79,cropped/erfurt/340.png,class1,1
79,cropped/erfurt/339.png,class1,1
79,cropped/erfurt/84.png,class1,1
79,cropped/erfurt/599.png,class1,1
79,cropped/erfurt/346.png,class0,0
79,cropped/erfurt/2.png,class1,1
79,cropped/erfurt/598.png,class1,1
79,cropped/erfurt/601.png,class1,1
79,cropped/erfurt/345.png,class0,0
79,cropped/erfurt/0.png,class1,1
79,cropped/erfurt/202.png,class0,0
79,cropped/erfurt/228.png,class1,1
79,cropped/erfurt/496.png,class1,1
79,cropped/erfurt/492.png,class1,1
79,cropped/erfurt/494.png,class1,1
79,cropped/erfurt/227.png,class1,1
79,cropped/erfurt/490.png,class1,1
79,cropped/erfurt/493.png,class1,1
79,cropped/erfurt/489.png,class1,1
79,cropped/erfurt/230.png,class1,1
79,cropped/erfurt/602.png,class1,1
79,cropped/erfurt/605.png,class1,1
79,cropped/erfurt/233.png,class1,1
79,cropped/erfurt/606.png,class1,1
79,cropped/erfurt/232.png,class1,1
79,cropped/erfurt/603.png,class1,1
79,cropped/erfurt/229.png,class1,1
79,cropped/erfurt/267.png,class1,1
79,cropped/erfurt/472.png,class1,1
79,cropped/erfurt/469.png,class1,1
79,cropped/erfurt/268.png,class4,4
79,cropped/erfurt/265.png,class1,1
79,cropped/erfurt/269.png,class4,4
79,cropped/erfurt/470.png,class1,1
79,cropped/erfurt/607.png,class0,0
79,cropped/erfurt/220.png,class1,1
79,cropped/erfurt/218.png,class1,1
79,cropped/erfurt/221.png,class1,1
79,cropped/erfurt/216.png,class1,1
79,cropped/erfurt/215.png,class1,1
79,cropped/erfurt/473.png,class1,1
79,cropped/erfurt/219.png,class1,1
79,cropped/erfurt/474.png,class1,1
79,cropped/erfurt/173.png,class1,1
79,cropped/erfurt/175.png,class1,1
79,cropped/erfurt/169.png,class1,1
79,cropped/erfurt/176.png,class1,1
79,cropped/erfurt/177.png,class1,1
79,cropped/erfurt/174.png,class1,1
79,cropped/erfurt/168.png,class1,1
79,cropped/erfurt/170.png,class0,0
79,cropped/erfurt/360.png,class1,1
79,cropped/erfurt/57.png,class1,1
79,cropped/erfurt/356.png,class1,1
79,cropped/erfurt/358.png,class1,1
79,cropped/erfurt/357.png,class1,1
79,cropped/erfurt/59.png,class1,1
79,cropped/erfurt/60.png,class1,1
79,cropped/erfurt/359.png,class1,1
79,cropped/erfurt/361.png,class1,1
79,cropped/erfurt/362.png,class1,1
79,cropped/erfurt/513.png,class0,0
79,cropped/erfurt/347.png,class1,1
79,cropped/erfurt/366.png,class1,1
79,cropped/erfurt/363.png,class1,1
79,cropped/erfurt/365.png,class1,1
79,cropped/erfurt/364.png,class1,1
79,cropped/erfurt/349.png,class1,1
79,cropped/erfurt/348.png,class1,1
79,cropped/erfurt/352.png,class1,1
79,cropped/erfurt/355.png,class5,5
79,cropped/erfurt/354.png,class1,1
79,cropped/erfurt/351.png,class1,1
79,cropped/erfurt/353.png,class1,1
79,cropped/erfurt/566.png,class1,1
80,cropped/erfurt/568.png,class1,1
80,cropped/erfurt/570.png,class1,1
80,cropped/erfurt/62.png,class1,1
80,cropped/erfurt/66.png,class1,1
80,cropped/erfurt/63.png,class1,1
80,cropped/erfurt/571.png,class1,1
80,cropped/erfurt/65.png,class1,1
80,cropped/erfurt/64.png,class1,1
80,cropped/erfurt/71.png,class1,1
80,cropped/erfurt/199.png,class1,1
80,cropped/erfurt/72.png,class1,1
80,cropped/erfurt/197.png,class1,1
80,cropped/erfurt/196.png,class1,1
80,cropped/erfurt/67.png,class1,1
80,cropped/erfurt/69.png,class1,1
80,cropped/erfurt/198.png,class1,1
80,cropped/erfurt/31.png,class1,1
80,cropped/erfurt/395.png,class0,0
80,cropped/erfurt/201.png,class1,1
80,cropped/erfurt/200.png,class1,1
80,cropped/erfurt/30.png,class1,1
80,cropped/erfurt/396.png,class1,1
80,cropped/erfurt/32.png,class1,1
80,cropped/erfurt/397.png,class1,1
80,cropped/erfurt/535.png,class1,1
80,cropped/erfurt/536.png,class1,1
80,cropped/erfurt/209.png,class0,0
80,cropped/erfurt/140.png,class1,1
80,cropped/erfurt/211.png,class1,1
80,cropped/erfurt/210.png,class1,1
80,cropped/erfurt/212.png,class1,1
80,cropped/erfurt/139.png,class1,1
80,cropped/erfurt/128.png,class0,0
80,cropped/erfurt/674.png,class1,1
80,cropped/erfurt/243.png,class1,1
80,cropped/erfurt/245.png,class1,1
80,cropped/erfurt/676.png,class1,1
80,cropped/erfurt/129.png,class4,4
80,cropped/erfurt/214.png,class1,1
80,cropped/erfurt/244.png,class1,1
80,cropped/erfurt/532.png,class1,1
80,cropped/erfurt/587.png,class1,1
80,cropped/erfurt/34.png,class1,1
80,cropped/erfurt/588.png,class1,1
80,cropped/erfurt/533.png,class0,0
80,cropped/erfurt/246.png,class1,1
80,cropped/erfurt/589.png,class1,1
80,cropped/erfurt/590.png,class1,1
80,cropped/erfurt/668.png,class1,1
80,cropped/erfurt/591.png,class1,1
80,cropped/erfurt/667.png,class1,1
80,cropped/erfurt/593.png,class4,4
80,cropped/erfurt/666.png,class1,1
80,cropped/erfurt/378.png,class1,1
80,cropped/erfurt/663.png,class1,1
80,cropped/erfurt/664.png,class1,1
80,cropped/erfurt/136.png,class3,3
80,cropped/erfurt/135.png,class1,1
80,cropped/erfurt/631.png,class1,1
80,cropped/erfurt/289.png,class1,1
80,cropped/erfurt/379.png,class1,1
80,cropped/erfurt/138.png,class1,1
80,cropped/erfurt/380.png,class1,1
80,cropped/erfurt/264.png,class1,1
80,cropped/erfurt/634.png,class3,3
80,cropped/erfurt/633.png,class3,3
80,cropped/erfurt/324.png,class0,0
80,cropped/erfurt/319.png,class1,1
80,cropped/erfurt/320.png,class1,1
80,cropped/erfurt/323.png,class0,0
80,cropped/erfurt/632.png,class3,3
80,cropped/erfurt/322.png,class4,4
80,cropped/erfurt/463.png,class1,1
80,cropped/erfurt/464.png,class4,4
80,cropped/erfurt/466.png,class1,1
80,cropped/erfurt/465.png,class1,1
80,cropped/erfurt/467.png,class1,1
80,cropped/erfurt/332.png,class1,1
80,cropped/erfurt/462.png,class1,1
80,cropped/erfurt/333.png,class1,1
81,cropped/erfurt/238.png,class0,0
81,cropped/erfurt/235.png,class1,1
81,cropped/erfurt/239.png,class0,0
81,cropped/erfurt/237.png,class1,1
81,cropped/erfurt/234.png,class1,1
81,cropped/erfurt/236.png,class1,1
81,cropped/erfurt/414.png,class1,1
81,cropped/erfurt/241.png,class1,1
81,cropped/erfurt/418.png,class1,1
81,cropped/erfurt/416.png,class1,1
81,cropped/erfurt/424.png,class0,0
81,cropped/erfurt/419.png,class1,1
81,cropped/erfurt/421.png,class4,4
81,cropped/erfurt/422.png,class0,0
81,cropped/erfurt/415.png,class1,1
81,cropped/erfurt/417.png,class1,1
81,cropped/erfurt/162.png,class1,1
81,cropped/erfurt/166.png,class1,1
81,cropped/erfurt/165.png,class4,4
81,cropped/erfurt/160.png,class1,1
81,cropped/erfurt/538.png,class1,1
81,cropped/erfurt/163.png,class1,1
81,cropped/erfurt/161.png,class1,1
81,cropped/erfurt/164.png,class4,4
81,cropped/erfurt/542.png,class1,1
81,cropped/erfurt/545.png,class0,0
81,cropped/erfurt/544.png,class1,1
81,cropped/erfurt/543.png,class1,1
81,cropped/erfurt/540.png,class1,1
81,cropped/erfurt/539.png,class1,1
81,cropped/erfurt/547.png,class0,0
81,cropped/erfurt/541.png,class1,1
81,cropped/erfurt/385.png,class1,1
81,cropped/erfurt/383.png,class1,1
81,cropped/erfurt/384.png,class1,1
81,cropped/erfurt/389.png,class1,1
81,cropped/erfurt/390.png,class1,1
81,cropped/erfurt/391.png,class1,1
81,cropped/erfurt/392.png,class1,1
81,cropped/erfurt/386.png,class1,1
81,cropped/erfurt/594.png,class1,1
81,cropped/erfurt/393.png,class1,1
81,cropped/erfurt/394.png,class1,1
81,cropped/erfurt/596.png,class1,1
81,cropped/erfurt/436.png,class1,1
81,cropped/erfurt/437.png,class1,1
81,cropped/erfurt/461.png,class1,1
81,cropped/erfurt/597.png,class1,1
81,cropped/erfurt/438.png,class0,0
81,cropped/erfurt/440.png,class0,0
81,cropped/erfurt/444.png,class0,0
81,cropped/erfurt/441.png,class0,0
81,cropped/erfurt/442.png,class0,0
81,cropped/erfurt/439.png,class0,0
81,cropped/erfurt/443.png,class0,0
81,cropped/erfurt/445.png,class0,0
81,cropped/erfurt/275.png,class1,1
81,cropped/erfurt/272.png,class1,1
81,cropped/erfurt/271.png,class1,1
81,cropped/erfurt/449.png,class0,0
81,cropped/erfurt/274.png,class1,1
81,cropped/erfurt/448.png,class0,0
81,cropped/erfurt/276.png,class1,1
81,cropped/erfurt/270.png,class1,1
81,cropped/erfurt/280.png,class1,1
81,cropped/erfurt/282.png,class1,1
81,cropped/erfurt/283.png,class1,1
81,cropped/erfurt/660.png,class0,0
81,cropped/erfurt/278.png,class1,1
81,cropped/erfurt/279.png,class1,1
81,cropped/erfurt/657.png,class1,1
81,cropped/erfurt/658.png,class0,0
81,cropped/erfurt/611.png,class1,1
81,cropped/erfurt/608.png,class1,1
81,cropped/erfurt/609.png,class1,1
81,cropped/erfurt/662.png,class0,0
81,cropped/erfurt/612.png,class1,1
81,cropped/erfurt/134.png,class4,4
81,cropped/erfurt/610.png,class1,1
81,cropped/erfurt/661.png,class0,0
82,cropped/erfurt/621.png,class4,4
82,cropped/erfurt/615.png,class1,1
82,cropped/erfurt/623.png,class4,4
82,cropped/erfurt/618.png,class1,1
82,cropped/erfurt/622.png,class4,4
82,cropped/erfurt/617.png,class1,1
82,cropped/erfurt/620.png,class4,4
82,cropped/erfurt/619.png,class1,1
82,cropped/erfurt/683.png,class1,1
82,cropped/erfurt/686.png,class4,4
82,cropped/erfurt/688.png,class1,1
82,cropped/erfurt/147.png,class1,1
82,cropped/erfurt/26.png,class1,1
82,cropped/erfurt/684.png,class1,1
82,cropped/erfurt/689.png,class1,1
82,cropped/erfurt/687.png,class4,4
82,cropped/erfurt/149.png,class0,0
82,cropped/erfurt/503.png,class1,1
82,cropped/erfurt/502.png,class1,1
82,cropped/erfurt/497.png,class1,1
82,cropped/erfurt/501.png,class1,1
82,cropped/erfurt/500.png,class1,1
82,cropped/erfurt/504.png,class5,5
82,cropped/erfurt/498.png,class1,1
82,cropped/erfurt/506.png,class0,0
82,cropped/erfurt/508.png,class0,0
82,cropped/erfurt/646.png,class4,4
82,cropped/erfurt/643.png,class1,1
82,cropped/erfurt/507.png,class0,0
82,cropped/erfurt/505.png,class5,5
82,cropped/erfurt/642.png,class1,1
82,cropped/erfurt/509.png,class0,0
82,cropped/erfurt/654.png,class0,0
82,cropped/erfurt/650.png,class4,4
82,cropped/erfurt/651.png,class4,4
82,cropped/erfurt/653.png,class0,0
82,cropped/erfurt/648.png,class0,0
82,cropped/erfurt/649.png,class2,2
82,cropped/erfurt/647.png,class0,0
82,cropped/erfurt/656.png,class0,0
82,cropped/erfurt/575.png,class1,1
82,cropped/erfurt/577.png,class1,1
82,cropped/erfurt/576.png,class1,1
82,cropped/erfurt/625.png,class1,1
82,cropped/erfurt/574.png,class0,0
82,cropped/erfurt/624.png,class1,1
82,cropped/erfurt/573.png,class4,4
82,cropped/erfurt/579.png,class0,0
82,cropped/erfurt/583.png,class1,1
82,cropped/erfurt/407.png,class4,4
82,cropped/erfurt/586.png,class1,1
82,cropped/erfurt/584.png,class1,1
82,cropped/erfurt/410.png,class1,1
82,cropped/erfurt/581.png,class1,1
82,cropped/erfurt/408.png,class4,4
82,cropped/erfurt/582.png,class1,1
82,cropped/erfurt/411.png,class1,1
82,cropped/erfurt/413.png,class1,1
82,cropped/erfurt/253.png,class1,1
82,cropped/erfurt/412.png,class1,1
82,cropped/erfurt/527.png,class1,1
82,cropped/erfurt/250.png,class1,1
82,cropped/erfurt/526.png,class0,0
82,cropped/erfurt/528.png,class1,1
82,cropped/erfurt/531.png,class1,1
82,cropped/erfurt/426.png,class1,1
82,cropped/erfurt/427.png,class1,1
82,cropped/erfurt/530.png,class1,1
82,cropped/erfurt/529.png,class1,1
82,cropped/erfurt/431.png,class1,1
82,cropped/erfurt/432.png,class1,1
82,cropped/erfurt/430.png,class1,1
82,cropped/erfurt/249.png,class0,0
82,cropped/erfurt/248.png,class0,0
82,cropped/erfurt/681.png,class0,0
82,cropped/erfurt/433.png,class1,1
82,cropped/erfurt/434.png,class1,1
82,cropped/erfurt/247.png,class4,4
82,cropped/erfurt/334.png,class0,0
82,cropped/erfurt/680.png,class1,1
83,cropped/erfurt/153.png,class0,0
83,cropped/erfurt/152.png,class0,0
83,cropped/erfurt/224.png,class0,0
83,cropped/erfurt/154.png,class4,4
83,cropped/erfurt/335.png,class0,0
83,cropped/erfurt/225.png,class0,0
83,cropped/erfurt/151.png,class0,0
83,cropped/erfurt/223.png,class0,0
83,cropped/erfurt/157.png,class0,0
83,cropped/erfurt/89.png,class0,0
83,cropped/erfurt/86.png,class0,0
83,cropped/erfurt/159.png,class0,0
83,cropped/erfurt/88.png,class4,4
83,cropped/erfurt/156.png,class4,4
83,cropped/erfurt/155.png,class4,4
83,cropped/erfurt/87.png,class0,0
83,cropped/erfurt/142.png,class0,0
83,cropped/erfurt/143.png,class0,0
83,cropped/erfurt/179.png,class0,0
83,cropped/erfurt/178.png,class0,0
83,cropped/erfurt/145.png,class4,4
83,cropped/erfurt/475.png,class1,1
83,cropped/erfurt/146.png,class1,1
83,cropped/erfurt/476.png,class0,0
83,cropped/erfurt/479.png,class1,1
83,cropped/erfurt/257.png,class0,0
83,cropped/erfurt/256.png,class0,0
83,cropped/erfurt/482.png,class1,1
83,cropped/erfurt/480.png,class1,1
83,cropped/erfurt/254.png,class1,1
83,cropped/erfurt/481.png,class1,1
83,cropped/erfurt/477.png,class1,1
83,cropped/erfurt/262.png,class4,4
83,cropped/erfurt/35.png,class1,1
83,cropped/erfurt/260.png,class4,4
83,cropped/erfurt/36.png,class0,0
83,cropped/erfurt/38.png,class1,1
83,cropped/erfurt/261.png,class0,0
83,cropped/erfurt/258.png,class0,0
83,cropped/erfurt/263.png,class0,0
83,cropped/erfurt/402.png,class0,0
83,cropped/erfurt/39.png,class0,0
83,cropped/erfurt/405.png,class0,0
83,cropped/erfurt/40.png,class0,0
83,cropped/erfurt/41.png,class0,0
83,cropped/erfurt/112.png,class0,0
83,cropped/erfurt/110.png,class1,1
83,cropped/erfurt/403.png,class1,1
83,cropped/erfurt/551.png,class1,1
83,cropped/erfurt/635.png,class1,1
83,cropped/erfurt/315.png,class1,1
83,cropped/erfurt/637.png,class1,1
83,cropped/erfurt/325.png,class1,1
83,cropped/erfurt/636.png,class1,1
83,cropped/erfurt/638.png,class1,1
83,cropped/erfurt/406.png,class0,0
83,cropped/erfurt/626.png,class0,0
83,cropped/erfurt/628.png,class0,0
83,cropped/erfurt/484.png,class1,1
83,cropped/erfurt/487.png,class1,1
83,cropped/erfurt/485.png,class1,1
83,cropped/erfurt/483.png,class1,1
83,cropped/erfurt/486.png,class1,1
83,cropped/erfurt/317.png,class4,4
83,cropped/erfurt/73.png,class1,1
83,cropped/erfurt/510.png,class0,0
83,cropped/erfurt/301.png,class1,1
83,cropped/erfurt/629.png,class0,0
83,cropped/erfurt/300.png,class0,0
83,cropped/erfurt/76.png,class1,1
83,cropped/erfurt/511.png,class0,0
83,cropped/erfurt/299.png,class1,1
83,cropped/erfurt/77.png,class1,1
83,cropped/erfurt/329.png,class0,0
83,cropped/erfurt/639.png,class1,1
83,cropped/erfurt/327.png,class1,1
83,cropped/erfurt/328.png,class1,1
83,cropped/erfurt/78.png,class1,1
83,cropped/erfurt/79.png,class0,0
83,cropped/erfurt/326.png,class1,1
84,cropped/erfurt/641.png,class4,4
84,cropped/erfurt/6.png,class1,1
84,cropped/erfurt/8.png,class1,1
84,cropped/erfurt/4.png,class1,1
84,cropped/erfurt/5.png,class1,1
84,cropped/erfurt/3.png,class1,1
84,cropped/erfurt/381.png,class1,1
84,cropped/erfurt/382.png,class1,1
84,cropped/erfurt/9.png,class0,0
84,cropped/erfurt/206.png,class1,1
84,cropped/erfurt/131.png,class1,1
84,cropped/erfurt/204.png,class1,1
84,cropped/erfurt/205.png,class1,1
84,cropped/erfurt/10.png,class0,0
84,cropped/erfurt/133.png,class0,0
84,cropped/erfurt/132.png,class0,0
84,cropped/erfurt/207.png,class1,1
84,cropped/erfurt/308.png,class0,0
84,cropped/erfurt/304.png,class1,1
84,cropped/erfurt/208.png,class1,1
84,cropped/erfurt/302.png,class1,1
84,cropped/erfurt/303.png,class1,1
84,cropped/erfurt/306.png,class1,1
84,cropped/erfurt/307.png,class1,1
84,cropped/erfurt/314.png,class1,1
84,cropped/erfurt/451.png,class1,1
84,cropped/erfurt/311.png,class1,1
84,cropped/erfurt/312.png,class1,1
84,cropped/erfurt/310.png,class1,1
84,cropped/erfurt/452.png,class1,1
84,cropped/erfurt/450.png,class1,1
84,cropped/erfurt/453.png,class1,1
84,cropped/erfurt/457.png,class1,1
84,cropped/erfurt/456.png,class1,1
84,cropped/erfurt/517.png,class1,1
84,cropped/erfurt/515.png,class1,1
84,cropped/erfurt/518.png,class1,1
84,cropped/erfurt/455.png,class1,1
84,cropped/erfurt/516.png,class1,1
84,cropped/erfurt/459.png,class1,1
84,cropped/erfurt/284.png,class1,1
84,cropped/erfurt/525.png,class1,1
84,cropped/erfurt/523.png,class1,1
84,cropped/erfurt/519.png,class1,1
84,cropped/erfurt/522.png,class1,1
84,cropped/erfurt/286.png,class1,1
84,cropped/erfurt/524.png,class1,1
84,cropped/erfurt/285.png,class1,1
84,cropped/erfurt/287.png,class1,1
84,cropped/erfurt/294.png,class1,1
84,cropped/erfurt/288.png,class1,1
84,cropped/erfurt/290.png,class1,1
84,cropped/erfurt/292.png,class0,0
84,cropped/erfurt/295.png,class1,1
84,cropped/erfurt/679.png,class1,1
84,cropped/erfurt/293.png,class1,1
84,cropped/erfurt/116.png,class1,1
84,cropped/erfurt/296.png,class1,1
84,cropped/erfurt/298.png,class2,2
84,cropped/erfurt/113.png,class1,1
84,cropped/erfurt/114.png,class1,1
84,cropped/erfurt/297.png,class1,1
84,cropped/erfurt/118.png,class1,1
84,cropped/erfurt/119.png,class1,1
84,cropped/erfurt/126.png,class1,1
84,cropped/erfurt/91.png,class1,1
84,cropped/erfurt/125.png,class1,1
84,cropped/erfurt/120.png,class1,1
84,cropped/erfurt/122.png,class1,1
84,cropped/erfurt/90.png,class1,1
84,cropped/erfurt/121.png,class1,1
84,cropped/erfurt/123.png,class1,1
84,cropped/erfurt/99.png,class1,1
84,cropped/erfurt/92.png,class1,1
84,cropped/erfurt/96.png,class1,1
84,cropped/erfurt/97.png,class1,1
84,cropped/erfurt/93.png,class1,1
84,cropped/erfurt/101.png,class1,1
84,cropped/erfurt/98.png,class1,1
84,cropped/erfurt/95.png,class1,1
85,cropped/hamburg/266.png,class4,4
85,cropped/hamburg/2450.png,class1,1
85,cropped/hamburg/2449.png,class1,1
85,cropped/hamburg/268.png,class1,1
85,cropped/hamburg/2448.png,class1,1
85,cropped/hamburg/269.png,class0,0
85,cropped/hamburg/267.png,class1,1
85,cropped/hamburg/2451.png,class1,1
85,cropped/hamburg/2452.png,class1,1
85,cropped/hamburg/1263.png,class1,1
85,cropped/hamburg/1257.png,class2,2
85,cropped/hamburg/1264.png,class1,1
85,cropped/hamburg/1265.png,class1,1
85,cropped/hamburg/1260.png,class1,1
85,cropped/hamburg/1261.png,class1,1
85,cropped/hamburg/1259.png,class1,1
85,cropped/hamburg/1268.png,class1,1
85,cropped/hamburg/2534.png,class1,1
85,cropped/hamburg/2533.png,class4,4
85,cropped/hamburg/449.png,class1,1
85,cropped/hamburg/448.png,class1,1
85,cropped/hamburg/1266.png,class1,1
85,cropped/hamburg/2531.png,class1,1
85,cropped/hamburg/2532.png,class4,4
85,cropped/hamburg/560.png,class1,1
85,cropped/hamburg/2828.png,class4,4
85,cropped/hamburg/559.png,class1,1
85,cropped/hamburg/2825.png,class1,1
85,cropped/hamburg/2827.png,class4,4
85,cropped/hamburg/2824.png,class1,1
85,cropped/hamburg/2535.png,class1,1
85,cropped/hamburg/557.png,class1,1
85,cropped/hamburg/1963.png,class1,1
85,cropped/hamburg/1962.png,class1,1
85,cropped/hamburg/2146.png,class1,1
85,cropped/hamburg/1965.png,class1,1
85,cropped/hamburg/2147.png,class1,1
85,cropped/hamburg/1960.png,class1,1
85,cropped/hamburg/2829.png,class1,1
85,cropped/hamburg/1961.png,class1,1
85,cropped/hamburg/2188.png,class1,1
85,cropped/hamburg/1967.png,class1,1
85,cropped/hamburg/1969.png,class1,1
85,cropped/hamburg/2715.png,class2,2
85,cropped/hamburg/2189.png,class1,1
85,cropped/hamburg/1971.png,class1,1
85,cropped/hamburg/1972.png,class5,5
85,cropped/hamburg/1966.png,class1,1
85,cropped/hamburg/1709.png,class1,1
85,cropped/hamburg/2716.png,class1,1
85,cropped/hamburg/2718.png,class3,3
85,cropped/hamburg/1707.png,class0,0
85,cropped/hamburg/2717.png,class1,1
85,cropped/hamburg/2683.png,class1,1
85,cropped/hamburg/2720.png,class5,5
85,cropped/hamburg/2719.png,class1,1
85,cropped/hamburg/2684.png,class1,1
85,cropped/hamburg/421.png,class1,1
85,cropped/hamburg/1868.png,class1,1
85,cropped/hamburg/1867.png,class1,1
85,cropped/hamburg/1869.png,class1,1
85,cropped/hamburg/422.png,class1,1
85,cropped/hamburg/420.png,class1,1
85,cropped/hamburg/2686.png,class4,4
85,cropped/hamburg/2735.png,class1,1
85,cropped/hamburg/106.png,class1,1
85,cropped/hamburg/2734.png,class1,1
85,cropped/hamburg/108.png,class1,1
85,cropped/hamburg/109.png,class1,1
85,cropped/hamburg/104.png,class1,1
85,cropped/hamburg/105.png,class1,1
85,cropped/hamburg/107.png,class1,1
85,cropped/hamburg/2550.png,class1,1
85,cropped/hamburg/2555.png,class1,1
85,cropped/hamburg/2552.png,class1,1
85,cropped/hamburg/110.png,class4,4
85,cropped/hamburg/2549.png,class1,1
85,cropped/hamburg/2556.png,class0,0
85,cropped/hamburg/2551.png,class1,1
85,cropped/hamburg/2557.png,class1,1
86,cropped/hamburg/1942.png,class1,1
86,cropped/hamburg/1945.png,class1,1
86,cropped/hamburg/1946.png,class1,1
86,cropped/hamburg/2559.png,class1,1
86,cropped/hamburg/1943.png,class1,1
86,cropped/hamburg/2561.png,class1,1
86,cropped/hamburg/2562.png,class1,1
86,cropped/hamburg/2558.png,class1,1
86,cropped/hamburg/2688.png,class1,1
86,cropped/hamburg/2690.png,class1,1
86,cropped/hamburg/88.png,class1,1
86,cropped/hamburg/2687.png,class1,1
86,cropped/hamburg/2693.png,class1,1
86,cropped/hamburg/2694.png,class4,4
86,cropped/hamburg/2691.png,class1,1
86,cropped/hamburg/2689.png,class1,1
86,cropped/hamburg/1178.png,class2,2
86,cropped/hamburg/2695.png,class4,4
86,cropped/hamburg/1177.png,class1,1
86,cropped/hamburg/1175.png,class1,1
86,cropped/hamburg/1171.png,class1,1
86,cropped/hamburg/1172.png,class1,1
86,cropped/hamburg/1174.png,class1,1
86,cropped/hamburg/2696.png,class4,4
86,cropped/hamburg/2511.png,class1,1
86,cropped/hamburg/2510.png,class2,2
86,cropped/hamburg/2514.png,class0,0
86,cropped/hamburg/1179.png,class1,1
86,cropped/hamburg/2516.png,class1,1
86,cropped/hamburg/2512.png,class0,0
86,cropped/hamburg/2515.png,class0,0
86,cropped/hamburg/1711.png,class1,1
86,cropped/hamburg/1716.png,class1,1
86,cropped/hamburg/1718.png,class0,0
86,cropped/hamburg/1712.png,class1,1
86,cropped/hamburg/1715.png,class1,1
86,cropped/hamburg/1719.png,class1,1
86,cropped/hamburg/1721.png,class1,1
86,cropped/hamburg/1720.png,class1,1
86,cropped/hamburg/1714.png,class1,1
86,cropped/hamburg/1725.png,class5,5
86,cropped/hamburg/1729.png,class0,0
86,cropped/hamburg/2093.png,class1,1
86,cropped/hamburg/1722.png,class1,1
86,cropped/hamburg/1726.png,class5,5
86,cropped/hamburg/2092.png,class1,1
86,cropped/hamburg/1728.png,class4,4
86,cropped/hamburg/1724.png,class1,1
86,cropped/hamburg/2095.png,class1,1
86,cropped/hamburg/2100.png,class1,1
86,cropped/hamburg/2099.png,class4,4
86,cropped/hamburg/2098.png,class1,1
86,cropped/hamburg/1471.png,class1,1
86,cropped/hamburg/2101.png,class0,0
86,cropped/hamburg/2094.png,class1,1
86,cropped/hamburg/2096.png,class1,1
86,cropped/hamburg/1478.png,class4,4
86,cropped/hamburg/15.png,class2,2
86,cropped/hamburg/1481.png,class4,4
86,cropped/hamburg/1476.png,class4,4
86,cropped/hamburg/1480.png,class4,4
86,cropped/hamburg/1473.png,class0,0
86,cropped/hamburg/1477.png,class0,0
86,cropped/hamburg/1479.png,class4,4
86,cropped/hamburg/25.png,class1,1
86,cropped/hamburg/19.png,class1,1
86,cropped/hamburg/17.png,class1,1
86,cropped/hamburg/16.png,class1,1
86,cropped/hamburg/22.png,class4,4
86,cropped/hamburg/21.png,class1,1
86,cropped/hamburg/23.png,class4,4
86,cropped/hamburg/24.png,class1,1
86,cropped/hamburg/27.png,class1,1
86,cropped/hamburg/28.png,class0,0
86,cropped/hamburg/29.png,class0,0
86,cropped/hamburg/146.png,class1,1
86,cropped/hamburg/145.png,class1,1
86,cropped/hamburg/148.png,class0,0
86,cropped/hamburg/147.png,class1,1
86,cropped/hamburg/26.png,class5,5
87,cropped/hamburg/464.png,class1,1
87,cropped/hamburg/153.png,class4,4
87,cropped/hamburg/149.png,class1,1
87,cropped/hamburg/462.png,class1,1
87,cropped/hamburg/150.png,class4,4
87,cropped/hamburg/154.png,class1,1
87,cropped/hamburg/463.png,class1,1
87,cropped/hamburg/152.png,class4,4
87,cropped/hamburg/469.png,class0,0
87,cropped/hamburg/470.png,class0,0
87,cropped/hamburg/473.png,class5,5
87,cropped/hamburg/472.png,class1,1
87,cropped/hamburg/474.png,class4,4
87,cropped/hamburg/466.png,class1,1
87,cropped/hamburg/465.png,class1,1
87,cropped/hamburg/467.png,class1,1
87,cropped/hamburg/475.png,class4,4
87,cropped/hamburg/1953.png,class1,1
87,cropped/hamburg/459.png,class1,1
87,cropped/hamburg/1954.png,class1,1
87,cropped/hamburg/457.png,class3,3
87,cropped/hamburg/1955.png,class1,1
87,cropped/hamburg/460.png,class4,4
87,cropped/hamburg/461.png,class4,4
87,cropped/hamburg/1957.png,class1,1
87,cropped/hamburg/2649.png,class1,1
87,cropped/hamburg/414.png,class1,1
87,cropped/hamburg/1956.png,class1,1
87,cropped/hamburg/2651.png,class4,4
87,cropped/hamburg/2650.png,class2,2
87,cropped/hamburg/415.png,class1,1
87,cropped/hamburg/416.png,class1,1
87,cropped/hamburg/417.png,class1,1
87,cropped/hamburg/772.png,class2,2
87,cropped/hamburg/419.png,class2,2
87,cropped/hamburg/770.png,class3,3
87,cropped/hamburg/2311.png,class1,1
87,cropped/hamburg/2312.png,class1,1
87,cropped/hamburg/2309.png,class1,1
87,cropped/hamburg/771.png,class1,1
87,cropped/hamburg/2322.png,class4,4
87,cropped/hamburg/2318.png,class1,1
87,cropped/hamburg/2315.png,class1,1
87,cropped/hamburg/2317.png,class1,1
87,cropped/hamburg/2316.png,class1,1
87,cropped/hamburg/2313.png,class1,1
87,cropped/hamburg/2319.png,class1,1
87,cropped/hamburg/2320.png,class0,0
87,cropped/hamburg/821.png,class2,2
87,cropped/hamburg/819.png,class1,1
87,cropped/hamburg/816.png,class1,1
87,cropped/hamburg/820.png,class1,1
87,cropped/hamburg/818.png,class1,1
87,cropped/hamburg/814.png,class1,1
87,cropped/hamburg/2079.png,class1,1
87,cropped/hamburg/822.png,class0,0
87,cropped/hamburg/2087.png,class1,1
87,cropped/hamburg/2088.png,class1,1
87,cropped/hamburg/2082.png,class1,1
87,cropped/hamburg/2086.png,class1,1
87,cropped/hamburg/2083.png,class1,1
87,cropped/hamburg/2085.png,class1,1
87,cropped/hamburg/2080.png,class1,1
87,cropped/hamburg/2089.png,class1,1
87,cropped/hamburg/2091.png,class2,2
87,cropped/hamburg/2109.png,class0,0
87,cropped/hamburg/2103.png,class1,1
87,cropped/hamburg/2108.png,class1,1
87,cropped/hamburg/2105.png,class1,1
87,cropped/hamburg/2090.png,class1,1
87,cropped/hamburg/2107.png,class1,1
87,cropped/hamburg/2104.png,class1,1
87,cropped/hamburg/1628.png,class0,0
87,cropped/hamburg/2113.png,class4,4
87,cropped/hamburg/2110.png,class0,0
87,cropped/hamburg/2114.png,class2,2
87,cropped/hamburg/1625.png,class1,1
87,cropped/hamburg/2112.png,class4,4
87,cropped/hamburg/1626.png,class0,0
87,cropped/hamburg/2111.png,class4,4
88,cropped/hamburg/1632.png,class1,1
88,cropped/hamburg/1629.png,class4,4
88,cropped/hamburg/1630.png,class1,1
88,cropped/hamburg/1634.png,class1,1
88,cropped/hamburg/1631.png,class1,1
88,cropped/hamburg/1638.png,class0,0
88,cropped/hamburg/1635.png,class1,1
88,cropped/hamburg/1636.png,class0,0
88,cropped/hamburg/1641.png,class1,1
88,cropped/hamburg/203.png,class0,0
88,cropped/hamburg/201.png,class0,0
88,cropped/hamburg/204.png,class0,0
88,cropped/hamburg/200.png,class5,5
88,cropped/hamburg/202.png,class0,0
88,cropped/hamburg/1640.png,class5,5
88,cropped/hamburg/1643.png,class2,2
88,cropped/hamburg/208.png,class0,0
88,cropped/hamburg/2012.png,class1,1
88,cropped/hamburg/206.png,class2,2
88,cropped/hamburg/209.png,class0,0
88,cropped/hamburg/212.png,class4,4
88,cropped/hamburg/2011.png,class1,1
88,cropped/hamburg/210.png,class3,3
88,cropped/hamburg/211.png,class4,4
88,cropped/hamburg/2022.png,class1,1
88,cropped/hamburg/2018.png,class0,0
88,cropped/hamburg/2015.png,class0,0
88,cropped/hamburg/2019.png,class0,0
88,cropped/hamburg/2021.png,class1,1
88,cropped/hamburg/2016.png,class0,0
88,cropped/hamburg/2020.png,class2,2
88,cropped/hamburg/2013.png,class0,0
88,cropped/hamburg/2023.png,class4,4
88,cropped/hamburg/2026.png,class0,0
88,cropped/hamburg/2024.png,class1,1
88,cropped/hamburg/2025.png,class1,1
88,cropped/hamburg/2365.png,class1,1
88,cropped/hamburg/2367.png,class1,1
88,cropped/hamburg/2368.png,class1,1
88,cropped/hamburg/2027.png,class0,0
88,cropped/hamburg/2376.png,class1,1
88,cropped/hamburg/2378.png,class0,0
88,cropped/hamburg/2379.png,class4,4
88,cropped/hamburg/2370.png,class0,0
88,cropped/hamburg/2371.png,class1,1
88,cropped/hamburg/2373.png,class0,0
88,cropped/hamburg/2377.png,class1,1
88,cropped/hamburg/2375.png,class1,1
88,cropped/hamburg/1482.png,class2,2
88,cropped/hamburg/1484.png,class0,0
88,cropped/hamburg/1483.png,class0,0
88,cropped/hamburg/1486.png,class0,0
88,cropped/hamburg/1489.png,class0,0
88,cropped/hamburg/1487.png,class4,4
88,cropped/hamburg/1488.png,class4,4
88,cropped/hamburg/1485.png,class0,0
88,cropped/hamburg/2363.png,class0,0
88,cropped/hamburg/2364.png,class1,1
88,cropped/hamburg/2361.png,class0,0
88,cropped/hamburg/2241.png,class3,3
88,cropped/hamburg/2242.png,class1,1
88,cropped/hamburg/2239.png,class0,0
88,cropped/hamburg/2362.png,class0,0
88,cropped/hamburg/2360.png,class1,1
88,cropped/hamburg/2244.png,class0,0
88,cropped/hamburg/2248.png,class1,1
88,cropped/hamburg/2774.png,class1,1
88,cropped/hamburg/2243.png,class0,0
88,cropped/hamburg/2250.png,class0,0
88,cropped/hamburg/2246.png,class4,4
88,cropped/hamburg/2245.png,class0,0
88,cropped/hamburg/2249.png,class1,1
88,cropped/hamburg/2778.png,class0,0
88,cropped/hamburg/2780.png,class0,0
88,cropped/hamburg/2165.png,class3,3
88,cropped/hamburg/2782.png,class0,0
88,cropped/hamburg/2777.png,class0,0
88,cropped/hamburg/2779.png,class0,0
88,cropped/hamburg/2781.png,class0,0
88,cropped/hamburg/2783.png,class0,0
89,cropped/hamburg/428.png,class0,0
89,cropped/hamburg/2167.png,class1,1
89,cropped/hamburg/425.png,class1,1
89,cropped/hamburg/426.png,class1,1
89,cropped/hamburg/424.png,class1,1
89,cropped/hamburg/427.png,class1,1
89,cropped/hamburg/431.png,class1,1
89,cropped/hamburg/2168.png,class1,1
89,cropped/hamburg/432.png,class1,1
89,cropped/hamburg/2569.png,class1,1
89,cropped/hamburg/2566.png,class0,0
89,cropped/hamburg/2567.png,class0,0
89,cropped/hamburg/2570.png,class1,1
89,cropped/hamburg/2564.png,class0,0
89,cropped/hamburg/2568.png,class1,1
89,cropped/hamburg/433.png,class1,1
89,cropped/hamburg/2578.png,class0,0
89,cropped/hamburg/2579.png,class0,0
89,cropped/hamburg/2580.png,class0,0
89,cropped/hamburg/2575.png,class1,1
89,cropped/hamburg/2577.png,class0,0
89,cropped/hamburg/2571.png,class0,0
89,cropped/hamburg/2572.png,class0,0
89,cropped/hamburg/2574.png,class0,0
89,cropped/hamburg/1996.png,class1,1
89,cropped/hamburg/1997.png,class1,1
89,cropped/hamburg/2584.png,class1,1
89,cropped/hamburg/1993.png,class1,1
89,cropped/hamburg/2581.png,class1,1
89,cropped/hamburg/1994.png,class1,1
89,cropped/hamburg/2583.png,class0,0
89,cropped/hamburg/1995.png,class1,1
89,cropped/hamburg/2000.png,class1,1
89,cropped/hamburg/1999.png,class1,1
89,cropped/hamburg/2006.png,class1,1
89,cropped/hamburg/2005.png,class1,1
89,cropped/hamburg/2001.png,class1,1
89,cropped/hamburg/2004.png,class1,1
89,cropped/hamburg/2007.png,class1,1
89,cropped/hamburg/2002.png,class1,1
89,cropped/hamburg/2008.png,class1,1
89,cropped/hamburg/2032.png,class0,0
89,cropped/hamburg/1900.png,class0,0
89,cropped/hamburg/2029.png,class1,1
89,cropped/hamburg/2031.png,class0,0
89,cropped/hamburg/2009.png,class4,4
89,cropped/hamburg/2030.png,class4,4
89,cropped/hamburg/2010.png,class4,4
89,cropped/hamburg/2393.png,class2,2
89,cropped/hamburg/1902.png,class0,0
89,cropped/hamburg/2395.png,class1,1
89,cropped/hamburg/1903.png,class1,1
89,cropped/hamburg/2397.png,class0,0
89,cropped/hamburg/2394.png,class1,1
89,cropped/hamburg/1904.png,class0,0
89,cropped/hamburg/2392.png,class4,4
89,cropped/hamburg/2402.png,class0,0
89,cropped/hamburg/561.png,class1,1
89,cropped/hamburg/2405.png,class0,0
89,cropped/hamburg/2404.png,class0,0
89,cropped/hamburg/2399.png,class0,0
89,cropped/hamburg/2400.png,class0,0
89,cropped/hamburg/2398.png,class0,0
89,cropped/hamburg/2401.png,class0,0
89,cropped/hamburg/566.png,class1,1
89,cropped/hamburg/571.png,class1,1
89,cropped/hamburg/568.png,class1,1
89,cropped/hamburg/570.png,class1,1
89,cropped/hamburg/564.png,class1,1
89,cropped/hamburg/565.png,class1,1
89,cropped/hamburg/562.png,class4,4
89,cropped/hamburg/567.png,class1,1
89,cropped/hamburg/576.png,class1,1
89,cropped/hamburg/572.png,class2,2
89,cropped/hamburg/578.png,class0,0
89,cropped/hamburg/577.png,class0,0
89,cropped/hamburg/573.png,class0,0
89,cropped/hamburg/580.png,class0,0
89,cropped/hamburg/575.png,class0,0
89,cropped/hamburg/581.png,class0,0
90,cropped/hamburg/1689.png,class0,0
90,cropped/hamburg/1690.png,class1,1
90,cropped/hamburg/2391.png,class0,0
90,cropped/hamburg/582.png,class4,4
90,cropped/hamburg/2465.png,class1,1
90,cropped/hamburg/584.png,class1,1
90,cropped/hamburg/583.png,class0,0
90,cropped/hamburg/2468.png,class1,1
90,cropped/hamburg/1361.png,class0,0
90,cropped/hamburg/2471.png,class3,3
90,cropped/hamburg/2469.png,class1,1
90,cropped/hamburg/1360.png,class1,1
90,cropped/hamburg/2473.png,class1,1
90,cropped/hamburg/1362.png,class0,0
90,cropped/hamburg/2470.png,class1,1
90,cropped/hamburg/1363.png,class0,0
90,cropped/hamburg/2702.png,class0,0
90,cropped/hamburg/2701.png,class0,0
90,cropped/hamburg/2699.png,class4,4
90,cropped/hamburg/1365.png,class0,0
90,cropped/hamburg/2703.png,class0,0
90,cropped/hamburg/2697.png,class3,3
90,cropped/hamburg/1366.png,class0,0
90,cropped/hamburg/2700.png,class0,0
90,cropped/hamburg/2705.png,class0,0
90,cropped/hamburg/2706.png,class0,0
90,cropped/hamburg/2709.png,class1,1
90,cropped/hamburg/2713.png,class4,4
90,cropped/hamburg/2708.png,class0,0
90,cropped/hamburg/2712.png,class0,0
90,cropped/hamburg/2707.png,class0,0
90,cropped/hamburg/2710.png,class0,0
90,cropped/hamburg/390.png,class1,1
90,cropped/hamburg/392.png,class1,1
90,cropped/hamburg/391.png,class1,1
90,cropped/hamburg/393.png,class1,1
90,cropped/hamburg/389.png,class1,1
90,cropped/hamburg/388.png,class1,1
90,cropped/hamburg/385.png,class1,1
90,cropped/hamburg/387.png,class1,1
90,cropped/hamburg/394.png,class0,0
90,cropped/hamburg/218.png,class1,1
90,cropped/hamburg/216.png,class4,4
90,cropped/hamburg/396.png,class1,1
90,cropped/hamburg/1803.png,class1,1
90,cropped/hamburg/395.png,class0,0
90,cropped/hamburg/214.png,class1,1
90,cropped/hamburg/217.png,class1,1
90,cropped/hamburg/1806.png,class1,1
90,cropped/hamburg/1808.png,class0,0
90,cropped/hamburg/1812.png,class0,0
90,cropped/hamburg/1813.png,class0,0
90,cropped/hamburg/1810.png,class0,0
90,cropped/hamburg/1811.png,class0,0
90,cropped/hamburg/1809.png,class0,0
90,cropped/hamburg/1807.png,class1,1
90,cropped/hamburg/1818.png,class0,0
90,cropped/hamburg/1815.png,class0,0
90,cropped/hamburg/1819.png,class0,0
90,cropped/hamburg/1821.png,class0,0
90,cropped/hamburg/1823.png,class0,0
90,cropped/hamburg/1814.png,class0,0
90,cropped/hamburg/1822.png,class1,1
90,cropped/hamburg/1816.png,class4,4
90,cropped/hamburg/2129.png,class1,1
90,cropped/hamburg/2122.png,class1,1
90,cropped/hamburg/2128.png,class1,1
90,cropped/hamburg/2121.png,class1,1
90,cropped/hamburg/2124.png,class0,0
90,cropped/hamburg/2130.png,class1,1
90,cropped/hamburg/2127.png,class1,1
90,cropped/hamburg/2123.png,class1,1
90,cropped/hamburg/1063.png,class0,0
90,cropped/hamburg/1062.png,class0,0
90,cropped/hamburg/1066.png,class4,4
90,cropped/hamburg/1067.png,class0,0
90,cropped/hamburg/1069.png,class0,0
90,cropped/hamburg/1068.png,class0,0
90,cropped/hamburg/1065.png,class0,0
90,cropped/hamburg/2131.png,class3,3
91,cropped/hamburg/1074.png,class4,4
91,cropped/hamburg/1075.png,class0,0
91,cropped/hamburg/1077.png,class0,0
91,cropped/hamburg/598.png,class1,1
91,cropped/hamburg/1071.png,class1,1
91,cropped/hamburg/1072.png,class1,1
91,cropped/hamburg/1070.png,class1,1
91,cropped/hamburg/1076.png,class0,0
91,cropped/hamburg/600.png,class4,4
91,cropped/hamburg/603.png,class4,4
91,cropped/hamburg/604.png,class0,0
91,cropped/hamburg/607.png,class0,0
91,cropped/hamburg/606.png,class0,0
91,cropped/hamburg/601.png,class0,0
91,cropped/hamburg/605.png,class0,0
91,cropped/hamburg/599.png,class1,1
91,cropped/hamburg/615.png,class1,1
91,cropped/hamburg/614.png,class0,0
91,cropped/hamburg/616.png,class2,2
91,cropped/hamburg/613.png,class0,0
91,cropped/hamburg/73.png,class1,1
91,cropped/hamburg/72.png,class4,4
91,cropped/hamburg/611.png,class0,0
91,cropped/hamburg/610.png,class0,0
91,cropped/hamburg/1579.png,class0,0
91,cropped/hamburg/74.png,class3,3
91,cropped/hamburg/1584.png,class0,0
91,cropped/hamburg/1580.png,class1,1
91,cropped/hamburg/75.png,class3,3
91,cropped/hamburg/1583.png,class0,0
91,cropped/hamburg/1581.png,class1,1
91,cropped/hamburg/1578.png,class0,0
91,cropped/hamburg/1589.png,class0,0
91,cropped/hamburg/2177.png,class0,0
91,cropped/hamburg/1592.png,class4,4
91,cropped/hamburg/1587.png,class0,0
91,cropped/hamburg/1591.png,class4,4
91,cropped/hamburg/2176.png,class0,0
91,cropped/hamburg/1585.png,class0,0
91,cropped/hamburg/1588.png,class0,0
91,cropped/hamburg/2182.png,class1,1
91,cropped/hamburg/2184.png,class4,4
91,cropped/hamburg/2179.png,class0,0
91,cropped/hamburg/2187.png,class1,1
91,cropped/hamburg/2183.png,class4,4
91,cropped/hamburg/2185.png,class1,1
91,cropped/hamburg/2180.png,class0,0
91,cropped/hamburg/2181.png,class3,3
91,cropped/hamburg/1947.png,class0,0
91,cropped/hamburg/2339.png,class1,1
91,cropped/hamburg/2340.png,class0,0
91,cropped/hamburg/1949.png,class1,1
91,cropped/hamburg/2337.png,class1,1
91,cropped/hamburg/1950.png,class1,1
91,cropped/hamburg/2341.png,class0,0
91,cropped/hamburg/1951.png,class1,1
91,cropped/hamburg/2345.png,class0,0
91,cropped/hamburg/2347.png,class0,0
91,cropped/hamburg/2349.png,class1,1
91,cropped/hamburg/2342.png,class0,0
91,cropped/hamburg/2346.png,class0,0
91,cropped/hamburg/2348.png,class1,1
91,cropped/hamburg/2344.png,class0,0
91,cropped/hamburg/2350.png,class0,0
91,cropped/hamburg/2295.png,class1,1
91,cropped/hamburg/2292.png,class2,2
91,cropped/hamburg/2354.png,class0,0
91,cropped/hamburg/2832.png,class1,1
91,cropped/hamburg/2293.png,class0,0
91,cropped/hamburg/2353.png,class4,4
91,cropped/hamburg/2352.png,class0,0
91,cropped/hamburg/2294.png,class1,1
91,cropped/hamburg/2837.png,class0,0
91,cropped/hamburg/2836.png,class0,0
91,cropped/hamburg/2840.png,class1,1
91,cropped/hamburg/2838.png,class1,1
91,cropped/hamburg/2833.png,class0,0
91,cropped/hamburg/2834.png,class0,0
91,cropped/hamburg/2841.png,class0,0
91,cropped/hamburg/2842.png,class1,1
92,cropped/hamburg/2116.png,class1,1
92,cropped/hamburg/2118.png,class1,1
92,cropped/hamburg/2843.png,class0,0
92,cropped/hamburg/2844.png,class0,0
92,cropped/hamburg/2117.png,class1,1
92,cropped/hamburg/960.png,class1,1
92,cropped/hamburg/958.png,class5,5
92,cropped/hamburg/959.png,class1,1
92,cropped/hamburg/2521.png,class1,1
92,cropped/hamburg/2522.png,class1,1
92,cropped/hamburg/2523.png,class1,1
92,cropped/hamburg/2520.png,class1,1
92,cropped/hamburg/2119.png,class1,1
92,cropped/hamburg/2518.png,class1,1
92,cropped/hamburg/2524.png,class1,1
92,cropped/hamburg/2120.png,class1,1
92,cropped/hamburg/256.png,class0,0
92,cropped/hamburg/2526.png,class1,1
92,cropped/hamburg/260.png,class1,1
92,cropped/hamburg/259.png,class1,1
92,cropped/hamburg/2525.png,class1,1
92,cropped/hamburg/2527.png,class1,1
92,cropped/hamburg/258.png,class1,1
92,cropped/hamburg/257.png,class0,0
92,cropped/hamburg/262.png,class1,1
92,cropped/hamburg/261.png,class1,1
92,cropped/hamburg/328.png,class4,4
92,cropped/hamburg/264.png,class1,1
92,cropped/hamburg/265.png,class1,1
92,cropped/hamburg/329.png,class4,4
92,cropped/hamburg/263.png,class1,1
92,cropped/hamburg/326.png,class1,1
92,cropped/hamburg/1047.png,class1,1
92,cropped/hamburg/332.png,class4,4
92,cropped/hamburg/1043.png,class1,1
92,cropped/hamburg/1046.png,class1,1
92,cropped/hamburg/1042.png,class1,1
92,cropped/hamburg/1045.png,class1,1
92,cropped/hamburg/1048.png,class4,4
92,cropped/hamburg/331.png,class4,4
92,cropped/hamburg/1052.png,class1,1
92,cropped/hamburg/1050.png,class4,4
92,cropped/hamburg/1051.png,class4,4
92,cropped/hamburg/1053.png,class0,0
92,cropped/hamburg/1055.png,class0,0
92,cropped/hamburg/1057.png,class0,0
92,cropped/hamburg/1054.png,class1,1
92,cropped/hamburg/1049.png,class1,1
92,cropped/hamburg/1060.png,class0,0
92,cropped/hamburg/2272.png,class0,0
92,cropped/hamburg/2265.png,class1,1
92,cropped/hamburg/2266.png,class1,1
92,cropped/hamburg/2268.png,class1,1
92,cropped/hamburg/2269.png,class1,1
92,cropped/hamburg/2267.png,class1,1
92,cropped/hamburg/2270.png,class1,1
92,cropped/hamburg/58.png,class1,1
92,cropped/hamburg/2273.png,class0,0
92,cropped/hamburg/2278.png,class0,0
92,cropped/hamburg/57.png,class1,1
92,cropped/hamburg/2276.png,class1,1
92,cropped/hamburg/2277.png,class4,4
92,cropped/hamburg/2275.png,class0,0
92,cropped/hamburg/60.png,class3,3
92,cropped/hamburg/272.png,class5,5
92,cropped/hamburg/273.png,class1,1
92,cropped/hamburg/270.png,class1,1
92,cropped/hamburg/61.png,class1,1
92,cropped/hamburg/276.png,class0,0
92,cropped/hamburg/63.png,class1,1
92,cropped/hamburg/62.png,class1,1
92,cropped/hamburg/274.png,class0,0
92,cropped/hamburg/279.png,class1,1
92,cropped/hamburg/1235.png,class1,1
92,cropped/hamburg/1234.png,class0,0
92,cropped/hamburg/283.png,class0,0
92,cropped/hamburg/282.png,class4,4
92,cropped/hamburg/277.png,class0,0
92,cropped/hamburg/284.png,class1,1
92,cropped/hamburg/281.png,class0,0
93,cropped/hamburg/1240.png,class1,1
93,cropped/hamburg/1242.png,class0,0
93,cropped/hamburg/1243.png,class0,0
93,cropped/hamburg/1241.png,class1,1
93,cropped/hamburg/1244.png,class0,0
93,cropped/hamburg/1237.png,class0,0
93,cropped/hamburg/1238.png,class1,1
93,cropped/hamburg/1245.png,class0,0
93,cropped/hamburg/897.png,class1,1
93,cropped/hamburg/898.png,class1,1
93,cropped/hamburg/1246.png,class1,1
93,cropped/hamburg/896.png,class1,1
93,cropped/hamburg/1731.png,class1,1
93,cropped/hamburg/1730.png,class1,1
93,cropped/hamburg/1733.png,class5,5
93,cropped/hamburg/899.png,class0,0
93,cropped/hamburg/1738.png,class0,0
93,cropped/hamburg/1734.png,class0,0
93,cropped/hamburg/1735.png,class0,0
93,cropped/hamburg/1739.png,class0,0
93,cropped/hamburg/1736.png,class0,0
93,cropped/hamburg/1742.png,class0,0
93,cropped/hamburg/1737.png,class0,0
93,cropped/hamburg/1740.png,class0,0
93,cropped/hamburg/1747.png,class0,0
93,cropped/hamburg/1752.png,class0,0
93,cropped/hamburg/1749.png,class0,0
93,cropped/hamburg/1748.png,class0,0
93,cropped/hamburg/1744.png,class0,0
93,cropped/hamburg/1750.png,class0,0
93,cropped/hamburg/1746.png,class0,0
93,cropped/hamburg/1751.png,class0,0
93,cropped/hamburg/2035.png,class1,1
93,cropped/hamburg/2039.png,class0,0
93,cropped/hamburg/2034.png,class1,1
93,cropped/hamburg/2041.png,class0,0
93,cropped/hamburg/2037.png,class0,0
93,cropped/hamburg/2040.png,class0,0
93,cropped/hamburg/2036.png,class0,0
93,cropped/hamburg/2033.png,class1,1
93,cropped/hamburg/2045.png,class0,0
93,cropped/hamburg/2046.png,class0,0
93,cropped/hamburg/2049.png,class0,0
93,cropped/hamburg/2052.png,class0,0
93,cropped/hamburg/2047.png,class1,1
93,cropped/hamburg/2043.png,class0,0
93,cropped/hamburg/2050.png,class0,0
93,cropped/hamburg/2048.png,class4,4
93,cropped/hamburg/2058.png,class0,0
93,cropped/hamburg/2061.png,class0,0
93,cropped/hamburg/2057.png,class0,0
93,cropped/hamburg/2054.png,class0,0
93,cropped/hamburg/499.png,class1,1
93,cropped/hamburg/2053.png,class0,0
93,cropped/hamburg/2056.png,class4,4
93,cropped/hamburg/2055.png,class0,0
93,cropped/hamburg/502.png,class1,1
93,cropped/hamburg/508.png,class0,0
93,cropped/hamburg/505.png,class0,0
93,cropped/hamburg/503.png,class0,0
93,cropped/hamburg/501.png,class1,1
93,cropped/hamburg/507.png,class0,0
93,cropped/hamburg/509.png,class0,0
93,cropped/hamburg/500.png,class1,1
93,cropped/hamburg/514.png,class4,4
93,cropped/hamburg/511.png,class0,0
93,cropped/hamburg/518.png,class4,4
93,cropped/hamburg/516.png,class0,0
93,cropped/hamburg/517.png,class5,5
93,cropped/hamburg/513.png,class0,0
93,cropped/hamburg/515.png,class5,5
93,cropped/hamburg/512.png,class0,0
93,cropped/hamburg/1846.png,class1,1
93,cropped/hamburg/111.png,class0,0
93,cropped/hamburg/1850.png,class1,1
93,cropped/hamburg/1845.png,class0,0
93,cropped/hamburg/520.png,class0,0
93,cropped/hamburg/1848.png,class1,1
93,cropped/hamburg/1849.png,class3,3
93,cropped/hamburg/1851.png,class1,1
94,cropped/hamburg/113.png,class0,0
94,cropped/hamburg/116.png,class1,1
94,cropped/hamburg/121.png,class0,0
94,cropped/hamburg/119.png,class0,0
94,cropped/hamburg/114.png,class5,5
94,cropped/hamburg/117.png,class0,0
94,cropped/hamburg/112.png,class0,0
94,cropped/hamburg/115.png,class1,1
94,cropped/hamburg/2606.png,class0,0
94,cropped/hamburg/122.png,class0,0
94,cropped/hamburg/128.png,class0,0
94,cropped/hamburg/129.png,class0,0
94,cropped/hamburg/123.png,class0,0
94,cropped/hamburg/126.png,class0,0
94,cropped/hamburg/130.png,class1,1
94,cropped/hamburg/127.png,class0,0
94,cropped/hamburg/2611.png,class0,0
94,cropped/hamburg/2612.png,class0,0
94,cropped/hamburg/2609.png,class0,0
94,cropped/hamburg/2616.png,class0,0
94,cropped/hamburg/2607.png,class5,5
94,cropped/hamburg/2613.png,class0,0
94,cropped/hamburg/2610.png,class0,0
94,cropped/hamburg/2608.png,class0,0
94,cropped/hamburg/2623.png,class0,0
94,cropped/hamburg/2618.png,class0,0
94,cropped/hamburg/2622.png,class0,0
94,cropped/hamburg/2624.png,class0,0
94,cropped/hamburg/2625.png,class0,0
94,cropped/hamburg/2620.png,class0,0
94,cropped/hamburg/2626.png,class0,0
94,cropped/hamburg/2619.png,class0,0
94,cropped/hamburg/804.png,class0,0
94,cropped/hamburg/803.png,class1,1
94,cropped/hamburg/797.png,class1,1
94,cropped/hamburg/801.png,class4,4
94,cropped/hamburg/2628.png,class0,0
94,cropped/hamburg/800.png,class4,4
94,cropped/hamburg/799.png,class1,1
94,cropped/hamburg/802.png,class1,1
94,cropped/hamburg/810.png,class0,0
94,cropped/hamburg/811.png,class0,0
94,cropped/hamburg/807.png,class1,1
94,cropped/hamburg/809.png,class0,0
94,cropped/hamburg/813.png,class0,0
94,cropped/hamburg/805.png,class0,0
94,cropped/hamburg/808.png,class0,0
94,cropped/hamburg/806.png,class1,1
94,cropped/hamburg/742.png,class0,0
94,cropped/hamburg/740.png,class0,0
94,cropped/hamburg/736.png,class1,1
94,cropped/hamburg/737.png,class1,1
94,cropped/hamburg/733.png,class1,1
94,cropped/hamburg/738.png,class0,0
94,cropped/hamburg/739.png,class0,0
94,cropped/hamburg/734.png,class1,1
94,cropped/hamburg/747.png,class4,4
94,cropped/hamburg/750.png,class4,4
94,cropped/hamburg/746.png,class4,4
94,cropped/hamburg/743.png,class0,0
94,cropped/hamburg/752.png,class4,4
94,cropped/hamburg/744.png,class0,0
94,cropped/hamburg/751.png,class4,4
94,cropped/hamburg/748.png,class4,4
94,cropped/hamburg/753.png,class4,4
94,cropped/hamburg/755.png,class4,4
94,cropped/hamburg/688.png,class1,1
94,cropped/hamburg/690.png,class1,1
94,cropped/hamburg/757.png,class4,4
94,cropped/hamburg/756.png,class4,4
94,cropped/hamburg/759.png,class4,4
94,cropped/hamburg/754.png,class4,4
94,cropped/hamburg/695.png,class0,0
94,cropped/hamburg/698.png,class0,0
94,cropped/hamburg/694.png,class1,1
94,cropped/hamburg/699.png,class0,0
94,cropped/hamburg/696.png,class4,4
94,cropped/hamburg/697.png,class4,4
94,cropped/hamburg/693.png,class1,1
94,cropped/hamburg/691.png,class1,1
95,cropped/hamburg/529.png,class0,0
95,cropped/hamburg/534.png,class1,1
95,cropped/hamburg/533.png,class1,1
95,cropped/hamburg/530.png,class0,0
95,cropped/hamburg/531.png,class0,0
95,cropped/hamburg/702.png,class0,0
95,cropped/hamburg/701.png,class0,0
95,cropped/hamburg/527.png,class1,1
95,cropped/hamburg/2586.png,class1,1
95,cropped/hamburg/2589.png,class1,1
95,cropped/hamburg/2588.png,class4,4
95,cropped/hamburg/2590.png,class1,1
95,cropped/hamburg/2592.png,class1,1
95,cropped/hamburg/537.png,class0,0
95,cropped/hamburg/2591.png,class1,1
95,cropped/hamburg/536.png,class0,0
95,cropped/hamburg/2256.png,class0,0
95,cropped/hamburg/2253.png,class1,1
95,cropped/hamburg/2251.png,class1,1
95,cropped/hamburg/2252.png,class1,1
95,cropped/hamburg/2595.png,class0,0
95,cropped/hamburg/2255.png,class4,4
95,cropped/hamburg/2254.png,class1,1
95,cropped/hamburg/2593.png,class1,1
95,cropped/hamburg/2260.png,class0,0
95,cropped/hamburg/1144.png,class1,1
95,cropped/hamburg/2259.png,class0,0
95,cropped/hamburg/1142.png,class5,5
95,cropped/hamburg/2262.png,class1,1
95,cropped/hamburg/2261.png,class1,1
95,cropped/hamburg/2264.png,class1,1
95,cropped/hamburg/2258.png,class0,0
95,cropped/hamburg/953.png,class1,1
95,cropped/hamburg/1150.png,class4,4
95,cropped/hamburg/955.png,class0,0
95,cropped/hamburg/1147.png,class1,1
95,cropped/hamburg/954.png,class1,1
95,cropped/hamburg/1148.png,class1,1
95,cropped/hamburg/1149.png,class0,0
95,cropped/hamburg/1146.png,class1,1
95,cropped/hamburg/1795.png,class1,1
95,cropped/hamburg/1794.png,class1,1
95,cropped/hamburg/1798.png,class1,1
95,cropped/hamburg/1796.png,class1,1
95,cropped/hamburg/1791.png,class0,0
95,cropped/hamburg/1797.png,class1,1
95,cropped/hamburg/1792.png,class0,0
95,cropped/hamburg/957.png,class1,1
95,cropped/hamburg/69.png,class1,1
95,cropped/hamburg/68.png,class1,1
95,cropped/hamburg/67.png,class0,0
95,cropped/hamburg/1801.png,class1,1
95,cropped/hamburg/66.png,class0,0
95,cropped/hamburg/64.png,class0,0
95,cropped/hamburg/65.png,class0,0
95,cropped/hamburg/1800.png,class1,1
95,cropped/hamburg/80.png,class1,1
95,cropped/hamburg/83.png,class0,0
95,cropped/hamburg/76.png,class4,4
95,cropped/hamburg/79.png,class1,1
95,cropped/hamburg/78.png,class0,0
95,cropped/hamburg/71.png,class0,0
95,cropped/hamburg/70.png,class1,1
95,cropped/hamburg/81.png,class1,1
95,cropped/hamburg/1897.png,class0,0
95,cropped/hamburg/85.png,class4,4
95,cropped/hamburg/1895.png,class0,0
95,cropped/hamburg/84.png,class0,0
95,cropped/hamburg/1893.png,class3,3
95,cropped/hamburg/87.png,class4,4
95,cropped/hamburg/86.png,class4,4
95,cropped/hamburg/1894.png,class0,0
95,cropped/hamburg/1650.png,class0,0
95,cropped/hamburg/1103.png,class1,1
95,cropped/hamburg/1102.png,class1,1
95,cropped/hamburg/1648.png,class1,1
95,cropped/hamburg/1104.png,class3,3
95,cropped/hamburg/1644.png,class1,1
95,cropped/hamburg/1647.png,class1,1
95,cropped/hamburg/1649.png,class0,0
96,cropped/hamburg/1656.png,class0,0
96,cropped/hamburg/1651.png,class0,0
96,cropped/hamburg/1655.png,class0,0
96,cropped/hamburg/1660.png,class0,0
96,cropped/hamburg/1659.png,class0,0
96,cropped/hamburg/1654.png,class0,0
96,cropped/hamburg/1658.png,class0,0
96,cropped/hamburg/1653.png,class0,0
96,cropped/hamburg/1663.png,class1,1
96,cropped/hamburg/1669.png,class0,0
96,cropped/hamburg/1662.png,class0,0
96,cropped/hamburg/1668.png,class0,0
96,cropped/hamburg/1667.png,class0,0
96,cropped/hamburg/1665.png,class0,0
96,cropped/hamburg/1670.png,class0,0
96,cropped/hamburg/1661.png,class0,0
96,cropped/hamburg/1672.png,class0,0
96,cropped/hamburg/1671.png,class0,0
96,cropped/hamburg/1673.png,class0,0
96,cropped/hamburg/1679.png,class0,0
96,cropped/hamburg/1680.png,class0,0
96,cropped/hamburg/1674.png,class0,0
96,cropped/hamburg/1675.png,class0,0
96,cropped/hamburg/1677.png,class0,0
96,cropped/hamburg/1686.png,class0,0
96,cropped/hamburg/1688.png,class0,0
96,cropped/hamburg/1681.png,class0,0
96,cropped/hamburg/1682.png,class0,0
96,cropped/hamburg/1687.png,class0,0
96,cropped/hamburg/1685.png,class0,0
96,cropped/hamburg/1367.png,class3,3
96,cropped/hamburg/1683.png,class0,0
96,cropped/hamburg/1373.png,class0,0
96,cropped/hamburg/1374.png,class0,0
96,cropped/hamburg/1371.png,class0,0
96,cropped/hamburg/1370.png,class0,0
96,cropped/hamburg/1375.png,class0,0
96,cropped/hamburg/1378.png,class0,0
96,cropped/hamburg/1369.png,class1,1
96,cropped/hamburg/1377.png,class0,0
96,cropped/hamburg/1380.png,class0,0
96,cropped/hamburg/1384.png,class0,0
96,cropped/hamburg/1382.png,class0,0
96,cropped/hamburg/1387.png,class0,0
96,cropped/hamburg/1381.png,class0,0
96,cropped/hamburg/1385.png,class0,0
96,cropped/hamburg/1388.png,class0,0
96,cropped/hamburg/1383.png,class0,0
96,cropped/hamburg/1396.png,class1,1
96,cropped/hamburg/1392.png,class0,0
96,cropped/hamburg/1389.png,class0,0
96,cropped/hamburg/1394.png,class0,0
96,cropped/hamburg/1397.png,class5,5
96,cropped/hamburg/1393.png,class0,0
96,cropped/hamburg/1398.png,class0,0
96,cropped/hamburg/1391.png,class0,0
96,cropped/hamburg/1402.png,class0,0
96,cropped/hamburg/1401.png,class0,0
96,cropped/hamburg/1152.png,class0,0
96,cropped/hamburg/1151.png,class0,0
96,cropped/hamburg/1400.png,class0,0
96,cropped/hamburg/1399.png,class0,0
96,cropped/hamburg/1155.png,class0,0
96,cropped/hamburg/1403.png,class0,0
96,cropped/hamburg/1162.png,class0,0
96,cropped/hamburg/1157.png,class0,0
96,cropped/hamburg/1160.png,class0,0
96,cropped/hamburg/1158.png,class0,0
96,cropped/hamburg/1165.png,class0,0
96,cropped/hamburg/1164.png,class0,0
96,cropped/hamburg/1163.png,class0,0
96,cropped/hamburg/1159.png,class0,0
96,cropped/hamburg/1168.png,class1,1
96,cropped/hamburg/1525.png,class0,0
96,cropped/hamburg/1166.png,class4,4
96,cropped/hamburg/1169.png,class1,1
96,cropped/hamburg/1522.png,class0,0
96,cropped/hamburg/1521.png,class0,0
96,cropped/hamburg/1170.png,class1,1
96,cropped/hamburg/1523.png,class0,0
97,cropped/hamburg/1529.png,class4,4
97,cropped/hamburg/1530.png,class0,0
97,cropped/hamburg/1526.png,class0,0
97,cropped/hamburg/1534.png,class1,1
97,cropped/hamburg/1533.png,class1,1
97,cropped/hamburg/1535.png,class1,1
97,cropped/hamburg/1531.png,class1,1
97,cropped/hamburg/1527.png,class0,0
97,cropped/hamburg/1543.png,class5,5
97,cropped/hamburg/1105.png,class1,1
97,cropped/hamburg/1542.png,class4,4
97,cropped/hamburg/1540.png,class4,4
97,cropped/hamburg/1106.png,class1,1
97,cropped/hamburg/1536.png,class1,1
97,cropped/hamburg/1537.png,class1,1
97,cropped/hamburg/1538.png,class4,4
97,cropped/hamburg/1109.png,class1,1
97,cropped/hamburg/1108.png,class1,1
97,cropped/hamburg/1107.png,class1,1
97,cropped/hamburg/1115.png,class0,0
97,cropped/hamburg/1112.png,class5,5
97,cropped/hamburg/1114.png,class0,0
97,cropped/hamburg/1116.png,class0,0
97,cropped/hamburg/1113.png,class1,1
97,cropped/hamburg/1118.png,class0,0
97,cropped/hamburg/1119.png,class0,0
97,cropped/hamburg/1120.png,class0,0
97,cropped/hamburg/1122.png,class4,4
97,cropped/hamburg/1123.png,class4,4
97,cropped/hamburg/1126.png,class4,4
97,cropped/hamburg/1117.png,class0,0
97,cropped/hamburg/1125.png,class0,0
97,cropped/hamburg/538.png,class1,1
97,cropped/hamburg/1130.png,class4,4
97,cropped/hamburg/1128.png,class4,4
97,cropped/hamburg/1127.png,class4,4
97,cropped/hamburg/539.png,class1,1
97,cropped/hamburg/542.png,class1,1
97,cropped/hamburg/1131.png,class4,4
97,cropped/hamburg/541.png,class1,1
97,cropped/hamburg/544.png,class1,1
97,cropped/hamburg/547.png,class1,1
97,cropped/hamburg/546.png,class4,4
97,cropped/hamburg/550.png,class1,1
97,cropped/hamburg/548.png,class1,1
97,cropped/hamburg/551.png,class0,0
97,cropped/hamburg/549.png,class1,1
97,cropped/hamburg/543.png,class1,1
97,cropped/hamburg/1017.png,class5,5
97,cropped/hamburg/1018.png,class0,0
97,cropped/hamburg/1024.png,class4,4
97,cropped/hamburg/1023.png,class0,0
97,cropped/hamburg/1025.png,class0,0
97,cropped/hamburg/1026.png,class4,4
97,cropped/hamburg/1020.png,class1,1
97,cropped/hamburg/1021.png,class0,0
97,cropped/hamburg/1033.png,class0,0
97,cropped/hamburg/1763.png,class1,1
97,cropped/hamburg/1031.png,class4,4
97,cropped/hamburg/1028.png,class0,0
97,cropped/hamburg/1032.png,class4,4
97,cropped/hamburg/1764.png,class0,0
97,cropped/hamburg/1030.png,class0,0
97,cropped/hamburg/1762.png,class5,5
97,cropped/hamburg/1769.png,class0,0
97,cropped/hamburg/1766.png,class0,0
97,cropped/hamburg/1765.png,class4,4
97,cropped/hamburg/1767.png,class0,0
97,cropped/hamburg/1768.png,class4,4
97,cropped/hamburg/1772.png,class0,0
97,cropped/hamburg/1774.png,class0,0
97,cropped/hamburg/1770.png,class4,4
97,cropped/hamburg/220.png,class0,0
97,cropped/hamburg/1775.png,class0,0
97,cropped/hamburg/1779.png,class0,0
97,cropped/hamburg/1777.png,class0,0
97,cropped/hamburg/222.png,class0,0
97,cropped/hamburg/1778.png,class0,0
97,cropped/hamburg/221.png,class0,0
97,cropped/hamburg/219.png,class3,3
98,cropped/hamburg/50.png,class0,0
98,cropped/hamburg/47.png,class1,1
98,cropped/hamburg/46.png,class4,4
98,cropped/hamburg/51.png,class0,0
98,cropped/hamburg/48.png,class1,1
98,cropped/hamburg/224.png,class4,4
98,cropped/hamburg/44.png,class1,1
98,cropped/hamburg/52.png,class0,0
98,cropped/hamburg/53.png,class0,0
98,cropped/hamburg/1193.png,class4,4
98,cropped/hamburg/1191.png,class1,1
98,cropped/hamburg/55.png,class0,0
98,cropped/hamburg/1189.png,class1,1
98,cropped/hamburg/1190.png,class1,1
98,cropped/hamburg/54.png,class0,0
98,cropped/hamburg/1194.png,class0,0
98,cropped/hamburg/1198.png,class0,0
98,cropped/hamburg/1201.png,class0,0
98,cropped/hamburg/1197.png,class0,0
98,cropped/hamburg/1199.png,class0,0
98,cropped/hamburg/1195.png,class0,0
98,cropped/hamburg/1196.png,class0,0
98,cropped/hamburg/1200.png,class0,0
98,cropped/hamburg/784.png,class1,1
98,cropped/hamburg/1312.png,class1,1
98,cropped/hamburg/1310.png,class1,1
98,cropped/hamburg/787.png,class1,1
98,cropped/hamburg/1311.png,class1,1
98,cropped/hamburg/785.png,class1,1
98,cropped/hamburg/786.png,class1,1
98,cropped/hamburg/1315.png,class1,1
98,cropped/hamburg/1314.png,class1,1
98,cropped/hamburg/525.png,class1,1
98,cropped/hamburg/526.png,class1,1
98,cropped/hamburg/524.png,class1,1
98,cropped/hamburg/523.png,class1,1
98,cropped/hamburg/1317.png,class0,0
98,cropped/hamburg/1320.png,class0,0
98,cropped/hamburg/1318.png,class0,0
98,cropped/hamburg/1319.png,class0,0
98,cropped/hamburg/1336.png,class1,1
98,cropped/hamburg/1335.png,class1,1
98,cropped/hamburg/2227.png,class2,2
98,cropped/hamburg/1340.png,class1,1
98,cropped/hamburg/2228.png,class1,1
98,cropped/hamburg/1339.png,class1,1
98,cropped/hamburg/1337.png,class1,1
98,cropped/hamburg/1338.png,class5,5
98,cropped/hamburg/2232.png,class1,1
98,cropped/hamburg/2234.png,class1,1
98,cropped/hamburg/2235.png,class1,1
98,cropped/hamburg/2236.png,class1,1
98,cropped/hamburg/2230.png,class1,1
98,cropped/hamburg/316.png,class1,1
98,cropped/hamburg/317.png,class1,1
98,cropped/hamburg/2231.png,class1,1
98,cropped/hamburg/1133.png,class3,3
98,cropped/hamburg/1132.png,class3,3
98,cropped/hamburg/324.png,class1,1
98,cropped/hamburg/1134.png,class1,1
98,cropped/hamburg/321.png,class1,1
98,cropped/hamburg/318.png,class1,1
98,cropped/hamburg/319.png,class5,5
98,cropped/hamburg/323.png,class1,1
98,cropped/hamburg/1440.png,class1,1
98,cropped/hamburg/1141.png,class0,0
98,cropped/hamburg/1135.png,class1,1
98,cropped/hamburg/1138.png,class0,0
98,cropped/hamburg/1139.png,class0,0
98,cropped/hamburg/1441.png,class1,1
98,cropped/hamburg/1442.png,class1,1
98,cropped/hamburg/1137.png,class3,3
98,cropped/hamburg/95.png,class3,3
98,cropped/hamburg/1444.png,class3,3
98,cropped/hamburg/94.png,class1,1
98,cropped/hamburg/97.png,class1,1
98,cropped/hamburg/96.png,class1,1
98,cropped/hamburg/93.png,class1,1
98,cropped/hamburg/91.png,class1,1
98,cropped/hamburg/1443.png,class1,1
99,cropped/hamburg/103.png,class2,2
99,cropped/hamburg/102.png,class0,0
99,cropped/hamburg/98.png,class1,1
99,cropped/hamburg/178.png,class1,1
99,cropped/hamburg/99.png,class1,1
99,cropped/hamburg/100.png,class1,1
99,cropped/hamburg/181.png,class3,3
99,cropped/hamburg/180.png,class1,1
99,cropped/hamburg/1035.png,class1,1
99,cropped/hamburg/184.png,class1,1
99,cropped/hamburg/185.png,class3,3
99,cropped/hamburg/186.png,class1,1
99,cropped/hamburg/183.png,class1,1
99,cropped/hamburg/182.png,class1,1
99,cropped/hamburg/1037.png,class1,1
99,cropped/hamburg/1038.png,class1,1
99,cropped/hamburg/1930.png,class1,1
99,cropped/hamburg/1927.png,class1,1
99,cropped/hamburg/1928.png,class1,1
99,cropped/hamburg/1040.png,class0,0
99,cropped/hamburg/1926.png,class1,1
99,cropped/hamburg/1925.png,class3,3
99,cropped/hamburg/1039.png,class1,1
99,cropped/hamburg/1041.png,class4,4
99,cropped/hamburg/1911.png,class0,0
99,cropped/hamburg/1934.png,class1,1
99,cropped/hamburg/1914.png,class1,1
99,cropped/hamburg/1912.png,class4,4
99,cropped/hamburg/1913.png,class4,4
99,cropped/hamburg/1916.png,class1,1
99,cropped/hamburg/1917.png,class1,1
99,cropped/hamburg/1933.png,class0,0
99,cropped/hamburg/8.png,class1,1
99,cropped/hamburg/0.png,class1,1
99,cropped/hamburg/7.png,class1,1
99,cropped/hamburg/3.png,class0,0
99,cropped/hamburg/1.png,class1,1
99,cropped/hamburg/2.png,class0,0
99,cropped/hamburg/6.png,class0,0
99,cropped/hamburg/4.png,class0,0
99,cropped/hamburg/1499.png,class0,0
99,cropped/hamburg/1500.png,class0,0
99,cropped/hamburg/1495.png,class0,0
99,cropped/hamburg/1498.png,class0,0
99,cropped/hamburg/1496.png,class0,0
99,cropped/hamburg/1497.png,class0,0
99,cropped/hamburg/1492.png,class0,0
99,cropped/hamburg/1493.png,class0,0
99,cropped/hamburg/1007.png,class1,1
99,cropped/hamburg/1010.png,class1,1
99,cropped/hamburg/1013.png,class0,0
99,cropped/hamburg/1503.png,class1,1
99,cropped/hamburg/1502.png,class1,1
99,cropped/hamburg/1009.png,class1,1
99,cropped/hamburg/1501.png,class0,0
99,cropped/hamburg/1011.png,class1,1
99,cropped/hamburg/590.png,class1,1
99,cropped/hamburg/1015.png,class3,3
99,cropped/hamburg/587.png,class2,2
99,cropped/hamburg/589.png,class4,4
99,cropped/hamburg/1014.png,class1,1
99,cropped/hamburg/588.png,class4,4
99,cropped/hamburg/585.png,class0,0
99,cropped/hamburg/591.png,class1,1
99,cropped/hamburg/928.png,class1,1
99,cropped/hamburg/929.png,class1,1
99,cropped/hamburg/595.png,class4,4
99,cropped/hamburg/932.png,class0,0
99,cropped/hamburg/931.png,class1,1
99,cropped/hamburg/930.png,class1,1
99,cropped/hamburg/592.png,class1,1
99,cropped/hamburg/594.png,class1,1
99,cropped/hamburg/761.png,class1,1
99,cropped/hamburg/760.png,class1,1
99,cropped/hamburg/936.png,class0,0
99,cropped/hamburg/937.png,class0,0
99,cropped/hamburg/939.png,class1,1
99,cropped/hamburg/934.png,class0,0
99,cropped/hamburg/938.png,class1,1
99,cropped/hamburg/933.png,class0,0
100,cropped/hamburg/915.png,class1,1
100,cropped/hamburg/765.png,class1,1
100,cropped/hamburg/767.png,class1,1
100,cropped/hamburg/763.png,class1,1
100,cropped/hamburg/769.png,class1,1
100,cropped/hamburg/764.png,class1,1
100,cropped/hamburg/914.png,class1,1
100,cropped/hamburg/762.png,class3,3
100,cropped/hamburg/920.png,class1,1
100,cropped/hamburg/918.png,class1,1
100,cropped/hamburg/925.png,class1,1
100,cropped/hamburg/922.png,class1,1
100,cropped/hamburg/917.png,class1,1
100,cropped/hamburg/919.png,class1,1
100,cropped/hamburg/921.png,class1,1
100,cropped/hamburg/916.png,class1,1
100,cropped/hamburg/926.png,class1,1
100,cropped/hamburg/927.png,class1,1
100,cropped/hamburg/2065.png,class1,1
100,cropped/hamburg/2070.png,class1,1
100,cropped/hamburg/2066.png,class1,1
100,cropped/hamburg/2064.png,class1,1
100,cropped/hamburg/2071.png,class1,1
100,cropped/hamburg/2069.png,class1,1
100,cropped/hamburg/2074.png,class0,0
100,cropped/hamburg/2078.png,class2,2
100,cropped/hamburg/2077.png,class1,1
100,cropped/hamburg/488.png,class1,1
100,cropped/hamburg/2072.png,class1,1
100,cropped/hamburg/2073.png,class0,0
100,cropped/hamburg/2075.png,class4,4
100,cropped/hamburg/489.png,class1,1
100,cropped/hamburg/493.png,class1,1
100,cropped/hamburg/1975.png,class1,1
100,cropped/hamburg/491.png,class1,1
100,cropped/hamburg/1973.png,class1,1
100,cropped/hamburg/1977.png,class1,1
100,cropped/hamburg/494.png,class1,1
100,cropped/hamburg/1976.png,class1,1
100,cropped/hamburg/1974.png,class1,1
100,cropped/hamburg/1978.png,class1,1
100,cropped/hamburg/1980.png,class0,0
100,cropped/hamburg/1981.png,class0,0
100,cropped/hamburg/2410.png,class2,2
100,cropped/hamburg/2409.png,class2,2
100,cropped/hamburg/2407.png,class1,1
100,cropped/hamburg/2408.png,class1,1
100,cropped/hamburg/1979.png,class4,4
100,cropped/hamburg/2421.png,class1,1
100,cropped/hamburg/2419.png,class1,1
100,cropped/hamburg/2420.png,class2,2
100,cropped/hamburg/2416.png,class4,4
100,cropped/hamburg/2422.png,class1,1
100,cropped/hamburg/2413.png,class0,0
100,cropped/hamburg/2414.png,class0,0
100,cropped/hamburg/2418.png,class1,1
100,cropped/hamburg/2819.png,class0,0
100,cropped/hamburg/2814.png,class1,1
100,cropped/hamburg/2812.png,class1,1
100,cropped/hamburg/2817.png,class0,0
100,cropped/hamburg/2815.png,class1,1
100,cropped/hamburg/2811.png,class1,1
100,cropped/hamburg/2818.png,class0,0
100,cropped/hamburg/2816.png,class1,1
100,cropped/hamburg/1306.png,class1,1
100,cropped/hamburg/2822.png,class1,1
100,cropped/hamburg/2820.png,class0,0
100,cropped/hamburg/2821.png,class1,1
100,cropped/hamburg/1304.png,class1,1
100,cropped/hamburg/1305.png,class1,1
100,cropped/hamburg/1303.png,class1,1
100,cropped/hamburg/2823.png,class1,1
100,cropped/hamburg/1321.png,class1,1
100,cropped/hamburg/1309.png,class1,1
100,cropped/hamburg/1308.png,class0,0
100,cropped/hamburg/1325.png,class1,1
100,cropped/hamburg/1327.png,class1,1
100,cropped/hamburg/1323.png,class1,1
100,cropped/hamburg/1324.png,class1,1
100,cropped/hamburg/1307.png,class0,0
101,cropped/hamburg/1333.png,class1,1
101,cropped/hamburg/1330.png,class1,1
101,cropped/hamburg/1331.png,class0,0
101,cropped/hamburg/1332.png,class1,1
101,cropped/hamburg/2324.png,class0,0
101,cropped/hamburg/2323.png,class4,4
101,cropped/hamburg/2325.png,class4,4
101,cropped/hamburg/1334.png,class0,0
101,cropped/hamburg/2331.png,class1,1
101,cropped/hamburg/451.png,class0,0
101,cropped/hamburg/2326.png,class0,0
101,cropped/hamburg/2327.png,class1,1
101,cropped/hamburg/2333.png,class1,1
101,cropped/hamburg/2332.png,class1,1
101,cropped/hamburg/2329.png,class1,1
101,cropped/hamburg/2328.png,class0,0
101,cropped/hamburg/2474.png,class1,1
101,cropped/hamburg/2477.png,class1,1
101,cropped/hamburg/456.png,class1,1
101,cropped/hamburg/2476.png,class1,1
101,cropped/hamburg/2478.png,class1,1
101,cropped/hamburg/455.png,class1,1
101,cropped/hamburg/452.png,class0,0
101,cropped/hamburg/454.png,class1,1
101,cropped/hamburg/2483.png,class1,1
101,cropped/hamburg/2479.png,class1,1
101,cropped/hamburg/2484.png,class1,1
101,cropped/hamburg/2482.png,class1,1
101,cropped/hamburg/2481.png,class1,1
101,cropped/hamburg/2486.png,class1,1
101,cropped/hamburg/2480.png,class1,1
101,cropped/hamburg/2487.png,class1,1
101,cropped/hamburg/1936.png,class0,0
101,cropped/hamburg/1940.png,class1,1
101,cropped/hamburg/2062.png,class0,0
101,cropped/hamburg/1935.png,class0,0
101,cropped/hamburg/1937.png,class0,0
101,cropped/hamburg/2063.png,class0,0
101,cropped/hamburg/1939.png,class0,0
101,cropped/hamburg/2489.png,class1,1
101,cropped/hamburg/2536.png,class1,1
101,cropped/hamburg/623.png,class3,3
101,cropped/hamburg/2538.png,class2,2
101,cropped/hamburg/2537.png,class1,1
101,cropped/hamburg/617.png,class3,3
101,cropped/hamburg/620.png,class3,3
101,cropped/hamburg/618.png,class3,3
101,cropped/hamburg/619.png,class3,3
101,cropped/hamburg/624.png,class1,1
101,cropped/hamburg/156.png,class3,3
101,cropped/hamburg/157.png,class1,1
101,cropped/hamburg/164.png,class0,0
101,cropped/hamburg/160.png,class1,1
101,cropped/hamburg/162.png,class3,3
101,cropped/hamburg/161.png,class3,3
101,cropped/hamburg/163.png,class3,3
101,cropped/hamburg/167.png,class0,0
101,cropped/hamburg/2788.png,class1,1
101,cropped/hamburg/169.png,class0,0
101,cropped/hamburg/2785.png,class1,1
101,cropped/hamburg/165.png,class0,0
101,cropped/hamburg/2784.png,class3,3
101,cropped/hamburg/166.png,class0,0
101,cropped/hamburg/2787.png,class1,1
101,cropped/hamburg/2789.png,class1,1
101,cropped/hamburg/2794.png,class0,0
101,cropped/hamburg/987.png,class3,3
101,cropped/hamburg/988.png,class3,3
101,cropped/hamburg/2796.png,class0,0
101,cropped/hamburg/2790.png,class0,0
101,cropped/hamburg/2791.png,class1,1
101,cropped/hamburg/2793.png,class0,0
101,cropped/hamburg/997.png,class4,4
101,cropped/hamburg/998.png,class4,4
101,cropped/hamburg/990.png,class1,1
101,cropped/hamburg/993.png,class1,1
101,cropped/hamburg/991.png,class1,1
101,cropped/hamburg/994.png,class1,1
101,cropped/hamburg/989.png,class3,3
101,cropped/hamburg/992.png,class3,3
102,cropped/hamburg/1002.png,class1,1
102,cropped/hamburg/1003.png,class0,0
102,cropped/hamburg/1000.png,class1,1
102,cropped/hamburg/1004.png,class0,0
102,cropped/hamburg/1001.png,class1,1
102,cropped/hamburg/1222.png,class1,1
102,cropped/hamburg/999.png,class0,0
102,cropped/hamburg/1006.png,class1,1
102,cropped/hamburg/1228.png,class0,0
102,cropped/hamburg/1224.png,class3,3
102,cropped/hamburg/1227.png,class0,0
102,cropped/hamburg/1232.png,class0,0
102,cropped/hamburg/1226.png,class0,0
102,cropped/hamburg/1225.png,class0,0
102,cropped/hamburg/1229.png,class3,3
102,cropped/hamburg/1230.png,class0,0
102,cropped/hamburg/226.png,class1,1
102,cropped/hamburg/227.png,class1,1
102,cropped/hamburg/1204.png,class0,0
102,cropped/hamburg/225.png,class0,0
102,cropped/hamburg/1206.png,class0,0
102,cropped/hamburg/1207.png,class0,0
102,cropped/hamburg/1233.png,class0,0
102,cropped/hamburg/1205.png,class4,4
102,cropped/hamburg/1209.png,class0,0
102,cropped/hamburg/1216.png,class0,0
102,cropped/hamburg/1217.png,class0,0
102,cropped/hamburg/1211.png,class4,4
102,cropped/hamburg/1213.png,class0,0
102,cropped/hamburg/1212.png,class0,0
102,cropped/hamburg/1214.png,class0,0
102,cropped/hamburg/1208.png,class0,0
102,cropped/hamburg/1347.png,class3,3
102,cropped/hamburg/1346.png,class0,0
102,cropped/hamburg/1344.png,class0,0
102,cropped/hamburg/1345.png,class0,0
102,cropped/hamburg/1218.png,class0,0
102,cropped/hamburg/1220.png,class0,0
102,cropped/hamburg/1219.png,class0,0
102,cropped/hamburg/1342.png,class0,0
102,cropped/hamburg/1353.png,class0,0
102,cropped/hamburg/1357.png,class4,4
102,cropped/hamburg/1354.png,class4,4
102,cropped/hamburg/1350.png,class0,0
102,cropped/hamburg/1349.png,class0,0
102,cropped/hamburg/1355.png,class0,0
102,cropped/hamburg/1352.png,class0,0
102,cropped/hamburg/1356.png,class0,0
102,cropped/hamburg/2196.png,class1,1
102,cropped/hamburg/2195.png,class3,3
102,cropped/hamburg/2194.png,class1,1
102,cropped/hamburg/2190.png,class0,0
102,cropped/hamburg/2191.png,class1,1
102,cropped/hamburg/2192.png,class1,1
102,cropped/hamburg/2197.png,class1,1
102,cropped/hamburg/1593.png,class1,1
102,cropped/hamburg/703.png,class0,0
102,cropped/hamburg/704.png,class0,0
102,cropped/hamburg/1596.png,class1,1
102,cropped/hamburg/1594.png,class4,4
102,cropped/hamburg/1597.png,class1,1
102,cropped/hamburg/707.png,class0,0
102,cropped/hamburg/1598.png,class3,3
102,cropped/hamburg/706.png,class0,0
102,cropped/hamburg/709.png,class1,1
102,cropped/hamburg/710.png,class1,1
102,cropped/hamburg/1986.png,class1,1
102,cropped/hamburg/708.png,class1,1
102,cropped/hamburg/1984.png,class0,0
102,cropped/hamburg/711.png,class1,1
102,cropped/hamburg/712.png,class5,5
102,cropped/hamburg/1982.png,class0,0
102,cropped/hamburg/1990.png,class1,1
102,cropped/hamburg/397.png,class1,1
102,cropped/hamburg/400.png,class4,4
102,cropped/hamburg/1989.png,class1,1
102,cropped/hamburg/1987.png,class1,1
102,cropped/hamburg/398.png,class1,1
102,cropped/hamburg/1992.png,class1,1
102,cropped/hamburg/1988.png,class1,1
103,cropped/hamburg/672.png,class0,0
103,cropped/hamburg/671.png,class3,3
103,cropped/hamburg/676.png,class0,0
103,cropped/hamburg/677.png,class1,1
103,cropped/hamburg/402.png,class0,0
103,cropped/hamburg/678.png,class1,1
103,cropped/hamburg/401.png,class0,0
103,cropped/hamburg/673.png,class3,3
103,cropped/hamburg/683.png,class0,0
103,cropped/hamburg/680.png,class0,0
103,cropped/hamburg/684.png,class0,0
103,cropped/hamburg/682.png,class0,0
103,cropped/hamburg/1554.png,class3,3
103,cropped/hamburg/686.png,class0,0
103,cropped/hamburg/687.png,class0,0
103,cropped/hamburg/685.png,class0,0
103,cropped/hamburg/1555.png,class1,1
103,cropped/hamburg/2540.png,class1,1
103,cropped/hamburg/1556.png,class1,1
103,cropped/hamburg/1558.png,class1,1
103,cropped/hamburg/2539.png,class3,3
103,cropped/hamburg/2541.png,class1,1
103,cropped/hamburg/1557.png,class1,1
103,cropped/hamburg/1561.png,class3,3
103,cropped/hamburg/2548.png,class0,0
103,cropped/hamburg/1247.png,class0,0
103,cropped/hamburg/2543.png,class3,3
103,cropped/hamburg/1249.png,class0,0
103,cropped/hamburg/2542.png,class4,4
103,cropped/hamburg/2546.png,class0,0
103,cropped/hamburg/2545.png,class0,0
103,cropped/hamburg/2544.png,class4,4
103,cropped/hamburg/1254.png,class3,3
103,cropped/hamburg/1600.png,class1,1
103,cropped/hamburg/1250.png,class0,0
103,cropped/hamburg/1253.png,class0,0
103,cropped/hamburg/1256.png,class1,1
103,cropped/hamburg/1252.png,class0,0
103,cropped/hamburg/1601.png,class1,1
103,cropped/hamburg/1255.png,class0,0
103,cropped/hamburg/476.png,class1,1
103,cropped/hamburg/1605.png,class1,1
103,cropped/hamburg/1603.png,class1,1
103,cropped/hamburg/1608.png,class3,3
103,cropped/hamburg/1604.png,class1,1
103,cropped/hamburg/1607.png,class3,3
103,cropped/hamburg/478.png,class3,3
103,cropped/hamburg/1606.png,class1,1
103,cropped/hamburg/2169.png,class3,3
103,cropped/hamburg/2170.png,class3,3
103,cropped/hamburg/481.png,class1,1
103,cropped/hamburg/479.png,class3,3
103,cropped/hamburg/824.png,class0,0
103,cropped/hamburg/2172.png,class0,0
103,cropped/hamburg/480.png,class3,3
103,cropped/hamburg/823.png,class0,0
103,cropped/hamburg/2282.png,class3,3
103,cropped/hamburg/2175.png,class3,3
103,cropped/hamburg/2279.png,class1,1
103,cropped/hamburg/2281.png,class3,3
103,cropped/hamburg/2762.png,class1,1
103,cropped/hamburg/2174.png,class0,0
103,cropped/hamburg/2760.png,class1,1
103,cropped/hamburg/2761.png,class1,1
103,cropped/hamburg/2763.png,class1,1
103,cropped/hamburg/2765.png,class0,0
103,cropped/hamburg/485.png,class1,1
103,cropped/hamburg/487.png,class1,1
103,cropped/hamburg/482.png,class4,4
103,cropped/hamburg/484.png,class4,4
103,cropped/hamburg/2766.png,class0,0
103,cropped/hamburg/483.png,class4,4
103,cropped/hamburg/2636.png,class1,1
103,cropped/hamburg/2357.png,class1,1
103,cropped/hamburg/497.png,class1,1
103,cropped/hamburg/2355.png,class1,1
103,cropped/hamburg/2637.png,class1,1
103,cropped/hamburg/498.png,class1,1
103,cropped/hamburg/2638.png,class1,1
103,cropped/hamburg/2635.png,class1,1
104,cropped/hamburg/2641.png,class1,1
104,cropped/hamburg/2639.png,class1,1
104,cropped/hamburg/2648.png,class1,1
104,cropped/hamburg/2643.png,class1,1
104,cropped/hamburg/2644.png,class1,1
104,cropped/hamburg/2646.png,class1,1
104,cropped/hamburg/2647.png,class1,1
104,cropped/hamburg/2642.png,class1,1
104,cropped/hamburg/2675.png,class1,1
104,cropped/hamburg/2677.png,class1,1
104,cropped/hamburg/2676.png,class1,1
104,cropped/hamburg/2678.png,class1,1
104,cropped/hamburg/2671.png,class1,1
104,cropped/hamburg/2670.png,class1,1
104,cropped/hamburg/2673.png,class0,0
104,cropped/hamburg/2674.png,class0,0
104,cropped/hamburg/2680.png,class4,4
104,cropped/hamburg/2750.png,class1,1
104,cropped/hamburg/2681.png,class4,4
104,cropped/hamburg/2752.png,class1,1
104,cropped/hamburg/2749.png,class1,1
104,cropped/hamburg/2753.png,class0,0
104,cropped/hamburg/2751.png,class1,1
104,cropped/hamburg/2748.png,class1,1
104,cropped/hamburg/2757.png,class1,1
104,cropped/hamburg/1918.png,class3,3
104,cropped/hamburg/1919.png,class0,0
104,cropped/hamburg/1922.png,class1,1
104,cropped/hamburg/1920.png,class0,0
104,cropped/hamburg/2755.png,class0,0
104,cropped/hamburg/2756.png,class0,0
104,cropped/hamburg/2754.png,class0,0
104,cropped/hamburg/245.png,class0,0
104,cropped/hamburg/250.png,class1,1
104,cropped/hamburg/247.png,class3,3
104,cropped/hamburg/242.png,class0,0
104,cropped/hamburg/249.png,class1,1
104,cropped/hamburg/244.png,class0,0
104,cropped/hamburg/248.png,class1,1
104,cropped/hamburg/1924.png,class1,1
104,cropped/hamburg/625.png,class0,0
104,cropped/hamburg/1269.png,class1,1
104,cropped/hamburg/627.png,class0,0
104,cropped/hamburg/252.png,class4,4
104,cropped/hamburg/628.png,class4,4
104,cropped/hamburg/629.png,class0,0
104,cropped/hamburg/253.png,class1,1
104,cropped/hamburg/630.png,class4,4
104,cropped/hamburg/1277.png,class1,1
104,cropped/hamburg/1279.png,class1,1
104,cropped/hamburg/1274.png,class1,1
104,cropped/hamburg/1275.png,class1,1
104,cropped/hamburg/1271.png,class1,1
104,cropped/hamburg/1273.png,class1,1
104,cropped/hamburg/1276.png,class1,1
104,cropped/hamburg/1272.png,class1,1
104,cropped/hamburg/1280.png,class1,1
104,cropped/hamburg/1697.png,class1,1
104,cropped/hamburg/1694.png,class1,1
104,cropped/hamburg/1281.png,class1,1
104,cropped/hamburg/1696.png,class1,1
104,cropped/hamburg/1695.png,class1,1
104,cropped/hamburg/1692.png,class1,1
104,cropped/hamburg/1698.png,class1,1
104,cropped/hamburg/1701.png,class1,1
104,cropped/hamburg/1703.png,class1,1
104,cropped/hamburg/1705.png,class0,0
104,cropped/hamburg/1699.png,class1,1
104,cropped/hamburg/1700.png,class1,1
104,cropped/hamburg/2528.png,class1,1
104,cropped/hamburg/1706.png,class0,0
104,cropped/hamburg/1702.png,class1,1
104,cropped/hamburg/1784.png,class1,1
104,cropped/hamburg/1787.png,class5,5
104,cropped/hamburg/1782.png,class4,4
104,cropped/hamburg/1780.png,class1,1
104,cropped/hamburg/1781.png,class1,1
104,cropped/hamburg/1783.png,class4,4
104,cropped/hamburg/1786.png,class1,1
104,cropped/hamburg/1788.png,class5,5
105,cropped/hamburg/442.png,class1,1
105,cropped/hamburg/436.png,class4,4
105,cropped/hamburg/435.png,class4,4
105,cropped/hamburg/438.png,class4,4
105,cropped/hamburg/434.png,class4,4
105,cropped/hamburg/441.png,class4,4
105,cropped/hamburg/439.png,class0,0
105,cropped/hamburg/440.png,class4,4
105,cropped/hamburg/444.png,class1,1
105,cropped/hamburg/1446.png,class1,1
105,cropped/hamburg/445.png,class4,4
105,cropped/hamburg/1447.png,class1,1
105,cropped/hamburg/1448.png,class1,1
105,cropped/hamburg/1449.png,class1,1
105,cropped/hamburg/446.png,class0,0
105,cropped/hamburg/443.png,class1,1
105,cropped/hamburg/1453.png,class3,3
105,cropped/hamburg/1452.png,class1,1
105,cropped/hamburg/1454.png,class1,1
105,cropped/hamburg/1456.png,class1,1
105,cropped/hamburg/1459.png,class1,1
105,cropped/hamburg/1457.png,class1,1
105,cropped/hamburg/1458.png,class1,1
105,cropped/hamburg/1455.png,class1,1
105,cropped/hamburg/302.png,class4,4
105,cropped/hamburg/297.png,class1,1
105,cropped/hamburg/298.png,class1,1
105,cropped/hamburg/1461.png,class0,0
105,cropped/hamburg/295.png,class1,1
105,cropped/hamburg/299.png,class1,1
105,cropped/hamburg/296.png,class1,1
105,cropped/hamburg/301.png,class0,0
105,cropped/hamburg/304.png,class0,0
105,cropped/hamburg/310.png,class5,5
105,cropped/hamburg/303.png,class0,0
105,cropped/hamburg/309.png,class0,0
105,cropped/hamburg/307.png,class1,1
105,cropped/hamburg/311.png,class0,0
105,cropped/hamburg/306.png,class4,4
105,cropped/hamburg/312.png,class0,0
105,cropped/hamburg/409.png,class1,1
105,cropped/hamburg/315.png,class1,1
105,cropped/hamburg/314.png,class0,0
105,cropped/hamburg/404.png,class1,1
105,cropped/hamburg/408.png,class1,1
105,cropped/hamburg/403.png,class1,1
105,cropped/hamburg/407.png,class1,1
105,cropped/hamburg/405.png,class1,1
105,cropped/hamburg/1181.png,class1,1
105,cropped/hamburg/411.png,class1,1
105,cropped/hamburg/1183.png,class1,1
105,cropped/hamburg/1182.png,class1,1
105,cropped/hamburg/1185.png,class1,1
105,cropped/hamburg/412.png,class1,1
105,cropped/hamburg/413.png,class1,1
105,cropped/hamburg/410.png,class1,1
105,cropped/hamburg/334.png,class1,1
105,cropped/hamburg/338.png,class1,1
105,cropped/hamburg/333.png,class1,1
105,cropped/hamburg/339.png,class1,1
105,cropped/hamburg/336.png,class0,0
105,cropped/hamburg/1186.png,class1,1
105,cropped/hamburg/1187.png,class1,1
105,cropped/hamburg/335.png,class0,0
105,cropped/hamburg/342.png,class1,1
105,cropped/hamburg/230.png,class1,1
105,cropped/hamburg/233.png,class1,1
105,cropped/hamburg/344.png,class1,1
105,cropped/hamburg/343.png,class1,1
105,cropped/hamburg/234.png,class1,1
105,cropped/hamburg/341.png,class1,1
105,cropped/hamburg/232.png,class1,1
105,cropped/hamburg/239.png,class1,1
105,cropped/hamburg/237.png,class1,1
105,cropped/hamburg/1462.png,class1,1
105,cropped/hamburg/235.png,class1,1
105,cropped/hamburg/241.png,class1,1
105,cropped/hamburg/236.png,class1,1
105,cropped/hamburg/240.png,class1,1
105,cropped/hamburg/238.png,class1,1
106,cropped/hamburg/33.png,class1,1
106,cropped/hamburg/31.png,class0,0
106,cropped/hamburg/1469.png,class1,1
106,cropped/hamburg/1466.png,class0,0
106,cropped/hamburg/1465.png,class4,4
106,cropped/hamburg/1470.png,class1,1
106,cropped/hamburg/1467.png,class0,0
106,cropped/hamburg/32.png,class5,5
106,cropped/hamburg/2208.png,class1,1
106,cropped/hamburg/41.png,class1,1
106,cropped/hamburg/35.png,class1,1
106,cropped/hamburg/39.png,class1,1
106,cropped/hamburg/40.png,class1,1
106,cropped/hamburg/38.png,class0,0
106,cropped/hamburg/36.png,class5,5
106,cropped/hamburg/43.png,class1,1
106,cropped/hamburg/2216.png,class0,0
106,cropped/hamburg/2213.png,class4,4
106,cropped/hamburg/2217.png,class1,1
106,cropped/hamburg/2212.png,class0,0
106,cropped/hamburg/2218.png,class1,1
106,cropped/hamburg/2210.png,class1,1
106,cropped/hamburg/2211.png,class0,0
106,cropped/hamburg/2209.png,class1,1
106,cropped/hamburg/2223.png,class0,0
106,cropped/hamburg/2222.png,class1,1
106,cropped/hamburg/2596.png,class1,1
106,cropped/hamburg/2220.png,class1,1
106,cropped/hamburg/2225.png,class4,4
106,cropped/hamburg/2597.png,class1,1
106,cropped/hamburg/2219.png,class1,1
106,cropped/hamburg/2224.png,class4,4
106,cropped/hamburg/2603.png,class1,1
106,cropped/hamburg/2601.png,class4,4
106,cropped/hamburg/2604.png,class1,1
106,cropped/hamburg/1825.png,class1,1
106,cropped/hamburg/2600.png,class1,1
106,cropped/hamburg/1824.png,class1,1
106,cropped/hamburg/2599.png,class1,1
106,cropped/hamburg/2602.png,class4,4
106,cropped/hamburg/1827.png,class1,1
106,cropped/hamburg/1834.png,class1,1
106,cropped/hamburg/1826.png,class1,1
106,cropped/hamburg/1829.png,class1,1
106,cropped/hamburg/1832.png,class1,1
106,cropped/hamburg/1830.png,class1,1
106,cropped/hamburg/1831.png,class1,1
106,cropped/hamburg/1835.png,class1,1
106,cropped/hamburg/1843.png,class1,1
106,cropped/hamburg/1840.png,class0,0
106,cropped/hamburg/1837.png,class1,1
106,cropped/hamburg/941.png,class0,0
106,cropped/hamburg/1844.png,class1,1
106,cropped/hamburg/1841.png,class1,1
106,cropped/hamburg/1836.png,class2,2
106,cropped/hamburg/1842.png,class1,1
106,cropped/hamburg/942.png,class0,0
106,cropped/hamburg/946.png,class1,1
106,cropped/hamburg/951.png,class1,1
106,cropped/hamburg/945.png,class1,1
106,cropped/hamburg/943.png,class0,0
106,cropped/hamburg/947.png,class4,4
106,cropped/hamburg/949.png,class0,0
106,cropped/hamburg/948.png,class1,1
106,cropped/hamburg/634.png,class0,0
106,cropped/hamburg/632.png,class1,1
106,cropped/hamburg/635.png,class1,1
106,cropped/hamburg/134.png,class1,1
106,cropped/hamburg/952.png,class1,1
106,cropped/hamburg/633.png,class1,1
106,cropped/hamburg/133.png,class1,1
106,cropped/hamburg/132.png,class1,1
106,cropped/hamburg/141.png,class0,0
106,cropped/hamburg/135.png,class1,1
106,cropped/hamburg/138.png,class1,1
106,cropped/hamburg/2767.png,class1,1
106,cropped/hamburg/137.png,class1,1
106,cropped/hamburg/143.png,class0,0
106,cropped/hamburg/142.png,class0,0
106,cropped/hamburg/136.png,class1,1
107,cropped/hamburg/2770.png,class1,1
107,cropped/hamburg/2768.png,class1,1
107,cropped/hamburg/2495.png,class1,1
107,cropped/hamburg/2773.png,class4,4
107,cropped/hamburg/2496.png,class1,1
107,cropped/hamburg/2769.png,class1,1
107,cropped/hamburg/2772.png,class0,0
107,cropped/hamburg/2498.png,class1,1
107,cropped/hamburg/2500.png,class1,1
107,cropped/hamburg/2505.png,class0,0
107,cropped/hamburg/2504.png,class0,0
107,cropped/hamburg/2507.png,class4,4
107,cropped/hamburg/2501.png,class1,1
107,cropped/hamburg/2506.png,class0,0
107,cropped/hamburg/2499.png,class1,1
107,cropped/hamburg/2502.png,class1,1
107,cropped/hamburg/346.png,class0,0
107,cropped/hamburg/350.png,class1,1
107,cropped/hamburg/347.png,class1,1
107,cropped/hamburg/345.png,class1,1
107,cropped/hamburg/348.png,class1,1
107,cropped/hamburg/349.png,class1,1
107,cropped/hamburg/554.png,class4,4
107,cropped/hamburg/553.png,class1,1
107,cropped/hamburg/2453.png,class1,1
107,cropped/hamburg/352.png,class1,1
107,cropped/hamburg/357.png,class0,0
107,cropped/hamburg/353.png,class1,1
107,cropped/hamburg/351.png,class4,4
107,cropped/hamburg/354.png,class1,1
107,cropped/hamburg/355.png,class4,4
107,cropped/hamburg/356.png,class4,4
107,cropped/hamburg/2456.png,class1,1
107,cropped/hamburg/2459.png,class5,5
107,cropped/hamburg/2461.png,class1,1
107,cropped/hamburg/2457.png,class1,1
107,cropped/hamburg/2464.png,class1,1
107,cropped/hamburg/961.png,class1,1
107,cropped/hamburg/2460.png,class1,1
107,cropped/hamburg/2463.png,class1,1
107,cropped/hamburg/964.png,class1,1
107,cropped/hamburg/965.png,class1,1
107,cropped/hamburg/969.png,class4,4
107,cropped/hamburg/962.png,class1,1
107,cropped/hamburg/971.png,class4,4
107,cropped/hamburg/968.png,class4,4
107,cropped/hamburg/970.png,class0,0
107,cropped/hamburg/963.png,class1,1
107,cropped/hamburg/1573.png,class1,1
107,cropped/hamburg/1570.png,class1,1
107,cropped/hamburg/1284.png,class0,0
107,cropped/hamburg/1575.png,class1,1
107,cropped/hamburg/1576.png,class4,4
107,cropped/hamburg/1574.png,class1,1
107,cropped/hamburg/1572.png,class1,1
107,cropped/hamburg/1283.png,class4,4
107,cropped/hamburg/1286.png,class0,0
107,cropped/hamburg/1287.png,class0,0
107,cropped/hamburg/1294.png,class0,0
107,cropped/hamburg/1291.png,class1,1
107,cropped/hamburg/1290.png,class4,4
107,cropped/hamburg/1285.png,class1,1
107,cropped/hamburg/1292.png,class0,0
107,cropped/hamburg/1288.png,class0,0
107,cropped/hamburg/1296.png,class1,1
107,cropped/hamburg/862.png,class1,1
107,cropped/hamburg/1298.png,class1,1
107,cropped/hamburg/1299.png,class1,1
107,cropped/hamburg/1300.png,class1,1
107,cropped/hamburg/863.png,class2,2
107,cropped/hamburg/860.png,class1,1
107,cropped/hamburg/1297.png,class5,5
107,cropped/hamburg/872.png,class0,0
107,cropped/hamburg/864.png,class1,1
107,cropped/hamburg/868.png,class5,5
107,cropped/hamburg/866.png,class1,1
107,cropped/hamburg/867.png,class1,1
107,cropped/hamburg/869.png,class1,1
107,cropped/hamburg/870.png,class5,5
107,cropped/hamburg/873.png,class0,0
108,cropped/hamburg/878.png,class4,4
108,cropped/hamburg/883.png,class0,0
108,cropped/hamburg/876.png,class4,4
108,cropped/hamburg/881.png,class0,0
108,cropped/hamburg/879.png,class1,1
108,cropped/hamburg/874.png,class4,4
108,cropped/hamburg/877.png,class4,4
108,cropped/hamburg/875.png,class4,4
108,cropped/hamburg/2385.png,class1,1
108,cropped/hamburg/2387.png,class1,1
108,cropped/hamburg/2384.png,class4,4
108,cropped/hamburg/2383.png,class1,1
108,cropped/hamburg/2381.png,class1,1
108,cropped/hamburg/2386.png,class1,1
108,cropped/hamburg/2388.png,class1,1
108,cropped/hamburg/2382.png,class1,1
108,cropped/hamburg/187.png,class1,1
108,cropped/hamburg/189.png,class1,1
108,cropped/hamburg/190.png,class0,0
108,cropped/hamburg/188.png,class0,0
108,cropped/hamburg/194.png,class4,4
108,cropped/hamburg/191.png,class0,0
108,cropped/hamburg/2389.png,class1,1
108,cropped/hamburg/192.png,class4,4
108,cropped/hamburg/2427.png,class1,1
108,cropped/hamburg/195.png,class1,1
108,cropped/hamburg/2426.png,class1,1
108,cropped/hamburg/199.png,class1,1
108,cropped/hamburg/2425.png,class1,1
108,cropped/hamburg/2424.png,class2,2
108,cropped/hamburg/197.png,class1,1
108,cropped/hamburg/2428.png,class1,1
108,cropped/hamburg/2433.png,class0,0
108,cropped/hamburg/2437.png,class0,0
108,cropped/hamburg/2434.png,class1,1
108,cropped/hamburg/2438.png,class1,1
108,cropped/hamburg/2429.png,class1,1
108,cropped/hamburg/2431.png,class1,1
108,cropped/hamburg/2436.png,class1,1
108,cropped/hamburg/2432.png,class1,1
108,cropped/hamburg/2443.png,class1,1
108,cropped/hamburg/2440.png,class1,1
108,cropped/hamburg/2444.png,class1,1
108,cropped/hamburg/2441.png,class1,1
108,cropped/hamburg/1078.png,class1,1
108,cropped/hamburg/1079.png,class1,1
108,cropped/hamburg/1080.png,class1,1
108,cropped/hamburg/2439.png,class1,1
108,cropped/hamburg/1090.png,class0,0
108,cropped/hamburg/1083.png,class1,1
108,cropped/hamburg/1087.png,class1,1
108,cropped/hamburg/1086.png,class1,1
108,cropped/hamburg/1088.png,class1,1
108,cropped/hamburg/1084.png,class1,1
108,cropped/hamburg/1085.png,class1,1
108,cropped/hamburg/1082.png,class1,1
108,cropped/hamburg/1093.png,class0,0
108,cropped/hamburg/1094.png,class1,1
108,cropped/hamburg/1099.png,class4,4
108,cropped/hamburg/1100.png,class0,0
108,cropped/hamburg/1098.png,class4,4
108,cropped/hamburg/1091.png,class0,0
108,cropped/hamburg/1092.png,class0,0
108,cropped/hamburg/1096.png,class0,0
108,cropped/hamburg/905.png,class1,1
108,cropped/hamburg/909.png,class0,0
108,cropped/hamburg/904.png,class0,0
108,cropped/hamburg/902.png,class1,1
108,cropped/hamburg/907.png,class0,0
108,cropped/hamburg/901.png,class1,1
108,cropped/hamburg/903.png,class1,1
108,cropped/hamburg/908.png,class1,1
108,cropped/hamburg/913.png,class4,4
108,cropped/hamburg/910.png,class0,0
108,cropped/hamburg/911.png,class4,4
108,cropped/hamburg/2741.png,class0,0
108,cropped/hamburg/912.png,class1,1
108,cropped/hamburg/2738.png,class1,1
108,cropped/hamburg/2740.png,class0,0
108,cropped/hamburg/2739.png,class0,0
109,cropped/hamburg/2746.png,class1,1
109,cropped/hamburg/1757.png,class1,1
109,cropped/hamburg/2743.png,class5,5
109,cropped/hamburg/1756.png,class1,1
109,cropped/hamburg/1755.png,class1,1
109,cropped/hamburg/2747.png,class1,1
109,cropped/hamburg/2745.png,class1,1
109,cropped/hamburg/1758.png,class1,1
109,cropped/hamburg/2632.png,class1,1
109,cropped/hamburg/2631.png,class1,1
109,cropped/hamburg/1760.png,class1,1
109,cropped/hamburg/1761.png,class5,5
109,cropped/hamburg/2633.png,class1,1
109,cropped/hamburg/2634.png,class1,1
109,cropped/hamburg/1562.png,class1,1
109,cropped/hamburg/1759.png,class5,5
109,cropped/hamburg/1566.png,class1,1
109,cropped/hamburg/1564.png,class1,1
109,cropped/hamburg/846.png,class1,1
109,cropped/hamburg/1569.png,class1,1
109,cropped/hamburg/1568.png,class1,1
109,cropped/hamburg/1567.png,class1,1
109,cropped/hamburg/1565.png,class1,1
109,cropped/hamburg/845.png,class1,1
109,cropped/hamburg/854.png,class1,1
109,cropped/hamburg/855.png,class1,1
109,cropped/hamburg/850.png,class1,1
109,cropped/hamburg/849.png,class1,1
109,cropped/hamburg/847.png,class1,1
109,cropped/hamburg/852.png,class1,1
109,cropped/hamburg/851.png,class1,1
109,cropped/hamburg/856.png,class0,0
109,cropped/hamburg/891.png,class4,4
109,cropped/hamburg/886.png,class1,1
109,cropped/hamburg/859.png,class0,0
109,cropped/hamburg/888.png,class1,1
109,cropped/hamburg/890.png,class1,1
109,cropped/hamburg/885.png,class1,1
109,cropped/hamburg/858.png,class0,0
109,cropped/hamburg/889.png,class1,1
109,cropped/hamburg/895.png,class1,1
109,cropped/hamburg/778.png,class1,1
109,cropped/hamburg/893.png,class1,1
109,cropped/hamburg/776.png,class1,1
109,cropped/hamburg/892.png,class1,1
109,cropped/hamburg/894.png,class1,1
109,cropped/hamburg/775.png,class1,1
109,cropped/hamburg/774.png,class1,1
109,cropped/hamburg/783.png,class1,1
109,cropped/hamburg/782.png,class1,1
109,cropped/hamburg/976.png,class1,1
109,cropped/hamburg/780.png,class1,1
109,cropped/hamburg/975.png,class1,1
109,cropped/hamburg/781.png,class1,1
109,cropped/hamburg/972.png,class1,1
109,cropped/hamburg/779.png,class1,1
109,cropped/hamburg/982.png,class1,1
109,cropped/hamburg/980.png,class1,1
109,cropped/hamburg/981.png,class1,1
109,cropped/hamburg/977.png,class1,1
109,cropped/hamburg/983.png,class0,0
109,cropped/hamburg/985.png,class0,0
109,cropped/hamburg/986.png,class0,0
109,cropped/hamburg/979.png,class1,1
109,cropped/hamburg/290.png,class0,0
109,cropped/hamburg/2199.png,class3,3
109,cropped/hamburg/288.png,class2,2
109,cropped/hamburg/292.png,class1,1
109,cropped/hamburg/285.png,class1,1
109,cropped/hamburg/289.png,class1,1
109,cropped/hamburg/286.png,class1,1
109,cropped/hamburg/287.png,class1,1
109,cropped/hamburg/2200.png,class4,4
109,cropped/hamburg/1854.png,class1,1
109,cropped/hamburg/2206.png,class1,1
109,cropped/hamburg/2207.png,class1,1
109,cropped/hamburg/2201.png,class1,1
109,cropped/hamburg/2204.png,class1,1
109,cropped/hamburg/2202.png,class1,1
109,cropped/hamburg/2205.png,class1,1
110,cropped/hamburg/1859.png,class0,0
110,cropped/hamburg/1861.png,class0,0
110,cropped/hamburg/1855.png,class1,1
110,cropped/hamburg/1862.png,class0,0
110,cropped/hamburg/1857.png,class1,1
110,cropped/hamburg/1856.png,class1,1
110,cropped/hamburg/1860.png,class0,0
110,cropped/hamburg/1864.png,class0,0
110,cropped/hamburg/837.png,class1,1
110,cropped/hamburg/838.png,class1,1
110,cropped/hamburg/840.png,class1,1
110,cropped/hamburg/835.png,class1,1
110,cropped/hamburg/836.png,class1,1
110,cropped/hamburg/1865.png,class0,0
110,cropped/hamburg/841.png,class4,4
110,cropped/hamburg/2759.png,class0,0
110,cropped/hamburg/717.png,class4,4
110,cropped/hamburg/716.png,class1,1
110,cropped/hamburg/713.png,class1,1
110,cropped/hamburg/842.png,class4,4
110,cropped/hamburg/843.png,class1,1
110,cropped/hamburg/719.png,class4,4
110,cropped/hamburg/714.png,class1,1
110,cropped/hamburg/718.png,class0,0
110,cropped/hamburg/1426.png,class1,1
110,cropped/hamburg/1421.png,class1,1
110,cropped/hamburg/1429.png,class1,1
110,cropped/hamburg/1424.png,class0,0
110,cropped/hamburg/1428.png,class1,1
110,cropped/hamburg/721.png,class4,4
110,cropped/hamburg/1423.png,class1,1
110,cropped/hamburg/1425.png,class1,1
110,cropped/hamburg/1438.png,class0,0
110,cropped/hamburg/1434.png,class1,1
110,cropped/hamburg/1433.png,class1,1
110,cropped/hamburg/1437.png,class0,0
110,cropped/hamburg/1431.png,class1,1
110,cropped/hamburg/1430.png,class1,1
110,cropped/hamburg/1432.png,class1,1
110,cropped/hamburg/1435.png,class0,0
110,cropped/hamburg/174.png,class1,1
110,cropped/hamburg/171.png,class0,0
110,cropped/hamburg/177.png,class0,0
110,cropped/hamburg/176.png,class0,0
110,cropped/hamburg/173.png,class0,0
110,cropped/hamburg/170.png,class0,0
110,cropped/hamburg/2334.png,class0,0
110,cropped/hamburg/172.png,class0,0
110,cropped/hamburg/1510.png,class1,1
110,cropped/hamburg/1505.png,class1,1
110,cropped/hamburg/2336.png,class0,0
110,cropped/hamburg/1508.png,class0,0
110,cropped/hamburg/1511.png,class0,0
110,cropped/hamburg/1512.png,class0,0
110,cropped/hamburg/1507.png,class1,1
110,cropped/hamburg/1506.png,class1,1
110,cropped/hamburg/1519.png,class4,4
110,cropped/hamburg/1871.png,class1,1
110,cropped/hamburg/1517.png,class0,0
110,cropped/hamburg/1520.png,class0,0
110,cropped/hamburg/1514.png,class0,0
110,cropped/hamburg/1518.png,class1,1
110,cropped/hamburg/1513.png,class0,0
110,cropped/hamburg/1515.png,class1,1
110,cropped/hamburg/1873.png,class1,1
110,cropped/hamburg/1877.png,class1,1
110,cropped/hamburg/1876.png,class1,1
110,cropped/hamburg/1878.png,class1,1
110,cropped/hamburg/1875.png,class1,1
110,cropped/hamburg/1879.png,class2,2
110,cropped/hamburg/1881.png,class0,0
110,cropped/hamburg/1880.png,class0,0
110,cropped/hamburg/1889.png,class0,0
110,cropped/hamburg/1886.png,class0,0
110,cropped/hamburg/1887.png,class0,0
110,cropped/hamburg/1883.png,class0,0
110,cropped/hamburg/1884.png,class0,0
110,cropped/hamburg/1888.png,class0,0
110,cropped/hamburg/1885.png,class0,0
110,cropped/hamburg/1891.png,class0,0
111,cropped/hamburg/13.png,class1,1
111,cropped/hamburg/1892.png,class0,0
111,cropped/hamburg/11.png,class1,1
111,cropped/hamburg/14.png,class3,3
111,cropped/hamburg/789.png,class3,3
111,cropped/hamburg/10.png,class0,0
111,cropped/hamburg/790.png,class3,3
111,cropped/hamburg/9.png,class1,1
111,cropped/hamburg/636.png,class3,3
111,cropped/hamburg/795.png,class1,1
111,cropped/hamburg/792.png,class1,1
111,cropped/hamburg/638.png,class1,1
111,cropped/hamburg/794.png,class1,1
111,cropped/hamburg/637.png,class3,3
111,cropped/hamburg/791.png,class1,1
111,cropped/hamburg/793.png,class4,4
111,cropped/hamburg/647.png,class0,0
111,cropped/hamburg/643.png,class5,5
111,cropped/hamburg/640.png,class1,1
111,cropped/hamburg/648.png,class0,0
111,cropped/hamburg/641.png,class1,1
111,cropped/hamburg/644.png,class0,0
111,cropped/hamburg/649.png,class0,0
111,cropped/hamburg/645.png,class0,0
111,cropped/hamburg/653.png,class0,0
111,cropped/hamburg/652.png,class0,0
111,cropped/hamburg/656.png,class0,0
111,cropped/hamburg/651.png,class0,0
111,cropped/hamburg/659.png,class0,0
111,cropped/hamburg/655.png,class0,0
111,cropped/hamburg/657.png,class0,0
111,cropped/hamburg/654.png,class0,0
111,cropped/hamburg/663.png,class0,0
111,cropped/hamburg/664.png,class0,0
111,cropped/hamburg/667.png,class0,0
111,cropped/hamburg/662.png,class0,0
111,cropped/hamburg/665.png,class0,0
111,cropped/hamburg/669.png,class0,0
111,cropped/hamburg/668.png,class0,0
111,cropped/hamburg/661.png,class0,0
111,cropped/hamburg/1907.png,class1,1
111,cropped/hamburg/1406.png,class0,0
111,cropped/hamburg/1405.png,class0,0
111,cropped/hamburg/1910.png,class0,0
111,cropped/hamburg/1909.png,class0,0
111,cropped/hamburg/1906.png,class1,1
111,cropped/hamburg/1908.png,class0,0
111,cropped/hamburg/670.png,class0,0
111,cropped/hamburg/1410.png,class0,0
111,cropped/hamburg/1415.png,class0,0
111,cropped/hamburg/1408.png,class0,0
111,cropped/hamburg/1409.png,class0,0
111,cropped/hamburg/1416.png,class0,0
111,cropped/hamburg/1413.png,class0,0
111,cropped/hamburg/1407.png,class2,2
111,cropped/hamburg/1412.png,class0,0
111,cropped/hamburg/2298.png,class4,4
111,cropped/hamburg/1419.png,class0,0
111,cropped/hamburg/2299.png,class0,0
111,cropped/hamburg/1420.png,class1,1
111,cropped/hamburg/1417.png,class0,0
111,cropped/hamburg/2300.png,class0,0
111,cropped/hamburg/2297.png,class0,0
111,cropped/hamburg/2301.png,class4,4
111,cropped/hamburg/828.png,class0,0
111,cropped/hamburg/826.png,class0,0
111,cropped/hamburg/829.png,class0,0
111,cropped/hamburg/2303.png,class0,0
111,cropped/hamburg/827.png,class0,0
111,cropped/hamburg/2307.png,class0,0
111,cropped/hamburg/2305.png,class0,0
111,cropped/hamburg/2306.png,class4,4
111,cropped/hamburg/2656.png,class0,0
111,cropped/hamburg/2653.png,class1,1
111,cropped/hamburg/2654.png,class1,1
111,cropped/hamburg/2652.png,class4,4
111,cropped/hamburg/834.png,class0,0
111,cropped/hamburg/832.png,class0,0
111,cropped/hamburg/2655.png,class0,0
111,cropped/hamburg/831.png,class0,0
112,cropped/hamburg/2663.png,class0,0
112,cropped/hamburg/2662.png,class0,0
112,cropped/hamburg/2659.png,class0,0
112,cropped/hamburg/2657.png,class0,0
112,cropped/hamburg/2660.png,class0,0
112,cropped/hamburg/2658.png,class1,1
112,cropped/hamburg/2665.png,class0,0
112,cropped/hamburg/2666.png,class0,0
112,cropped/hamburg/2287.png,class0,0
112,cropped/hamburg/2283.png,class0,0
112,cropped/hamburg/2288.png,class0,0
112,cropped/hamburg/2290.png,class3,3
112,cropped/hamburg/2284.png,class0,0
112,cropped/hamburg/2289.png,class0,0
112,cropped/hamburg/2668.png,class0,0
112,cropped/hamburg/2285.png,class0,0
112,cropped/hamburg/2138.png,class0,0
112,cropped/hamburg/2137.png,class0,0
112,cropped/hamburg/2134.png,class0,0
112,cropped/hamburg/2135.png,class0,0
112,cropped/hamburg/2133.png,class0,0
112,cropped/hamburg/2139.png,class0,0
112,cropped/hamburg/2132.png,class1,1
112,cropped/hamburg/2136.png,class0,0
112,cropped/hamburg/2141.png,class0,0
112,cropped/hamburg/2145.png,class4,4
112,cropped/hamburg/2492.png,class0,0
112,cropped/hamburg/2490.png,class1,1
112,cropped/hamburg/2491.png,class0,0
112,cropped/hamburg/2494.png,class1,1
112,cropped/hamburg/2493.png,class0,0
112,cropped/hamburg/2143.png,class0,0
112,cropped/hamburg/1544.png,class1,1
112,cropped/hamburg/1550.png,class1,1
112,cropped/hamburg/1549.png,class1,1
112,cropped/hamburg/1547.png,class1,1
112,cropped/hamburg/1545.png,class1,1
112,cropped/hamburg/1553.png,class1,1
112,cropped/hamburg/1548.png,class1,1
112,cropped/hamburg/1552.png,class1,1
112,cropped/hamburg/2152.png,class0,0
112,cropped/hamburg/2157.png,class0,0
112,cropped/hamburg/2153.png,class0,0
112,cropped/hamburg/2154.png,class0,0
112,cropped/hamburg/2156.png,class0,0
112,cropped/hamburg/2151.png,class0,0
112,cropped/hamburg/2149.png,class1,1
112,cropped/hamburg/2155.png,class0,0
112,cropped/hamburg/2160.png,class0,0
112,cropped/hamburg/2798.png,class0,0
112,cropped/hamburg/2158.png,class0,0
112,cropped/hamburg/2161.png,class0,0
112,cropped/hamburg/2799.png,class0,0
112,cropped/hamburg/2159.png,class0,0
112,cropped/hamburg/2164.png,class0,0
112,cropped/hamburg/2162.png,class0,0
112,cropped/hamburg/2807.png,class0,0
112,cropped/hamburg/2805.png,class0,0
112,cropped/hamburg/2806.png,class0,0
112,cropped/hamburg/2800.png,class0,0
112,cropped/hamburg/2809.png,class0,0
112,cropped/hamburg/2804.png,class0,0
112,cropped/hamburg/2801.png,class0,0
112,cropped/hamburg/2808.png,class0,0
112,cropped/hamburg/2729.png,class1,1
112,cropped/hamburg/2722.png,class1,1
112,cropped/hamburg/2726.png,class0,0
112,cropped/hamburg/2725.png,class0,0
112,cropped/hamburg/2723.png,class1,1
112,cropped/hamburg/2724.png,class0,0
112,cropped/hamburg/2728.png,class1,1
112,cropped/hamburg/2727.png,class1,1
112,cropped/hamburg/361.png,class1,1
112,cropped/hamburg/363.png,class1,1
112,cropped/hamburg/358.png,class1,1
112,cropped/hamburg/2730.png,class1,1
112,cropped/hamburg/2733.png,class0,0
112,cropped/hamburg/2731.png,class0,0
112,cropped/hamburg/360.png,class1,1
112,cropped/hamburg/359.png,class1,1
113,cropped/hanover/1620.png,class1,1
113,cropped/hanover/1617.png,class1,1
113,cropped/hanover/1623.png,class1,1
113,cropped/hanover/1038.png,class1,1
113,cropped/hanover/1621.png,class1,1
113,cropped/hanover/1039.png,class1,1
113,cropped/hanover/1619.png,class1,1
113,cropped/hanover/1618.png,class1,1
113,cropped/hanover/1631.png,class1,1
113,cropped/hanover/1628.png,class1,1
113,cropped/hanover/841.png,class1,1
113,cropped/hanover/1624.png,class1,1
113,cropped/hanover/1625.png,class1,1
113,cropped/hanover/1626.png,class1,1
113,cropped/hanover/840.png,class1,1
113,cropped/hanover/1629.png,class1,1
113,cropped/hanover/844.png,class1,1
113,cropped/hanover/850.png,class1,1
113,cropped/hanover/843.png,class1,1
113,cropped/hanover/851.png,class1,1
113,cropped/hanover/846.png,class1,1
113,cropped/hanover/842.png,class1,1
113,cropped/hanover/848.png,class5,5
113,cropped/hanover/845.png,class1,1
113,cropped/hanover/1541.png,class1,1
113,cropped/hanover/1538.png,class1,1
113,cropped/hanover/1540.png,class1,1
113,cropped/hanover/1537.png,class1,1
113,cropped/hanover/1543.png,class1,1
113,cropped/hanover/1542.png,class1,1
113,cropped/hanover/1544.png,class0,0
113,cropped/hanover/1546.png,class1,1
113,cropped/hanover/1550.png,class1,1
113,cropped/hanover/1551.png,class1,1
113,cropped/hanover/1547.png,class1,1
113,cropped/hanover/504.png,class1,1
113,cropped/hanover/506.png,class1,1
113,cropped/hanover/1549.png,class1,1
113,cropped/hanover/505.png,class1,1
113,cropped/hanover/1548.png,class1,1
113,cropped/hanover/137.png,class1,1
113,cropped/hanover/1253.png,class2,2
113,cropped/hanover/508.png,class5,5
113,cropped/hanover/136.png,class1,1
113,cropped/hanover/1255.png,class1,1
113,cropped/hanover/138.png,class0,0
113,cropped/hanover/507.png,class1,1
113,cropped/hanover/1254.png,class0,0
113,cropped/hanover/144.png,class1,1
113,cropped/hanover/145.png,class1,1
113,cropped/hanover/139.png,class1,1
113,cropped/hanover/143.png,class1,1
113,cropped/hanover/141.png,class1,1
113,cropped/hanover/140.png,class4,4
113,cropped/hanover/146.png,class1,1
113,cropped/hanover/701.png,class1,1
113,cropped/hanover/708.png,class4,4
113,cropped/hanover/704.png,class1,1
113,cropped/hanover/705.png,class4,4
113,cropped/hanover/691.png,class1,1
113,cropped/hanover/707.png,class1,1
113,cropped/hanover/709.png,class4,4
113,cropped/hanover/703.png,class1,1
113,cropped/hanover/690.png,class0,0
113,cropped/hanover/379.png,class1,1
113,cropped/hanover/694.png,class4,4
113,cropped/hanover/693.png,class5,5
113,cropped/hanover/373.png,class1,1
113,cropped/hanover/375.png,class1,1
113,cropped/hanover/380.png,class1,1
113,cropped/hanover/374.png,class1,1
113,cropped/hanover/376.png,class1,1
113,cropped/hanover/503.png,class1,1
113,cropped/hanover/285.png,class1,1
113,cropped/hanover/284.png,class1,1
113,cropped/hanover/500.png,class1,1
113,cropped/hanover/381.png,class4,4
113,cropped/hanover/501.png,class1,1
113,cropped/hanover/286.png,class1,1
113,cropped/hanover/502.png,class4,4
114,cropped/hanover/287.png,class1,1
114,cropped/hanover/289.png,class1,1
114,cropped/hanover/291.png,class1,1
114,cropped/hanover/293.png,class1,1
114,cropped/hanover/296.png,class0,0
114,cropped/hanover/294.png,class1,1
114,cropped/hanover/290.png,class1,1
114,cropped/hanover/292.png,class1,1
114,cropped/hanover/573.png,class1,1
114,cropped/hanover/810.png,class4,4
114,cropped/hanover/575.png,class1,1
114,cropped/hanover/577.png,class1,1
114,cropped/hanover/576.png,class1,1
114,cropped/hanover/571.png,class1,1
114,cropped/hanover/570.png,class1,1
114,cropped/hanover/572.png,class1,1
114,cropped/hanover/817.png,class1,1
114,cropped/hanover/814.png,class4,4
114,cropped/hanover/818.png,class1,1
114,cropped/hanover/816.png,class1,1
114,cropped/hanover/1161.png,class1,1
114,cropped/hanover/1162.png,class1,1
114,cropped/hanover/811.png,class0,0
114,cropped/hanover/813.png,class4,4
114,cropped/hanover/1166.png,class1,1
114,cropped/hanover/1171.png,class0,0
114,cropped/hanover/1164.png,class1,1
114,cropped/hanover/1170.png,class1,1
114,cropped/hanover/1168.png,class1,1
114,cropped/hanover/1165.png,class1,1
114,cropped/hanover/1163.png,class1,1
114,cropped/hanover/1169.png,class1,1
114,cropped/hanover/354.png,class1,1
114,cropped/hanover/355.png,class1,1
114,cropped/hanover/1173.png,class1,1
114,cropped/hanover/349.png,class1,1
114,cropped/hanover/350.png,class1,1
114,cropped/hanover/1174.png,class1,1
114,cropped/hanover/1175.png,class1,1
114,cropped/hanover/351.png,class1,1
114,cropped/hanover/819.png,class2,2
114,cropped/hanover/820.png,class4,4
114,cropped/hanover/826.png,class1,1
114,cropped/hanover/821.png,class4,4
114,cropped/hanover/825.png,class2,2
114,cropped/hanover/356.png,class4,4
114,cropped/hanover/822.png,class1,1
114,cropped/hanover/827.png,class1,1
114,cropped/hanover/830.png,class2,2
114,cropped/hanover/831.png,class1,1
114,cropped/hanover/829.png,class1,1
114,cropped/hanover/833.png,class1,1
114,cropped/hanover/837.png,class1,1
114,cropped/hanover/834.png,class2,2
114,cropped/hanover/832.png,class1,1
114,cropped/hanover/835.png,class2,2
114,cropped/hanover/838.png,class1,1
114,cropped/hanover/308.png,class2,2
114,cropped/hanover/307.png,class2,2
114,cropped/hanover/311.png,class4,4
114,cropped/hanover/309.png,class1,1
114,cropped/hanover/310.png,class4,4
114,cropped/hanover/306.png,class1,1
114,cropped/hanover/312.png,class4,4
114,cropped/hanover/1128.png,class4,4
114,cropped/hanover/315.png,class0,0
114,cropped/hanover/313.png,class0,0
114,cropped/hanover/1129.png,class1,1
114,cropped/hanover/1130.png,class4,4
114,cropped/hanover/314.png,class0,0
114,cropped/hanover/1127.png,class1,1
114,cropped/hanover/317.png,class0,0
114,cropped/hanover/1135.png,class1,1
114,cropped/hanover/696.png,class1,1
114,cropped/hanover/1134.png,class1,1
114,cropped/hanover/1131.png,class1,1
114,cropped/hanover/1132.png,class1,1
114,cropped/hanover/698.png,class1,1
114,cropped/hanover/699.png,class1,1
114,cropped/hanover/695.png,class1,1
115,cropped/hanover/987.png,class1,1
115,cropped/hanover/1261.png,class0,0
115,cropped/hanover/1259.png,class1,1
115,cropped/hanover/1262.png,class1,1
115,cropped/hanover/1258.png,class1,1
115,cropped/hanover/986.png,class4,4
115,cropped/hanover/989.png,class1,1
115,cropped/hanover/988.png,class5,5
115,cropped/hanover/1457.png,class1,1
115,cropped/hanover/1454.png,class1,1
115,cropped/hanover/1264.png,class1,1
115,cropped/hanover/1458.png,class4,4
115,cropped/hanover/1455.png,class1,1
115,cropped/hanover/1265.png,class1,1
115,cropped/hanover/1456.png,class1,1
115,cropped/hanover/1452.png,class1,1
115,cropped/hanover/62.png,class0,0
115,cropped/hanover/57.png,class0,0
115,cropped/hanover/58.png,class1,1
115,cropped/hanover/1462.png,class1,1
115,cropped/hanover/59.png,class1,1
115,cropped/hanover/1461.png,class1,1
115,cropped/hanover/1459.png,class1,1
115,cropped/hanover/60.png,class1,1
115,cropped/hanover/673.png,class2,2
115,cropped/hanover/674.png,class1,1
115,cropped/hanover/1025.png,class2,2
115,cropped/hanover/677.png,class4,4
115,cropped/hanover/678.png,class1,1
115,cropped/hanover/1026.png,class2,2
115,cropped/hanover/675.png,class1,1
115,cropped/hanover/1023.png,class0,0
115,cropped/hanover/1028.png,class1,1
115,cropped/hanover/1034.png,class1,1
115,cropped/hanover/1027.png,class1,1
115,cropped/hanover/1031.png,class1,1
115,cropped/hanover/1033.png,class1,1
115,cropped/hanover/1032.png,class1,1
115,cropped/hanover/1035.png,class1,1
115,cropped/hanover/1029.png,class1,1
115,cropped/hanover/82.png,class1,1
115,cropped/hanover/77.png,class3,3
115,cropped/hanover/83.png,class1,1
115,cropped/hanover/81.png,class4,4
115,cropped/hanover/1037.png,class4,4
115,cropped/hanover/80.png,class1,1
115,cropped/hanover/78.png,class1,1
115,cropped/hanover/85.png,class0,0
115,cropped/hanover/87.png,class0,0
115,cropped/hanover/1425.png,class1,1
115,cropped/hanover/86.png,class0,0
115,cropped/hanover/1419.png,class1,1
115,cropped/hanover/1424.png,class1,1
115,cropped/hanover/1421.png,class1,1
115,cropped/hanover/1422.png,class1,1
115,cropped/hanover/1426.png,class1,1
115,cropped/hanover/1427.png,class1,1
115,cropped/hanover/1431.png,class3,3
115,cropped/hanover/1432.png,class1,1
115,cropped/hanover/1430.png,class1,1
115,cropped/hanover/1429.png,class1,1
115,cropped/hanover/1436.png,class1,1
115,cropped/hanover/1433.png,class0,0
115,cropped/hanover/1435.png,class1,1
115,cropped/hanover/1475.png,class1,1
115,cropped/hanover/1474.png,class1,1
115,cropped/hanover/1472.png,class1,1
115,cropped/hanover/1473.png,class1,1
115,cropped/hanover/348.png,class2,2
115,cropped/hanover/1476.png,class0,0
115,cropped/hanover/347.png,class2,2
115,cropped/hanover/1210.png,class1,1
115,cropped/hanover/1357.png,class1,1
115,cropped/hanover/1358.png,class1,1
115,cropped/hanover/853.png,class4,4
115,cropped/hanover/1356.png,class1,1
115,cropped/hanover/855.png,class1,1
115,cropped/hanover/854.png,class2,2
115,cropped/hanover/1355.png,class1,1
115,cropped/hanover/856.png,class1,1
116,cropped/hanover/0.png,class0,0
116,cropped/hanover/2.png,class2,2
116,cropped/hanover/860.png,class0,0
116,cropped/hanover/859.png,class1,1
116,cropped/hanover/6.png,class1,1
116,cropped/hanover/858.png,class1,1
116,cropped/hanover/4.png,class0,0
116,cropped/hanover/3.png,class1,1
116,cropped/hanover/1233.png,class1,1
116,cropped/hanover/1239.png,class1,1
116,cropped/hanover/1065.png,class1,1
116,cropped/hanover/1237.png,class1,1
116,cropped/hanover/1235.png,class1,1
116,cropped/hanover/1236.png,class1,1
116,cropped/hanover/1234.png,class1,1
116,cropped/hanover/1240.png,class4,4
116,cropped/hanover/1066.png,class1,1
116,cropped/hanover/427.png,class0,0
116,cropped/hanover/426.png,class4,4
116,cropped/hanover/424.png,class3,3
116,cropped/hanover/1071.png,class0,0
116,cropped/hanover/1068.png,class1,1
116,cropped/hanover/425.png,class1,1
116,cropped/hanover/1070.png,class4,4
116,cropped/hanover/1672.png,class0,0
116,cropped/hanover/1668.png,class4,4
116,cropped/hanover/1673.png,class3,3
116,cropped/hanover/429.png,class0,0
116,cropped/hanover/430.png,class0,0
116,cropped/hanover/428.png,class1,1
116,cropped/hanover/431.png,class0,0
116,cropped/hanover/1669.png,class1,1
116,cropped/hanover/1674.png,class1,1
116,cropped/hanover/1300.png,class1,1
116,cropped/hanover/1304.png,class5,5
116,cropped/hanover/1302.png,class1,1
116,cropped/hanover/1675.png,class4,4
116,cropped/hanover/1305.png,class1,1
116,cropped/hanover/492.png,class0,0
116,cropped/hanover/1303.png,class1,1
116,cropped/hanover/497.png,class1,1
116,cropped/hanover/494.png,class1,1
116,cropped/hanover/383.png,class1,1
116,cropped/hanover/382.png,class1,1
116,cropped/hanover/493.png,class1,1
116,cropped/hanover/496.png,class1,1
116,cropped/hanover/1178.png,class1,1
116,cropped/hanover/1177.png,class0,0
116,cropped/hanover/991.png,class1,1
116,cropped/hanover/995.png,class1,1
116,cropped/hanover/387.png,class1,1
116,cropped/hanover/994.png,class1,1
116,cropped/hanover/992.png,class1,1
116,cropped/hanover/386.png,class1,1
116,cropped/hanover/990.png,class3,3
116,cropped/hanover/385.png,class1,1
116,cropped/hanover/996.png,class0,0
116,cropped/hanover/1002.png,class1,1
116,cropped/hanover/998.png,class0,0
116,cropped/hanover/1649.png,class4,4
116,cropped/hanover/1001.png,class0,0
116,cropped/hanover/999.png,class0,0
116,cropped/hanover/1000.png,class1,1
116,cropped/hanover/1648.png,class1,1
116,cropped/hanover/1650.png,class4,4
116,cropped/hanover/1329.png,class1,1
116,cropped/hanover/1330.png,class1,1
116,cropped/hanover/1652.png,class4,4
116,cropped/hanover/1328.png,class1,1
116,cropped/hanover/1654.png,class4,4
116,cropped/hanover/1653.png,class1,1
116,cropped/hanover/1651.png,class3,3
116,cropped/hanover/1608.png,class1,1
116,cropped/hanover/1336.png,class1,1
116,cropped/hanover/1610.png,class1,1
116,cropped/hanover/1337.png,class1,1
116,cropped/hanover/1607.png,class1,1
116,cropped/hanover/1335.png,class2,2
116,cropped/hanover/1333.png,class1,1
116,cropped/hanover/1606.png,class1,1
117,cropped/hanover/11.png,class1,1
117,cropped/hanover/1612.png,class1,1
117,cropped/hanover/97.png,class1,1
117,cropped/hanover/99.png,class1,1
117,cropped/hanover/98.png,class1,1
117,cropped/hanover/14.png,class1,1
117,cropped/hanover/1611.png,class1,1
117,cropped/hanover/10.png,class1,1
117,cropped/hanover/194.png,class4,4
117,cropped/hanover/189.png,class1,1
117,cropped/hanover/188.png,class1,1
117,cropped/hanover/100.png,class1,1
117,cropped/hanover/192.png,class1,1
117,cropped/hanover/191.png,class1,1
117,cropped/hanover/101.png,class1,1
117,cropped/hanover/190.png,class1,1
117,cropped/hanover/244.png,class1,1
117,cropped/hanover/249.png,class1,1
117,cropped/hanover/245.png,class1,1
117,cropped/hanover/247.png,class1,1
117,cropped/hanover/250.png,class1,1
117,cropped/hanover/246.png,class1,1
117,cropped/hanover/248.png,class1,1
117,cropped/hanover/852.png,class0,0
117,cropped/hanover/254.png,class1,1
117,cropped/hanover/1046.png,class1,1
117,cropped/hanover/1042.png,class1,1
117,cropped/hanover/1041.png,class1,1
117,cropped/hanover/253.png,class4,4
117,cropped/hanover/1044.png,class1,1
117,cropped/hanover/1047.png,class1,1
117,cropped/hanover/252.png,class4,4
117,cropped/hanover/1050.png,class1,1
117,cropped/hanover/1049.png,class1,1
117,cropped/hanover/388.png,class1,1
117,cropped/hanover/389.png,class1,1
117,cropped/hanover/1054.png,class1,1
117,cropped/hanover/1048.png,class1,1
117,cropped/hanover/1052.png,class1,1
117,cropped/hanover/390.png,class1,1
117,cropped/hanover/398.png,class1,1
117,cropped/hanover/399.png,class0,0
117,cropped/hanover/391.png,class1,1
117,cropped/hanover/393.png,class1,1
117,cropped/hanover/394.png,class1,1
117,cropped/hanover/400.png,class0,0
117,cropped/hanover/395.png,class1,1
117,cropped/hanover/397.png,class1,1
117,cropped/hanover/129.png,class1,1
117,cropped/hanover/1405.png,class1,1
117,cropped/hanover/131.png,class1,1
117,cropped/hanover/133.png,class1,1
117,cropped/hanover/1407.png,class1,1
117,cropped/hanover/132.png,class1,1
117,cropped/hanover/130.png,class1,1
117,cropped/hanover/135.png,class1,1
117,cropped/hanover/1409.png,class1,1
117,cropped/hanover/933.png,class1,1
117,cropped/hanover/1413.png,class2,2
117,cropped/hanover/1408.png,class1,1
117,cropped/hanover/1412.png,class0,0
117,cropped/hanover/1410.png,class1,1
117,cropped/hanover/934.png,class1,1
117,cropped/hanover/1411.png,class1,1
117,cropped/hanover/937.png,class1,1
117,cropped/hanover/942.png,class1,1
117,cropped/hanover/939.png,class1,1
117,cropped/hanover/1283.png,class1,1
117,cropped/hanover/938.png,class1,1
117,cropped/hanover/337.png,class4,4
117,cropped/hanover/941.png,class1,1
117,cropped/hanover/940.png,class1,1
117,cropped/hanover/1291.png,class1,1
117,cropped/hanover/1293.png,class1,1
117,cropped/hanover/1292.png,class1,1
117,cropped/hanover/1288.png,class1,1
117,cropped/hanover/1289.png,class1,1
117,cropped/hanover/1287.png,class1,1
117,cropped/hanover/1286.png,class1,1
117,cropped/hanover/1284.png,class1,1
118,cropped/hanover/1636.png,class0,0
118,cropped/hanover/1294.png,class2,2
118,cropped/hanover/1635.png,class1,1
118,cropped/hanover/1634.png,class1,1
118,cropped/hanover/1633.png,class1,1
118,cropped/hanover/1298.png,class1,1
118,cropped/hanover/1297.png,class1,1
118,cropped/hanover/1632.png,class1,1
118,cropped/hanover/197.png,class1,1
118,cropped/hanover/1640.png,class0,0
118,cropped/hanover/196.png,class1,1
118,cropped/hanover/1639.png,class0,0
118,cropped/hanover/199.png,class0,0
118,cropped/hanover/198.png,class1,1
118,cropped/hanover/1638.png,class0,0
118,cropped/hanover/195.png,class1,1
118,cropped/hanover/567.png,class4,4
118,cropped/hanover/566.png,class1,1
118,cropped/hanover/561.png,class1,1
118,cropped/hanover/981.png,class5,5
118,cropped/hanover/565.png,class1,1
118,cropped/hanover/562.png,class1,1
118,cropped/hanover/979.png,class0,0
118,cropped/hanover/980.png,class0,0
118,cropped/hanover/165.png,class1,1
118,cropped/hanover/984.png,class0,0
118,cropped/hanover/164.png,class1,1
118,cropped/hanover/163.png,class1,1
118,cropped/hanover/985.png,class0,0
118,cropped/hanover/168.png,class1,1
118,cropped/hanover/167.png,class1,1
118,cropped/hanover/983.png,class0,0
118,cropped/hanover/176.png,class0,0
118,cropped/hanover/175.png,class0,0
118,cropped/hanover/169.png,class1,1
118,cropped/hanover/177.png,class1,1
118,cropped/hanover/171.png,class1,1
118,cropped/hanover/172.png,class1,1
118,cropped/hanover/178.png,class1,1
118,cropped/hanover/170.png,class1,1
118,cropped/hanover/1201.png,class1,1
118,cropped/hanover/182.png,class1,1
118,cropped/hanover/1202.png,class1,1
118,cropped/hanover/1200.png,class1,1
118,cropped/hanover/1198.png,class3,3
118,cropped/hanover/1199.png,class3,3
118,cropped/hanover/181.png,class1,1
118,cropped/hanover/1203.png,class1,1
118,cropped/hanover/1205.png,class0,0
118,cropped/hanover/1209.png,class0,0
118,cropped/hanover/1706.png,class1,1
118,cropped/hanover/1208.png,class1,1
118,cropped/hanover/1204.png,class1,1
118,cropped/hanover/1705.png,class1,1
118,cropped/hanover/1206.png,class1,1
118,cropped/hanover/1207.png,class1,1
118,cropped/hanover/885.png,class1,1
118,cropped/hanover/887.png,class1,1
118,cropped/hanover/888.png,class1,1
118,cropped/hanover/886.png,class1,1
118,cropped/hanover/1708.png,class1,1
118,cropped/hanover/1709.png,class0,0
118,cropped/hanover/1712.png,class1,1
118,cropped/hanover/1710.png,class4,4
118,cropped/hanover/894.png,class1,1
118,cropped/hanover/968.png,class1,1
118,cropped/hanover/228.png,class1,1
118,cropped/hanover/895.png,class4,4
118,cropped/hanover/893.png,class1,1
118,cropped/hanover/890.png,class1,1
118,cropped/hanover/969.png,class1,1
118,cropped/hanover/970.png,class4,4
118,cropped/hanover/235.png,class1,1
118,cropped/hanover/233.png,class1,1
118,cropped/hanover/238.png,class1,1
118,cropped/hanover/237.png,class1,1
118,cropped/hanover/232.png,class1,1
118,cropped/hanover/231.png,class1,1
118,cropped/hanover/230.png,class0,0
118,cropped/hanover/234.png,class1,1
119,cropped/hanover/242.png,class2,2
119,cropped/hanover/1243.png,class0,0
119,cropped/hanover/241.png,class1,1
119,cropped/hanover/239.png,class1,1
119,cropped/hanover/1246.png,class0,0
119,cropped/hanover/1244.png,class1,1
119,cropped/hanover/240.png,class1,1
119,cropped/hanover/1242.png,class1,1
119,cropped/hanover/1012.png,class1,1
119,cropped/hanover/1014.png,class0,0
119,cropped/hanover/1013.png,class0,0
119,cropped/hanover/1016.png,class0,0
119,cropped/hanover/1018.png,class1,1
119,cropped/hanover/1009.png,class1,1
119,cropped/hanover/1015.png,class0,0
119,cropped/hanover/1017.png,class1,1
119,cropped/hanover/157.png,class1,1
119,cropped/hanover/158.png,class1,1
119,cropped/hanover/1021.png,class4,4
119,cropped/hanover/159.png,class1,1
119,cropped/hanover/1019.png,class1,1
119,cropped/hanover/155.png,class1,1
119,cropped/hanover/154.png,class1,1
119,cropped/hanover/156.png,class1,1
119,cropped/hanover/46.png,class0,0
119,cropped/hanover/160.png,class1,1
119,cropped/hanover/45.png,class0,0
119,cropped/hanover/1477.png,class1,1
119,cropped/hanover/43.png,class1,1
119,cropped/hanover/161.png,class1,1
119,cropped/hanover/41.png,class1,1
119,cropped/hanover/44.png,class0,0
119,cropped/hanover/1485.png,class1,1
119,cropped/hanover/1478.png,class5,5
119,cropped/hanover/1483.png,class1,1
119,cropped/hanover/1480.png,class4,4
119,cropped/hanover/1487.png,class1,1
119,cropped/hanover/1486.png,class1,1
119,cropped/hanover/1484.png,class1,1
119,cropped/hanover/1482.png,class1,1
119,cropped/hanover/343.png,class1,1
119,cropped/hanover/342.png,class1,1
119,cropped/hanover/1488.png,class4,4
119,cropped/hanover/1491.png,class0,0
119,cropped/hanover/341.png,class5,5
119,cropped/hanover/338.png,class1,1
119,cropped/hanover/1490.png,class0,0
119,cropped/hanover/339.png,class1,1
119,cropped/hanover/897.png,class1,1
119,cropped/hanover/344.png,class1,1
119,cropped/hanover/346.png,class4,4
119,cropped/hanover/901.png,class1,1
119,cropped/hanover/345.png,class1,1
119,cropped/hanover/896.png,class1,1
119,cropped/hanover/898.png,class1,1
119,cropped/hanover/899.png,class1,1
119,cropped/hanover/911.png,class0,0
119,cropped/hanover/903.png,class5,5
119,cropped/hanover/912.png,class0,0
119,cropped/hanover/906.png,class0,0
119,cropped/hanover/905.png,class5,5
119,cropped/hanover/907.png,class4,4
119,cropped/hanover/910.png,class0,0
119,cropped/hanover/908.png,class4,4
119,cropped/hanover/916.png,class1,1
119,cropped/hanover/914.png,class4,4
119,cropped/hanover/510.png,class1,1
119,cropped/hanover/511.png,class0,0
119,cropped/hanover/913.png,class4,4
119,cropped/hanover/509.png,class1,1
119,cropped/hanover/917.png,class0,0
119,cropped/hanover/513.png,class1,1
119,cropped/hanover/362.png,class1,1
119,cropped/hanover/357.png,class1,1
119,cropped/hanover/359.png,class1,1
119,cropped/hanover/364.png,class1,1
119,cropped/hanover/360.png,class1,1
119,cropped/hanover/361.png,class1,1
119,cropped/hanover/363.png,class1,1
119,cropped/hanover/358.png,class1,1
120,cropped/hanover/795.png,class4,4
120,cropped/hanover/794.png,class0,0
120,cropped/hanover/366.png,class1,1
120,cropped/hanover/798.png,class4,4
120,cropped/hanover/367.png,class4,4
120,cropped/hanover/797.png,class4,4
120,cropped/hanover/796.png,class4,4
120,cropped/hanover/369.png,class0,0
120,cropped/hanover/802.png,class5,5
120,cropped/hanover/807.png,class1,1
120,cropped/hanover/799.png,class0,0
120,cropped/hanover/803.png,class5,5
120,cropped/hanover/804.png,class5,5
120,cropped/hanover/808.png,class1,1
120,cropped/hanover/801.png,class5,5
120,cropped/hanover/805.png,class0,0
120,cropped/hanover/920.png,class4,4
120,cropped/hanover/922.png,class0,0
120,cropped/hanover/926.png,class0,0
120,cropped/hanover/921.png,class0,0
120,cropped/hanover/918.png,class0,0
120,cropped/hanover/919.png,class0,0
120,cropped/hanover/923.png,class0,0
120,cropped/hanover/925.png,class0,0
120,cropped/hanover/929.png,class4,4
120,cropped/hanover/1601.png,class0,0
120,cropped/hanover/928.png,class0,0
120,cropped/hanover/1600.png,class0,0
120,cropped/hanover/930.png,class4,4
120,cropped/hanover/932.png,class4,4
120,cropped/hanover/1597.png,class0,0
120,cropped/hanover/1599.png,class4,4
120,cropped/hanover/1605.png,class0,0
120,cropped/hanover/1603.png,class4,4
120,cropped/hanover/868.png,class0,0
120,cropped/hanover/870.png,class1,1
120,cropped/hanover/871.png,class5,5
120,cropped/hanover/1604.png,class0,0
120,cropped/hanover/869.png,class0,0
120,cropped/hanover/872.png,class1,1
120,cropped/hanover/581.png,class0,0
120,cropped/hanover/579.png,class0,0
120,cropped/hanover/578.png,class0,0
120,cropped/hanover/582.png,class0,0
120,cropped/hanover/875.png,class1,1
120,cropped/hanover/583.png,class0,0
120,cropped/hanover/876.png,class1,1
120,cropped/hanover/874.png,class0,0
120,cropped/hanover/589.png,class0,0
120,cropped/hanover/586.png,class0,0
120,cropped/hanover/1376.png,class5,5
120,cropped/hanover/592.png,class4,4
120,cropped/hanover/591.png,class0,0
120,cropped/hanover/590.png,class0,0
120,cropped/hanover/1377.png,class0,0
120,cropped/hanover/587.png,class0,0
120,cropped/hanover/1382.png,class0,0
120,cropped/hanover/1381.png,class0,0
120,cropped/hanover/1383.png,class0,0
120,cropped/hanover/1384.png,class0,0
120,cropped/hanover/953.png,class0,0
120,cropped/hanover/951.png,class4,4
120,cropped/hanover/952.png,class0,0
120,cropped/hanover/1379.png,class1,1
120,cropped/hanover/957.png,class0,0
120,cropped/hanover/1591.png,class1,1
120,cropped/hanover/958.png,class4,4
120,cropped/hanover/1589.png,class1,1
120,cropped/hanover/956.png,class4,4
120,cropped/hanover/959.png,class0,0
120,cropped/hanover/955.png,class0,0
120,cropped/hanover/1590.png,class1,1
120,cropped/hanover/1216.png,class0,0
120,cropped/hanover/1214.png,class4,4
120,cropped/hanover/1215.png,class3,3
120,cropped/hanover/1594.png,class0,0
120,cropped/hanover/1595.png,class0,0
120,cropped/hanover/1217.png,class1,1
120,cropped/hanover/1596.png,class0,0
120,cropped/hanover/1593.png,class0,0
121,cropped/hanover/1057.png,class1,1
121,cropped/hanover/1218.png,class1,1
121,cropped/hanover/1060.png,class1,1
121,cropped/hanover/1056.png,class4,4
121,cropped/hanover/1059.png,class3,3
121,cropped/hanover/1220.png,class1,1
121,cropped/hanover/1058.png,class1,1
121,cropped/hanover/1655.png,class0,0
121,cropped/hanover/1664.png,class0,0
121,cropped/hanover/1661.png,class0,0
121,cropped/hanover/1656.png,class0,0
121,cropped/hanover/1665.png,class0,0
121,cropped/hanover/1663.png,class0,0
121,cropped/hanover/1658.png,class4,4
121,cropped/hanover/1659.png,class0,0
121,cropped/hanover/1660.png,class0,0
121,cropped/hanover/1096.png,class0,0
121,cropped/hanover/1098.png,class0,0
121,cropped/hanover/1095.png,class1,1
121,cropped/hanover/1101.png,class0,0
121,cropped/hanover/1102.png,class0,0
121,cropped/hanover/1099.png,class0,0
121,cropped/hanover/1666.png,class0,0
121,cropped/hanover/1097.png,class0,0
121,cropped/hanover/1110.png,class0,0
121,cropped/hanover/1111.png,class0,0
121,cropped/hanover/1107.png,class0,0
121,cropped/hanover/1105.png,class0,0
121,cropped/hanover/1112.png,class4,4
121,cropped/hanover/1104.png,class4,4
121,cropped/hanover/1106.png,class0,0
121,cropped/hanover/1108.png,class0,0
121,cropped/hanover/1386.png,class0,0
121,cropped/hanover/1116.png,class0,0
121,cropped/hanover/1118.png,class0,0
121,cropped/hanover/1388.png,class0,0
121,cropped/hanover/1385.png,class0,0
121,cropped/hanover/1114.png,class0,0
121,cropped/hanover/1387.png,class0,0
121,cropped/hanover/1117.png,class0,0
121,cropped/hanover/1390.png,class0,0
121,cropped/hanover/1392.png,class0,0
121,cropped/hanover/1267.png,class1,1
121,cropped/hanover/1395.png,class0,0
121,cropped/hanover/1391.png,class0,0
121,cropped/hanover/1396.png,class4,4
121,cropped/hanover/1266.png,class1,1
121,cropped/hanover/1394.png,class0,0
121,cropped/hanover/371.png,class4,4
121,cropped/hanover/372.png,class1,1
121,cropped/hanover/1270.png,class1,1
121,cropped/hanover/1268.png,class1,1
121,cropped/hanover/1269.png,class1,1
121,cropped/hanover/370.png,class1,1
121,cropped/hanover/1073.png,class4,4
121,cropped/hanover/1075.png,class4,4
121,cropped/hanover/1193.png,class1,1
121,cropped/hanover/1079.png,class0,0
121,cropped/hanover/1080.png,class1,1
121,cropped/hanover/1076.png,class1,1
121,cropped/hanover/1077.png,class2,2
121,cropped/hanover/1195.png,class4,4
121,cropped/hanover/1078.png,class0,0
121,cropped/hanover/1197.png,class1,1
121,cropped/hanover/1145.png,class0,0
121,cropped/hanover/1148.png,class0,0
121,cropped/hanover/1146.png,class0,0
121,cropped/hanover/1494.png,class0,0
121,cropped/hanover/1492.png,class1,1
121,cropped/hanover/1150.png,class0,0
121,cropped/hanover/1147.png,class0,0
121,cropped/hanover/1149.png,class0,0
121,cropped/hanover/1499.png,class0,0
121,cropped/hanover/1188.png,class1,1
121,cropped/hanover/1500.png,class1,1
121,cropped/hanover/1498.png,class0,0
121,cropped/hanover/1501.png,class1,1
121,cropped/hanover/1190.png,class1,1
121,cropped/hanover/1495.png,class0,0
121,cropped/hanover/1189.png,class1,1
122,cropped/hanover/1227.png,class1,1
122,cropped/hanover/1225.png,class1,1
122,cropped/hanover/1191.png,class1,1
122,cropped/hanover/1192.png,class1,1
122,cropped/hanover/1226.png,class1,1
122,cropped/hanover/1224.png,class1,1
122,cropped/hanover/1221.png,class1,1
122,cropped/hanover/1228.png,class4,4
122,cropped/hanover/653.png,class1,1
122,cropped/hanover/654.png,class1,1
122,cropped/hanover/1232.png,class0,0
122,cropped/hanover/649.png,class1,1
122,cropped/hanover/650.png,class1,1
122,cropped/hanover/1229.png,class0,0
122,cropped/hanover/651.png,class1,1
122,cropped/hanover/1230.png,class0,0
122,cropped/hanover/655.png,class1,1
122,cropped/hanover/663.png,class1,1
122,cropped/hanover/658.png,class1,1
122,cropped/hanover/659.png,class0,0
122,cropped/hanover/656.png,class4,4
122,cropped/hanover/657.png,class1,1
122,cropped/hanover/448.png,class1,1
122,cropped/hanover/660.png,class1,1
122,cropped/hanover/451.png,class4,4
122,cropped/hanover/453.png,class1,1
122,cropped/hanover/449.png,class1,1
122,cropped/hanover/456.png,class1,1
122,cropped/hanover/458.png,class1,1
122,cropped/hanover/455.png,class1,1
122,cropped/hanover/457.png,class1,1
122,cropped/hanover/454.png,class1,1
122,cropped/hanover/621.png,class1,1
122,cropped/hanover/623.png,class1,1
122,cropped/hanover/626.png,class1,1
122,cropped/hanover/620.png,class1,1
122,cropped/hanover/619.png,class1,1
122,cropped/hanover/627.png,class1,1
122,cropped/hanover/624.png,class1,1
122,cropped/hanover/625.png,class1,1
122,cropped/hanover/628.png,class1,1
122,cropped/hanover/473.png,class1,1
122,cropped/hanover/630.png,class1,1
122,cropped/hanover/476.png,class1,1
122,cropped/hanover/471.png,class1,1
122,cropped/hanover/629.png,class1,1
122,cropped/hanover/470.png,class1,1
122,cropped/hanover/472.png,class1,1
122,cropped/hanover/1570.png,class1,1
122,cropped/hanover/753.png,class1,1
122,cropped/hanover/752.png,class1,1
122,cropped/hanover/755.png,class1,1
122,cropped/hanover/751.png,class1,1
122,cropped/hanover/1569.png,class3,3
122,cropped/hanover/748.png,class1,1
122,cropped/hanover/750.png,class0,0
122,cropped/hanover/1578.png,class1,1
122,cropped/hanover/1576.png,class1,1
122,cropped/hanover/1573.png,class1,1
122,cropped/hanover/1579.png,class1,1
122,cropped/hanover/1572.png,class1,1
122,cropped/hanover/1580.png,class1,1
122,cropped/hanover/1571.png,class1,1
122,cropped/hanover/1574.png,class1,1
122,cropped/hanover/1404.png,class1,1
122,cropped/hanover/1008.png,class0,0
122,cropped/hanover/1439.png,class1,1
122,cropped/hanover/1007.png,class1,1
122,cropped/hanover/1004.png,class1,1
122,cropped/hanover/1437.png,class1,1
122,cropped/hanover/1440.png,class1,1
122,cropped/hanover/1006.png,class0,0
122,cropped/hanover/297.png,class1,1
122,cropped/hanover/1444.png,class1,1
122,cropped/hanover/302.png,class1,1
122,cropped/hanover/299.png,class1,1
122,cropped/hanover/1441.png,class1,1
122,cropped/hanover/1443.png,class1,1
122,cropped/hanover/300.png,class1,1
122,cropped/hanover/1442.png,class1,1
123,cropped/hanover/1320.png,class0,0
123,cropped/hanover/1322.png,class0,0
123,cropped/hanover/1325.png,class1,1
123,cropped/hanover/1324.png,class0,0
123,cropped/hanover/304.png,class4,4
123,cropped/hanover/1323.png,class4,4
123,cropped/hanover/1321.png,class4,4
123,cropped/hanover/303.png,class1,1
123,cropped/hanover/1340.png,class0,0
123,cropped/hanover/128.png,class1,1
123,cropped/hanover/1342.png,class0,0
123,cropped/hanover/1339.png,class0,0
123,cropped/hanover/127.png,class1,1
123,cropped/hanover/1338.png,class4,4
123,cropped/hanover/126.png,class4,4
123,cropped/hanover/1344.png,class4,4
123,cropped/hanover/645.png,class1,1
123,cropped/hanover/643.png,class2,2
123,cropped/hanover/1348.png,class0,0
123,cropped/hanover/1346.png,class0,0
123,cropped/hanover/1345.png,class4,4
123,cropped/hanover/644.png,class1,1
123,cropped/hanover/646.png,class0,0
123,cropped/hanover/642.png,class1,1
123,cropped/hanover/877.png,class0,0
123,cropped/hanover/880.png,class0,0
123,cropped/hanover/881.png,class0,0
123,cropped/hanover/878.png,class1,1
123,cropped/hanover/879.png,class2,2
123,cropped/hanover/882.png,class0,0
123,cropped/hanover/884.png,class1,1
123,cropped/hanover/883.png,class4,4
123,cropped/hanover/599.png,class1,1
123,cropped/hanover/603.png,class1,1
123,cropped/hanover/600.png,class0,0
123,cropped/hanover/601.png,class1,1
123,cropped/hanover/602.png,class1,1
123,cropped/hanover/1136.png,class2,2
123,cropped/hanover/598.png,class1,1
123,cropped/hanover/596.png,class1,1
123,cropped/hanover/1140.png,class4,4
123,cropped/hanover/1138.png,class1,1
123,cropped/hanover/34.png,class0,0
123,cropped/hanover/33.png,class0,0
123,cropped/hanover/256.png,class0,0
123,cropped/hanover/259.png,class0,0
123,cropped/hanover/255.png,class1,1
123,cropped/hanover/258.png,class0,0
123,cropped/hanover/39.png,class0,0
123,cropped/hanover/35.png,class0,0
123,cropped/hanover/37.png,class0,0
123,cropped/hanover/40.png,class0,0
123,cropped/hanover/36.png,class0,0
123,cropped/hanover/1502.png,class0,0
123,cropped/hanover/38.png,class4,4
123,cropped/hanover/1504.png,class0,0
123,cropped/hanover/1510.png,class2,2
123,cropped/hanover/1507.png,class4,4
123,cropped/hanover/1506.png,class5,5
123,cropped/hanover/326.png,class1,1
123,cropped/hanover/1508.png,class4,4
123,cropped/hanover/328.png,class2,2
123,cropped/hanover/1554.png,class1,1
123,cropped/hanover/1509.png,class4,4
123,cropped/hanover/1560.png,class0,0
123,cropped/hanover/1564.png,class0,0
123,cropped/hanover/1559.png,class1,1
123,cropped/hanover/1557.png,class0,0
123,cropped/hanover/1556.png,class0,0
123,cropped/hanover/1563.png,class0,0
123,cropped/hanover/1562.png,class0,0
123,cropped/hanover/1558.png,class0,0
123,cropped/hanover/1567.png,class1,1
123,cropped/hanover/1646.png,class1,1
123,cropped/hanover/1643.png,class1,1
123,cropped/hanover/1644.png,class1,1
123,cropped/hanover/1641.png,class1,1
123,cropped/hanover/1568.png,class0,0
123,cropped/hanover/1647.png,class0,0
123,cropped/hanover/1642.png,class1,1
124,cropped/hanover/261.png,class0,0
124,cropped/hanover/1446.png,class1,1
124,cropped/hanover/1449.png,class0,0
124,cropped/hanover/1450.png,class0,0
124,cropped/hanover/1451.png,class5,5
124,cropped/hanover/1447.png,class1,1
124,cropped/hanover/260.png,class0,0
124,cropped/hanover/1448.png,class1,1
124,cropped/hanover/401.png,class0,0
124,cropped/hanover/405.png,class0,0
124,cropped/hanover/265.png,class0,0
124,cropped/hanover/263.png,class1,1
124,cropped/hanover/403.png,class0,0
124,cropped/hanover/404.png,class0,0
124,cropped/hanover/264.png,class0,0
124,cropped/hanover/402.png,class0,0
124,cropped/hanover/409.png,class0,0
124,cropped/hanover/551.png,class0,0
124,cropped/hanover/550.png,class0,0
124,cropped/hanover/549.png,class0,0
124,cropped/hanover/412.png,class0,0
124,cropped/hanover/408.png,class0,0
124,cropped/hanover/411.png,class0,0
124,cropped/hanover/410.png,class0,0
124,cropped/hanover/553.png,class4,4
124,cropped/hanover/556.png,class0,0
124,cropped/hanover/555.png,class0,0
124,cropped/hanover/604.png,class0,0
124,cropped/hanover/552.png,class0,0
124,cropped/hanover/554.png,class0,0
124,cropped/hanover/605.png,class1,1
124,cropped/hanover/559.png,class0,0
124,cropped/hanover/615.png,class1,1
124,cropped/hanover/611.png,class1,1
124,cropped/hanover/614.png,class1,1
124,cropped/hanover/613.png,class1,1
124,cropped/hanover/608.png,class1,1
124,cropped/hanover/607.png,class1,1
124,cropped/hanover/610.png,class1,1
124,cropped/hanover/606.png,class1,1
124,cropped/hanover/618.png,class1,1
124,cropped/hanover/721.png,class1,1
124,cropped/hanover/616.png,class1,1
124,cropped/hanover/720.png,class0,0
124,cropped/hanover/722.png,class1,1
124,cropped/hanover/718.png,class1,1
124,cropped/hanover/719.png,class1,1
124,cropped/hanover/617.png,class1,1
124,cropped/hanover/724.png,class1,1
124,cropped/hanover/733.png,class1,1
124,cropped/hanover/725.png,class1,1
124,cropped/hanover/726.png,class1,1
124,cropped/hanover/728.png,class1,1
124,cropped/hanover/727.png,class1,1
124,cropped/hanover/732.png,class1,1
124,cropped/hanover/731.png,class1,1
124,cropped/hanover/736.png,class1,1
124,cropped/hanover/520.png,class0,0
124,cropped/hanover/737.png,class0,0
124,cropped/hanover/518.png,class1,1
124,cropped/hanover/517.png,class1,1
124,cropped/hanover/734.png,class1,1
124,cropped/hanover/516.png,class0,0
124,cropped/hanover/519.png,class1,1
124,cropped/hanover/527.png,class1,1
124,cropped/hanover/522.png,class2,2
124,cropped/hanover/526.png,class1,1
124,cropped/hanover/528.png,class1,1
124,cropped/hanover/525.png,class1,1
124,cropped/hanover/531.png,class1,1
124,cropped/hanover/529.png,class1,1
124,cropped/hanover/523.png,class1,1
124,cropped/hanover/533.png,class4,4
124,cropped/hanover/63.png,class1,1
124,cropped/hanover/70.png,class1,1
124,cropped/hanover/69.png,class1,1
124,cropped/hanover/67.png,class1,1
124,cropped/hanover/66.png,class1,1
124,cropped/hanover/68.png,class1,1
124,cropped/hanover/65.png,class1,1
125,cropped/hanover/72.png,class1,1
125,cropped/hanover/76.png,class1,1
125,cropped/hanover/71.png,class1,1
125,cropped/hanover/1271.png,class1,1
125,cropped/hanover/75.png,class1,1
125,cropped/hanover/73.png,class1,1
125,cropped/hanover/1272.png,class1,1
125,cropped/hanover/1274.png,class1,1
125,cropped/hanover/16.png,class1,1
125,cropped/hanover/1277.png,class1,1
125,cropped/hanover/1275.png,class0,0
125,cropped/hanover/1278.png,class1,1
125,cropped/hanover/1281.png,class1,1
125,cropped/hanover/1276.png,class1,1
125,cropped/hanover/15.png,class1,1
125,cropped/hanover/1280.png,class1,1
125,cropped/hanover/19.png,class1,1
125,cropped/hanover/22.png,class1,1
125,cropped/hanover/25.png,class1,1
125,cropped/hanover/23.png,class1,1
125,cropped/hanover/20.png,class1,1
125,cropped/hanover/18.png,class1,1
125,cropped/hanover/24.png,class1,1
125,cropped/hanover/17.png,class1,1
125,cropped/hanover/1306.png,class1,1
125,cropped/hanover/1309.png,class0,0
125,cropped/hanover/1308.png,class0,0
125,cropped/hanover/27.png,class0,0
125,cropped/hanover/1307.png,class1,1
125,cropped/hanover/28.png,class0,0
125,cropped/hanover/31.png,class1,1
125,cropped/hanover/32.png,class1,1
125,cropped/hanover/1311.png,class0,0
125,cropped/hanover/1315.png,class0,0
125,cropped/hanover/1314.png,class0,0
125,cropped/hanover/1312.png,class1,1
125,cropped/hanover/1316.png,class4,4
125,cropped/hanover/1313.png,class4,4
125,cropped/hanover/8.png,class0,0
125,cropped/hanover/1310.png,class1,1
125,cropped/hanover/51.png,class1,1
125,cropped/hanover/53.png,class5,5
125,cropped/hanover/48.png,class1,1
125,cropped/hanover/54.png,class5,5
125,cropped/hanover/50.png,class4,4
125,cropped/hanover/47.png,class1,1
125,cropped/hanover/56.png,class5,5
125,cropped/hanover/55.png,class5,5
125,cropped/hanover/1676.png,class1,1
125,cropped/hanover/1678.png,class1,1
125,cropped/hanover/711.png,class1,1
125,cropped/hanover/714.png,class1,1
125,cropped/hanover/1677.png,class1,1
125,cropped/hanover/712.png,class1,1
125,cropped/hanover/716.png,class1,1
125,cropped/hanover/715.png,class1,1
125,cropped/hanover/1684.png,class1,1
125,cropped/hanover/1686.png,class1,1
125,cropped/hanover/1687.png,class4,4
125,cropped/hanover/1683.png,class1,1
125,cropped/hanover/1688.png,class1,1
125,cropped/hanover/1679.png,class1,1
125,cropped/hanover/1682.png,class1,1
125,cropped/hanover/1685.png,class1,1
125,cropped/hanover/1693.png,class1,1
125,cropped/hanover/1694.png,class1,1
125,cropped/hanover/1691.png,class1,1
125,cropped/hanover/216.png,class0,0
125,cropped/hanover/214.png,class1,1
125,cropped/hanover/1690.png,class1,1
125,cropped/hanover/217.png,class0,0
125,cropped/hanover/1692.png,class1,1
125,cropped/hanover/218.png,class0,0
125,cropped/hanover/225.png,class0,0
125,cropped/hanover/220.png,class0,0
125,cropped/hanover/224.png,class0,0
125,cropped/hanover/221.png,class0,0
125,cropped/hanover/226.png,class0,0
125,cropped/hanover/223.png,class1,1
125,cropped/hanover/222.png,class0,0
126,cropped/hanover/267.png,class0,0
126,cropped/hanover/1352.png,class0,0
126,cropped/hanover/268.png,class0,0
126,cropped/hanover/1351.png,class0,0
126,cropped/hanover/1349.png,class1,1
126,cropped/hanover/271.png,class0,0
126,cropped/hanover/1350.png,class1,1
126,cropped/hanover/266.png,class1,1
126,cropped/hanover/279.png,class4,4
126,cropped/hanover/280.png,class0,0
126,cropped/hanover/277.png,class1,1
126,cropped/hanover/272.png,class0,0
126,cropped/hanover/273.png,class0,0
126,cropped/hanover/276.png,class1,1
126,cropped/hanover/1353.png,class1,1
126,cropped/hanover/278.png,class1,1
126,cropped/hanover/1185.png,class0,0
126,cropped/hanover/1187.png,class0,0
126,cropped/hanover/772.png,class4,4
126,cropped/hanover/771.png,class1,1
126,cropped/hanover/1183.png,class0,0
126,cropped/hanover/1184.png,class0,0
126,cropped/hanover/282.png,class0,0
126,cropped/hanover/1186.png,class0,0
126,cropped/hanover/774.png,class1,1
126,cropped/hanover/779.png,class1,1
126,cropped/hanover/777.png,class1,1
126,cropped/hanover/775.png,class1,1
126,cropped/hanover/773.png,class0,0
126,cropped/hanover/780.png,class0,0
126,cropped/hanover/778.png,class1,1
126,cropped/hanover/776.png,class1,1
126,cropped/hanover/444.png,class1,1
126,cropped/hanover/632.png,class1,1
126,cropped/hanover/633.png,class1,1
126,cropped/hanover/635.png,class1,1
126,cropped/hanover/634.png,class1,1
126,cropped/hanover/443.png,class1,1
126,cropped/hanover/631.png,class1,1
126,cropped/hanover/446.png,class4,4
126,cropped/hanover/1119.png,class0,0
126,cropped/hanover/636.png,class1,1
126,cropped/hanover/1120.png,class4,4
126,cropped/hanover/637.png,class1,1
126,cropped/hanover/638.png,class1,1
126,cropped/hanover/640.png,class1,1
126,cropped/hanover/639.png,class4,4
126,cropped/hanover/1123.png,class1,1
126,cropped/hanover/1084.png,class1,1
126,cropped/hanover/1081.png,class0,0
126,cropped/hanover/1124.png,class1,1
126,cropped/hanover/1086.png,class4,4
126,cropped/hanover/1087.png,class1,1
126,cropped/hanover/1082.png,class1,1
126,cropped/hanover/1088.png,class0,0
126,cropped/hanover/1085.png,class1,1
126,cropped/hanover/782.png,class1,1
126,cropped/hanover/783.png,class1,1
126,cropped/hanover/1091.png,class1,1
126,cropped/hanover/1094.png,class1,1
126,cropped/hanover/1089.png,class1,1
126,cropped/hanover/1093.png,class1,1
126,cropped/hanover/781.png,class1,1
126,cropped/hanover/1092.png,class1,1
126,cropped/hanover/786.png,class1,1
126,cropped/hanover/568.png,class1,1
126,cropped/hanover/788.png,class1,1
126,cropped/hanover/785.png,class1,1
126,cropped/hanover/792.png,class1,1
126,cropped/hanover/791.png,class1,1
126,cropped/hanover/790.png,class1,1
126,cropped/hanover/787.png,class1,1
126,cropped/hanover/767.png,class1,1
126,cropped/hanover/1366.png,class4,4
126,cropped/hanover/766.png,class1,1
126,cropped/hanover/1367.png,class1,1
126,cropped/hanover/569.png,class4,4
126,cropped/hanover/768.png,class0,0
126,cropped/hanover/764.png,class1,1
126,cropped/hanover/769.png,class0,0
127,cropped/hanover/205.png,class4,4
127,cropped/hanover/200.png,class4,4
127,cropped/hanover/206.png,class1,1
127,cropped/hanover/202.png,class0,0
127,cropped/hanover/203.png,class0,0
127,cropped/hanover/204.png,class1,1
127,cropped/hanover/201.png,class0,0
127,cropped/hanover/207.png,class1,1
127,cropped/hanover/1252.png,class0,0
127,cropped/hanover/1463.png,class1,1
127,cropped/hanover/1249.png,class4,4
127,cropped/hanover/1180.png,class0,0
127,cropped/hanover/1464.png,class1,1
127,cropped/hanover/1250.png,class4,4
127,cropped/hanover/1179.png,class1,1
127,cropped/hanover/1251.png,class0,0
127,cropped/hanover/1372.png,class1,1
127,cropped/hanover/1369.png,class1,1
127,cropped/hanover/1182.png,class1,1
127,cropped/hanover/1375.png,class1,1
127,cropped/hanover/147.png,class1,1
127,cropped/hanover/1371.png,class1,1
127,cropped/hanover/1370.png,class1,1
127,cropped/hanover/1373.png,class1,1
127,cropped/hanover/149.png,class1,1
127,cropped/hanover/1398.png,class1,1
127,cropped/hanover/153.png,class1,1
127,cropped/hanover/151.png,class4,4
127,cropped/hanover/150.png,class1,1
127,cropped/hanover/148.png,class1,1
127,cropped/hanover/1399.png,class1,1
127,cropped/hanover/152.png,class1,1
127,cropped/hanover/537.png,class1,1
127,cropped/hanover/535.png,class1,1
127,cropped/hanover/1401.png,class1,1
127,cropped/hanover/1402.png,class1,1
127,cropped/hanover/540.png,class1,1
127,cropped/hanover/534.png,class1,1
127,cropped/hanover/536.png,class2,2
127,cropped/hanover/539.png,class1,1
127,cropped/hanover/463.png,class0,0
127,cropped/hanover/541.png,class1,1
127,cropped/hanover/861.png,class1,1
127,cropped/hanover/864.png,class1,1
127,cropped/hanover/863.png,class1,1
127,cropped/hanover/862.png,class1,1
127,cropped/hanover/867.png,class1,1
127,cropped/hanover/866.png,class2,2
127,cropped/hanover/594.png,class1,1
127,cropped/hanover/1360.png,class1,1
127,cropped/hanover/1359.png,class1,1
127,cropped/hanover/465.png,class3,3
127,cropped/hanover/467.png,class0,0
127,cropped/hanover/593.png,class0,0
127,cropped/hanover/469.png,class4,4
127,cropped/hanover/595.png,class1,1
127,cropped/hanover/739.png,class1,1
127,cropped/hanover/1363.png,class1,1
127,cropped/hanover/1364.png,class1,1
127,cropped/hanover/1365.png,class0,0
127,cropped/hanover/1362.png,class1,1
127,cropped/hanover/1319.png,class4,4
127,cropped/hanover/1317.png,class1,1
127,cropped/hanover/1361.png,class1,1
127,cropped/hanover/745.png,class0,0
127,cropped/hanover/184.png,class1,1
127,cropped/hanover/743.png,class1,1
127,cropped/hanover/744.png,class4,4
127,cropped/hanover/741.png,class4,4
127,cropped/hanover/747.png,class0,0
127,cropped/hanover/740.png,class0,0
127,cropped/hanover/183.png,class1,1
127,cropped/hanover/331.png,class1,1
127,cropped/hanover/332.png,class1,1
127,cropped/hanover/336.png,class1,1
127,cropped/hanover/333.png,class1,1
127,cropped/hanover/335.png,class1,1
127,cropped/hanover/330.png,class1,1
127,cropped/hanover/186.png,class1,1
127,cropped/hanover/329.png,class1,1
128,cropped/hanover/946.png,class1,1
128,cropped/hanover/1584.png,class4,4
128,cropped/hanover/1582.png,class1,1
128,cropped/hanover/1583.png,class1,1
128,cropped/hanover/948.png,class1,1
128,cropped/hanover/947.png,class1,1
128,cropped/hanover/945.png,class1,1
128,cropped/hanover/949.png,class1,1
128,cropped/hanover/1585.png,class1,1
128,cropped/hanover/89.png,class1,1
128,cropped/hanover/1586.png,class1,1
128,cropped/hanover/91.png,class3,3
128,cropped/hanover/88.png,class1,1
128,cropped/hanover/94.png,class1,1
128,cropped/hanover/92.png,class1,1
128,cropped/hanover/90.png,class1,1
128,cropped/hanover/665.png,class3,3
128,cropped/hanover/96.png,class1,1
128,cropped/hanover/664.png,class1,1
128,cropped/hanover/669.png,class1,1
128,cropped/hanover/668.png,class1,1
128,cropped/hanover/670.png,class1,1
128,cropped/hanover/95.png,class1,1
128,cropped/hanover/671.png,class1,1
128,cropped/hanover/672.png,class1,1
128,cropped/hanover/1698.png,class1,1
128,cropped/hanover/1699.png,class1,1
128,cropped/hanover/1697.png,class1,1
128,cropped/hanover/1701.png,class4,4
128,cropped/hanover/1702.png,class2,2
128,cropped/hanover/1700.png,class1,1
128,cropped/hanover/1703.png,class1,1
128,cropped/hanover/680.png,class4,4
128,cropped/hanover/681.png,class1,1
128,cropped/hanover/682.png,class4,4
128,cropped/hanover/683.png,class1,1
128,cropped/hanover/679.png,class1,1
128,cropped/hanover/688.png,class4,4
128,cropped/hanover/686.png,class1,1
128,cropped/hanover/687.png,class4,4
128,cropped/hanover/1466.png,class1,1
128,cropped/hanover/757.png,class0,0
128,cropped/hanover/1467.png,class1,1
128,cropped/hanover/1468.png,class1,1
128,cropped/hanover/1469.png,class1,1
128,cropped/hanover/689.png,class1,1
128,cropped/hanover/756.png,class0,0
128,cropped/hanover/1471.png,class0,0
128,cropped/hanover/763.png,class1,1
128,cropped/hanover/759.png,class1,1
128,cropped/hanover/761.png,class1,1
128,cropped/hanover/1154.png,class1,1
128,cropped/hanover/760.png,class1,1
128,cropped/hanover/1152.png,class1,1
128,cropped/hanover/1155.png,class1,1
128,cropped/hanover/1153.png,class2,2
128,cropped/hanover/419.png,class0,0
128,cropped/hanover/1157.png,class1,1
128,cropped/hanover/415.png,class4,4
128,cropped/hanover/416.png,class1,1
128,cropped/hanover/1158.png,class1,1
128,cropped/hanover/418.png,class0,0
128,cropped/hanover/417.png,class0,0
128,cropped/hanover/1160.png,class2,2
128,cropped/hanover/422.png,class1,1
128,cropped/hanover/548.png,class4,4
128,cropped/hanover/421.png,class2,2
128,cropped/hanover/542.png,class3,3
128,cropped/hanover/423.png,class1,1
128,cropped/hanover/544.png,class0,0
128,cropped/hanover/546.png,class0,0
128,cropped/hanover/543.png,class0,0
128,cropped/hanover/105.png,class1,1
128,cropped/hanover/107.png,class1,1
128,cropped/hanover/108.png,class1,1
128,cropped/hanover/104.png,class0,0
128,cropped/hanover/110.png,class1,1
128,cropped/hanover/102.png,class1,1
128,cropped/hanover/111.png,class1,1
128,cropped/hanover/103.png,class1,1
129,cropped/hanover/115.png,class4,4
129,cropped/hanover/119.png,class1,1
129,cropped/hanover/116.png,class4,4
129,cropped/hanover/113.png,class4,4
129,cropped/hanover/112.png,class4,4
129,cropped/hanover/117.png,class4,4
129,cropped/hanover/118.png,class1,1
129,cropped/hanover/114.png,class4,4
129,cropped/hanover/485.png,class4,4
129,cropped/hanover/125.png,class4,4
129,cropped/hanover/481.png,class4,4
129,cropped/hanover/486.png,class4,4
129,cropped/hanover/123.png,class1,1
129,cropped/hanover/122.png,class1,1
129,cropped/hanover/483.png,class4,4
129,cropped/hanover/484.png,class4,4
129,cropped/hanover/1062.png,class0,0
129,cropped/hanover/491.png,class1,1
129,cropped/hanover/1061.png,class4,4
129,cropped/hanover/490.png,class1,1
129,cropped/hanover/487.png,class4,4
129,cropped/hanover/1064.png,class1,1
129,cropped/hanover/477.png,class1,1
129,cropped/hanover/488.png,class4,4
129,cropped/hanover/1414.png,class1,1
129,cropped/hanover/209.png,class1,1
129,cropped/hanover/1415.png,class4,4
129,cropped/hanover/480.png,class2,2
129,cropped/hanover/1418.png,class0,0
129,cropped/hanover/1416.png,class1,1
129,cropped/hanover/210.png,class4,4
129,cropped/hanover/479.png,class1,1
129,cropped/hanover/324.png,class5,5
129,cropped/hanover/1613.png,class1,1
129,cropped/hanover/323.png,class1,1
129,cropped/hanover/321.png,class2,2
129,cropped/hanover/325.png,class1,1
129,cropped/hanover/322.png,class1,1
129,cropped/hanover/319.png,class1,1
129,cropped/hanover/320.png,class1,1
129,cropped/hanover/1616.png,class4,4
129,cropped/hanover/963.png,class1,1
129,cropped/hanover/960.png,class1,1
129,cropped/hanover/1615.png,class2,2
129,cropped/hanover/461.png,class0,0
129,cropped/hanover/460.png,class1,1
129,cropped/hanover/961.png,class1,1
129,cropped/hanover/964.png,class1,1
129,cropped/hanover/974.png,class1,1
129,cropped/hanover/971.png,class3,3
129,cropped/hanover/977.png,class1,1
129,cropped/hanover/966.png,class1,1
129,cropped/hanover/965.png,class3,3
129,cropped/hanover/973.png,class1,1
129,cropped/hanover/972.png,class1,1
129,cropped/hanover/975.png,class1,1
129,cropped/hanover/1512.png,class3,3
129,cropped/hanover/1516.png,class1,1
129,cropped/hanover/1519.png,class1,1
129,cropped/hanover/1518.png,class1,1
129,cropped/hanover/1517.png,class1,1
129,cropped/hanover/1515.png,class1,1
129,cropped/hanover/1514.png,class1,1
129,cropped/hanover/1513.png,class1,1
129,cropped/hanover/1522.png,class4,4
129,cropped/hanover/1526.png,class0,0
129,cropped/hanover/1524.png,class1,1
129,cropped/hanover/432.png,class1,1
129,cropped/hanover/1523.png,class1,1
129,cropped/hanover/1521.png,class1,1
129,cropped/hanover/1525.png,class1,1
129,cropped/hanover/1527.png,class1,1
129,cropped/hanover/435.png,class4,4
129,cropped/hanover/437.png,class4,4
129,cropped/hanover/440.png,class1,1
129,cropped/hanover/1141.png,class1,1
129,cropped/hanover/433.png,class1,1
129,cropped/hanover/434.png,class4,4
129,cropped/hanover/438.png,class1,1
129,cropped/hanover/1142.png,class1,1
130,cropped/jena/386.png,class1,1
130,cropped/jena/221.png,class1,1
130,cropped/jena/92.png,class1,1
130,cropped/jena/106.png,class1,1
130,cropped/jena/384.png,class0,0
130,cropped/jena/385.png,class1,1
130,cropped/jena/222.png,class1,1
130,cropped/jena/382.png,class1,1
130,cropped/jena/505.png,class1,1
130,cropped/jena/504.png,class1,1
130,cropped/jena/223.png,class1,1
130,cropped/jena/507.png,class1,1
130,cropped/jena/502.png,class1,1
130,cropped/jena/503.png,class1,1
130,cropped/jena/506.png,class1,1
130,cropped/jena/356.png,class1,1
130,cropped/jena/233.png,class1,1
130,cropped/jena/234.png,class1,1
130,cropped/jena/236.png,class1,1
130,cropped/jena/239.png,class1,1
130,cropped/jena/237.png,class1,1
130,cropped/jena/235.png,class1,1
130,cropped/jena/509.png,class1,1
130,cropped/jena/510.png,class4,4
130,cropped/jena/180.png,class1,1
130,cropped/jena/186.png,class3,3
130,cropped/jena/185.png,class0,0
130,cropped/jena/182.png,class1,1
130,cropped/jena/179.png,class1,1
130,cropped/jena/240.png,class2,2
130,cropped/jena/178.png,class1,1
130,cropped/jena/181.png,class1,1
130,cropped/jena/463.png,class1,1
130,cropped/jena/457.png,class1,1
130,cropped/jena/461.png,class1,1
130,cropped/jena/459.png,class1,1
130,cropped/jena/188.png,class0,0
130,cropped/jena/187.png,class0,0
130,cropped/jena/460.png,class1,1
130,cropped/jena/462.png,class0,0
130,cropped/jena/470.png,class5,5
130,cropped/jena/471.png,class1,1
130,cropped/jena/469.png,class1,1
130,cropped/jena/473.png,class1,1
130,cropped/jena/467.png,class1,1
130,cropped/jena/468.png,class1,1
130,cropped/jena/466.png,class1,1
130,cropped/jena/464.png,class1,1
130,cropped/jena/145.png,class0,0
130,cropped/jena/138.png,class1,1
130,cropped/jena/139.png,class1,1
130,cropped/jena/140.png,class1,1
130,cropped/jena/141.png,class1,1
130,cropped/jena/147.png,class1,1
130,cropped/jena/144.png,class4,4
130,cropped/jena/142.png,class1,1
130,cropped/jena/269.png,class1,1
130,cropped/jena/271.png,class1,1
130,cropped/jena/148.png,class1,1
130,cropped/jena/268.png,class1,1
130,cropped/jena/150.png,class1,1
130,cropped/jena/151.png,class0,0
130,cropped/jena/149.png,class1,1
130,cropped/jena/272.png,class1,1
130,cropped/jena/273.png,class0,0
130,cropped/jena/70.png,class1,1
130,cropped/jena/67.png,class1,1
130,cropped/jena/274.png,class0,0
130,cropped/jena/71.png,class1,1
130,cropped/jena/69.png,class1,1
130,cropped/jena/68.png,class1,1
130,cropped/jena/66.png,class1,1
130,cropped/jena/75.png,class1,1
130,cropped/jena/646.png,class1,1
130,cropped/jena/648.png,class1,1
130,cropped/jena/74.png,class1,1
130,cropped/jena/76.png,class1,1
130,cropped/jena/645.png,class1,1
130,cropped/jena/643.png,class1,1
130,cropped/jena/73.png,class1,1
131,cropped/jena/670.png,class1,1
131,cropped/jena/668.png,class1,1
131,cropped/jena/669.png,class1,1
131,cropped/jena/671.png,class1,1
131,cropped/jena/667.png,class1,1
131,cropped/jena/649.png,class1,1
131,cropped/jena/650.png,class1,1
131,cropped/jena/652.png,class1,1
131,cropped/jena/673.png,class1,1
131,cropped/jena/176.png,class1,1
131,cropped/jena/175.png,class1,1
131,cropped/jena/674.png,class1,1
131,cropped/jena/177.png,class1,1
131,cropped/jena/677.png,class2,2
131,cropped/jena/276.png,class1,1
131,cropped/jena/675.png,class1,1
131,cropped/jena/323.png,class1,1
131,cropped/jena/277.png,class1,1
131,cropped/jena/278.png,class1,1
131,cropped/jena/718.png,class1,1
131,cropped/jena/720.png,class1,1
131,cropped/jena/721.png,class1,1
131,cropped/jena/719.png,class1,1
131,cropped/jena/722.png,class1,1
131,cropped/jena/324.png,class1,1
131,cropped/jena/380.png,class1,1
131,cropped/jena/753.png,class0,0
131,cropped/jena/379.png,class1,1
131,cropped/jena/754.png,class0,0
131,cropped/jena/634.png,class1,1
131,cropped/jena/381.png,class0,0
131,cropped/jena/326.png,class1,1
131,cropped/jena/637.png,class1,1
131,cropped/jena/638.png,class1,1
131,cropped/jena/636.png,class1,1
131,cropped/jena/9.png,class0,0
131,cropped/jena/8.png,class1,1
131,cropped/jena/10.png,class0,0
131,cropped/jena/168.png,class1,1
131,cropped/jena/167.png,class1,1
131,cropped/jena/171.png,class1,1
131,cropped/jena/173.png,class1,1
131,cropped/jena/170.png,class1,1
131,cropped/jena/403.png,class1,1
131,cropped/jena/172.png,class3,3
131,cropped/jena/400.png,class0,0
131,cropped/jena/169.png,class0,0
131,cropped/jena/401.png,class1,1
131,cropped/jena/405.png,class1,1
131,cropped/jena/129.png,class1,1
131,cropped/jena/605.png,class1,1
131,cropped/jena/604.png,class1,1
131,cropped/jena/125.png,class0,0
131,cropped/jena/404.png,class1,1
131,cropped/jena/127.png,class0,0
131,cropped/jena/126.png,class0,0
131,cropped/jena/391.png,class1,1
131,cropped/jena/389.png,class0,0
131,cropped/jena/390.png,class1,1
131,cropped/jena/609.png,class1,1
131,cropped/jena/606.png,class1,1
131,cropped/jena/393.png,class1,1
131,cropped/jena/392.png,class1,1
131,cropped/jena/608.png,class4,4
131,cropped/jena/395.png,class1,1
131,cropped/jena/528.png,class0,0
131,cropped/jena/529.png,class0,0
131,cropped/jena/394.png,class1,1
131,cropped/jena/396.png,class4,4
131,cropped/jena/594.png,class4,4
131,cropped/jena/399.png,class4,4
131,cropped/jena/527.png,class0,0
131,cropped/jena/248.png,class1,1
131,cropped/jena/601.png,class0,0
131,cropped/jena/599.png,class0,0
131,cropped/jena/596.png,class5,5
131,cropped/jena/595.png,class0,0
131,cropped/jena/247.png,class1,1
131,cropped/jena/602.png,class0,0
131,cropped/jena/598.png,class0,0
132,cropped/jena/255.png,class1,1
132,cropped/jena/254.png,class5,5
132,cropped/jena/250.png,class1,1
132,cropped/jena/252.png,class4,4
132,cropped/jena/253.png,class0,0
132,cropped/jena/257.png,class1,1
132,cropped/jena/256.png,class1,1
132,cropped/jena/258.png,class1,1
132,cropped/jena/17.png,class1,1
132,cropped/jena/14.png,class1,1
132,cropped/jena/757.png,class1,1
132,cropped/jena/15.png,class1,1
132,cropped/jena/13.png,class1,1
132,cropped/jena/756.png,class0,0
132,cropped/jena/16.png,class1,1
132,cropped/jena/755.png,class1,1
132,cropped/jena/19.png,class5,5
132,cropped/jena/319.png,class1,1
132,cropped/jena/320.png,class1,1
132,cropped/jena/715.png,class1,1
132,cropped/jena/316.png,class0,0
132,cropped/jena/317.png,class1,1
132,cropped/jena/714.png,class1,1
132,cropped/jena/717.png,class1,1
132,cropped/jena/427.png,class1,1
132,cropped/jena/761.png,class1,1
132,cropped/jena/759.png,class0,0
132,cropped/jena/758.png,class5,5
132,cropped/jena/762.png,class0,0
132,cropped/jena/763.png,class0,0
132,cropped/jena/426.png,class1,1
132,cropped/jena/760.png,class1,1
132,cropped/jena/519.png,class1,1
132,cropped/jena/516.png,class1,1
132,cropped/jena/517.png,class1,1
132,cropped/jena/431.png,class1,1
132,cropped/jena/432.png,class1,1
132,cropped/jena/515.png,class1,1
132,cropped/jena/518.png,class1,1
132,cropped/jena/430.png,class1,1
132,cropped/jena/524.png,class0,0
132,cropped/jena/416.png,class1,1
132,cropped/jena/525.png,class0,0
132,cropped/jena/526.png,class0,0
132,cropped/jena/523.png,class0,0
132,cropped/jena/417.png,class1,1
132,cropped/jena/521.png,class1,1
132,cropped/jena/418.png,class1,1
132,cropped/jena/0.png,class1,1
132,cropped/jena/623.png,class0,0
132,cropped/jena/626.png,class0,0
132,cropped/jena/624.png,class0,0
132,cropped/jena/625.png,class1,1
132,cropped/jena/2.png,class1,1
132,cropped/jena/31.png,class1,1
132,cropped/jena/32.png,class1,1
132,cropped/jena/224.png,class0,0
132,cropped/jena/695.png,class1,1
132,cropped/jena/692.png,class1,1
132,cropped/jena/690.png,class0,0
132,cropped/jena/694.png,class4,4
132,cropped/jena/693.png,class0,0
132,cropped/jena/225.png,class0,0
132,cropped/jena/691.png,class0,0
132,cropped/jena/263.png,class0,0
132,cropped/jena/261.png,class0,0
132,cropped/jena/265.png,class0,0
132,cropped/jena/227.png,class4,4
132,cropped/jena/260.png,class1,1
132,cropped/jena/259.png,class0,0
132,cropped/jena/226.png,class3,3
132,cropped/jena/266.png,class0,0
132,cropped/jena/219.png,class1,1
132,cropped/jena/215.png,class4,4
132,cropped/jena/217.png,class1,1
132,cropped/jena/406.png,class0,0
132,cropped/jena/408.png,class0,0
132,cropped/jena/218.png,class3,3
132,cropped/jena/216.png,class1,1
132,cropped/jena/407.png,class4,4
133,cropped/jena/220.png,class4,4
133,cropped/jena/476.png,class1,1
133,cropped/jena/329.png,class1,1
133,cropped/jena/477.png,class1,1
133,cropped/jena/328.png,class1,1
133,cropped/jena/327.png,class1,1
133,cropped/jena/475.png,class1,1
133,cropped/jena/241.png,class4,4
133,cropped/jena/34.png,class4,4
133,cropped/jena/280.png,class1,1
133,cropped/jena/33.png,class3,3
133,cropped/jena/243.png,class0,0
133,cropped/jena/246.png,class0,0
133,cropped/jena/282.png,class1,1
133,cropped/jena/242.png,class0,0
133,cropped/jena/245.png,class5,5
133,cropped/jena/80.png,class1,1
133,cropped/jena/344.png,class1,1
133,cropped/jena/85.png,class0,0
133,cropped/jena/345.png,class2,2
133,cropped/jena/83.png,class0,0
133,cropped/jena/82.png,class0,0
133,cropped/jena/86.png,class0,0
133,cropped/jena/84.png,class0,0
133,cropped/jena/166.png,class1,1
133,cropped/jena/54.png,class4,4
133,cropped/jena/56.png,class4,4
133,cropped/jena/346.png,class0,0
133,cropped/jena/164.png,class0,0
133,cropped/jena/162.png,class1,1
133,cropped/jena/347.png,class0,0
133,cropped/jena/163.png,class1,1
133,cropped/jena/57.png,class0,0
133,cropped/jena/375.png,class1,1
133,cropped/jena/378.png,class1,1
133,cropped/jena/376.png,class1,1
133,cropped/jena/371.png,class1,1
133,cropped/jena/373.png,class1,1
133,cropped/jena/58.png,class0,0
133,cropped/jena/374.png,class1,1
133,cropped/jena/78.png,class0,0
133,cropped/jena/77.png,class4,4
133,cropped/jena/109.png,class1,1
133,cropped/jena/79.png,class0,0
133,cropped/jena/315.png,class0,0
133,cropped/jena/108.png,class1,1
133,cropped/jena/111.png,class1,1
133,cropped/jena/110.png,class1,1
133,cropped/jena/121.png,class1,1
133,cropped/jena/115.png,class0,0
133,cropped/jena/113.png,class1,1
133,cropped/jena/116.png,class0,0
133,cropped/jena/114.png,class1,1
133,cropped/jena/112.png,class1,1
133,cropped/jena/117.png,class0,0
133,cropped/jena/118.png,class1,1
133,cropped/jena/99.png,class1,1
133,cropped/jena/98.png,class0,0
133,cropped/jena/102.png,class1,1
133,cropped/jena/93.png,class1,1
133,cropped/jena/100.png,class1,1
133,cropped/jena/97.png,class0,0
133,cropped/jena/94.png,class0,0
133,cropped/jena/96.png,class0,0
133,cropped/jena/360.png,class1,1
133,cropped/jena/364.png,class1,1
133,cropped/jena/104.png,class1,1
133,cropped/jena/105.png,class1,1
133,cropped/jena/363.png,class1,1
133,cropped/jena/362.png,class1,1
133,cropped/jena/365.png,class1,1
133,cropped/jena/361.png,class1,1
133,cropped/jena/367.png,class1,1
133,cropped/jena/123.png,class1,1
133,cropped/jena/369.png,class4,4
133,cropped/jena/122.png,class1,1
133,cropped/jena/304.png,class1,1
133,cropped/jena/368.png,class1,1
133,cropped/jena/370.png,class1,1
133,cropped/jena/303.png,class0,0
134,cropped/jena/307.png,class1,1
134,cropped/jena/305.png,class1,1
134,cropped/jena/735.png,class0,0
134,cropped/jena/309.png,class1,1
134,cropped/jena/308.png,class1,1
134,cropped/jena/312.png,class1,1
134,cropped/jena/313.png,class1,1
134,cropped/jena/311.png,class1,1
134,cropped/jena/630.png,class1,1
134,cropped/jena/739.png,class1,1
134,cropped/jena/629.png,class1,1
134,cropped/jena/740.png,class1,1
134,cropped/jena/737.png,class1,1
134,cropped/jena/741.png,class1,1
134,cropped/jena/738.png,class1,1
134,cropped/jena/628.png,class1,1
134,cropped/jena/294.png,class4,4
134,cropped/jena/291.png,class1,1
134,cropped/jena/289.png,class1,1
134,cropped/jena/290.png,class1,1
134,cropped/jena/295.png,class1,1
134,cropped/jena/293.png,class4,4
134,cropped/jena/292.png,class1,1
134,cropped/jena/632.png,class1,1
134,cropped/jena/568.png,class2,2
134,cropped/jena/209.png,class1,1
134,cropped/jena/296.png,class1,1
134,cropped/jena/211.png,class1,1
134,cropped/jena/210.png,class1,1
134,cropped/jena/567.png,class1,1
134,cropped/jena/297.png,class1,1
134,cropped/jena/566.png,class1,1
134,cropped/jena/573.png,class2,2
134,cropped/jena/571.png,class1,1
134,cropped/jena/574.png,class0,0
134,cropped/jena/732.png,class1,1
134,cropped/jena/572.png,class0,0
134,cropped/jena/569.png,class0,0
134,cropped/jena/733.png,class0,0
134,cropped/jena/731.png,class0,0
134,cropped/jena/446.png,class1,1
134,cropped/jena/478.png,class0,0
134,cropped/jena/444.png,class0,0
134,cropped/jena/449.png,class1,1
134,cropped/jena/448.png,class1,1
134,cropped/jena/445.png,class1,1
134,cropped/jena/447.png,class1,1
134,cropped/jena/479.png,class1,1
134,cropped/jena/350.png,class1,1
134,cropped/jena/450.png,class0,0
134,cropped/jena/349.png,class1,1
134,cropped/jena/452.png,class1,1
134,cropped/jena/348.png,class1,1
134,cropped/jena/351.png,class1,1
134,cropped/jena/354.png,class0,0
134,cropped/jena/353.png,class1,1
134,cropped/jena/485.png,class0,0
134,cropped/jena/355.png,class0,0
134,cropped/jena/487.png,class0,0
134,cropped/jena/484.png,class1,1
134,cropped/jena/481.png,class1,1
134,cropped/jena/489.png,class4,4
134,cropped/jena/488.png,class1,1
134,cropped/jena/482.png,class1,1
134,cropped/jena/492.png,class0,0
134,cropped/jena/25.png,class1,1
134,cropped/jena/22.png,class1,1
134,cropped/jena/21.png,class1,1
134,cropped/jena/493.png,class0,0
134,cropped/jena/491.png,class0,0
134,cropped/jena/23.png,class5,5
134,cropped/jena/24.png,class5,5
134,cropped/jena/29.png,class0,0
134,cropped/jena/700.png,class1,1
134,cropped/jena/26.png,class1,1
134,cropped/jena/696.png,class0,0
134,cropped/jena/699.png,class1,1
134,cropped/jena/697.png,class0,0
134,cropped/jena/27.png,class4,4
134,cropped/jena/28.png,class4,4
135,cropped/jena/610.png,class0,0
135,cropped/jena/340.png,class1,1
135,cropped/jena/701.png,class0,0
135,cropped/jena/341.png,class0,0
135,cropped/jena/339.png,class0,0
135,cropped/jena/342.png,class0,0
135,cropped/jena/704.png,class0,0
135,cropped/jena/703.png,class0,0
135,cropped/jena/36.png,class1,1
135,cropped/jena/612.png,class0,0
135,cropped/jena/615.png,class0,0
135,cropped/jena/617.png,class0,0
135,cropped/jena/616.png,class5,5
135,cropped/jena/618.png,class0,0
135,cropped/jena/613.png,class0,0
135,cropped/jena/614.png,class4,4
135,cropped/jena/39.png,class1,1
135,cropped/jena/43.png,class1,1
135,cropped/jena/44.png,class1,1
135,cropped/jena/40.png,class1,1
135,cropped/jena/42.png,class1,1
135,cropped/jena/46.png,class1,1
135,cropped/jena/37.png,class1,1
135,cropped/jena/41.png,class1,1
135,cropped/jena/534.png,class1,1
135,cropped/jena/48.png,class1,1
135,cropped/jena/531.png,class0,0
135,cropped/jena/49.png,class0,0
135,cropped/jena/530.png,class1,1
135,cropped/jena/535.png,class1,1
135,cropped/jena/532.png,class0,0
135,cropped/jena/47.png,class1,1
135,cropped/jena/538.png,class0,0
135,cropped/jena/723.png,class0,0
135,cropped/jena/542.png,class1,1
135,cropped/jena/543.png,class1,1
135,cropped/jena/537.png,class0,0
135,cropped/jena/541.png,class1,1
135,cropped/jena/539.png,class1,1
135,cropped/jena/725.png,class0,0
135,cropped/jena/228.png,class0,0
135,cropped/jena/727.png,class0,0
135,cropped/jena/301.png,class0,0
135,cropped/jena/300.png,class0,0
135,cropped/jena/729.png,class0,0
135,cropped/jena/728.png,class0,0
135,cropped/jena/298.png,class0,0
135,cropped/jena/302.png,class4,4
135,cropped/jena/232.png,class0,0
135,cropped/jena/439.png,class0,0
135,cropped/jena/438.png,class0,0
135,cropped/jena/436.png,class0,0
135,cropped/jena/434.png,class1,1
135,cropped/jena/437.png,class0,0
135,cropped/jena/230.png,class4,4
135,cropped/jena/435.png,class0,0
135,cropped/jena/443.png,class0,0
135,cropped/jena/440.png,class0,0
135,cropped/jena/590.png,class4,4
135,cropped/jena/441.png,class0,0
135,cropped/jena/589.png,class1,1
135,cropped/jena/588.png,class1,1
135,cropped/jena/64.png,class1,1
135,cropped/jena/442.png,class0,0
135,cropped/jena/705.png,class1,1
135,cropped/jena/747.png,class1,1
135,cropped/jena/744.png,class0,0
135,cropped/jena/709.png,class0,0
135,cropped/jena/746.png,class4,4
135,cropped/jena/707.png,class0,0
135,cropped/jena/706.png,class0,0
135,cropped/jena/708.png,class1,1
135,cropped/jena/547.png,class1,1
135,cropped/jena/710.png,class4,4
135,cropped/jena/548.png,class0,0
135,cropped/jena/546.png,class1,1
135,cropped/jena/550.png,class0,0
135,cropped/jena/711.png,class1,1
135,cropped/jena/551.png,class0,0
135,cropped/jena/549.png,class0,0
136,cropped/jena/552.png,class0,0
136,cropped/jena/558.png,class0,0
136,cropped/jena/554.png,class0,0
136,cropped/jena/560.png,class0,0
136,cropped/jena/561.png,class0,0
136,cropped/jena/556.png,class0,0
136,cropped/jena/559.png,class0,0
136,cropped/jena/553.png,class1,1
136,cropped/jena/582.png,class1,1
136,cropped/jena/584.png,class4,4
136,cropped/jena/585.png,class4,4
136,cropped/jena/583.png,class4,4
136,cropped/jena/565.png,class0,0
136,cropped/jena/563.png,class0,0
136,cropped/jena/562.png,class0,0
136,cropped/jena/564.png,class0,0
136,cropped/jena/575.png,class1,1
136,cropped/jena/137.png,class1,1
136,cropped/jena/135.png,class1,1
136,cropped/jena/576.png,class1,1
136,cropped/jena/130.png,class0,0
136,cropped/jena/131.png,class0,0
136,cropped/jena/132.png,class0,0
136,cropped/jena/136.png,class1,1
136,cropped/jena/579.png,class1,1
136,cropped/jena/581.png,class1,1
136,cropped/jena/748.png,class1,1
136,cropped/jena/580.png,class1,1
136,cropped/jena/578.png,class1,1
136,cropped/jena/577.png,class1,1
136,cropped/jena/750.png,class0,0
136,cropped/jena/751.png,class0,0
136,cropped/jena/213.png,class0,0
136,cropped/jena/639.png,class1,1
136,cropped/jena/641.png,class1,1
136,cropped/jena/640.png,class1,1
136,cropped/jena/6.png,class5,5
136,cropped/jena/59.png,class1,1
136,cropped/jena/642.png,class1,1
136,cropped/jena/60.png,class1,1
136,cropped/jena/204.png,class0,0
136,cropped/jena/591.png,class1,1
136,cropped/jena/61.png,class1,1
136,cropped/jena/203.png,class0,0
136,cropped/jena/592.png,class4,4
136,cropped/jena/205.png,class0,0
136,cropped/jena/62.png,class1,1
136,cropped/jena/593.png,class4,4
136,cropped/jena/495.png,class1,1
136,cropped/jena/90.png,class0,0
136,cropped/jena/4.png,class3,3
136,cropped/jena/89.png,class0,0
136,cropped/jena/91.png,class0,0
136,cropped/jena/494.png,class1,1
136,cropped/jena/207.png,class0,0
136,cropped/jena/88.png,class0,0
136,cropped/jena/11.png,class1,1
136,cropped/jena/545.png,class1,1
136,cropped/jena/501.png,class0,0
136,cropped/jena/496.png,class4,4
136,cropped/jena/499.png,class0,0
136,cropped/jena/500.png,class0,0
136,cropped/jena/544.png,class1,1
136,cropped/jena/330.png,class1,1
136,cropped/jena/154.png,class1,1
136,cropped/jena/331.png,class1,1
136,cropped/jena/335.png,class1,1
136,cropped/jena/334.png,class1,1
136,cropped/jena/333.png,class1,1
136,cropped/jena/337.png,class1,1
136,cropped/jena/153.png,class1,1
136,cropped/jena/336.png,class1,1
136,cropped/jena/155.png,class0,0
136,cropped/jena/680.png,class1,1
136,cropped/jena/679.png,class1,1
136,cropped/jena/159.png,class1,1
136,cropped/jena/678.png,class1,1
136,cropped/jena/157.png,class1,1
136,cropped/jena/158.png,class1,1
136,cropped/jena/161.png,class1,1
137,cropped/krefeld/435.png,class1,1
137,cropped/krefeld/38.png,class1,1
137,cropped/krefeld/437.png,class1,1
137,cropped/krefeld/434.png,class1,1
137,cropped/krefeld/41.png,class1,1
137,cropped/krefeld/436.png,class1,1
137,cropped/krefeld/438.png,class1,1
137,cropped/krefeld/39.png,class1,1
137,cropped/krefeld/442.png,class1,1
137,cropped/krefeld/441.png,class1,1
137,cropped/krefeld/443.png,class1,1
137,cropped/krefeld/440.png,class1,1
137,cropped/krefeld/370.png,class1,1
137,cropped/krefeld/369.png,class1,1
137,cropped/krefeld/445.png,class1,1
137,cropped/krefeld/444.png,class1,1
137,cropped/krefeld/55.png,class1,1
137,cropped/krefeld/372.png,class1,1
137,cropped/krefeld/373.png,class1,1
137,cropped/krefeld/53.png,class1,1
137,cropped/krefeld/375.png,class1,1
137,cropped/krefeld/52.png,class1,1
137,cropped/krefeld/371.png,class1,1
137,cropped/krefeld/374.png,class1,1
137,cropped/krefeld/59.png,class4,4
137,cropped/krefeld/423.png,class4,4
137,cropped/krefeld/58.png,class4,4
137,cropped/krefeld/426.png,class1,1
137,cropped/krefeld/421.png,class1,1
137,cropped/krefeld/425.png,class1,1
137,cropped/krefeld/427.png,class1,1
137,cropped/krefeld/422.png,class1,1
137,cropped/krefeld/430.png,class1,1
137,cropped/krefeld/431.png,class1,1
137,cropped/krefeld/433.png,class1,1
137,cropped/krefeld/336.png,class1,1
137,cropped/krefeld/337.png,class1,1
137,cropped/krefeld/338.png,class1,1
137,cropped/krefeld/214.png,class1,1
137,cropped/krefeld/429.png,class1,1
137,cropped/krefeld/215.png,class1,1
137,cropped/krefeld/218.png,class1,1
137,cropped/krefeld/222.png,class1,1
137,cropped/krefeld/219.png,class1,1
137,cropped/krefeld/223.png,class1,1
137,cropped/krefeld/217.png,class1,1
137,cropped/krefeld/224.png,class1,1
137,cropped/krefeld/221.png,class1,1
137,cropped/krefeld/227.png,class1,1
137,cropped/krefeld/165.png,class1,1
137,cropped/krefeld/162.png,class1,1
137,cropped/krefeld/225.png,class1,1
137,cropped/krefeld/164.png,class1,1
137,cropped/krefeld/226.png,class1,1
137,cropped/krefeld/166.png,class4,4
137,cropped/krefeld/161.png,class1,1
137,cropped/krefeld/344.png,class1,1
137,cropped/krefeld/340.png,class1,1
137,cropped/krefeld/346.png,class1,1
137,cropped/krefeld/342.png,class1,1
137,cropped/krefeld/347.png,class1,1
137,cropped/krefeld/341.png,class1,1
137,cropped/krefeld/339.png,class1,1
137,cropped/krefeld/19.png,class1,1
137,cropped/krefeld/22.png,class1,1
137,cropped/krefeld/27.png,class1,1
137,cropped/krefeld/20.png,class1,1
137,cropped/krefeld/25.png,class1,1
137,cropped/krefeld/21.png,class1,1
137,cropped/krefeld/29.png,class0,0
137,cropped/krefeld/24.png,class1,1
137,cropped/krefeld/23.png,class1,1
137,cropped/krefeld/530.png,class1,1
137,cropped/krefeld/419.png,class1,1
137,cropped/krefeld/531.png,class0,0
137,cropped/krefeld/418.png,class1,1
137,cropped/krefeld/415.png,class1,1
137,cropped/krefeld/31.png,class0,0
137,cropped/krefeld/417.png,class2,2
137,cropped/krefeld/416.png,class2,2
138,cropped/krefeld/378.png,class1,1
138,cropped/krefeld/420.png,class1,1
138,cropped/krefeld/334.png,class1,1
138,cropped/krefeld/379.png,class4,4
138,cropped/krefeld/376.png,class1,1
138,cropped/krefeld/534.png,class3,3
138,cropped/krefeld/533.png,class1,1
138,cropped/krefeld/377.png,class1,1
138,cropped/krefeld/357.png,class1,1
138,cropped/krefeld/359.png,class1,1
138,cropped/krefeld/358.png,class1,1
138,cropped/krefeld/363.png,class1,1
138,cropped/krefeld/362.png,class1,1
138,cropped/krefeld/364.png,class1,1
138,cropped/krefeld/366.png,class1,1
138,cropped/krefeld/365.png,class1,1
138,cropped/krefeld/470.png,class1,1
138,cropped/krefeld/466.png,class1,1
138,cropped/krefeld/72.png,class4,4
138,cropped/krefeld/73.png,class0,0
138,cropped/krefeld/467.png,class1,1
138,cropped/krefeld/469.png,class1,1
138,cropped/krefeld/71.png,class1,1
138,cropped/krefeld/70.png,class4,4
138,cropped/krefeld/390.png,class1,1
138,cropped/krefeld/387.png,class1,1
138,cropped/krefeld/394.png,class1,1
138,cropped/krefeld/389.png,class1,1
138,cropped/krefeld/386.png,class1,1
138,cropped/krefeld/392.png,class1,1
138,cropped/krefeld/471.png,class1,1
138,cropped/krefeld/388.png,class1,1
138,cropped/krefeld/115.png,class0,0
138,cropped/krefeld/267.png,class1,1
138,cropped/krefeld/189.png,class1,1
138,cropped/krefeld/268.png,class1,1
138,cropped/krefeld/187.png,class0,0
138,cropped/krefeld/266.png,class1,1
138,cropped/krefeld/188.png,class0,0
138,cropped/krefeld/186.png,class1,1
138,cropped/krefeld/178.png,class1,1
138,cropped/krefeld/177.png,class0,0
138,cropped/krefeld/116.png,class0,0
138,cropped/krefeld/176.png,class1,1
138,cropped/krefeld/118.png,class1,1
138,cropped/krefeld/117.png,class0,0
138,cropped/krefeld/175.png,class1,1
138,cropped/krefeld/179.png,class1,1
138,cropped/krefeld/182.png,class1,1
138,cropped/krefeld/587.png,class0,0
138,cropped/krefeld/589.png,class1,1
138,cropped/krefeld/183.png,class1,1
138,cropped/krefeld/591.png,class1,1
138,cropped/krefeld/180.png,class1,1
138,cropped/krefeld/184.png,class1,1
138,cropped/krefeld/590.png,class1,1
138,cropped/krefeld/592.png,class1,1
138,cropped/krefeld/155.png,class0,0
138,cropped/krefeld/156.png,class0,0
138,cropped/krefeld/33.png,class1,1
138,cropped/krefeld/152.png,class1,1
138,cropped/krefeld/151.png,class1,1
138,cropped/krefeld/154.png,class0,0
138,cropped/krefeld/593.png,class1,1
138,cropped/krefeld/464.png,class0,0
138,cropped/krefeld/42.png,class1,1
138,cropped/krefeld/43.png,class1,1
138,cropped/krefeld/35.png,class1,1
138,cropped/krefeld/45.png,class5,5
138,cropped/krefeld/44.png,class5,5
138,cropped/krefeld/46.png,class1,1
138,cropped/krefeld/37.png,class1,1
138,cropped/krefeld/488.png,class1,1
138,cropped/krefeld/486.png,class1,1
138,cropped/krefeld/569.png,class3,3
138,cropped/krefeld/485.png,class0,0
138,cropped/krefeld/570.png,class4,4
138,cropped/krefeld/0.png,class3,3
138,cropped/krefeld/190.png,class0,0
138,cropped/krefeld/487.png,class0,0
139,cropped/krefeld/495.png,class1,1
139,cropped/krefeld/489.png,class1,1
139,cropped/krefeld/494.png,class1,1
139,cropped/krefeld/102.png,class1,1
139,cropped/krefeld/103.png,class0,0
139,cropped/krefeld/492.png,class1,1
139,cropped/krefeld/490.png,class1,1
139,cropped/krefeld/493.png,class1,1
139,cropped/krefeld/397.png,class1,1
139,cropped/krefeld/275.png,class1,1
139,cropped/krefeld/271.png,class1,1
139,cropped/krefeld/398.png,class1,1
139,cropped/krefeld/272.png,class1,1
139,cropped/krefeld/273.png,class1,1
139,cropped/krefeld/395.png,class1,1
139,cropped/krefeld/274.png,class1,1
139,cropped/krefeld/500.png,class1,1
139,cropped/krefeld/145.png,class4,4
139,cropped/krefeld/484.png,class1,1
139,cropped/krefeld/501.png,class1,1
139,cropped/krefeld/496.png,class1,1
139,cropped/krefeld/499.png,class1,1
139,cropped/krefeld/497.png,class1,1
139,cropped/krefeld/146.png,class1,1
139,cropped/krefeld/547.png,class1,1
139,cropped/krefeld/529.png,class0,0
139,cropped/krefeld/548.png,class1,1
139,cropped/krefeld/550.png,class0,0
139,cropped/krefeld/552.png,class0,0
139,cropped/krefeld/551.png,class0,0
139,cropped/krefeld/528.png,class0,0
139,cropped/krefeld/549.png,class0,0
139,cropped/krefeld/291.png,class1,1
139,cropped/krefeld/294.png,class0,0
139,cropped/krefeld/288.png,class1,1
139,cropped/krefeld/295.png,class5,5
139,cropped/krefeld/292.png,class0,0
139,cropped/krefeld/289.png,class1,1
139,cropped/krefeld/446.png,class1,1
139,cropped/krefeld/290.png,class1,1
139,cropped/krefeld/49.png,class1,1
139,cropped/krefeld/448.png,class1,1
139,cropped/krefeld/454.png,class0,0
139,cropped/krefeld/451.png,class1,1
139,cropped/krefeld/450.png,class1,1
139,cropped/krefeld/50.png,class1,1
139,cropped/krefeld/452.png,class1,1
139,cropped/krefeld/449.png,class1,1
139,cropped/krefeld/100.png,class0,0
139,cropped/krefeld/101.png,class1,1
139,cropped/krefeld/296.png,class0,0
139,cropped/krefeld/354.png,class0,0
139,cropped/krefeld/356.png,class1,1
139,cropped/krefeld/355.png,class1,1
139,cropped/krefeld/297.png,class0,0
139,cropped/krefeld/353.png,class0,0
139,cropped/krefeld/197.png,class1,1
139,cropped/krefeld/199.png,class0,0
139,cropped/krefeld/60.png,class1,1
139,cropped/krefeld/192.png,class0,0
139,cropped/krefeld/195.png,class1,1
139,cropped/krefeld/193.png,class0,0
139,cropped/krefeld/196.png,class1,1
139,cropped/krefeld/194.png,class4,4
139,cropped/krefeld/96.png,class1,1
139,cropped/krefeld/252.png,class1,1
139,cropped/krefeld/97.png,class1,1
139,cropped/krefeld/98.png,class1,1
139,cropped/krefeld/250.png,class4,4
139,cropped/krefeld/248.png,class1,1
139,cropped/krefeld/247.png,class1,1
139,cropped/krefeld/524.png,class4,4
139,cropped/krefeld/536.png,class1,1
139,cropped/krefeld/537.png,class1,1
139,cropped/krefeld/526.png,class0,0
139,cropped/krefeld/525.png,class0,0
139,cropped/krefeld/523.png,class0,0
139,cropped/krefeld/520.png,class0,0
139,cropped/krefeld/521.png,class0,0
139,cropped/krefeld/519.png,class0,0
140,cropped/krefeld/582.png,class0,0
140,cropped/krefeld/586.png,class4,4
140,cropped/krefeld/584.png,class0,0
140,cropped/krefeld/580.png,class1,1
140,cropped/krefeld/539.png,class0,0
140,cropped/krefeld/540.png,class4,4
140,cropped/krefeld/581.png,class1,1
140,cropped/krefeld/585.png,class0,0
140,cropped/krefeld/242.png,class1,1
140,cropped/krefeld/239.png,class1,1
140,cropped/krefeld/237.png,class1,1
140,cropped/krefeld/241.png,class4,4
140,cropped/krefeld/244.png,class1,1
140,cropped/krefeld/238.png,class1,1
140,cropped/krefeld/245.png,class1,1
140,cropped/krefeld/147.png,class1,1
140,cropped/krefeld/150.png,class1,1
140,cropped/krefeld/67.png,class1,1
140,cropped/krefeld/148.png,class1,1
140,cropped/krefeld/63.png,class1,1
140,cropped/krefeld/66.png,class1,1
140,cropped/krefeld/65.png,class1,1
140,cropped/krefeld/149.png,class1,1
140,cropped/krefeld/61.png,class1,1
140,cropped/krefeld/381.png,class1,1
140,cropped/krefeld/133.png,class1,1
140,cropped/krefeld/380.png,class1,1
140,cropped/krefeld/383.png,class1,1
140,cropped/krefeld/134.png,class1,1
140,cropped/krefeld/69.png,class0,0
140,cropped/krefeld/382.png,class1,1
140,cropped/krefeld/385.png,class4,4
140,cropped/krefeld/456.png,class1,1
140,cropped/krefeld/135.png,class1,1
140,cropped/krefeld/138.png,class1,1
140,cropped/krefeld/455.png,class1,1
140,cropped/krefeld/140.png,class0,0
140,cropped/krefeld/137.png,class0,0
140,cropped/krefeld/269.png,class1,1
140,cropped/krefeld/139.png,class1,1
140,cropped/krefeld/112.png,class1,1
140,cropped/krefeld/107.png,class1,1
140,cropped/krefeld/571.png,class0,0
140,cropped/krefeld/106.png,class1,1
140,cropped/krefeld/110.png,class1,1
140,cropped/krefeld/108.png,class1,1
140,cropped/krefeld/270.png,class0,0
140,cropped/krefeld/111.png,class1,1
140,cropped/krefeld/575.png,class1,1
140,cropped/krefeld/201.png,class1,1
140,cropped/krefeld/200.png,class1,1
140,cropped/krefeld/577.png,class1,1
140,cropped/krefeld/574.png,class1,1
140,cropped/krefeld/576.png,class1,1
140,cropped/krefeld/573.png,class1,1
140,cropped/krefeld/572.png,class0,0
140,cropped/krefeld/204.png,class1,1
140,cropped/krefeld/211.png,class1,1
140,cropped/krefeld/205.png,class1,1
140,cropped/krefeld/203.png,class1,1
140,cropped/krefeld/207.png,class0,0
140,cropped/krefeld/202.png,class1,1
140,cropped/krefeld/209.png,class1,1
140,cropped/krefeld/210.png,class1,1
140,cropped/krefeld/513.png,class1,1
140,cropped/krefeld/74.png,class1,1
140,cropped/krefeld/517.png,class1,1
140,cropped/krefeld/212.png,class1,1
140,cropped/krefeld/514.png,class1,1
140,cropped/krefeld/512.png,class1,1
140,cropped/krefeld/213.png,class1,1
140,cropped/krefeld/516.png,class2,2
140,cropped/krefeld/84.png,class1,1
140,cropped/krefeld/82.png,class5,5
140,cropped/krefeld/83.png,class1,1
140,cropped/krefeld/79.png,class1,1
140,cropped/krefeld/76.png,class1,1
140,cropped/krefeld/81.png,class4,4
140,cropped/krefeld/77.png,class1,1
140,cropped/krefeld/78.png,class1,1
141,cropped/krefeld/405.png,class1,1
141,cropped/krefeld/409.png,class1,1
141,cropped/krefeld/404.png,class1,1
141,cropped/krefeld/407.png,class1,1
141,cropped/krefeld/408.png,class1,1
141,cropped/krefeld/410.png,class0,0
141,cropped/krefeld/411.png,class0,0
141,cropped/krefeld/406.png,class1,1
141,cropped/krefeld/283.png,class1,1
141,cropped/krefeld/282.png,class1,1
141,cropped/krefeld/284.png,class1,1
141,cropped/krefeld/287.png,class0,0
141,cropped/krefeld/286.png,class0,0
141,cropped/krefeld/285.png,class1,1
141,cropped/krefeld/254.png,class0,0
141,cropped/krefeld/255.png,class1,1
141,cropped/krefeld/263.png,class1,1
141,cropped/krefeld/229.png,class1,1
141,cropped/krefeld/256.png,class0,0
141,cropped/krefeld/260.png,class1,1
141,cropped/krefeld/264.png,class1,1
141,cropped/krefeld/259.png,class1,1
141,cropped/krefeld/261.png,class1,1
141,cropped/krefeld/258.png,class1,1
141,cropped/krefeld/236.png,class1,1
141,cropped/krefeld/235.png,class1,1
141,cropped/krefeld/231.png,class1,1
141,cropped/krefeld/277.png,class1,1
141,cropped/krefeld/232.png,class0,0
141,cropped/krefeld/234.png,class1,1
141,cropped/krefeld/278.png,class1,1
141,cropped/krefeld/279.png,class1,1
141,cropped/krefeld/90.png,class1,1
141,cropped/krefeld/281.png,class1,1
141,cropped/krefeld/280.png,class1,1
141,cropped/krefeld/89.png,class1,1
141,cropped/krefeld/92.png,class1,1
141,cropped/krefeld/85.png,class1,1
141,cropped/krefeld/87.png,class1,1
141,cropped/krefeld/88.png,class1,1
141,cropped/krefeld/598.png,class0,0
141,cropped/krefeld/95.png,class0,0
141,cropped/krefeld/120.png,class1,1
141,cropped/krefeld/594.png,class1,1
141,cropped/krefeld/121.png,class1,1
141,cropped/krefeld/595.png,class0,0
141,cropped/krefeld/94.png,class1,1
141,cropped/krefeld/596.png,class1,1
141,cropped/krefeld/126.png,class1,1
141,cropped/krefeld/128.png,class1,1
141,cropped/krefeld/123.png,class1,1
141,cropped/krefeld/131.png,class0,0
141,cropped/krefeld/124.png,class1,1
141,cropped/krefeld/130.png,class0,0
141,cropped/krefeld/125.png,class1,1
141,cropped/krefeld/122.png,class1,1
141,cropped/krefeld/459.png,class0,0
141,cropped/krefeld/302.png,class0,0
141,cropped/krefeld/304.png,class1,1
141,cropped/krefeld/458.png,class0,0
141,cropped/krefeld/461.png,class1,1
141,cropped/krefeld/132.png,class1,1
141,cropped/krefeld/303.png,class1,1
141,cropped/krefeld/463.png,class1,1
141,cropped/krefeld/560.png,class4,4
141,cropped/krefeld/305.png,class1,1
141,cropped/krefeld/562.png,class0,0
141,cropped/krefeld/308.png,class1,1
141,cropped/krefeld/309.png,class1,1
141,cropped/krefeld/558.png,class1,1
141,cropped/krefeld/561.png,class1,1
141,cropped/krefeld/559.png,class1,1
141,cropped/krefeld/563.png,class0,0
141,cropped/krefeld/567.png,class1,1
141,cropped/krefeld/564.png,class0,0
141,cropped/krefeld/472.png,class1,1
141,cropped/krefeld/476.png,class1,1
141,cropped/krefeld/566.png,class1,1
141,cropped/krefeld/565.png,class1,1
141,cropped/krefeld/474.png,class1,1
142,cropped/monchengladbach/349.png,class1,1
142,cropped/monchengladbach/369.png,class1,1
142,cropped/monchengladbach/265.png,class1,1
142,cropped/monchengladbach/348.png,class2,2
142,cropped/monchengladbach/365.png,class1,1
142,cropped/monchengladbach/367.png,class1,1
142,cropped/monchengladbach/366.png,class1,1
142,cropped/monchengladbach/347.png,class1,1
142,cropped/monchengladbach/266.png,class1,1
142,cropped/monchengladbach/216.png,class1,1
142,cropped/monchengladbach/198.png,class1,1
142,cropped/monchengladbach/220.png,class1,1
142,cropped/monchengladbach/215.png,class1,1
142,cropped/monchengladbach/218.png,class1,1
142,cropped/monchengladbach/217.png,class1,1
142,cropped/monchengladbach/219.png,class1,1
142,cropped/monchengladbach/100.png,class1,1
142,cropped/monchengladbach/101.png,class1,1
142,cropped/monchengladbach/200.png,class1,1
142,cropped/monchengladbach/99.png,class1,1
142,cropped/monchengladbach/102.png,class1,1
142,cropped/monchengladbach/329.png,class1,1
142,cropped/monchengladbach/199.png,class1,1
142,cropped/monchengladbach/96.png,class1,1
142,cropped/monchengladbach/333.png,class1,1
142,cropped/monchengladbach/331.png,class1,1
142,cropped/monchengladbach/330.png,class1,1
142,cropped/monchengladbach/336.png,class1,1
142,cropped/monchengladbach/491.png,class1,1
142,cropped/monchengladbach/125.png,class1,1
142,cropped/monchengladbach/126.png,class1,1
142,cropped/monchengladbach/332.png,class1,1
142,cropped/monchengladbach/129.png,class1,1
142,cropped/monchengladbach/50.png,class0,0
142,cropped/monchengladbach/130.png,class1,1
142,cropped/monchengladbach/127.png,class1,1
142,cropped/monchengladbach/131.png,class0,0
142,cropped/monchengladbach/133.png,class1,1
142,cropped/monchengladbach/51.png,class1,1
142,cropped/monchengladbach/128.png,class1,1
142,cropped/monchengladbach/166.png,class1,1
142,cropped/monchengladbach/107.png,class1,1
142,cropped/monchengladbach/167.png,class0,0
142,cropped/monchengladbach/109.png,class1,1
142,cropped/monchengladbach/108.png,class1,1
142,cropped/monchengladbach/169.png,class1,1
142,cropped/monchengladbach/106.png,class1,1
142,cropped/monchengladbach/165.png,class1,1
142,cropped/monchengladbach/478.png,class1,1
142,cropped/monchengladbach/197.png,class1,1
142,cropped/monchengladbach/480.png,class0,0
142,cropped/monchengladbach/192.png,class1,1
142,cropped/monchengladbach/195.png,class1,1
142,cropped/monchengladbach/194.png,class1,1
142,cropped/monchengladbach/193.png,class0,0
142,cropped/monchengladbach/196.png,class1,1
142,cropped/monchengladbach/269.png,class1,1
142,cropped/monchengladbach/481.png,class0,0
142,cropped/monchengladbach/268.png,class1,1
142,cropped/monchengladbach/267.png,class1,1
142,cropped/monchengladbach/270.png,class1,1
142,cropped/monchengladbach/273.png,class0,0
142,cropped/monchengladbach/271.png,class1,1
142,cropped/monchengladbach/482.png,class1,1
142,cropped/monchengladbach/117.png,class1,1
142,cropped/monchengladbach/316.png,class1,1
142,cropped/monchengladbach/115.png,class4,4
142,cropped/monchengladbach/116.png,class1,1
142,cropped/monchengladbach/317.png,class1,1
142,cropped/monchengladbach/315.png,class1,1
142,cropped/monchengladbach/314.png,class1,1
142,cropped/monchengladbach/49.png,class0,0
142,cropped/monchengladbach/495.png,class4,4
142,cropped/monchengladbach/494.png,class1,1
142,cropped/monchengladbach/0.png,class0,0
142,cropped/monchengladbach/493.png,class1,1
142,cropped/monchengladbach/119.png,class1,1
142,cropped/monchengladbach/1.png,class1,1
142,cropped/monchengladbach/497.png,class4,4
142,cropped/monchengladbach/118.png,class1,1
143,cropped/monchengladbach/8.png,class1,1
143,cropped/monchengladbach/9.png,class1,1
143,cropped/monchengladbach/11.png,class0,0
143,cropped/monchengladbach/5.png,class1,1
143,cropped/monchengladbach/3.png,class1,1
143,cropped/monchengladbach/2.png,class1,1
143,cropped/monchengladbach/6.png,class1,1
143,cropped/monchengladbach/10.png,class1,1
143,cropped/monchengladbach/59.png,class1,1
143,cropped/monchengladbach/58.png,class1,1
143,cropped/monchengladbach/61.png,class0,0
143,cropped/monchengladbach/63.png,class0,0
143,cropped/monchengladbach/64.png,class1,1
143,cropped/monchengladbach/12.png,class0,0
143,cropped/monchengladbach/62.png,class0,0
143,cropped/monchengladbach/13.png,class4,4
143,cropped/monchengladbach/404.png,class1,1
143,cropped/monchengladbach/429.png,class1,1
143,cropped/monchengladbach/406.png,class0,0
143,cropped/monchengladbach/403.png,class1,1
143,cropped/monchengladbach/66.png,class1,1
143,cropped/monchengladbach/402.png,class1,1
143,cropped/monchengladbach/430.png,class1,1
143,cropped/monchengladbach/405.png,class4,4
143,cropped/monchengladbach/434.png,class4,4
143,cropped/monchengladbach/435.png,class4,4
143,cropped/monchengladbach/54.png,class1,1
143,cropped/monchengladbach/436.png,class4,4
143,cropped/monchengladbach/431.png,class1,1
143,cropped/monchengladbach/174.png,class1,1
143,cropped/monchengladbach/433.png,class5,5
143,cropped/monchengladbach/432.png,class1,1
143,cropped/monchengladbach/337.png,class0,0
143,cropped/monchengladbach/452.png,class1,1
143,cropped/monchengladbach/328.png,class1,1
143,cropped/monchengladbach/327.png,class1,1
143,cropped/monchengladbach/56.png,class1,1
143,cropped/monchengladbach/450.png,class1,1
143,cropped/monchengladbach/326.png,class1,1
143,cropped/monchengladbach/338.png,class0,0
143,cropped/monchengladbach/301.png,class0,0
143,cropped/monchengladbach/454.png,class1,1
143,cropped/monchengladbach/140.png,class1,1
143,cropped/monchengladbach/252.png,class1,1
143,cropped/monchengladbach/299.png,class0,0
143,cropped/monchengladbach/253.png,class1,1
143,cropped/monchengladbach/298.png,class1,1
143,cropped/monchengladbach/14.png,class1,1
143,cropped/monchengladbach/232.png,class3,3
143,cropped/monchengladbach/236.png,class1,1
143,cropped/monchengladbach/255.png,class1,1
143,cropped/monchengladbach/235.png,class5,5
143,cropped/monchengladbach/233.png,class1,1
143,cropped/monchengladbach/234.png,class1,1
143,cropped/monchengladbach/256.png,class1,1
143,cropped/monchengladbach/231.png,class1,1
143,cropped/monchengladbach/414.png,class0,0
143,cropped/monchengladbach/33.png,class4,4
143,cropped/monchengladbach/260.png,class1,1
143,cropped/monchengladbach/415.png,class0,0
143,cropped/monchengladbach/264.png,class0,0
143,cropped/monchengladbach/32.png,class0,0
143,cropped/monchengladbach/262.png,class0,0
143,cropped/monchengladbach/259.png,class1,1
143,cropped/monchengladbach/416.png,class0,0
143,cropped/monchengladbach/418.png,class4,4
143,cropped/monchengladbach/425.png,class1,1
143,cropped/monchengladbach/417.png,class5,5
143,cropped/monchengladbach/419.png,class1,1
143,cropped/monchengladbach/420.png,class1,1
143,cropped/monchengladbach/424.png,class1,1
143,cropped/monchengladbach/422.png,class5,5
143,cropped/monchengladbach/427.png,class1,1
143,cropped/monchengladbach/428.png,class1,1
143,cropped/monchengladbach/324.png,class0,0
143,cropped/monchengladbach/426.png,class1,1
143,cropped/monchengladbach/321.png,class0,0
143,cropped/monchengladbach/318.png,class1,1
143,cropped/monchengladbach/322.png,class0,0
143,cropped/monchengladbach/323.png,class0,0
144,cropped/monchengladbach/175.png,class1,1
144,cropped/monchengladbach/105.png,class1,1
144,cropped/monchengladbach/103.png,class1,1
144,cropped/monchengladbach/176.png,class1,1
144,cropped/monchengladbach/177.png,class1,1
144,cropped/monchengladbach/325.png,class1,1
144,cropped/monchengladbach/460.png,class1,1
144,cropped/monchengladbach/104.png,class1,1
144,cropped/monchengladbach/39.png,class1,1
144,cropped/monchengladbach/136.png,class1,1
144,cropped/monchengladbach/182.png,class1,1
144,cropped/monchengladbach/38.png,class1,1
144,cropped/monchengladbach/137.png,class1,1
144,cropped/monchengladbach/139.png,class1,1
144,cropped/monchengladbach/180.png,class1,1
144,cropped/monchengladbach/135.png,class1,1
144,cropped/monchengladbach/43.png,class1,1
144,cropped/monchengladbach/48.png,class1,1
144,cropped/monchengladbach/40.png,class0,0
144,cropped/monchengladbach/45.png,class1,1
144,cropped/monchengladbach/141.png,class4,4
144,cropped/monchengladbach/46.png,class1,1
144,cropped/monchengladbach/44.png,class1,1
144,cropped/monchengladbach/42.png,class1,1
144,cropped/monchengladbach/146.png,class1,1
144,cropped/monchengladbach/149.png,class1,1
144,cropped/monchengladbach/143.png,class1,1
144,cropped/monchengladbach/151.png,class1,1
144,cropped/monchengladbach/145.png,class1,1
144,cropped/monchengladbach/142.png,class1,1
144,cropped/monchengladbach/148.png,class1,1
144,cropped/monchengladbach/150.png,class1,1
144,cropped/monchengladbach/440.png,class0,0
144,cropped/monchengladbach/226.png,class1,1
144,cropped/monchengladbach/225.png,class1,1
144,cropped/monchengladbach/227.png,class1,1
144,cropped/monchengladbach/438.png,class0,0
144,cropped/monchengladbach/437.png,class0,0
144,cropped/monchengladbach/222.png,class1,1
144,cropped/monchengladbach/224.png,class1,1
144,cropped/monchengladbach/24.png,class1,1
144,cropped/monchengladbach/26.png,class1,1
144,cropped/monchengladbach/229.png,class1,1
144,cropped/monchengladbach/25.png,class1,1
144,cropped/monchengladbach/27.png,class1,1
144,cropped/monchengladbach/228.png,class1,1
144,cropped/monchengladbach/29.png,class1,1
144,cropped/monchengladbach/28.png,class1,1
144,cropped/monchengladbach/237.png,class1,1
144,cropped/monchengladbach/238.png,class1,1
144,cropped/monchengladbach/360.png,class1,1
144,cropped/monchengladbach/31.png,class1,1
144,cropped/monchengladbach/30.png,class1,1
144,cropped/monchengladbach/363.png,class0,0
144,cropped/monchengladbach/361.png,class1,1
144,cropped/monchengladbach/362.png,class0,0
144,cropped/monchengladbach/241.png,class1,1
144,cropped/monchengladbach/242.png,class1,1
144,cropped/monchengladbach/245.png,class1,1
144,cropped/monchengladbach/243.png,class1,1
144,cropped/monchengladbach/246.png,class1,1
144,cropped/monchengladbach/240.png,class1,1
144,cropped/monchengladbach/244.png,class1,1
144,cropped/monchengladbach/248.png,class1,1
144,cropped/monchengladbach/303.png,class1,1
144,cropped/monchengladbach/307.png,class1,1
144,cropped/monchengladbach/250.png,class2,2
144,cropped/monchengladbach/76.png,class1,1
144,cropped/monchengladbach/77.png,class0,0
144,cropped/monchengladbach/304.png,class1,1
144,cropped/monchengladbach/302.png,class2,2
144,cropped/monchengladbach/251.png,class1,1
144,cropped/monchengladbach/444.png,class1,1
144,cropped/monchengladbach/312.png,class1,1
144,cropped/monchengladbach/310.png,class1,1
144,cropped/monchengladbach/445.png,class1,1
144,cropped/monchengladbach/309.png,class1,1
144,cropped/monchengladbach/443.png,class1,1
144,cropped/monchengladbach/441.png,class1,1
144,cropped/monchengladbach/311.png,class1,1
145,cropped/monchengladbach/202.png,class1,1
145,cropped/monchengladbach/205.png,class1,1
145,cropped/monchengladbach/447.png,class1,1
145,cropped/monchengladbach/203.png,class1,1
145,cropped/monchengladbach/206.png,class1,1
145,cropped/monchengladbach/204.png,class1,1
145,cropped/monchengladbach/208.png,class1,1
145,cropped/monchengladbach/207.png,class1,1
145,cropped/monchengladbach/210.png,class1,1
145,cropped/monchengladbach/209.png,class1,1
145,cropped/monchengladbach/211.png,class1,1
145,cropped/monchengladbach/213.png,class1,1
145,cropped/monchengladbach/155.png,class1,1
145,cropped/monchengladbach/153.png,class1,1
145,cropped/monchengladbach/154.png,class1,1
145,cropped/monchengladbach/212.png,class1,1
145,cropped/monchengladbach/159.png,class1,1
145,cropped/monchengladbach/163.png,class0,0
145,cropped/monchengladbach/483.png,class1,1
145,cropped/monchengladbach/158.png,class1,1
145,cropped/monchengladbach/484.png,class1,1
145,cropped/monchengladbach/162.png,class1,1
145,cropped/monchengladbach/161.png,class1,1
145,cropped/monchengladbach/157.png,class1,1
145,cropped/monchengladbach/352.png,class1,1
145,cropped/monchengladbach/350.png,class2,2
145,cropped/monchengladbach/351.png,class1,1
145,cropped/monchengladbach/353.png,class1,1
145,cropped/monchengladbach/485.png,class1,1
145,cropped/monchengladbach/489.png,class1,1
145,cropped/monchengladbach/490.png,class1,1
145,cropped/monchengladbach/488.png,class1,1
145,cropped/monchengladbach/384.png,class1,1
145,cropped/monchengladbach/93.png,class1,1
145,cropped/monchengladbach/355.png,class1,1
145,cropped/monchengladbach/449.png,class1,1
145,cropped/monchengladbach/448.png,class2,2
145,cropped/monchengladbach/94.png,class4,4
145,cropped/monchengladbach/354.png,class1,1
145,cropped/monchengladbach/386.png,class1,1
145,cropped/monchengladbach/500.png,class1,1
145,cropped/monchengladbach/123.png,class1,1
145,cropped/monchengladbach/499.png,class1,1
145,cropped/monchengladbach/387.png,class1,1
145,cropped/monchengladbach/122.png,class1,1
145,cropped/monchengladbach/120.png,class1,1
145,cropped/monchengladbach/124.png,class1,1
145,cropped/monchengladbach/501.png,class1,1
145,cropped/monchengladbach/470.png,class1,1
145,cropped/monchengladbach/472.png,class1,1
145,cropped/monchengladbach/393.png,class1,1
145,cropped/monchengladbach/474.png,class1,1
145,cropped/monchengladbach/389.png,class1,1
145,cropped/monchengladbach/390.png,class1,1
145,cropped/monchengladbach/392.png,class1,1
145,cropped/monchengladbach/471.png,class1,1
145,cropped/monchengladbach/410.png,class1,1
145,cropped/monchengladbach/407.png,class1,1
145,cropped/monchengladbach/475.png,class1,1
145,cropped/monchengladbach/476.png,class1,1
145,cropped/monchengladbach/408.png,class1,1
145,cropped/monchengladbach/282.png,class4,4
145,cropped/monchengladbach/477.png,class1,1
145,cropped/monchengladbach/411.png,class1,1
145,cropped/monchengladbach/375.png,class2,2
145,cropped/monchengladbach/372.png,class1,1
145,cropped/monchengladbach/373.png,class1,1
145,cropped/monchengladbach/374.png,class1,1
145,cropped/monchengladbach/371.png,class1,1
145,cropped/monchengladbach/339.png,class1,1
145,cropped/monchengladbach/370.png,class1,1
145,cropped/monchengladbach/341.png,class1,1
145,cropped/monchengladbach/184.png,class1,1
145,cropped/monchengladbach/344.png,class1,1
145,cropped/monchengladbach/345.png,class1,1
145,cropped/monchengladbach/343.png,class3,3
145,cropped/monchengladbach/186.png,class0,0
145,cropped/monchengladbach/183.png,class1,1
145,cropped/monchengladbach/296.png,class3,3
145,cropped/monchengladbach/346.png,class1,1
146,cropped/monchengladbach/276.png,class1,1
146,cropped/monchengladbach/20.png,class1,1
146,cropped/monchengladbach/297.png,class3,3
146,cropped/monchengladbach/18.png,class1,1
146,cropped/monchengladbach/15.png,class1,1
146,cropped/monchengladbach/22.png,class1,1
146,cropped/monchengladbach/19.png,class1,1
146,cropped/monchengladbach/16.png,class1,1
146,cropped/monchengladbach/277.png,class1,1
146,cropped/monchengladbach/172.png,class1,1
146,cropped/monchengladbach/171.png,class1,1
146,cropped/monchengladbach/280.png,class0,0
146,cropped/monchengladbach/281.png,class1,1
146,cropped/monchengladbach/279.png,class1,1
146,cropped/monchengladbach/455.png,class1,1
146,cropped/monchengladbach/456.png,class1,1
146,cropped/monchengladbach/79.png,class1,1
146,cropped/monchengladbach/457.png,class1,1
146,cropped/monchengladbach/81.png,class4,4
146,cropped/monchengladbach/83.png,class0,0
146,cropped/monchengladbach/84.png,class1,1
146,cropped/monchengladbach/458.png,class1,1
146,cropped/monchengladbach/459.png,class0,0
146,cropped/monchengladbach/78.png,class1,1
146,cropped/monchengladbach/285.png,class1,1
146,cropped/monchengladbach/286.png,class1,1
146,cropped/monchengladbach/294.png,class0,0
146,cropped/monchengladbach/292.png,class1,1
146,cropped/monchengladbach/291.png,class0,0
146,cropped/monchengladbach/283.png,class1,1
146,cropped/monchengladbach/293.png,class0,0
146,cropped/monchengladbach/284.png,class1,1
146,cropped/monchengladbach/382.png,class0,0
146,cropped/monchengladbach/378.png,class1,1
146,cropped/monchengladbach/380.png,class0,0
146,cropped/monchengladbach/287.png,class1,1
146,cropped/monchengladbach/288.png,class1,1
146,cropped/monchengladbach/379.png,class0,0
146,cropped/monchengladbach/377.png,class1,1
146,cropped/monchengladbach/381.png,class0,0
146,cropped/monchengladbach/89.png,class0,0
146,cropped/monchengladbach/92.png,class0,0
146,cropped/monchengladbach/461.png,class1,1
146,cropped/monchengladbach/87.png,class1,1
146,cropped/monchengladbach/91.png,class0,0
146,cropped/monchengladbach/88.png,class0,0
146,cropped/monchengladbach/383.png,class0,0
146,cropped/monchengladbach/85.png,class1,1
146,cropped/monchengladbach/468.png,class1,1
146,cropped/monchengladbach/464.png,class1,1
146,cropped/monchengladbach/465.png,class1,1
146,cropped/monchengladbach/394.png,class1,1
146,cropped/monchengladbach/463.png,class1,1
146,cropped/monchengladbach/467.png,class1,1
146,cropped/monchengladbach/462.png,class1,1
146,cropped/monchengladbach/469.png,class1,1
146,cropped/monchengladbach/396.png,class1,1
146,cropped/monchengladbach/397.png,class0,0
146,cropped/monchengladbach/70.png,class1,1
146,cropped/monchengladbach/68.png,class1,1
146,cropped/monchengladbach/401.png,class0,0
146,cropped/monchengladbach/398.png,class0,0
146,cropped/monchengladbach/400.png,class0,0
146,cropped/monchengladbach/71.png,class1,1
146,cropped/monchengladbach/189.png,class1,1
146,cropped/monchengladbach/187.png,class1,1
146,cropped/monchengladbach/75.png,class0,0
146,cropped/monchengladbach/191.png,class0,0
146,cropped/monchengladbach/73.png,class1,1
146,cropped/monchengladbach/188.png,class1,1
146,cropped/monchengladbach/356.png,class1,1
146,cropped/monchengladbach/74.png,class0,0
146,cropped/monchengladbach/35.png,class1,1
146,cropped/monchengladbach/357.png,class1,1
146,cropped/monchengladbach/111.png,class1,1
146,cropped/monchengladbach/37.png,class1,1
146,cropped/monchengladbach/359.png,class1,1
146,cropped/monchengladbach/358.png,class0,0
146,cropped/monchengladbach/112.png,class1,1
146,cropped/monchengladbach/498.png,class1,1
147,cropped/strasbourg/824.png,class1,1
147,cropped/strasbourg/825.png,class1,1
147,cropped/strasbourg/823.png,class1,1
147,cropped/strasbourg/830.png,class1,1
147,cropped/strasbourg/826.png,class1,1
147,cropped/strasbourg/829.png,class4,4
147,cropped/strasbourg/831.png,class1,1
147,cropped/strasbourg/827.png,class1,1
147,cropped/strasbourg/555.png,class1,1
147,cropped/strasbourg/559.png,class1,1
147,cropped/strasbourg/2241.png,class1,1
147,cropped/strasbourg/558.png,class1,1
147,cropped/strasbourg/556.png,class1,1
147,cropped/strasbourg/2239.png,class1,1
147,cropped/strasbourg/514.png,class1,1
147,cropped/strasbourg/2240.png,class1,1
147,cropped/strasbourg/520.png,class1,1
147,cropped/strasbourg/518.png,class1,1
147,cropped/strasbourg/519.png,class1,1
147,cropped/strasbourg/517.png,class1,1
147,cropped/strasbourg/523.png,class1,1
147,cropped/strasbourg/521.png,class1,1
147,cropped/strasbourg/515.png,class1,1
147,cropped/strasbourg/522.png,class1,1
147,cropped/strasbourg/525.png,class1,1
147,cropped/strasbourg/904.png,class1,1
147,cropped/strasbourg/2097.png,class4,4
147,cropped/strasbourg/905.png,class1,1
147,cropped/strasbourg/2094.png,class1,1
147,cropped/strasbourg/902.png,class1,1
147,cropped/strasbourg/2095.png,class1,1
147,cropped/strasbourg/2098.png,class1,1
147,cropped/strasbourg/906.png,class1,1
147,cropped/strasbourg/913.png,class1,1
147,cropped/strasbourg/915.png,class1,1
147,cropped/strasbourg/907.png,class1,1
147,cropped/strasbourg/910.png,class1,1
147,cropped/strasbourg/914.png,class1,1
147,cropped/strasbourg/909.png,class1,1
147,cropped/strasbourg/911.png,class1,1
147,cropped/strasbourg/874.png,class1,1
147,cropped/strasbourg/867.png,class4,4
147,cropped/strasbourg/873.png,class1,1
147,cropped/strasbourg/916.png,class1,1
147,cropped/strasbourg/866.png,class4,4
147,cropped/strasbourg/868.png,class0,0
147,cropped/strasbourg/872.png,class4,4
147,cropped/strasbourg/869.png,class1,1
147,cropped/strasbourg/1524.png,class1,1
147,cropped/strasbourg/875.png,class1,1
147,cropped/strasbourg/878.png,class1,1
147,cropped/strasbourg/1525.png,class1,1
147,cropped/strasbourg/1526.png,class1,1
147,cropped/strasbourg/1523.png,class0,0
147,cropped/strasbourg/1527.png,class3,3
147,cropped/strasbourg/876.png,class1,1
147,cropped/strasbourg/767.png,class0,0
147,cropped/strasbourg/1528.png,class1,1
147,cropped/strasbourg/1530.png,class1,1
147,cropped/strasbourg/769.png,class3,3
147,cropped/strasbourg/1532.png,class1,1
147,cropped/strasbourg/768.png,class1,1
147,cropped/strasbourg/766.png,class4,4
147,cropped/strasbourg/1531.png,class1,1
147,cropped/strasbourg/1136.png,class0,0
147,cropped/strasbourg/1135.png,class4,4
147,cropped/strasbourg/1134.png,class4,4
147,cropped/strasbourg/1131.png,class1,1
147,cropped/strasbourg/1133.png,class4,4
147,cropped/strasbourg/1130.png,class1,1
147,cropped/strasbourg/1489.png,class0,0
147,cropped/strasbourg/1132.png,class1,1
147,cropped/strasbourg/2439.png,class4,4
147,cropped/strasbourg/1515.png,class1,1
147,cropped/strasbourg/2039.png,class4,4
147,cropped/strasbourg/1514.png,class1,1
147,cropped/strasbourg/2041.png,class4,4
147,cropped/strasbourg/2038.png,class1,1
147,cropped/strasbourg/2438.png,class1,1
147,cropped/strasbourg/1516.png,class1,1
148,cropped/strasbourg/2578.png,class1,1
148,cropped/strasbourg/763.png,class1,1
148,cropped/strasbourg/762.png,class1,1
148,cropped/strasbourg/2582.png,class1,1
148,cropped/strasbourg/761.png,class1,1
148,cropped/strasbourg/2579.png,class1,1
148,cropped/strasbourg/764.png,class1,1
148,cropped/strasbourg/1161.png,class1,1
148,cropped/strasbourg/972.png,class0,0
148,cropped/strasbourg/973.png,class0,0
148,cropped/strasbourg/969.png,class4,4
148,cropped/strasbourg/1164.png,class0,0
148,cropped/strasbourg/970.png,class0,0
148,cropped/strasbourg/971.png,class0,0
148,cropped/strasbourg/2330.png,class0,0
148,cropped/strasbourg/2331.png,class0,0
148,cropped/strasbourg/2266.png,class0,0
148,cropped/strasbourg/2265.png,class0,0
148,cropped/strasbourg/2264.png,class4,4
148,cropped/strasbourg/2262.png,class0,0
148,cropped/strasbourg/2260.png,class4,4
148,cropped/strasbourg/2263.png,class4,4
148,cropped/strasbourg/2261.png,class4,4
148,cropped/strasbourg/2332.png,class4,4
148,cropped/strasbourg/949.png,class0,0
148,cropped/strasbourg/2508.png,class0,0
148,cropped/strasbourg/948.png,class0,0
148,cropped/strasbourg/950.png,class0,0
148,cropped/strasbourg/947.png,class4,4
148,cropped/strasbourg/2506.png,class0,0
148,cropped/strasbourg/2507.png,class0,0
148,cropped/strasbourg/946.png,class4,4
148,cropped/strasbourg/1936.png,class0,0
148,cropped/strasbourg/1723.png,class0,0
148,cropped/strasbourg/1937.png,class0,0
148,cropped/strasbourg/9.png,class0,0
148,cropped/strasbourg/1724.png,class0,0
148,cropped/strasbourg/1725.png,class0,0
148,cropped/strasbourg/1726.png,class0,0
148,cropped/strasbourg/1935.png,class0,0
148,cropped/strasbourg/1730.png,class1,1
148,cropped/strasbourg/161.png,class1,1
148,cropped/strasbourg/1732.png,class1,1
148,cropped/strasbourg/1729.png,class0,0
148,cropped/strasbourg/1727.png,class0,0
148,cropped/strasbourg/1733.png,class0,0
148,cropped/strasbourg/162.png,class1,1
148,cropped/strasbourg/1728.png,class0,0
148,cropped/strasbourg/169.png,class0,0
148,cropped/strasbourg/164.png,class1,1
148,cropped/strasbourg/168.png,class0,0
148,cropped/strasbourg/1644.png,class1,1
148,cropped/strasbourg/165.png,class1,1
148,cropped/strasbourg/163.png,class1,1
148,cropped/strasbourg/167.png,class4,4
148,cropped/strasbourg/166.png,class1,1
148,cropped/strasbourg/1650.png,class1,1
148,cropped/strasbourg/1652.png,class1,1
148,cropped/strasbourg/1651.png,class1,1
148,cropped/strasbourg/1648.png,class1,1
148,cropped/strasbourg/1647.png,class1,1
148,cropped/strasbourg/1649.png,class1,1
148,cropped/strasbourg/1653.png,class1,1
148,cropped/strasbourg/1646.png,class1,1
148,cropped/strasbourg/1092.png,class1,1
148,cropped/strasbourg/1089.png,class1,1
148,cropped/strasbourg/1093.png,class1,1
148,cropped/strasbourg/1658.png,class0,0
148,cropped/strasbourg/1657.png,class1,1
148,cropped/strasbourg/1656.png,class1,1
148,cropped/strasbourg/1090.png,class1,1
148,cropped/strasbourg/1088.png,class1,1
148,cropped/strasbourg/2187.png,class1,1
148,cropped/strasbourg/1096.png,class1,1
148,cropped/strasbourg/2189.png,class1,1
148,cropped/strasbourg/1097.png,class1,1
148,cropped/strasbourg/1095.png,class1,1
148,cropped/strasbourg/2190.png,class1,1
148,cropped/strasbourg/1094.png,class1,1
148,cropped/strasbourg/1098.png,class1,1
149,cropped/strasbourg/2229.png,class1,1
149,cropped/strasbourg/596.png,class1,1
149,cropped/strasbourg/2230.png,class1,1
149,cropped/strasbourg/2231.png,class1,1
149,cropped/strasbourg/2234.png,class1,1
149,cropped/strasbourg/2233.png,class4,4
149,cropped/strasbourg/2235.png,class0,0
149,cropped/strasbourg/2232.png,class1,1
149,cropped/strasbourg/600.png,class4,4
149,cropped/strasbourg/599.png,class1,1
149,cropped/strasbourg/34.png,class1,1
149,cropped/strasbourg/1190.png,class4,4
149,cropped/strasbourg/1189.png,class4,4
149,cropped/strasbourg/598.png,class1,1
149,cropped/strasbourg/36.png,class0,0
149,cropped/strasbourg/33.png,class1,1
149,cropped/strasbourg/1193.png,class4,4
149,cropped/strasbourg/1192.png,class4,4
149,cropped/strasbourg/2181.png,class1,1
149,cropped/strasbourg/2180.png,class1,1
149,cropped/strasbourg/1191.png,class4,4
149,cropped/strasbourg/2182.png,class1,1
149,cropped/strasbourg/2183.png,class5,5
149,cropped/strasbourg/2184.png,class1,1
149,cropped/strasbourg/1685.png,class1,1
149,cropped/strasbourg/1688.png,class1,1
149,cropped/strasbourg/1686.png,class1,1
149,cropped/strasbourg/1327.png,class1,1
149,cropped/strasbourg/1684.png,class1,1
149,cropped/strasbourg/1326.png,class1,1
149,cropped/strasbourg/1328.png,class3,3
149,cropped/strasbourg/2186.png,class1,1
149,cropped/strasbourg/1330.png,class1,1
149,cropped/strasbourg/1337.png,class4,4
149,cropped/strasbourg/976.png,class3,3
149,cropped/strasbourg/1331.png,class1,1
149,cropped/strasbourg/1329.png,class1,1
149,cropped/strasbourg/1336.png,class4,4
149,cropped/strasbourg/1335.png,class0,0
149,cropped/strasbourg/1332.png,class1,1
149,cropped/strasbourg/983.png,class1,1
149,cropped/strasbourg/978.png,class3,3
149,cropped/strasbourg/977.png,class0,0
149,cropped/strasbourg/984.png,class1,1
149,cropped/strasbourg/982.png,class1,1
149,cropped/strasbourg/981.png,class1,1
149,cropped/strasbourg/980.png,class1,1
149,cropped/strasbourg/979.png,class1,1
149,cropped/strasbourg/988.png,class4,4
149,cropped/strasbourg/995.png,class4,4
149,cropped/strasbourg/996.png,class4,4
149,cropped/strasbourg/991.png,class4,4
149,cropped/strasbourg/989.png,class4,4
149,cropped/strasbourg/992.png,class4,4
149,cropped/strasbourg/990.png,class4,4
149,cropped/strasbourg/987.png,class5,5
149,cropped/strasbourg/1042.png,class0,0
149,cropped/strasbourg/1039.png,class4,4
149,cropped/strasbourg/1037.png,class1,1
149,cropped/strasbourg/1040.png,class0,0
149,cropped/strasbourg/2511.png,class3,3
149,cropped/strasbourg/2513.png,class1,1
149,cropped/strasbourg/1041.png,class0,0
149,cropped/strasbourg/2512.png,class0,0
149,cropped/strasbourg/2388.png,class0,0
149,cropped/strasbourg/1478.png,class1,1
149,cropped/strasbourg/56.png,class1,1
149,cropped/strasbourg/1480.png,class0,0
149,cropped/strasbourg/1479.png,class0,0
149,cropped/strasbourg/2385.png,class0,0
149,cropped/strasbourg/58.png,class0,0
149,cropped/strasbourg/2387.png,class1,1
149,cropped/strasbourg/2016.png,class4,4
149,cropped/strasbourg/2015.png,class4,4
149,cropped/strasbourg/2017.png,class0,0
149,cropped/strasbourg/1481.png,class0,0
149,cropped/strasbourg/2014.png,class5,5
149,cropped/strasbourg/635.png,class1,1
149,cropped/strasbourg/636.png,class1,1
149,cropped/strasbourg/634.png,class1,1
150,cropped/strasbourg/1407.png,class1,1
150,cropped/strasbourg/240.png,class1,1
150,cropped/strasbourg/239.png,class1,1
150,cropped/strasbourg/637.png,class1,1
150,cropped/strasbourg/1402.png,class1,1
150,cropped/strasbourg/1404.png,class1,1
150,cropped/strasbourg/1403.png,class1,1
150,cropped/strasbourg/1401.png,class1,1
150,cropped/strasbourg/242.png,class4,4
150,cropped/strasbourg/1054.png,class4,4
150,cropped/strasbourg/241.png,class1,1
150,cropped/strasbourg/245.png,class0,0
150,cropped/strasbourg/1053.png,class4,4
150,cropped/strasbourg/243.png,class4,4
150,cropped/strasbourg/1052.png,class0,0
150,cropped/strasbourg/244.png,class0,0
150,cropped/strasbourg/95.png,class1,1
150,cropped/strasbourg/86.png,class1,1
150,cropped/strasbourg/94.png,class1,1
150,cropped/strasbourg/89.png,class1,1
150,cropped/strasbourg/93.png,class1,1
150,cropped/strasbourg/91.png,class1,1
150,cropped/strasbourg/88.png,class1,1
150,cropped/strasbourg/90.png,class1,1
150,cropped/strasbourg/2583.png,class1,1
150,cropped/strasbourg/2585.png,class1,1
150,cropped/strasbourg/2584.png,class4,4
150,cropped/strasbourg/2588.png,class1,1
150,cropped/strasbourg/2589.png,class1,1
150,cropped/strasbourg/2591.png,class1,1
150,cropped/strasbourg/96.png,class1,1
150,cropped/strasbourg/2587.png,class1,1
150,cropped/strasbourg/447.png,class1,1
150,cropped/strasbourg/451.png,class1,1
150,cropped/strasbourg/446.png,class1,1
150,cropped/strasbourg/450.png,class1,1
150,cropped/strasbourg/443.png,class1,1
150,cropped/strasbourg/445.png,class1,1
150,cropped/strasbourg/449.png,class1,1
150,cropped/strasbourg/2592.png,class1,1
150,cropped/strasbourg/455.png,class1,1
150,cropped/strasbourg/454.png,class1,1
150,cropped/strasbourg/456.png,class1,1
150,cropped/strasbourg/999.png,class1,1
150,cropped/strasbourg/457.png,class1,1
150,cropped/strasbourg/998.png,class0,0
150,cropped/strasbourg/452.png,class1,1
150,cropped/strasbourg/458.png,class1,1
150,cropped/strasbourg/1001.png,class0,0
150,cropped/strasbourg/2537.png,class0,0
150,cropped/strasbourg/2534.png,class0,0
150,cropped/strasbourg/1000.png,class1,1
150,cropped/strasbourg/2536.png,class0,0
150,cropped/strasbourg/2532.png,class1,1
150,cropped/strasbourg/2538.png,class0,0
150,cropped/strasbourg/2535.png,class0,0
150,cropped/strasbourg/1609.png,class0,0
150,cropped/strasbourg/2539.png,class0,0
150,cropped/strasbourg/2540.png,class0,0
150,cropped/strasbourg/2541.png,class0,0
150,cropped/strasbourg/1608.png,class0,0
150,cropped/strasbourg/2543.png,class0,0
150,cropped/strasbourg/1611.png,class0,0
150,cropped/strasbourg/2542.png,class0,0
150,cropped/strasbourg/1573.png,class1,1
150,cropped/strasbourg/1569.png,class0,0
150,cropped/strasbourg/1613.png,class0,0
150,cropped/strasbourg/1570.png,class0,0
150,cropped/strasbourg/528.png,class0,0
150,cropped/strasbourg/1571.png,class0,0
150,cropped/strasbourg/1568.png,class0,0
150,cropped/strasbourg/1567.png,class4,4
150,cropped/strasbourg/17.png,class0,0
150,cropped/strasbourg/530.png,class0,0
150,cropped/strasbourg/531.png,class0,0
150,cropped/strasbourg/529.png,class0,0
150,cropped/strasbourg/19.png,class0,0
150,cropped/strasbourg/18.png,class0,0
150,cropped/strasbourg/533.png,class0,0
150,cropped/strasbourg/534.png,class0,0
151,cropped/strasbourg/23.png,class0,0
151,cropped/strasbourg/25.png,class0,0
151,cropped/strasbourg/2237.png,class0,0
151,cropped/strasbourg/22.png,class0,0
151,cropped/strasbourg/2236.png,class0,0
151,cropped/strasbourg/21.png,class0,0
151,cropped/strasbourg/20.png,class0,0
151,cropped/strasbourg/2238.png,class0,0
151,cropped/strasbourg/463.png,class0,0
151,cropped/strasbourg/460.png,class1,1
151,cropped/strasbourg/468.png,class0,0
151,cropped/strasbourg/461.png,class1,1
151,cropped/strasbourg/466.png,class4,4
151,cropped/strasbourg/462.png,class1,1
151,cropped/strasbourg/469.png,class0,0
151,cropped/strasbourg/465.png,class0,0
151,cropped/strasbourg/1463.png,class0,0
151,cropped/strasbourg/470.png,class0,0
151,cropped/strasbourg/471.png,class0,0
151,cropped/strasbourg/475.png,class0,0
151,cropped/strasbourg/472.png,class0,0
151,cropped/strasbourg/474.png,class0,0
151,cropped/strasbourg/1462.png,class0,0
151,cropped/strasbourg/477.png,class0,0
151,cropped/strasbourg/1470.png,class0,0
151,cropped/strasbourg/1469.png,class0,0
151,cropped/strasbourg/1465.png,class0,0
151,cropped/strasbourg/1471.png,class0,0
151,cropped/strasbourg/1464.png,class0,0
151,cropped/strasbourg/1468.png,class0,0
151,cropped/strasbourg/1473.png,class0,0
151,cropped/strasbourg/1466.png,class0,0
151,cropped/strasbourg/2250.png,class1,1
151,cropped/strasbourg/1476.png,class0,0
151,cropped/strasbourg/2251.png,class1,1
151,cropped/strasbourg/2249.png,class0,0
151,cropped/strasbourg/2247.png,class0,0
151,cropped/strasbourg/2248.png,class1,1
151,cropped/strasbourg/2252.png,class1,1
151,cropped/strasbourg/1477.png,class1,1
151,cropped/strasbourg/2134.png,class1,1
151,cropped/strasbourg/2254.png,class1,1
151,cropped/strasbourg/2135.png,class1,1
151,cropped/strasbourg/2255.png,class1,1
151,cropped/strasbourg/2136.png,class1,1
151,cropped/strasbourg/2268.png,class1,1
151,cropped/strasbourg/2257.png,class4,4
151,cropped/strasbourg/2267.png,class1,1
151,cropped/strasbourg/329.png,class0,0
151,cropped/strasbourg/2142.png,class1,1
151,cropped/strasbourg/2138.png,class1,1
151,cropped/strasbourg/331.png,class0,0
151,cropped/strasbourg/2143.png,class1,1
151,cropped/strasbourg/2141.png,class1,1
151,cropped/strasbourg/2140.png,class1,1
151,cropped/strasbourg/2139.png,class1,1
151,cropped/strasbourg/1739.png,class1,1
151,cropped/strasbourg/332.png,class0,0
151,cropped/strasbourg/2544.png,class1,1
151,cropped/strasbourg/1737.png,class1,1
151,cropped/strasbourg/420.png,class1,1
151,cropped/strasbourg/421.png,class1,1
151,cropped/strasbourg/1736.png,class1,1
151,cropped/strasbourg/1740.png,class0,0
151,cropped/strasbourg/429.png,class1,1
151,cropped/strasbourg/426.png,class1,1
151,cropped/strasbourg/425.png,class1,1
151,cropped/strasbourg/428.png,class1,1
151,cropped/strasbourg/431.png,class1,1
151,cropped/strasbourg/424.png,class1,1
151,cropped/strasbourg/430.png,class1,1
151,cropped/strasbourg/423.png,class1,1
151,cropped/strasbourg/2564.png,class1,1
151,cropped/strasbourg/2563.png,class1,1
151,cropped/strasbourg/2562.png,class1,1
151,cropped/strasbourg/1889.png,class1,1
151,cropped/strasbourg/1887.png,class0,0
151,cropped/strasbourg/432.png,class1,1
151,cropped/strasbourg/1886.png,class0,0
151,cropped/strasbourg/433.png,class1,1
152,cropped/strasbourg/2276.png,class1,1
152,cropped/strasbourg/964.png,class1,1
152,cropped/strasbourg/965.png,class1,1
152,cropped/strasbourg/1574.png,class0,0
152,cropped/strasbourg/963.png,class1,1
152,cropped/strasbourg/2275.png,class1,1
152,cropped/strasbourg/966.png,class4,4
152,cropped/strasbourg/2277.png,class4,4
152,cropped/strasbourg/1454.png,class4,4
152,cropped/strasbourg/526.png,class1,1
152,cropped/strasbourg/755.png,class1,1
152,cropped/strasbourg/1576.png,class1,1
152,cropped/strasbourg/1455.png,class1,1
152,cropped/strasbourg/1575.png,class0,0
152,cropped/strasbourg/753.png,class1,1
152,cropped/strasbourg/1456.png,class1,1
152,cropped/strasbourg/862.png,class4,4
152,cropped/strasbourg/60.png,class0,0
152,cropped/strasbourg/341.png,class1,1
152,cropped/strasbourg/342.png,class1,1
152,cropped/strasbourg/527.png,class1,1
152,cropped/strasbourg/343.png,class1,1
152,cropped/strasbourg/59.png,class0,0
152,cropped/strasbourg/863.png,class1,1
152,cropped/strasbourg/2673.png,class1,1
152,cropped/strasbourg/2593.png,class1,1
152,cropped/strasbourg/2672.png,class1,1
152,cropped/strasbourg/2594.png,class1,1
152,cropped/strasbourg/865.png,class1,1
152,cropped/strasbourg/2675.png,class1,1
152,cropped/strasbourg/2314.png,class1,1
152,cropped/strasbourg/2674.png,class1,1
152,cropped/strasbourg/2107.png,class1,1
152,cropped/strasbourg/2318.png,class1,1
152,cropped/strasbourg/2108.png,class1,1
152,cropped/strasbourg/2321.png,class1,1
152,cropped/strasbourg/2316.png,class1,1
152,cropped/strasbourg/2320.png,class1,1
152,cropped/strasbourg/2315.png,class1,1
152,cropped/strasbourg/2317.png,class1,1
152,cropped/strasbourg/2110.png,class5,5
152,cropped/strasbourg/2109.png,class1,1
152,cropped/strasbourg/2113.png,class1,1
152,cropped/strasbourg/2116.png,class1,1
152,cropped/strasbourg/2115.png,class1,1
152,cropped/strasbourg/2111.png,class1,1
152,cropped/strasbourg/2114.png,class1,1
152,cropped/strasbourg/2117.png,class1,1
152,cropped/strasbourg/775.png,class0,0
152,cropped/strasbourg/781.png,class1,1
152,cropped/strasbourg/2120.png,class1,1
152,cropped/strasbourg/2119.png,class1,1
152,cropped/strasbourg/779.png,class1,1
152,cropped/strasbourg/780.png,class1,1
152,cropped/strasbourg/777.png,class1,1
152,cropped/strasbourg/778.png,class1,1
152,cropped/strasbourg/785.png,class1,1
152,cropped/strasbourg/787.png,class1,1
152,cropped/strasbourg/2166.png,class1,1
152,cropped/strasbourg/2165.png,class1,1
152,cropped/strasbourg/783.png,class1,1
152,cropped/strasbourg/782.png,class1,1
152,cropped/strasbourg/784.png,class1,1
152,cropped/strasbourg/2167.png,class1,1
152,cropped/strasbourg/814.png,class1,1
152,cropped/strasbourg/812.png,class1,1
152,cropped/strasbourg/2170.png,class4,4
152,cropped/strasbourg/813.png,class1,1
152,cropped/strasbourg/811.png,class1,1
152,cropped/strasbourg/1637.png,class1,1
152,cropped/strasbourg/2169.png,class0,0
152,cropped/strasbourg/808.png,class1,1
152,cropped/strasbourg/1640.png,class1,1
152,cropped/strasbourg/1643.png,class1,1
152,cropped/strasbourg/625.png,class0,0
152,cropped/strasbourg/623.png,class1,1
152,cropped/strasbourg/1641.png,class1,1
152,cropped/strasbourg/1638.png,class1,1
152,cropped/strasbourg/1642.png,class1,1
152,cropped/strasbourg/624.png,class1,1
153,cropped/strasbourg/1700.png,class0,0
153,cropped/strasbourg/1694.png,class0,0
153,cropped/strasbourg/1696.png,class0,0
153,cropped/strasbourg/1698.png,class0,0
153,cropped/strasbourg/1697.png,class0,0
153,cropped/strasbourg/628.png,class1,1
153,cropped/strasbourg/1695.png,class0,0
153,cropped/strasbourg/1699.png,class1,1
153,cropped/strasbourg/1229.png,class0,0
153,cropped/strasbourg/1231.png,class0,0
153,cropped/strasbourg/1226.png,class0,0
153,cropped/strasbourg/1228.png,class0,0
153,cropped/strasbourg/1227.png,class0,0
153,cropped/strasbourg/1224.png,class0,0
153,cropped/strasbourg/1230.png,class0,0
153,cropped/strasbourg/1225.png,class0,0
153,cropped/strasbourg/1169.png,class0,0
153,cropped/strasbourg/1171.png,class0,0
153,cropped/strasbourg/1167.png,class1,1
153,cropped/strasbourg/1659.png,class1,1
153,cropped/strasbourg/1166.png,class1,1
153,cropped/strasbourg/1662.png,class1,1
153,cropped/strasbourg/1661.png,class1,1
153,cropped/strasbourg/1170.png,class0,0
153,cropped/strasbourg/2345.png,class1,1
153,cropped/strasbourg/2344.png,class1,1
153,cropped/strasbourg/1667.png,class0,0
153,cropped/strasbourg/1664.png,class0,0
153,cropped/strasbourg/1663.png,class1,1
153,cropped/strasbourg/2342.png,class1,1
153,cropped/strasbourg/1665.png,class0,0
153,cropped/strasbourg/2343.png,class1,1
153,cropped/strasbourg/2347.png,class0,0
153,cropped/strasbourg/2351.png,class0,0
153,cropped/strasbourg/2346.png,class1,1
153,cropped/strasbourg/2596.png,class1,1
153,cropped/strasbourg/2348.png,class0,0
153,cropped/strasbourg/2595.png,class1,1
153,cropped/strasbourg/2597.png,class1,1
153,cropped/strasbourg/2349.png,class0,0
153,cropped/strasbourg/2602.png,class1,1
153,cropped/strasbourg/2601.png,class1,1
153,cropped/strasbourg/2599.png,class1,1
153,cropped/strasbourg/2607.png,class1,1
153,cropped/strasbourg/2598.png,class1,1
153,cropped/strasbourg/2604.png,class1,1
153,cropped/strasbourg/2600.png,class1,1
153,cropped/strasbourg/2603.png,class1,1
153,cropped/strasbourg/2609.png,class1,1
153,cropped/strasbourg/2608.png,class1,1
153,cropped/strasbourg/1814.png,class0,0
153,cropped/strasbourg/2612.png,class1,1
153,cropped/strasbourg/2610.png,class1,1
153,cropped/strasbourg/1811.png,class1,1
153,cropped/strasbourg/1813.png,class0,0
153,cropped/strasbourg/1812.png,class1,1
153,cropped/strasbourg/1817.png,class1,1
153,cropped/strasbourg/1823.png,class1,1
153,cropped/strasbourg/1824.png,class1,1
153,cropped/strasbourg/1825.png,class1,1
153,cropped/strasbourg/1818.png,class1,1
153,cropped/strasbourg/1820.png,class1,1
153,cropped/strasbourg/1822.png,class1,1
153,cropped/strasbourg/1821.png,class1,1
153,cropped/strasbourg/1344.png,class1,1
153,cropped/strasbourg/1343.png,class1,1
153,cropped/strasbourg/1340.png,class1,1
153,cropped/strasbourg/1339.png,class1,1
153,cropped/strasbourg/1338.png,class1,1
153,cropped/strasbourg/1827.png,class5,5
153,cropped/strasbourg/1826.png,class1,1
153,cropped/strasbourg/1341.png,class1,1
153,cropped/strasbourg/1629.png,class1,1
153,cropped/strasbourg/1632.png,class1,1
153,cropped/strasbourg/1634.png,class0,0
153,cropped/strasbourg/1628.png,class1,1
153,cropped/strasbourg/1631.png,class1,1
153,cropped/strasbourg/1346.png,class0,0
153,cropped/strasbourg/1635.png,class0,0
153,cropped/strasbourg/1630.png,class1,1
154,cropped/strasbourg/1911.png,class4,4
154,cropped/strasbourg/604.png,class0,0
154,cropped/strasbourg/1909.png,class1,1
154,cropped/strasbourg/603.png,class0,0
154,cropped/strasbourg/1636.png,class0,0
154,cropped/strasbourg/1907.png,class0,0
154,cropped/strasbourg/605.png,class0,0
154,cropped/strasbourg/602.png,class1,1
154,cropped/strasbourg/610.png,class0,0
154,cropped/strasbourg/609.png,class0,0
154,cropped/strasbourg/1794.png,class1,1
154,cropped/strasbourg/608.png,class0,0
154,cropped/strasbourg/1793.png,class1,1
154,cropped/strasbourg/607.png,class0,0
154,cropped/strasbourg/606.png,class0,0
154,cropped/strasbourg/611.png,class0,0
154,cropped/strasbourg/1798.png,class1,1
154,cropped/strasbourg/1803.png,class4,4
154,cropped/strasbourg/1800.png,class1,1
154,cropped/strasbourg/1804.png,class0,0
154,cropped/strasbourg/1799.png,class1,1
154,cropped/strasbourg/1796.png,class1,1
154,cropped/strasbourg/1802.png,class0,0
154,cropped/strasbourg/1801.png,class5,5
154,cropped/strasbourg/1808.png,class0,0
154,cropped/strasbourg/2371.png,class1,1
154,cropped/strasbourg/1806.png,class0,0
154,cropped/strasbourg/2369.png,class1,1
154,cropped/strasbourg/2368.png,class1,1
154,cropped/strasbourg/1807.png,class4,4
154,cropped/strasbourg/1809.png,class0,0
154,cropped/strasbourg/2372.png,class1,1
154,cropped/strasbourg/2376.png,class1,1
154,cropped/strasbourg/2373.png,class1,1
154,cropped/strasbourg/2379.png,class0,0
154,cropped/strasbourg/434.png,class1,1
154,cropped/strasbourg/435.png,class1,1
154,cropped/strasbourg/2377.png,class1,1
154,cropped/strasbourg/2375.png,class1,1
154,cropped/strasbourg/2378.png,class0,0
154,cropped/strasbourg/1257.png,class1,1
154,cropped/strasbourg/438.png,class1,1
154,cropped/strasbourg/1259.png,class1,1
154,cropped/strasbourg/441.png,class0,0
154,cropped/strasbourg/1258.png,class0,0
154,cropped/strasbourg/437.png,class1,1
154,cropped/strasbourg/442.png,class0,0
154,cropped/strasbourg/440.png,class0,0
154,cropped/strasbourg/1260.png,class1,1
154,cropped/strasbourg/1484.png,class0,0
154,cropped/strasbourg/1261.png,class0,0
154,cropped/strasbourg/1482.png,class1,1
154,cropped/strasbourg/1265.png,class0,0
154,cropped/strasbourg/1264.png,class0,0
154,cropped/strasbourg/1483.png,class0,0
154,cropped/strasbourg/1263.png,class0,0
154,cropped/strasbourg/1487.png,class0,0
154,cropped/strasbourg/1858.png,class1,1
154,cropped/strasbourg/1855.png,class0,0
154,cropped/strasbourg/1488.png,class0,0
154,cropped/strasbourg/1857.png,class0,0
154,cropped/strasbourg/1854.png,class0,0
154,cropped/strasbourg/1856.png,class1,1
154,cropped/strasbourg/1859.png,class0,0
154,cropped/strasbourg/1860.png,class0,0
154,cropped/strasbourg/2198.png,class0,0
154,cropped/strasbourg/1861.png,class0,0
154,cropped/strasbourg/1864.png,class5,5
154,cropped/strasbourg/2201.png,class0,0
154,cropped/strasbourg/2199.png,class0,0
154,cropped/strasbourg/1862.png,class0,0
154,cropped/strasbourg/2202.png,class0,0
154,cropped/strasbourg/2203.png,class1,1
154,cropped/strasbourg/2208.png,class0,0
154,cropped/strasbourg/2212.png,class0,0
154,cropped/strasbourg/2210.png,class0,0
154,cropped/strasbourg/2207.png,class0,0
154,cropped/strasbourg/2204.png,class1,1
154,cropped/strasbourg/2205.png,class0,0
154,cropped/strasbourg/2211.png,class0,0
155,cropped/strasbourg/2218.png,class0,0
155,cropped/strasbourg/2220.png,class0,0
155,cropped/strasbourg/2222.png,class0,0
155,cropped/strasbourg/2213.png,class4,4
155,cropped/strasbourg/2217.png,class0,0
155,cropped/strasbourg/2214.png,class4,4
155,cropped/strasbourg/2219.png,class0,0
155,cropped/strasbourg/2221.png,class0,0
155,cropped/strasbourg/2226.png,class0,0
155,cropped/strasbourg/2225.png,class0,0
155,cropped/strasbourg/372.png,class0,0
155,cropped/strasbourg/2227.png,class4,4
155,cropped/strasbourg/371.png,class0,0
155,cropped/strasbourg/2224.png,class0,0
155,cropped/strasbourg/370.png,class0,0
155,cropped/strasbourg/368.png,class1,1
155,cropped/strasbourg/381.png,class0,0
155,cropped/strasbourg/376.png,class0,0
155,cropped/strasbourg/379.png,class0,0
155,cropped/strasbourg/377.png,class0,0
155,cropped/strasbourg/375.png,class0,0
155,cropped/strasbourg/382.png,class4,4
155,cropped/strasbourg/378.png,class0,0
155,cropped/strasbourg/373.png,class1,1
155,cropped/strasbourg/390.png,class4,4
155,cropped/strasbourg/386.png,class0,0
155,cropped/strasbourg/383.png,class0,0
155,cropped/strasbourg/387.png,class0,0
155,cropped/strasbourg/391.png,class0,0
155,cropped/strasbourg/389.png,class4,4
155,cropped/strasbourg/388.png,class0,0
155,cropped/strasbourg/384.png,class0,0
155,cropped/strasbourg/394.png,class0,0
155,cropped/strasbourg/1548.png,class0,0
155,cropped/strasbourg/1545.png,class1,1
155,cropped/strasbourg/1550.png,class0,0
155,cropped/strasbourg/1551.png,class0,0
155,cropped/strasbourg/1549.png,class0,0
155,cropped/strasbourg/1546.png,class0,0
155,cropped/strasbourg/393.png,class0,0
155,cropped/strasbourg/1557.png,class0,0
155,cropped/strasbourg/1554.png,class0,0
155,cropped/strasbourg/1559.png,class4,4
155,cropped/strasbourg/1560.png,class0,0
155,cropped/strasbourg/1553.png,class1,1
155,cropped/strasbourg/1556.png,class0,0
155,cropped/strasbourg/1558.png,class0,0
155,cropped/strasbourg/1555.png,class0,0
155,cropped/strasbourg/1563.png,class0,0
155,cropped/strasbourg/2124.png,class0,0
155,cropped/strasbourg/1564.png,class0,0
155,cropped/strasbourg/2125.png,class0,0
155,cropped/strasbourg/1565.png,class0,0
155,cropped/strasbourg/2122.png,class1,1
155,cropped/strasbourg/1566.png,class0,0
155,cropped/strasbourg/2123.png,class1,1
155,cropped/strasbourg/2132.png,class0,0
155,cropped/strasbourg/2636.png,class0,0
155,cropped/strasbourg/2131.png,class0,0
155,cropped/strasbourg/2129.png,class0,0
155,cropped/strasbourg/2127.png,class1,1
155,cropped/strasbourg/2133.png,class0,0
155,cropped/strasbourg/2635.png,class1,1
155,cropped/strasbourg/2130.png,class0,0
155,cropped/strasbourg/2645.png,class0,0
155,cropped/strasbourg/2644.png,class4,4
155,cropped/strasbourg/2640.png,class1,1
155,cropped/strasbourg/2642.png,class5,5
155,cropped/strasbourg/2647.png,class0,0
155,cropped/strasbourg/2639.png,class0,0
155,cropped/strasbourg/2643.png,class0,0
155,cropped/strasbourg/2641.png,class0,0
155,cropped/strasbourg/583.png,class5,5
155,cropped/strasbourg/584.png,class5,5
155,cropped/strasbourg/2649.png,class0,0
155,cropped/strasbourg/2648.png,class0,0
155,cropped/strasbourg/585.png,class0,0
155,cropped/strasbourg/589.png,class4,4
155,cropped/strasbourg/590.png,class0,0
155,cropped/strasbourg/586.png,class4,4
156,cropped/strasbourg/1706.png,class0,0
156,cropped/strasbourg/592.png,class0,0
156,cropped/strasbourg/1702.png,class0,0
156,cropped/strasbourg/591.png,class1,1
156,cropped/strasbourg/594.png,class0,0
156,cropped/strasbourg/593.png,class0,0
156,cropped/strasbourg/1705.png,class0,0
156,cropped/strasbourg/595.png,class0,0
156,cropped/strasbourg/1711.png,class1,1
156,cropped/strasbourg/1714.png,class5,5
156,cropped/strasbourg/1708.png,class0,0
156,cropped/strasbourg/1707.png,class0,0
156,cropped/strasbourg/1716.png,class5,5
156,cropped/strasbourg/1713.png,class0,0
156,cropped/strasbourg/1710.png,class0,0
156,cropped/strasbourg/1709.png,class1,1
156,cropped/strasbourg/1720.png,class0,0
156,cropped/strasbourg/1718.png,class5,5
156,cropped/strasbourg/1721.png,class0,0
156,cropped/strasbourg/359.png,class0,0
156,cropped/strasbourg/1717.png,class5,5
156,cropped/strasbourg/1722.png,class5,5
156,cropped/strasbourg/1719.png,class5,5
156,cropped/strasbourg/358.png,class4,4
156,cropped/strasbourg/849.png,class0,0
156,cropped/strasbourg/364.png,class0,0
156,cropped/strasbourg/365.png,class0,0
156,cropped/strasbourg/850.png,class0,0
156,cropped/strasbourg/847.png,class0,0
156,cropped/strasbourg/363.png,class0,0
156,cropped/strasbourg/846.png,class1,1
156,cropped/strasbourg/361.png,class4,4
156,cropped/strasbourg/2655.png,class0,0
156,cropped/strasbourg/2651.png,class0,0
156,cropped/strasbourg/2654.png,class0,0
156,cropped/strasbourg/851.png,class1,1
156,cropped/strasbourg/2656.png,class1,1
156,cropped/strasbourg/2652.png,class0,0
156,cropped/strasbourg/2650.png,class0,0
156,cropped/strasbourg/2653.png,class0,0
156,cropped/strasbourg/709.png,class0,0
156,cropped/strasbourg/711.png,class0,0
156,cropped/strasbourg/716.png,class0,0
156,cropped/strasbourg/710.png,class0,0
156,cropped/strasbourg/714.png,class0,0
156,cropped/strasbourg/707.png,class1,1
156,cropped/strasbourg/715.png,class0,0
156,cropped/strasbourg/712.png,class0,0
156,cropped/strasbourg/719.png,class4,4
156,cropped/strasbourg/717.png,class0,0
156,cropped/strasbourg/2412.png,class0,0
156,cropped/strasbourg/2410.png,class0,0
156,cropped/strasbourg/2413.png,class0,0
156,cropped/strasbourg/718.png,class5,5
156,cropped/strasbourg/2408.png,class0,0
156,cropped/strasbourg/2409.png,class0,0
156,cropped/strasbourg/2008.png,class0,0
156,cropped/strasbourg/2005.png,class0,0
156,cropped/strasbourg/62.png,class1,1
156,cropped/strasbourg/2010.png,class0,0
156,cropped/strasbourg/2009.png,class0,0
156,cropped/strasbourg/2011.png,class0,0
156,cropped/strasbourg/2004.png,class0,0
156,cropped/strasbourg/2006.png,class4,4
156,cropped/strasbourg/234.png,class1,1
156,cropped/strasbourg/232.png,class1,1
156,cropped/strasbourg/69.png,class1,1
156,cropped/strasbourg/67.png,class1,1
156,cropped/strasbourg/66.png,class0,0
156,cropped/strasbourg/68.png,class1,1
156,cropped/strasbourg/64.png,class1,1
156,cropped/strasbourg/65.png,class1,1
156,cropped/strasbourg/959.png,class1,1
156,cropped/strasbourg/2382.png,class1,1
156,cropped/strasbourg/237.png,class1,1
156,cropped/strasbourg/238.png,class1,1
156,cropped/strasbourg/2383.png,class1,1
156,cropped/strasbourg/960.png,class1,1
156,cropped/strasbourg/2381.png,class1,1
156,cropped/strasbourg/958.png,class1,1
157,cropped/strasbourg/2466.png,class1,1
157,cropped/strasbourg/2467.png,class1,1
157,cropped/strasbourg/961.png,class1,1
157,cropped/strasbourg/2468.png,class1,1
157,cropped/strasbourg/2464.png,class1,1
157,cropped/strasbourg/2470.png,class1,1
157,cropped/strasbourg/2465.png,class1,1
157,cropped/strasbourg/2463.png,class1,1
157,cropped/strasbourg/1046.png,class0,0
157,cropped/strasbourg/1043.png,class1,1
157,cropped/strasbourg/2472.png,class1,1
157,cropped/strasbourg/2471.png,class1,1
157,cropped/strasbourg/1048.png,class1,1
157,cropped/strasbourg/1045.png,class0,0
157,cropped/strasbourg/1047.png,class0,0
157,cropped/strasbourg/2473.png,class1,1
157,cropped/strasbourg/1876.png,class0,0
157,cropped/strasbourg/1879.png,class1,1
157,cropped/strasbourg/1875.png,class0,0
157,cropped/strasbourg/1880.png,class1,1
157,cropped/strasbourg/1877.png,class1,1
157,cropped/strasbourg/1878.png,class1,1
157,cropped/strasbourg/1881.png,class5,5
157,cropped/strasbourg/1882.png,class1,1
157,cropped/strasbourg/1179.png,class1,1
157,cropped/strasbourg/1883.png,class1,1
157,cropped/strasbourg/1182.png,class0,0
157,cropped/strasbourg/1180.png,class1,1
157,cropped/strasbourg/1183.png,class0,0
157,cropped/strasbourg/1884.png,class1,1
157,cropped/strasbourg/1178.png,class1,1
157,cropped/strasbourg/1184.png,class0,0
157,cropped/strasbourg/308.png,class1,1
157,cropped/strasbourg/1187.png,class0,0
157,cropped/strasbourg/314.png,class0,0
157,cropped/strasbourg/310.png,class1,1
157,cropped/strasbourg/312.png,class1,1
157,cropped/strasbourg/1188.png,class4,4
157,cropped/strasbourg/313.png,class1,1
157,cropped/strasbourg/309.png,class1,1
157,cropped/strasbourg/322.png,class0,0
157,cropped/strasbourg/318.png,class0,0
157,cropped/strasbourg/316.png,class5,5
157,cropped/strasbourg/317.png,class5,5
157,cropped/strasbourg/320.png,class0,0
157,cropped/strasbourg/323.png,class0,0
157,cropped/strasbourg/315.png,class0,0
157,cropped/strasbourg/321.png,class0,0
157,cropped/strasbourg/1070.png,class1,1
157,cropped/strasbourg/1073.png,class1,1
157,cropped/strasbourg/325.png,class0,0
157,cropped/strasbourg/1069.png,class0,0
157,cropped/strasbourg/1072.png,class1,1
157,cropped/strasbourg/326.png,class5,5
157,cropped/strasbourg/1076.png,class1,1
157,cropped/strasbourg/1075.png,class1,1
157,cropped/strasbourg/489.png,class1,1
157,cropped/strasbourg/485.png,class1,1
157,cropped/strasbourg/492.png,class0,0
157,cropped/strasbourg/491.png,class1,1
157,cropped/strasbourg/490.png,class1,1
157,cropped/strasbourg/1078.png,class4,4
157,cropped/strasbourg/487.png,class1,1
157,cropped/strasbourg/488.png,class1,1
157,cropped/strasbourg/497.png,class4,4
157,cropped/strasbourg/496.png,class4,4
157,cropped/strasbourg/1056.png,class0,0
157,cropped/strasbourg/1055.png,class0,0
157,cropped/strasbourg/498.png,class4,4
157,cropped/strasbourg/495.png,class4,4
157,cropped/strasbourg/494.png,class4,4
157,cropped/strasbourg/499.png,class4,4
157,cropped/strasbourg/1059.png,class0,0
157,cropped/strasbourg/136.png,class0,0
157,cropped/strasbourg/771.png,class0,0
157,cropped/strasbourg/770.png,class0,0
157,cropped/strasbourg/1061.png,class1,1
157,cropped/strasbourg/1060.png,class4,4
157,cropped/strasbourg/772.png,class0,0
157,cropped/strasbourg/1058.png,class1,1
158,cropped/strasbourg/918.png,class4,4
158,cropped/strasbourg/917.png,class4,4
158,cropped/strasbourg/141.png,class4,4
158,cropped/strasbourg/140.png,class1,1
158,cropped/strasbourg/1930.png,class1,1
158,cropped/strasbourg/138.png,class0,0
158,cropped/strasbourg/1928.png,class1,1
158,cropped/strasbourg/139.png,class0,0
158,cropped/strasbourg/920.png,class4,4
158,cropped/strasbourg/2504.png,class4,4
158,cropped/strasbourg/919.png,class4,4
158,cropped/strasbourg/2503.png,class4,4
158,cropped/strasbourg/2499.png,class4,4
158,cropped/strasbourg/2501.png,class1,1
158,cropped/strasbourg/2500.png,class1,1
158,cropped/strasbourg/2502.png,class4,4
158,cropped/strasbourg/2059.png,class0,0
158,cropped/strasbourg/2054.png,class1,1
158,cropped/strasbourg/2057.png,class0,0
158,cropped/strasbourg/2050.png,class1,1
158,cropped/strasbourg/2056.png,class1,1
158,cropped/strasbourg/2055.png,class1,1
158,cropped/strasbourg/2051.png,class1,1
158,cropped/strasbourg/2058.png,class0,0
158,cropped/strasbourg/673.png,class0,0
158,cropped/strasbourg/675.png,class1,1
158,cropped/strasbourg/2062.png,class0,0
158,cropped/strasbourg/1280.png,class1,1
158,cropped/strasbourg/1279.png,class1,1
158,cropped/strasbourg/1278.png,class1,1
158,cropped/strasbourg/674.png,class1,1
158,cropped/strasbourg/1281.png,class1,1
158,cropped/strasbourg/1380.png,class1,1
158,cropped/strasbourg/1384.png,class1,1
158,cropped/strasbourg/1383.png,class1,1
158,cropped/strasbourg/1382.png,class1,1
158,cropped/strasbourg/1283.png,class1,1
158,cropped/strasbourg/1282.png,class1,1
158,cropped/strasbourg/1381.png,class1,1
158,cropped/strasbourg/1385.png,class1,1
158,cropped/strasbourg/276.png,class1,1
158,cropped/strasbourg/273.png,class0,0
158,cropped/strasbourg/275.png,class0,0
158,cropped/strasbourg/270.png,class1,1
158,cropped/strasbourg/271.png,class1,1
158,cropped/strasbourg/277.png,class1,1
158,cropped/strasbourg/274.png,class0,0
158,cropped/strasbourg/272.png,class4,4
158,cropped/strasbourg/278.png,class0,0
158,cropped/strasbourg/126.png,class1,1
158,cropped/strasbourg/280.png,class0,0
158,cropped/strasbourg/279.png,class0,0
158,cropped/strasbourg/124.png,class1,1
158,cropped/strasbourg/125.png,class1,1
158,cropped/strasbourg/122.png,class1,1
158,cropped/strasbourg/123.png,class1,1
158,cropped/strasbourg/1210.png,class1,1
158,cropped/strasbourg/132.png,class4,4
158,cropped/strasbourg/1206.png,class1,1
158,cropped/strasbourg/1207.png,class1,1
158,cropped/strasbourg/1209.png,class1,1
158,cropped/strasbourg/1208.png,class0,0
158,cropped/strasbourg/133.png,class0,0
158,cropped/strasbourg/131.png,class1,1
158,cropped/strasbourg/891.png,class0,0
158,cropped/strasbourg/1690.png,class1,1
158,cropped/strasbourg/1689.png,class0,0
158,cropped/strasbourg/892.png,class1,1
158,cropped/strasbourg/1211.png,class1,1
158,cropped/strasbourg/893.png,class1,1
158,cropped/strasbourg/1691.png,class0,0
158,cropped/strasbourg/894.png,class1,1
158,cropped/strasbourg/1196.png,class0,0
158,cropped/strasbourg/1324.png,class0,0
158,cropped/strasbourg/1197.png,class4,4
158,cropped/strasbourg/1200.png,class0,0
158,cropped/strasbourg/1325.png,class0,0
158,cropped/strasbourg/1195.png,class0,0
158,cropped/strasbourg/1199.png,class4,4
158,cropped/strasbourg/1323.png,class0,0
159,cropped/strasbourg/1203.png,class0,0
159,cropped/strasbourg/1204.png,class0,0
159,cropped/strasbourg/2309.png,class0,0
159,cropped/strasbourg/1202.png,class0,0
159,cropped/strasbourg/1205.png,class0,0
159,cropped/strasbourg/2308.png,class0,0
159,cropped/strasbourg/2305.png,class0,0
159,cropped/strasbourg/1201.png,class0,0
159,cropped/strasbourg/1274.png,class1,1
159,cropped/strasbourg/2567.png,class0,0
159,cropped/strasbourg/1275.png,class1,1
159,cropped/strasbourg/2313.png,class0,0
159,cropped/strasbourg/2312.png,class0,0
159,cropped/strasbourg/2310.png,class1,1
159,cropped/strasbourg/2568.png,class0,0
159,cropped/strasbourg/2566.png,class1,1
159,cropped/strasbourg/1290.png,class0,0
159,cropped/strasbourg/1292.png,class1,1
159,cropped/strasbourg/922.png,class1,1
159,cropped/strasbourg/1288.png,class1,1
159,cropped/strasbourg/1276.png,class1,1
159,cropped/strasbourg/921.png,class0,0
159,cropped/strasbourg/923.png,class0,0
159,cropped/strasbourg/1277.png,class0,0
159,cropped/strasbourg/2279.png,class0,0
159,cropped/strasbourg/818.png,class1,1
159,cropped/strasbourg/926.png,class4,4
159,cropped/strasbourg/2280.png,class0,0
159,cropped/strasbourg/820.png,class0,0
159,cropped/strasbourg/927.png,class4,4
159,cropped/strasbourg/924.png,class0,0
159,cropped/strasbourg/925.png,class0,0
159,cropped/strasbourg/409.png,class1,1
159,cropped/strasbourg/2614.png,class1,1
159,cropped/strasbourg/821.png,class0,0
159,cropped/strasbourg/2613.png,class1,1
159,cropped/strasbourg/410.png,class1,1
159,cropped/strasbourg/2615.png,class1,1
159,cropped/strasbourg/411.png,class1,1
159,cropped/strasbourg/412.png,class1,1
159,cropped/strasbourg/2620.png,class1,1
159,cropped/strasbourg/2617.png,class1,1
159,cropped/strasbourg/2622.png,class1,1
159,cropped/strasbourg/1952.png,class0,0
159,cropped/strasbourg/2621.png,class1,1
159,cropped/strasbourg/2616.png,class1,1
159,cropped/strasbourg/1953.png,class0,0
159,cropped/strasbourg/2619.png,class1,1
159,cropped/strasbourg/480.png,class1,1
159,cropped/strasbourg/479.png,class1,1
159,cropped/strasbourg/1954.png,class0,0
159,cropped/strasbourg/484.png,class0,0
159,cropped/strasbourg/1955.png,class0,0
159,cropped/strasbourg/1956.png,class0,0
159,cropped/strasbourg/482.png,class0,0
159,cropped/strasbourg/481.png,class0,0
159,cropped/strasbourg/259.png,class0,0
159,cropped/strasbourg/172.png,class1,1
159,cropped/strasbourg/261.png,class3,3
159,cropped/strasbourg/255.png,class0,0
159,cropped/strasbourg/254.png,class0,0
159,cropped/strasbourg/256.png,class0,0
159,cropped/strasbourg/260.png,class4,4
159,cropped/strasbourg/257.png,class0,0
159,cropped/strasbourg/175.png,class1,1
159,cropped/strasbourg/1498.png,class1,1
159,cropped/strasbourg/178.png,class0,0
159,cropped/strasbourg/176.png,class3,3
159,cropped/strasbourg/177.png,class1,1
159,cropped/strasbourg/1494.png,class1,1
159,cropped/strasbourg/174.png,class1,1
159,cropped/strasbourg/1495.png,class1,1
159,cropped/strasbourg/2442.png,class1,1
159,cropped/strasbourg/1500.png,class1,1
159,cropped/strasbourg/2441.png,class1,1
159,cropped/strasbourg/2445.png,class1,1
159,cropped/strasbourg/1499.png,class1,1
159,cropped/strasbourg/2448.png,class0,0
159,cropped/strasbourg/2447.png,class0,0
159,cropped/strasbourg/2446.png,class5,5
160,cropped/strasbourg/1365.png,class1,1
160,cropped/strasbourg/1357.png,class1,1
160,cropped/strasbourg/1361.png,class0,0
160,cropped/strasbourg/1358.png,class1,1
160,cropped/strasbourg/1360.png,class1,1
160,cropped/strasbourg/1363.png,class0,0
160,cropped/strasbourg/1359.png,class1,1
160,cropped/strasbourg/1364.png,class1,1
160,cropped/strasbourg/2475.png,class1,1
160,cropped/strasbourg/2479.png,class1,1
160,cropped/strasbourg/2477.png,class1,1
160,cropped/strasbourg/2484.png,class1,1
160,cropped/strasbourg/2482.png,class1,1
160,cropped/strasbourg/2483.png,class1,1
160,cropped/strasbourg/2480.png,class1,1
160,cropped/strasbourg/2481.png,class1,1
160,cropped/strasbourg/2489.png,class1,1
160,cropped/strasbourg/2492.png,class1,1
160,cropped/strasbourg/2487.png,class1,1
160,cropped/strasbourg/2491.png,class1,1
160,cropped/strasbourg/2485.png,class1,1
160,cropped/strasbourg/2493.png,class1,1
160,cropped/strasbourg/2486.png,class1,1
160,cropped/strasbourg/2490.png,class1,1
160,cropped/strasbourg/564.png,class1,1
160,cropped/strasbourg/567.png,class1,1
160,cropped/strasbourg/561.png,class1,1
160,cropped/strasbourg/566.png,class1,1
160,cropped/strasbourg/562.png,class1,1
160,cropped/strasbourg/568.png,class1,1
160,cropped/strasbourg/570.png,class1,1
160,cropped/strasbourg/565.png,class1,1
160,cropped/strasbourg/573.png,class0,0
160,cropped/strasbourg/1105.png,class1,1
160,cropped/strasbourg/1100.png,class1,1
160,cropped/strasbourg/1102.png,class1,1
160,cropped/strasbourg/1103.png,class4,4
160,cropped/strasbourg/571.png,class1,1
160,cropped/strasbourg/1101.png,class1,1
160,cropped/strasbourg/1104.png,class1,1
160,cropped/strasbourg/1109.png,class1,1
160,cropped/strasbourg/1114.png,class1,1
160,cropped/strasbourg/1115.png,class4,4
160,cropped/strasbourg/1111.png,class1,1
160,cropped/strasbourg/1110.png,class1,1
160,cropped/strasbourg/1107.png,class1,1
160,cropped/strasbourg/1112.png,class1,1
160,cropped/strasbourg/1106.png,class1,1
160,cropped/strasbourg/1005.png,class1,1
160,cropped/strasbourg/1119.png,class4,4
160,cropped/strasbourg/1116.png,class4,4
160,cropped/strasbourg/1003.png,class1,1
160,cropped/strasbourg/1004.png,class1,1
160,cropped/strasbourg/1117.png,class4,4
160,cropped/strasbourg/1121.png,class0,0
160,cropped/strasbourg/1118.png,class4,4
160,cropped/strasbourg/293.png,class1,1
160,cropped/strasbourg/1010.png,class1,1
160,cropped/strasbourg/1009.png,class1,1
160,cropped/strasbourg/1008.png,class1,1
160,cropped/strasbourg/1013.png,class1,1
160,cropped/strasbourg/1012.png,class1,1
160,cropped/strasbourg/1007.png,class1,1
160,cropped/strasbourg/1011.png,class1,1
160,cropped/strasbourg/1939.png,class1,1
160,cropped/strasbourg/1941.png,class1,1
160,cropped/strasbourg/299.png,class4,4
160,cropped/strasbourg/294.png,class1,1
160,cropped/strasbourg/295.png,class1,1
160,cropped/strasbourg/296.png,class1,1
160,cropped/strasbourg/297.png,class1,1
160,cropped/strasbourg/1940.png,class1,1
160,cropped/strasbourg/1945.png,class1,1
160,cropped/strasbourg/1942.png,class1,1
160,cropped/strasbourg/1948.png,class1,1
160,cropped/strasbourg/1943.png,class1,1
160,cropped/strasbourg/1944.png,class1,1
160,cropped/strasbourg/1951.png,class1,1
160,cropped/strasbourg/1946.png,class1,1
160,cropped/strasbourg/1950.png,class1,1
161,cropped/strasbourg/612.png,class1,1
161,cropped/strasbourg/618.png,class1,1
161,cropped/strasbourg/614.png,class1,1
161,cropped/strasbourg/616.png,class1,1
161,cropped/strasbourg/346.png,class0,0
161,cropped/strasbourg/345.png,class0,0
161,cropped/strasbourg/613.png,class1,1
161,cropped/strasbourg/617.png,class1,1
161,cropped/strasbourg/396.png,class1,1
161,cropped/strasbourg/398.png,class1,1
161,cropped/strasbourg/401.png,class1,1
161,cropped/strasbourg/397.png,class1,1
161,cropped/strasbourg/621.png,class1,1
161,cropped/strasbourg/620.png,class1,1
161,cropped/strasbourg/619.png,class1,1
161,cropped/strasbourg/622.png,class1,1
161,cropped/strasbourg/402.png,class1,1
161,cropped/strasbourg/404.png,class1,1
161,cropped/strasbourg/405.png,class1,1
161,cropped/strasbourg/406.png,class1,1
161,cropped/strasbourg/1233.png,class1,1
161,cropped/strasbourg/1236.png,class1,1
161,cropped/strasbourg/1235.png,class1,1
161,cropped/strasbourg/1234.png,class1,1
161,cropped/strasbourg/1243.png,class1,1
161,cropped/strasbourg/1238.png,class1,1
161,cropped/strasbourg/1242.png,class1,1
161,cropped/strasbourg/1246.png,class1,1
161,cropped/strasbourg/1237.png,class1,1
161,cropped/strasbourg/1244.png,class1,1
161,cropped/strasbourg/1241.png,class1,1
161,cropped/strasbourg/1240.png,class1,1
161,cropped/strasbourg/2422.png,class1,1
161,cropped/strasbourg/2424.png,class1,1
161,cropped/strasbourg/2421.png,class1,1
161,cropped/strasbourg/2419.png,class1,1
161,cropped/strasbourg/2417.png,class4,4
161,cropped/strasbourg/2416.png,class1,1
161,cropped/strasbourg/2415.png,class1,1
161,cropped/strasbourg/2418.png,class4,4
161,cropped/strasbourg/721.png,class1,1
161,cropped/strasbourg/723.png,class4,4
161,cropped/strasbourg/726.png,class0,0
161,cropped/strasbourg/728.png,class0,0
161,cropped/strasbourg/727.png,class0,0
161,cropped/strasbourg/2425.png,class1,1
161,cropped/strasbourg/725.png,class1,1
161,cropped/strasbourg/722.png,class1,1
161,cropped/strasbourg/2428.png,class4,4
161,cropped/strasbourg/2430.png,class4,4
161,cropped/strasbourg/2429.png,class0,0
161,cropped/strasbourg/367.png,class4,4
161,cropped/strasbourg/2437.png,class0,0
161,cropped/strasbourg/366.png,class0,0
161,cropped/strasbourg/2432.png,class0,0
161,cropped/strasbourg/2427.png,class1,1
161,cropped/strasbourg/1031.png,class1,1
161,cropped/strasbourg/2435.png,class0,0
161,cropped/strasbourg/1030.png,class4,4
161,cropped/strasbourg/1027.png,class4,4
161,cropped/strasbourg/2436.png,class0,0
161,cropped/strasbourg/2434.png,class1,1
161,cropped/strasbourg/1032.png,class1,1
161,cropped/strasbourg/1029.png,class4,4
161,cropped/strasbourg/2294.png,class0,0
161,cropped/strasbourg/1035.png,class0,0
161,cropped/strasbourg/2295.png,class1,1
161,cropped/strasbourg/2293.png,class0,0
161,cropped/strasbourg/2297.png,class4,4
161,cropped/strasbourg/2296.png,class1,1
161,cropped/strasbourg/1034.png,class0,0
161,cropped/strasbourg/2299.png,class1,1
161,cropped/strasbourg/2065.png,class1,1
161,cropped/strasbourg/2304.png,class1,1
161,cropped/strasbourg/2063.png,class0,0
161,cropped/strasbourg/2300.png,class1,1
161,cropped/strasbourg/2302.png,class0,0
161,cropped/strasbourg/2064.png,class4,4
161,cropped/strasbourg/2303.png,class0,0
161,cropped/strasbourg/2066.png,class1,1
162,cropped/strasbourg/2069.png,class4,4
162,cropped/strasbourg/1409.png,class0,0
162,cropped/strasbourg/2068.png,class1,1
162,cropped/strasbourg/1411.png,class1,1
162,cropped/strasbourg/2071.png,class1,1
162,cropped/strasbourg/2070.png,class4,4
162,cropped/strasbourg/2073.png,class1,1
162,cropped/strasbourg/2072.png,class1,1
162,cropped/strasbourg/1414.png,class1,1
162,cropped/strasbourg/2195.png,class1,1
162,cropped/strasbourg/2192.png,class1,1
162,cropped/strasbourg/1412.png,class4,4
162,cropped/strasbourg/2193.png,class1,1
162,cropped/strasbourg/758.png,class1,1
162,cropped/strasbourg/756.png,class1,1
162,cropped/strasbourg/2194.png,class1,1
162,cropped/strasbourg/2197.png,class1,1
162,cropped/strasbourg/1270.png,class1,1
162,cropped/strasbourg/1269.png,class1,1
162,cropped/strasbourg/1122.png,class1,1
162,cropped/strasbourg/1267.png,class1,1
162,cropped/strasbourg/1272.png,class1,1
162,cropped/strasbourg/1273.png,class1,1
162,cropped/strasbourg/1268.png,class1,1
162,cropped/strasbourg/2528.png,class1,1
162,cropped/strasbourg/2461.png,class1,1
162,cropped/strasbourg/2459.png,class1,1
162,cropped/strasbourg/2462.png,class0,0
162,cropped/strasbourg/1125.png,class1,1
162,cropped/strasbourg/1126.png,class1,1
162,cropped/strasbourg/2458.png,class1,1
162,cropped/strasbourg/2460.png,class1,1
162,cropped/strasbourg/1316.png,class1,1
162,cropped/strasbourg/1319.png,class1,1
162,cropped/strasbourg/936.png,class0,0
162,cropped/strasbourg/2530.png,class1,1
162,cropped/strasbourg/2529.png,class1,1
162,cropped/strasbourg/1317.png,class1,1
162,cropped/strasbourg/1318.png,class1,1
162,cropped/strasbourg/937.png,class4,4
162,cropped/strasbourg/815.png,class0,0
162,cropped/strasbourg/817.png,class0,0
162,cropped/strasbourg/194.png,class1,1
162,cropped/strasbourg/191.png,class1,1
162,cropped/strasbourg/2334.png,class1,1
162,cropped/strasbourg/2333.png,class1,1
162,cropped/strasbourg/816.png,class0,0
162,cropped/strasbourg/192.png,class1,1
162,cropped/strasbourg/1306.png,class1,1
162,cropped/strasbourg/1305.png,class1,1
162,cropped/strasbourg/2337.png,class1,1
162,cropped/strasbourg/2335.png,class1,1
162,cropped/strasbourg/2336.png,class1,1
162,cropped/strasbourg/974.png,class1,1
162,cropped/strasbourg/975.png,class1,1
162,cropped/strasbourg/1303.png,class1,1
162,cropped/strasbourg/1307.png,class1,1
162,cropped/strasbourg/1309.png,class1,1
162,cropped/strasbourg/215.png,class1,1
162,cropped/strasbourg/1308.png,class1,1
162,cropped/strasbourg/214.png,class1,1
162,cropped/strasbourg/1310.png,class1,1
162,cropped/strasbourg/217.png,class1,1
162,cropped/strasbourg/213.png,class1,1
162,cropped/strasbourg/222.png,class1,1
162,cropped/strasbourg/219.png,class1,1
162,cropped/strasbourg/678.png,class1,1
162,cropped/strasbourg/221.png,class1,1
162,cropped/strasbourg/223.png,class1,1
162,cropped/strasbourg/84.png,class0,0
162,cropped/strasbourg/676.png,class1,1
162,cropped/strasbourg/218.png,class4,4
162,cropped/strasbourg/681.png,class0,0
162,cropped/strasbourg/680.png,class1,1
162,cropped/strasbourg/679.png,class1,1
162,cropped/strasbourg/953.png,class0,0
162,cropped/strasbourg/1536.png,class1,1
162,cropped/strasbourg/954.png,class0,0
162,cropped/strasbourg/1537.png,class1,1
162,cropped/strasbourg/1538.png,class0,0
163,cropped/strasbourg/1457.png,class0,0
163,cropped/strasbourg/1742.png,class1,1
163,cropped/strasbourg/955.png,class0,0
163,cropped/strasbourg/1460.png,class0,0
163,cropped/strasbourg/957.png,class1,1
163,cropped/strasbourg/1458.png,class1,1
163,cropped/strasbourg/1461.png,class0,0
163,cropped/strasbourg/1743.png,class1,1
163,cropped/strasbourg/729.png,class1,1
163,cropped/strasbourg/737.png,class0,0
163,cropped/strasbourg/1744.png,class1,1
163,cropped/strasbourg/736.png,class0,0
163,cropped/strasbourg/733.png,class1,1
163,cropped/strasbourg/730.png,class1,1
163,cropped/strasbourg/732.png,class0,0
163,cropped/strasbourg/735.png,class0,0
163,cropped/strasbourg/741.png,class0,0
163,cropped/strasbourg/738.png,class0,0
163,cropped/strasbourg/740.png,class0,0
163,cropped/strasbourg/745.png,class0,0
163,cropped/strasbourg/742.png,class0,0
163,cropped/strasbourg/744.png,class0,0
163,cropped/strasbourg/739.png,class0,0
163,cropped/strasbourg/743.png,class0,0
163,cropped/strasbourg/1957.png,class1,1
163,cropped/strasbourg/750.png,class0,0
163,cropped/strasbourg/749.png,class0,0
163,cropped/strasbourg/1960.png,class1,1
163,cropped/strasbourg/1958.png,class1,1
163,cropped/strasbourg/748.png,class0,0
163,cropped/strasbourg/1962.png,class1,1
163,cropped/strasbourg/1959.png,class1,1
163,cropped/strasbourg/1963.png,class1,1
163,cropped/strasbourg/1602.png,class4,4
163,cropped/strasbourg/1604.png,class1,1
163,cropped/strasbourg/1967.png,class1,1
163,cropped/strasbourg/1603.png,class1,1
163,cropped/strasbourg/1965.png,class1,1
163,cropped/strasbourg/1601.png,class1,1
163,cropped/strasbourg/1966.png,class1,1
163,cropped/strasbourg/513.png,class1,1
163,cropped/strasbourg/2090.png,class1,1
163,cropped/strasbourg/2092.png,class1,1
163,cropped/strasbourg/2091.png,class1,1
163,cropped/strasbourg/1606.png,class1,1
163,cropped/strasbourg/2093.png,class1,1
163,cropped/strasbourg/1172.png,class1,1
163,cropped/strasbourg/2089.png,class1,1
163,cropped/strasbourg/195.png,class1,1
163,cropped/strasbourg/1294.png,class1,1
163,cropped/strasbourg/1296.png,class0,0
163,cropped/strasbourg/1176.png,class0,0
163,cropped/strasbourg/1177.png,class0,0
163,cropped/strasbourg/1174.png,class0,0
163,cropped/strasbourg/1175.png,class0,0
163,cropped/strasbourg/1293.png,class1,1
163,cropped/strasbourg/200.png,class1,1
163,cropped/strasbourg/204.png,class1,1
163,cropped/strasbourg/196.png,class1,1
163,cropped/strasbourg/201.png,class1,1
163,cropped/strasbourg/198.png,class1,1
163,cropped/strasbourg/202.png,class1,1
163,cropped/strasbourg/197.png,class1,1
163,cropped/strasbourg/203.png,class1,1
163,cropped/strasbourg/1448.png,class1,1
163,cropped/strasbourg/334.png,class0,0
163,cropped/strasbourg/206.png,class1,1
163,cropped/strasbourg/1447.png,class1,1
163,cropped/strasbourg/1443.png,class1,1
163,cropped/strasbourg/1444.png,class1,1
163,cropped/strasbourg/333.png,class1,1
163,cropped/strasbourg/1446.png,class1,1
163,cropped/strasbourg/1892.png,class1,1
163,cropped/strasbourg/1893.png,class1,1
163,cropped/strasbourg/1898.png,class1,1
163,cropped/strasbourg/1449.png,class1,1
163,cropped/strasbourg/1897.png,class1,1
163,cropped/strasbourg/1890.png,class1,1
163,cropped/strasbourg/1896.png,class1,1
163,cropped/strasbourg/1895.png,class1,1
164,cropped/strasbourg/930.png,class1,1
164,cropped/strasbourg/929.png,class1,1
164,cropped/strasbourg/928.png,class1,1
164,cropped/strasbourg/1899.png,class1,1
164,cropped/strasbourg/935.png,class1,1
164,cropped/strasbourg/1900.png,class4,4
164,cropped/strasbourg/934.png,class1,1
164,cropped/strasbourg/931.png,class1,1
164,cropped/strasbourg/2153.png,class1,1
164,cropped/strasbourg/2159.png,class1,1
164,cropped/strasbourg/2156.png,class1,1
164,cropped/strasbourg/2157.png,class1,1
164,cropped/strasbourg/2152.png,class1,1
164,cropped/strasbourg/2154.png,class1,1
164,cropped/strasbourg/2151.png,class1,1
164,cropped/strasbourg/2155.png,class1,1
164,cropped/strasbourg/2629.png,class1,1
164,cropped/strasbourg/2626.png,class1,1
164,cropped/strasbourg/2164.png,class1,1
164,cropped/strasbourg/2625.png,class1,1
164,cropped/strasbourg/2627.png,class1,1
164,cropped/strasbourg/2628.png,class1,1
164,cropped/strasbourg/2624.png,class1,1
164,cropped/strasbourg/2161.png,class1,1
164,cropped/strasbourg/2633.png,class1,1
164,cropped/strasbourg/2632.png,class1,1
164,cropped/strasbourg/1914.png,class1,1
164,cropped/strasbourg/1913.png,class1,1
164,cropped/strasbourg/1912.png,class1,1
164,cropped/strasbourg/2634.png,class1,1
164,cropped/strasbourg/1916.png,class4,4
164,cropped/strasbourg/2631.png,class1,1
164,cropped/strasbourg/1919.png,class1,1
164,cropped/strasbourg/283.png,class1,1
164,cropped/strasbourg/282.png,class1,1
164,cropped/strasbourg/286.png,class5,5
164,cropped/strasbourg/281.png,class1,1
164,cropped/strasbourg/284.png,class1,1
164,cropped/strasbourg/697.png,class1,1
164,cropped/strasbourg/1918.png,class1,1
164,cropped/strasbourg/100.png,class1,1
164,cropped/strasbourg/698.png,class1,1
164,cropped/strasbourg/99.png,class1,1
164,cropped/strasbourg/702.png,class1,1
164,cropped/strasbourg/699.png,class1,1
164,cropped/strasbourg/97.png,class1,1
164,cropped/strasbourg/701.png,class1,1
164,cropped/strasbourg/703.png,class4,4
164,cropped/strasbourg/1083.png,class5,5
164,cropped/strasbourg/1079.png,class1,1
164,cropped/strasbourg/101.png,class1,1
164,cropped/strasbourg/103.png,class1,1
164,cropped/strasbourg/1081.png,class1,1
164,cropped/strasbourg/1084.png,class4,4
164,cropped/strasbourg/104.png,class1,1
164,cropped/strasbourg/1080.png,class1,1
164,cropped/strasbourg/501.png,class0,0
164,cropped/strasbourg/1087.png,class4,4
164,cropped/strasbourg/1086.png,class4,4
164,cropped/strasbourg/500.png,class4,4
164,cropped/strasbourg/503.png,class1,1
164,cropped/strasbourg/504.png,class1,1
164,cropped/strasbourg/505.png,class1,1
164,cropped/strasbourg/506.png,class1,1
164,cropped/strasbourg/2174.png,class4,4
164,cropped/strasbourg/507.png,class1,1
164,cropped/strasbourg/2171.png,class1,1
164,cropped/strasbourg/2173.png,class1,1
164,cropped/strasbourg/2175.png,class1,1
164,cropped/strasbourg/2172.png,class1,1
164,cropped/strasbourg/510.png,class1,1
164,cropped/strasbourg/511.png,class1,1
164,cropped/strasbourg/2358.png,class1,1
164,cropped/strasbourg/2359.png,class1,1
164,cropped/strasbourg/2357.png,class1,1
164,cropped/strasbourg/2178.png,class4,4
164,cropped/strasbourg/2353.png,class1,1
164,cropped/strasbourg/2356.png,class1,1
164,cropped/strasbourg/2177.png,class1,1
164,cropped/strasbourg/2355.png,class1,1
165,cropped/strasbourg/2364.png,class1,1
165,cropped/strasbourg/2362.png,class1,1
165,cropped/strasbourg/2363.png,class1,1
165,cropped/strasbourg/2365.png,class1,1
165,cropped/strasbourg/134.png,class3,3
165,cropped/strasbourg/2361.png,class1,1
165,cropped/strasbourg/2367.png,class0,0
165,cropped/strasbourg/2360.png,class1,1
165,cropped/strasbourg/3.png,class1,1
165,cropped/strasbourg/1299.png,class1,1
165,cropped/strasbourg/2.png,class4,4
165,cropped/strasbourg/1298.png,class1,1
165,cropped/strasbourg/1297.png,class1,1
165,cropped/strasbourg/1.png,class4,4
165,cropped/strasbourg/1302.png,class1,1
165,cropped/strasbourg/1301.png,class1,1
165,cropped/strasbourg/1219.png,class1,1
165,cropped/strasbourg/1217.png,class1,1
165,cropped/strasbourg/1222.png,class1,1
165,cropped/strasbourg/1216.png,class1,1
165,cropped/strasbourg/1223.png,class1,1
165,cropped/strasbourg/896.png,class0,0
165,cropped/strasbourg/1221.png,class4,4
165,cropped/strasbourg/1218.png,class1,1
165,cropped/strasbourg/2395.png,class0,0
165,cropped/strasbourg/1785.png,class0,0
165,cropped/strasbourg/1791.png,class0,0
165,cropped/strasbourg/1790.png,class0,0
165,cropped/strasbourg/1787.png,class0,0
165,cropped/strasbourg/1784.png,class0,0
165,cropped/strasbourg/1786.png,class0,0
165,cropped/strasbourg/1789.png,class0,0
165,cropped/strasbourg/13.png,class1,1
165,cropped/strasbourg/2397.png,class0,0
165,cropped/strasbourg/208.png,class1,1
165,cropped/strasbourg/207.png,class1,1
165,cropped/strasbourg/210.png,class1,1
165,cropped/strasbourg/2396.png,class5,5
165,cropped/strasbourg/12.png,class1,1
165,cropped/strasbourg/211.png,class1,1
165,cropped/strasbourg/15.png,class1,1
165,cropped/strasbourg/1141.png,class1,1
165,cropped/strasbourg/1137.png,class1,1
165,cropped/strasbourg/1138.png,class1,1
165,cropped/strasbourg/14.png,class1,1
165,cropped/strasbourg/1139.png,class1,1
165,cropped/strasbourg/1143.png,class1,1
165,cropped/strasbourg/1142.png,class1,1
165,cropped/strasbourg/1148.png,class0,0
165,cropped/strasbourg/1144.png,class1,1
165,cropped/strasbourg/1150.png,class1,1
165,cropped/strasbourg/1147.png,class1,1
165,cropped/strasbourg/105.png,class1,1
165,cropped/strasbourg/107.png,class1,1
165,cropped/strasbourg/1146.png,class1,1
165,cropped/strasbourg/1149.png,class1,1
165,cropped/strasbourg/112.png,class4,4
165,cropped/strasbourg/116.png,class1,1
165,cropped/strasbourg/110.png,class4,4
165,cropped/strasbourg/108.png,class1,1
165,cropped/strasbourg/113.png,class4,4
165,cropped/strasbourg/109.png,class4,4
165,cropped/strasbourg/111.png,class1,1
165,cropped/strasbourg/115.png,class1,1
165,cropped/strasbourg/2340.png,class1,1
165,cropped/strasbourg/1989.png,class4,4
165,cropped/strasbourg/1987.png,class4,4
165,cropped/strasbourg/1988.png,class4,4
165,cropped/strasbourg/1990.png,class4,4
165,cropped/strasbourg/118.png,class0,0
165,cropped/strasbourg/120.png,class4,4
165,cropped/strasbourg/121.png,class0,0
165,cropped/strasbourg/1992.png,class4,4
165,cropped/strasbourg/2328.png,class1,1
165,cropped/strasbourg/705.png,class1,1
165,cropped/strasbourg/2329.png,class1,1
165,cropped/strasbourg/1932.png,class0,0
165,cropped/strasbourg/706.png,class1,1
165,cropped/strasbourg/704.png,class5,5
165,cropped/strasbourg/1991.png,class4,4
166,cropped/strasbourg/415.png,class1,1
166,cropped/strasbourg/413.png,class1,1
166,cropped/strasbourg/418.png,class1,1
166,cropped/strasbourg/417.png,class1,1
166,cropped/strasbourg/2561.png,class1,1
166,cropped/strasbourg/2560.png,class1,1
166,cropped/strasbourg/1734.png,class0,0
166,cropped/strasbourg/1735.png,class1,1
166,cropped/strasbourg/1618.png,class1,1
166,cropped/strasbourg/1620.png,class1,1
166,cropped/strasbourg/1616.png,class1,1
166,cropped/strasbourg/1623.png,class1,1
166,cropped/strasbourg/1621.png,class1,1
166,cropped/strasbourg/1615.png,class1,1
166,cropped/strasbourg/1619.png,class0,0
166,cropped/strasbourg/419.png,class1,1
166,cropped/strasbourg/547.png,class1,1
166,cropped/strasbourg/1624.png,class1,1
166,cropped/strasbourg/549.png,class1,1
166,cropped/strasbourg/548.png,class4,4
166,cropped/strasbourg/544.png,class1,1
166,cropped/strasbourg/1625.png,class1,1
166,cropped/strasbourg/1627.png,class1,1
166,cropped/strasbourg/1626.png,class1,1
166,cropped/strasbourg/2398.png,class1,1
166,cropped/strasbourg/551.png,class0,0
166,cropped/strasbourg/552.png,class4,4
166,cropped/strasbourg/2403.png,class0,0
166,cropped/strasbourg/550.png,class1,1
166,cropped/strasbourg/2400.png,class1,1
166,cropped/strasbourg/2402.png,class1,1
166,cropped/strasbourg/553.png,class0,0
166,cropped/strasbourg/1068.png,class4,4
166,cropped/strasbourg/1063.png,class1,1
166,cropped/strasbourg/2404.png,class4,4
166,cropped/strasbourg/1067.png,class1,1
166,cropped/strasbourg/2407.png,class0,0
166,cropped/strasbourg/2406.png,class0,0
166,cropped/strasbourg/2405.png,class1,1
166,cropped/strasbourg/1065.png,class1,1
166,cropped/strasbourg/1127.png,class1,1
166,cropped/strasbourg/352.png,class1,1
166,cropped/strasbourg/351.png,class1,1
166,cropped/strasbourg/354.png,class0,0
166,cropped/strasbourg/1129.png,class0,0
166,cropped/strasbourg/356.png,class0,0
166,cropped/strasbourg/1062.png,class4,4
166,cropped/strasbourg/355.png,class0,0
166,cropped/strasbourg/2498.png,class1,1
166,cropped/strasbourg/1313.png,class0,0
166,cropped/strasbourg/2494.png,class1,1
166,cropped/strasbourg/1312.png,class0,0
166,cropped/strasbourg/1533.png,class1,1
166,cropped/strasbourg/1534.png,class0,0
166,cropped/strasbourg/2495.png,class1,1
166,cropped/strasbourg/1311.png,class1,1
166,cropped/strasbourg/1314.png,class0,0
166,cropped/strasbourg/943.png,class0,0
166,cropped/strasbourg/944.png,class0,0
166,cropped/strasbourg/328.png,class0,0
166,cropped/strasbourg/940.png,class0,0
166,cropped/strasbourg/939.png,class0,0
166,cropped/strasbourg/941.png,class0,0
166,cropped/strasbourg/327.png,class1,1
166,cropped/strasbourg/2102.png,class1,1
166,cropped/strasbourg/2100.png,class5,5
166,cropped/strasbourg/1321.png,class1,1
166,cropped/strasbourg/1354.png,class1,1
166,cropped/strasbourg/2101.png,class1,1
166,cropped/strasbourg/1355.png,class4,4
166,cropped/strasbourg/1356.png,class4,4
166,cropped/strasbourg/1320.png,class1,1
166,cropped/strasbourg/2106.png,class4,4
166,cropped/strasbourg/249.png,class0,0
166,cropped/strasbourg/248.png,class0,0
166,cropped/strasbourg/2105.png,class4,4
166,cropped/strasbourg/247.png,class0,0
166,cropped/strasbourg/250.png,class1,1
166,cropped/strasbourg/2103.png,class4,4
166,cropped/strasbourg/246.png,class1,1
167,cropped/strasbourg/2047.png,class1,1
167,cropped/strasbourg/2043.png,class1,1
167,cropped/strasbourg/2045.png,class1,1
167,cropped/strasbourg/2044.png,class1,1
167,cropped/strasbourg/672.png,class4,4
167,cropped/strasbourg/252.png,class1,1
167,cropped/strasbourg/253.png,class4,4
167,cropped/strasbourg/2046.png,class1,1
167,cropped/strasbourg/690.png,class1,1
167,cropped/strasbourg/2048.png,class0,0
167,cropped/strasbourg/689.png,class1,1
167,cropped/strasbourg/684.png,class0,0
167,cropped/strasbourg/691.png,class1,1
167,cropped/strasbourg/686.png,class1,1
167,cropped/strasbourg/688.png,class1,1
167,cropped/strasbourg/687.png,class1,1
167,cropped/strasbourg/1156.png,class1,1
167,cropped/strasbourg/695.png,class4,4
167,cropped/strasbourg/1155.png,class0,0
167,cropped/strasbourg/1154.png,class1,1
167,cropped/strasbourg/694.png,class1,1
167,cropped/strasbourg/693.png,class1,1
167,cropped/strasbourg/1153.png,class1,1
167,cropped/strasbourg/696.png,class0,0
167,cropped/strasbourg/1158.png,class1,1
167,cropped/strasbourg/2449.png,class1,1
167,cropped/strasbourg/2450.png,class1,1
167,cropped/strasbourg/1159.png,class1,1
167,cropped/strasbourg/2451.png,class0,0
167,cropped/strasbourg/2452.png,class0,0
167,cropped/strasbourg/1157.png,class1,1
167,cropped/strasbourg/1160.png,class1,1
167,cropped/strasbourg/2457.png,class1,1
167,cropped/strasbourg/180.png,class1,1
167,cropped/strasbourg/185.png,class0,0
167,cropped/strasbourg/183.png,class1,1
167,cropped/strasbourg/179.png,class1,1
167,cropped/strasbourg/2455.png,class1,1
167,cropped/strasbourg/184.png,class1,1
167,cropped/strasbourg/2456.png,class0,0
167,cropped/strasbourg/2389.png,class1,1
167,cropped/strasbourg/1922.png,class1,1
167,cropped/strasbourg/2390.png,class0,0
167,cropped/strasbourg/1920.png,class1,1
167,cropped/strasbourg/186.png,class0,0
167,cropped/strasbourg/187.png,class0,0
167,cropped/strasbourg/2393.png,class0,0
167,cropped/strasbourg/2391.png,class0,0
167,cropped/strasbourg/265.png,class0,0
167,cropped/strasbourg/1923.png,class1,1
167,cropped/strasbourg/1924.png,class1,1
167,cropped/strasbourg/1925.png,class1,1
167,cropped/strasbourg/264.png,class1,1
167,cropped/strasbourg/262.png,class3,3
167,cropped/strasbourg/266.png,class0,0
167,cropped/strasbourg/1927.png,class1,1
167,cropped/strasbourg/340.png,class1,1
167,cropped/strasbourg/1213.png,class1,1
167,cropped/strasbourg/339.png,class1,1
167,cropped/strasbourg/267.png,class0,0
167,cropped/strasbourg/335.png,class1,1
167,cropped/strasbourg/338.png,class1,1
167,cropped/strasbourg/336.png,class3,3
167,cropped/strasbourg/1212.png,class1,1
167,cropped/strasbourg/1215.png,class0,0
167,cropped/strasbourg/1968.png,class1,1
167,cropped/strasbourg/1970.png,class0,0
167,cropped/strasbourg/1969.png,class1,1
167,cropped/strasbourg/835.png,class1,1
167,cropped/strasbourg/1971.png,class2,2
167,cropped/strasbourg/833.png,class1,1
167,cropped/strasbourg/836.png,class1,1
167,cropped/strasbourg/844.png,class1,1
167,cropped/strasbourg/843.png,class1,1
167,cropped/strasbourg/842.png,class1,1
167,cropped/strasbourg/841.png,class1,1
167,cropped/strasbourg/845.png,class1,1
167,cropped/strasbourg/840.png,class1,1
167,cropped/strasbourg/1841.png,class1,1
167,cropped/strasbourg/839.png,class0,0
168,cropped/strasbourg/1843.png,class1,1
168,cropped/strasbourg/1845.png,class1,1
168,cropped/strasbourg/1851.png,class1,1
168,cropped/strasbourg/1847.png,class1,1
168,cropped/strasbourg/1842.png,class1,1
168,cropped/strasbourg/1848.png,class1,1
168,cropped/strasbourg/1850.png,class1,1
168,cropped/strasbourg/1849.png,class1,1
168,cropped/strasbourg/1366.png,class1,1
168,cropped/strasbourg/1371.png,class4,4
168,cropped/strasbourg/1367.png,class1,1
168,cropped/strasbourg/1852.png,class1,1
168,cropped/strasbourg/1368.png,class0,0
168,cropped/strasbourg/1370.png,class1,1
168,cropped/strasbourg/1853.png,class1,1
168,cropped/strasbourg/1373.png,class1,1
168,cropped/strasbourg/2022.png,class1,1
168,cropped/strasbourg/1375.png,class1,1
168,cropped/strasbourg/1374.png,class1,1
168,cropped/strasbourg/2026.png,class4,4
168,cropped/strasbourg/2023.png,class1,1
168,cropped/strasbourg/2020.png,class1,1
168,cropped/strasbourg/2021.png,class1,1
168,cropped/strasbourg/2025.png,class1,1
168,cropped/strasbourg/1760.png,class1,1
168,cropped/strasbourg/1756.png,class1,1
168,cropped/strasbourg/1757.png,class1,1
168,cropped/strasbourg/2029.png,class1,1
168,cropped/strasbourg/1758.png,class1,1
168,cropped/strasbourg/1759.png,class1,1
168,cropped/strasbourg/1755.png,class1,1
168,cropped/strasbourg/2030.png,class1,1
168,cropped/strasbourg/1673.png,class1,1
168,cropped/strasbourg/1672.png,class1,1
168,cropped/strasbourg/1674.png,class1,1
168,cropped/strasbourg/1762.png,class1,1
168,cropped/strasbourg/1668.png,class1,1
168,cropped/strasbourg/1671.png,class1,1
168,cropped/strasbourg/1761.png,class1,1
168,cropped/strasbourg/1669.png,class1,1
168,cropped/strasbourg/1677.png,class0,0
168,cropped/strasbourg/1683.png,class4,4
168,cropped/strasbourg/1679.png,class4,4
168,cropped/strasbourg/1680.png,class4,4
168,cropped/strasbourg/1676.png,class5,5
168,cropped/strasbourg/1681.png,class4,4
168,cropped/strasbourg/1675.png,class4,4
168,cropped/strasbourg/1584.png,class1,1
168,cropped/strasbourg/1593.png,class1,1
168,cropped/strasbourg/1591.png,class1,1
168,cropped/strasbourg/1586.png,class1,1
168,cropped/strasbourg/1592.png,class1,1
168,cropped/strasbourg/1585.png,class1,1
168,cropped/strasbourg/1589.png,class1,1
168,cropped/strasbourg/1590.png,class1,1
168,cropped/strasbourg/1594.png,class1,1
168,cropped/strasbourg/1596.png,class1,1
168,cropped/strasbourg/881.png,class1,1
168,cropped/strasbourg/554.png,class1,1
168,cropped/strasbourg/1600.png,class1,1
168,cropped/strasbourg/1598.png,class1,1
168,cropped/strasbourg/1599.png,class1,1
168,cropped/strasbourg/880.png,class1,1
168,cropped/strasbourg/1597.png,class1,1
168,cropped/strasbourg/886.png,class1,1
168,cropped/strasbourg/890.png,class1,1
168,cropped/strasbourg/26.png,class1,1
168,cropped/strasbourg/887.png,class1,1
168,cropped/strasbourg/884.png,class1,1
168,cropped/strasbourg/885.png,class1,1
168,cropped/strasbourg/883.png,class1,1
168,cropped/strasbourg/882.png,class1,1
168,cropped/strasbourg/1835.png,class1,1
168,cropped/strasbourg/31.png,class1,1
168,cropped/strasbourg/28.png,class1,1
168,cropped/strasbourg/1836.png,class1,1
168,cropped/strasbourg/29.png,class1,1
168,cropped/strasbourg/1833.png,class3,3
168,cropped/strasbourg/30.png,class1,1
168,cropped/strasbourg/32.png,class0,0
169,cropped/strasbourg/788.png,class0,0
169,cropped/strasbourg/189.png,class1,1
169,cropped/strasbourg/1838.png,class1,1
169,cropped/strasbourg/1839.png,class1,1
169,cropped/strasbourg/791.png,class1,1
169,cropped/strasbourg/190.png,class1,1
169,cropped/strasbourg/790.png,class1,1
169,cropped/strasbourg/789.png,class4,4
169,cropped/strasbourg/1492.png,class1,1
169,cropped/strasbourg/82.png,class1,1
169,cropped/strasbourg/2657.png,class1,1
169,cropped/strasbourg/1493.png,class1,1
169,cropped/strasbourg/83.png,class1,1
169,cropped/strasbourg/78.png,class1,1
169,cropped/strasbourg/79.png,class3,3
169,cropped/strasbourg/80.png,class1,1
169,cropped/strasbourg/1903.png,class1,1
169,cropped/strasbourg/2662.png,class1,1
169,cropped/strasbourg/2661.png,class1,1
169,cropped/strasbourg/2660.png,class4,4
169,cropped/strasbourg/2658.png,class1,1
169,cropped/strasbourg/1901.png,class1,1
169,cropped/strasbourg/2663.png,class0,0
169,cropped/strasbourg/1902.png,class1,1
169,cropped/strasbourg/147.png,class4,4
169,cropped/strasbourg/1906.png,class0,0
169,cropped/strasbourg/148.png,class4,4
169,cropped/strasbourg/149.png,class1,1
169,cropped/strasbourg/154.png,class1,1
169,cropped/strasbourg/150.png,class0,0
169,cropped/strasbourg/152.png,class1,1
169,cropped/strasbourg/153.png,class1,1
169,cropped/strasbourg/1250.png,class1,1
169,cropped/strasbourg/158.png,class1,1
169,cropped/strasbourg/1247.png,class4,4
169,cropped/strasbourg/157.png,class1,1
169,cropped/strasbourg/155.png,class1,1
169,cropped/strasbourg/1248.png,class4,4
169,cropped/strasbourg/159.png,class1,1
169,cropped/strasbourg/1251.png,class1,1
169,cropped/strasbourg/898.png,class1,1
169,cropped/strasbourg/1254.png,class1,1
169,cropped/strasbourg/1256.png,class4,4
169,cropped/strasbourg/901.png,class4,4
169,cropped/strasbourg/897.png,class1,1
169,cropped/strasbourg/899.png,class1,1
169,cropped/strasbourg/900.png,class4,4
169,cropped/strasbourg/1252.png,class1,1
169,cropped/strasbourg/288.png,class1,1
169,cropped/strasbourg/1978.png,class1,1
169,cropped/strasbourg/1287.png,class5,5
169,cropped/strasbourg/1285.png,class1,1
169,cropped/strasbourg/1977.png,class1,1
169,cropped/strasbourg/290.png,class5,5
169,cropped/strasbourg/289.png,class1,1
169,cropped/strasbourg/1286.png,class1,1
169,cropped/strasbourg/1981.png,class0,0
169,cropped/strasbourg/1983.png,class1,1
169,cropped/strasbourg/2664.png,class1,1
169,cropped/strasbourg/1984.png,class5,5
169,cropped/strasbourg/1986.png,class4,4
169,cropped/strasbourg/1985.png,class4,4
169,cropped/strasbourg/1982.png,class1,1
169,cropped/strasbourg/2665.png,class5,5
169,cropped/strasbourg/2282.png,class0,0
169,cropped/strasbourg/2286.png,class0,0
169,cropped/strasbourg/2283.png,class0,0
169,cropped/strasbourg/2666.png,class5,5
169,cropped/strasbourg/2667.png,class0,0
169,cropped/strasbourg/2668.png,class0,0
169,cropped/strasbourg/2669.png,class0,0
169,cropped/strasbourg/2284.png,class0,0
169,cropped/strasbourg/2291.png,class0,0
169,cropped/strasbourg/1424.png,class0,0
169,cropped/strasbourg/1426.png,class0,0
169,cropped/strasbourg/2287.png,class0,0
169,cropped/strasbourg/1425.png,class0,0
169,cropped/strasbourg/2288.png,class0,0
169,cropped/strasbourg/1422.png,class5,5
169,cropped/strasbourg/2289.png,class0,0
170,cropped/strasbourg/1428.png,class0,0
170,cropped/strasbourg/1430.png,class0,0
170,cropped/strasbourg/1433.png,class0,0
170,cropped/strasbourg/1431.png,class0,0
170,cropped/strasbourg/1429.png,class0,0
170,cropped/strasbourg/1434.png,class4,4
170,cropped/strasbourg/1427.png,class0,0
170,cropped/strasbourg/796.png,class0,0
170,cropped/strasbourg/799.png,class0,0
170,cropped/strasbourg/807.png,class0,0
170,cropped/strasbourg/806.png,class0,0
170,cropped/strasbourg/804.png,class0,0
170,cropped/strasbourg/800.png,class0,0
170,cropped/strasbourg/803.png,class0,0
170,cropped/strasbourg/798.png,class0,0
170,cropped/strasbourg/801.png,class0,0
170,cropped/strasbourg/1872.png,class0,0
170,cropped/strasbourg/1867.png,class0,0
170,cropped/strasbourg/1865.png,class0,0
170,cropped/strasbourg/1870.png,class0,0
170,cropped/strasbourg/1764.png,class0,0
170,cropped/strasbourg/1866.png,class0,0
170,cropped/strasbourg/1871.png,class0,0
170,cropped/strasbourg/1765.png,class0,0
170,cropped/strasbourg/1770.png,class0,0
170,cropped/strasbourg/1766.png,class0,0
170,cropped/strasbourg/1772.png,class0,0
170,cropped/strasbourg/1774.png,class0,0
170,cropped/strasbourg/1769.png,class0,0
170,cropped/strasbourg/1768.png,class0,0
170,cropped/strasbourg/1775.png,class0,0
170,cropped/strasbourg/1773.png,class0,0
170,cropped/strasbourg/1780.png,class1,1
170,cropped/strasbourg/1781.png,class4,4
170,cropped/strasbourg/1782.png,class4,4
170,cropped/strasbourg/638.png,class0,0
170,cropped/strasbourg/639.png,class0,0
170,cropped/strasbourg/1783.png,class0,0
170,cropped/strasbourg/1776.png,class0,0
170,cropped/strasbourg/1777.png,class0,0
170,cropped/strasbourg/648.png,class1,1
170,cropped/strasbourg/640.png,class0,0
170,cropped/strasbourg/643.png,class1,1
170,cropped/strasbourg/641.png,class1,1
170,cropped/strasbourg/647.png,class1,1
170,cropped/strasbourg/644.png,class1,1
170,cropped/strasbourg/646.png,class1,1
170,cropped/strasbourg/642.png,class1,1
170,cropped/strasbourg/2571.png,class0,0
170,cropped/strasbourg/2569.png,class1,1
170,cropped/strasbourg/653.png,class1,1
170,cropped/strasbourg/2573.png,class0,0
170,cropped/strasbourg/650.png,class0,0
170,cropped/strasbourg/2572.png,class0,0
170,cropped/strasbourg/2570.png,class0,0
170,cropped/strasbourg/652.png,class1,1
170,cropped/strasbourg/2577.png,class0,0
170,cropped/strasbourg/2079.png,class0,0
170,cropped/strasbourg/2075.png,class0,0
170,cropped/strasbourg/2076.png,class0,0
170,cropped/strasbourg/2078.png,class0,0
170,cropped/strasbourg/2077.png,class0,0
170,cropped/strasbourg/2074.png,class0,0
170,cropped/strasbourg/2080.png,class1,1
170,cropped/strasbourg/2081.png,class0,0
170,cropped/strasbourg/2083.png,class0,0
170,cropped/strasbourg/2087.png,class0,0
170,cropped/strasbourg/2086.png,class0,0
170,cropped/strasbourg/2085.png,class0,0
170,cropped/strasbourg/2515.png,class0,0
170,cropped/strasbourg/2082.png,class0,0
170,cropped/strasbourg/2084.png,class0,0
170,cropped/strasbourg/2524.png,class0,0
170,cropped/strasbourg/2523.png,class4,4
170,cropped/strasbourg/2519.png,class0,0
170,cropped/strasbourg/2516.png,class0,0
170,cropped/strasbourg/2518.png,class4,4
170,cropped/strasbourg/2520.png,class0,0
170,cropped/strasbourg/2517.png,class0,0
170,cropped/strasbourg/2521.png,class0,0
171,cropped/strasbourg/2527.png,class0,0
171,cropped/strasbourg/2526.png,class0,0
171,cropped/strasbourg/1993.png,class4,4
171,cropped/strasbourg/1996.png,class0,0
171,cropped/strasbourg/1997.png,class0,0
171,cropped/strasbourg/1994.png,class0,0
171,cropped/strasbourg/1995.png,class0,0
171,cropped/strasbourg/2000.png,class0,0
171,cropped/strasbourg/40.png,class0,0
171,cropped/strasbourg/44.png,class0,0
171,cropped/strasbourg/42.png,class0,0
171,cropped/strasbourg/41.png,class0,0
171,cropped/strasbourg/37.png,class1,1
171,cropped/strasbourg/38.png,class0,0
171,cropped/strasbourg/46.png,class0,0
171,cropped/strasbourg/39.png,class0,0
171,cropped/strasbourg/51.png,class0,0
171,cropped/strasbourg/48.png,class0,0
171,cropped/strasbourg/47.png,class0,0
171,cropped/strasbourg/300.png,class5,5
171,cropped/strasbourg/54.png,class0,0
171,cropped/strasbourg/49.png,class4,4
171,cropped/strasbourg/53.png,class4,4
171,cropped/strasbourg/52.png,class0,0
171,cropped/strasbourg/306.png,class5,5
171,cropped/strasbourg/302.png,class4,4
171,cropped/strasbourg/305.png,class5,5
171,cropped/strasbourg/304.png,class5,5
171,cropped/strasbourg/307.png,class5,5
171,cropped/strasbourg/1387.png,class0,0
171,cropped/strasbourg/301.png,class0,0
171,cropped/strasbourg/303.png,class5,5
171,cropped/strasbourg/1399.png,class0,0
171,cropped/strasbourg/1390.png,class0,0
171,cropped/strasbourg/1391.png,class0,0
171,cropped/strasbourg/1393.png,class0,0
171,cropped/strasbourg/1392.png,class0,0
171,cropped/strasbourg/1395.png,class0,0
171,cropped/strasbourg/1396.png,class0,0
171,cropped/strasbourg/1394.png,class0,0
171,cropped/strasbourg/1506.png,class0,0
171,cropped/strasbourg/1503.png,class0,0
171,cropped/strasbourg/1509.png,class4,4
171,cropped/strasbourg/1505.png,class0,0
171,cropped/strasbourg/1507.png,class0,0
171,cropped/strasbourg/1508.png,class0,0
171,cropped/strasbourg/1502.png,class4,4
171,cropped/strasbourg/1501.png,class0,0
171,cropped/strasbourg/1831.png,class5,5
171,cropped/strasbourg/1436.png,class1,1
171,cropped/strasbourg/1830.png,class1,1
171,cropped/strasbourg/1437.png,class1,1
171,cropped/strasbourg/1829.png,class0,0
171,cropped/strasbourg/1439.png,class0,0
171,cropped/strasbourg/1832.png,class0,0
171,cropped/strasbourg/1828.png,class1,1
171,cropped/strasbourg/1018.png,class0,0
171,cropped/strasbourg/1019.png,class0,0
171,cropped/strasbourg/1016.png,class0,0
171,cropped/strasbourg/2013.png,class0,0
171,cropped/strasbourg/1015.png,class0,0
171,cropped/strasbourg/1014.png,class0,0
171,cropped/strasbourg/2012.png,class4,4
171,cropped/strasbourg/1441.png,class0,0
171,cropped/strasbourg/538.png,class1,1
171,cropped/strasbourg/1022.png,class0,0
171,cropped/strasbourg/1024.png,class0,0
171,cropped/strasbourg/1026.png,class0,0
171,cropped/strasbourg/1020.png,class4,4
171,cropped/strasbourg/537.png,class1,1
171,cropped/strasbourg/1023.png,class4,4
171,cropped/strasbourg/1025.png,class0,0
171,cropped/strasbourg/540.png,class1,1
171,cropped/strasbourg/229.png,class0,0
171,cropped/strasbourg/2001.png,class1,1
171,cropped/strasbourg/542.png,class1,1
171,cropped/strasbourg/230.png,class0,0
171,cropped/strasbourg/2002.png,class0,0
171,cropped/strasbourg/2003.png,class0,0
171,cropped/strasbourg/541.png,class1,1
172,cropped/strasbourg/670.png,class4,4
172,cropped/strasbourg/668.png,class1,1
172,cropped/strasbourg/662.png,class1,1
172,cropped/strasbourg/666.png,class0,0
172,cropped/strasbourg/663.png,class4,4
172,cropped/strasbourg/231.png,class5,5
172,cropped/strasbourg/665.png,class0,0
172,cropped/strasbourg/664.png,class0,0
172,cropped/strasbourg/632.png,class0,0
172,cropped/strasbourg/1349.png,class1,1
172,cropped/strasbourg/2323.png,class0,0
172,cropped/strasbourg/633.png,class0,0
172,cropped/strasbourg/630.png,class0,0
172,cropped/strasbourg/2325.png,class0,0
172,cropped/strasbourg/2324.png,class0,0
172,cropped/strasbourg/629.png,class0,0
172,cropped/strasbourg/1351.png,class1,1
172,cropped/strasbourg/7.png,class0,0
172,cropped/strasbourg/6.png,class4,4
172,cropped/strasbourg/8.png,class0,0
172,cropped/strasbourg/683.png,class0,0
172,cropped/strasbourg/1353.png,class0,0
172,cropped/strasbourg/1350.png,class1,1
172,cropped/strasbourg/682.png,class0,0
172,cropped/strasbourg/579.png,class0,0
172,cropped/strasbourg/578.png,class1,1
172,cropped/strasbourg/574.png,class1,1
172,cropped/strasbourg/581.png,class0,0
172,cropped/strasbourg/575.png,class1,1
172,cropped/strasbourg/1577.png,class1,1
172,cropped/strasbourg/576.png,class1,1
172,cropped/strasbourg/577.png,class1,1
172,cropped/strasbourg/1539.png,class1,1
172,cropped/strasbourg/1579.png,class1,1
172,cropped/strasbourg/1540.png,class1,1
172,cropped/strasbourg/1583.png,class1,1
172,cropped/strasbourg/1542.png,class1,1
172,cropped/strasbourg/1580.png,class1,1
172,cropped/strasbourg/1581.png,class1,1
172,cropped/strasbourg/1578.png,class1,1
172,cropped/strasbourg/2550.png,class1,1
172,cropped/strasbourg/2552.png,class1,1
172,cropped/strasbourg/2554.png,class1,1
172,cropped/strasbourg/1544.png,class0,0
172,cropped/strasbourg/2551.png,class1,1
172,cropped/strasbourg/2549.png,class1,1
172,cropped/strasbourg/2555.png,class1,1
172,cropped/strasbourg/2553.png,class1,1
172,cropped/strasbourg/1522.png,class1,1
172,cropped/strasbourg/1520.png,class1,1
172,cropped/strasbourg/2558.png,class5,5
172,cropped/strasbourg/1517.png,class4,4
172,cropped/strasbourg/1519.png,class0,0
172,cropped/strasbourg/1518.png,class4,4
172,cropped/strasbourg/2556.png,class3,3
172,cropped/strasbourg/1521.png,class1,1
172,cropped/strasbourg/1753.png,class0,0
172,cropped/strasbourg/1746.png,class0,0
172,cropped/strasbourg/1749.png,class0,0
172,cropped/strasbourg/1747.png,class0,0
172,cropped/strasbourg/1745.png,class0,0
172,cropped/strasbourg/1752.png,class0,0
172,cropped/strasbourg/1754.png,class0,0
172,cropped/strasbourg/1751.png,class0,0
172,cropped/strasbourg/2144.png,class0,0
172,cropped/strasbourg/2150.png,class0,0
172,cropped/strasbourg/2149.png,class0,0
172,cropped/strasbourg/2146.png,class0,0
172,cropped/strasbourg/2147.png,class0,0
172,cropped/strasbourg/2148.png,class0,0
172,cropped/strasbourg/2145.png,class0,0
172,cropped/strasbourg/1450.png,class1,1
172,cropped/strasbourg/658.png,class1,1
172,cropped/strasbourg/657.png,class1,1
172,cropped/strasbourg/794.png,class1,1
172,cropped/strasbourg/655.png,class1,1
172,cropped/strasbourg/793.png,class1,1
172,cropped/strasbourg/795.png,class1,1
172,cropped/strasbourg/656.png,class1,1
172,cropped/strasbourg/792.png,class1,1
173,cropped/stuttgart/392.png,class1,1
173,cropped/stuttgart/393.png,class1,1
173,cropped/stuttgart/403.png,class1,1
173,cropped/stuttgart/404.png,class1,1
173,cropped/stuttgart/402.png,class1,1
173,cropped/stuttgart/390.png,class1,1
173,cropped/stuttgart/391.png,class1,1
173,cropped/stuttgart/389.png,class1,1
173,cropped/stuttgart/147.png,class5,5
173,cropped/stuttgart/406.png,class2,2
173,cropped/stuttgart/144.png,class5,5
173,cropped/stuttgart/148.png,class1,1
173,cropped/stuttgart/142.png,class1,1
173,cropped/stuttgart/584.png,class1,1
173,cropped/stuttgart/405.png,class1,1
173,cropped/stuttgart/146.png,class5,5
173,cropped/stuttgart/1171.png,class1,1
173,cropped/stuttgart/483.png,class1,1
173,cropped/stuttgart/481.png,class0,0
173,cropped/stuttgart/482.png,class1,1
173,cropped/stuttgart/480.png,class3,3
173,cropped/stuttgart/742.png,class1,1
173,cropped/stuttgart/743.png,class1,1
173,cropped/stuttgart/741.png,class2,2
173,cropped/stuttgart/705.png,class1,1
173,cropped/stuttgart/706.png,class1,1
173,cropped/stuttgart/818.png,class1,1
173,cropped/stuttgart/819.png,class1,1
173,cropped/stuttgart/1460.png,class0,0
173,cropped/stuttgart/817.png,class1,1
173,cropped/stuttgart/187.png,class1,1
173,cropped/stuttgart/188.png,class1,1
173,cropped/stuttgart/710.png,class1,1
173,cropped/stuttgart/1476.png,class1,1
173,cropped/stuttgart/1475.png,class1,1
173,cropped/stuttgart/1474.png,class1,1
173,cropped/stuttgart/1477.png,class1,1
173,cropped/stuttgart/1473.png,class1,1
173,cropped/stuttgart/709.png,class1,1
173,cropped/stuttgart/1472.png,class1,1
173,cropped/stuttgart/1480.png,class1,1
173,cropped/stuttgart/1174.png,class4,4
173,cropped/stuttgart/466.png,class1,1
173,cropped/stuttgart/1173.png,class1,1
173,cropped/stuttgart/1177.png,class0,0
173,cropped/stuttgart/1479.png,class1,1
173,cropped/stuttgart/1175.png,class4,4
173,cropped/stuttgart/1478.png,class1,1
173,cropped/stuttgart/384.png,class1,1
173,cropped/stuttgart/469.png,class1,1
173,cropped/stuttgart/388.png,class1,1
173,cropped/stuttgart/387.png,class1,1
173,cropped/stuttgart/468.png,class1,1
173,cropped/stuttgart/386.png,class1,1
173,cropped/stuttgart/385.png,class0,0
173,cropped/stuttgart/383.png,class1,1
173,cropped/stuttgart/787.png,class1,1
173,cropped/stuttgart/788.png,class1,1
173,cropped/stuttgart/1639.png,class1,1
173,cropped/stuttgart/789.png,class1,1
173,cropped/stuttgart/1640.png,class5,5
173,cropped/stuttgart/1638.png,class1,1
173,cropped/stuttgart/785.png,class2,2
173,cropped/stuttgart/44.png,class2,2
173,cropped/stuttgart/46.png,class0,0
173,cropped/stuttgart/580.png,class1,1
173,cropped/stuttgart/554.png,class2,2
173,cropped/stuttgart/582.png,class4,4
173,cropped/stuttgart/47.png,class0,0
173,cropped/stuttgart/557.png,class0,0
173,cropped/stuttgart/555.png,class1,1
173,cropped/stuttgart/581.png,class0,0
173,cropped/stuttgart/1516.png,class1,1
173,cropped/stuttgart/237.png,class0,0
173,cropped/stuttgart/583.png,class0,0
173,cropped/stuttgart/1517.png,class0,0
173,cropped/stuttgart/241.png,class0,0
173,cropped/stuttgart/240.png,class0,0
173,cropped/stuttgart/1518.png,class0,0
173,cropped/stuttgart/238.png,class0,0
174,cropped/stuttgart/1167.png,class0,0
174,cropped/stuttgart/1169.png,class0,0
174,cropped/stuttgart/1166.png,class0,0
174,cropped/stuttgart/668.png,class0,0
174,cropped/stuttgart/667.png,class4,4
174,cropped/stuttgart/243.png,class0,0
174,cropped/stuttgart/242.png,class4,4
174,cropped/stuttgart/1165.png,class0,0
174,cropped/stuttgart/335.png,class0,0
174,cropped/stuttgart/765.png,class1,1
174,cropped/stuttgart/333.png,class0,0
174,cropped/stuttgart/334.png,class0,0
174,cropped/stuttgart/764.png,class1,1
174,cropped/stuttgart/767.png,class1,1
174,cropped/stuttgart/763.png,class1,1
174,cropped/stuttgart/762.png,class1,1
174,cropped/stuttgart/768.png,class1,1
174,cropped/stuttgart/771.png,class1,1
174,cropped/stuttgart/1300.png,class1,1
174,cropped/stuttgart/1299.png,class4,4
174,cropped/stuttgart/1301.png,class1,1
174,cropped/stuttgart/770.png,class1,1
174,cropped/stuttgart/769.png,class1,1
174,cropped/stuttgart/1298.png,class0,0
174,cropped/stuttgart/1214.png,class1,1
174,cropped/stuttgart/926.png,class1,1
174,cropped/stuttgart/927.png,class2,2
174,cropped/stuttgart/1215.png,class2,2
174,cropped/stuttgart/1216.png,class1,1
174,cropped/stuttgart/1217.png,class1,1
174,cropped/stuttgart/0.png,class1,1
174,cropped/stuttgart/1218.png,class1,1
174,cropped/stuttgart/929.png,class0,0
174,cropped/stuttgart/930.png,class1,1
174,cropped/stuttgart/882.png,class0,0
174,cropped/stuttgart/932.png,class1,1
174,cropped/stuttgart/928.png,class0,0
174,cropped/stuttgart/880.png,class0,0
174,cropped/stuttgart/931.png,class1,1
174,cropped/stuttgart/933.png,class1,1
174,cropped/stuttgart/883.png,class0,0
174,cropped/stuttgart/680.png,class0,0
174,cropped/stuttgart/885.png,class0,0
174,cropped/stuttgart/676.png,class1,1
174,cropped/stuttgart/681.png,class4,4
174,cropped/stuttgart/679.png,class5,5
174,cropped/stuttgart/677.png,class1,1
174,cropped/stuttgart/418.png,class0,0
174,cropped/stuttgart/1401.png,class1,1
174,cropped/stuttgart/1398.png,class1,1
174,cropped/stuttgart/1402.png,class0,0
174,cropped/stuttgart/1397.png,class0,0
174,cropped/stuttgart/1400.png,class1,1
174,cropped/stuttgart/1403.png,class0,0
174,cropped/stuttgart/1431.png,class2,2
174,cropped/stuttgart/1396.png,class0,0
174,cropped/stuttgart/1636.png,class1,1
174,cropped/stuttgart/1365.png,class2,2
174,cropped/stuttgart/1433.png,class1,1
174,cropped/stuttgart/1437.png,class1,1
174,cropped/stuttgart/1635.png,class1,1
174,cropped/stuttgart/1434.png,class1,1
174,cropped/stuttgart/1436.png,class1,1
174,cropped/stuttgart/1432.png,class1,1
174,cropped/stuttgart/1367.png,class1,1
174,cropped/stuttgart/1406.png,class1,1
174,cropped/stuttgart/1405.png,class1,1
174,cropped/stuttgart/1366.png,class1,1
174,cropped/stuttgart/1408.png,class1,1
174,cropped/stuttgart/1369.png,class1,1
174,cropped/stuttgart/1407.png,class1,1
174,cropped/stuttgart/1409.png,class1,1
174,cropped/stuttgart/422.png,class1,1
174,cropped/stuttgart/419.png,class1,1
174,cropped/stuttgart/1411.png,class1,1
174,cropped/stuttgart/423.png,class1,1
174,cropped/stuttgart/420.png,class1,1
174,cropped/stuttgart/425.png,class1,1
174,cropped/stuttgart/421.png,class1,1
174,cropped/stuttgart/424.png,class1,1
175,cropped/stuttgart/428.png,class1,1
175,cropped/stuttgart/427.png,class1,1
175,cropped/stuttgart/430.png,class1,1
175,cropped/stuttgart/1265.png,class1,1
175,cropped/stuttgart/429.png,class1,1
175,cropped/stuttgart/1264.png,class1,1
175,cropped/stuttgart/1262.png,class1,1
175,cropped/stuttgart/1263.png,class1,1
175,cropped/stuttgart/1271.png,class1,1
175,cropped/stuttgart/1267.png,class1,1
175,cropped/stuttgart/1272.png,class1,1
175,cropped/stuttgart/1273.png,class1,1
175,cropped/stuttgart/1269.png,class1,1
175,cropped/stuttgart/1274.png,class1,1
175,cropped/stuttgart/1275.png,class1,1
175,cropped/stuttgart/1268.png,class1,1
175,cropped/stuttgart/591.png,class1,1
175,cropped/stuttgart/1196.png,class1,1
175,cropped/stuttgart/1277.png,class1,1
175,cropped/stuttgart/1192.png,class1,1
175,cropped/stuttgart/592.png,class1,1
175,cropped/stuttgart/1195.png,class1,1
175,cropped/stuttgart/1197.png,class2,2
175,cropped/stuttgart/593.png,class1,1
175,cropped/stuttgart/598.png,class1,1
175,cropped/stuttgart/602.png,class1,1
175,cropped/stuttgart/596.png,class1,1
175,cropped/stuttgart/603.png,class1,1
175,cropped/stuttgart/599.png,class1,1
175,cropped/stuttgart/594.png,class1,1
175,cropped/stuttgart/600.png,class1,1
175,cropped/stuttgart/597.png,class1,1
175,cropped/stuttgart/1242.png,class1,1
175,cropped/stuttgart/604.png,class1,1
175,cropped/stuttgart/1243.png,class1,1
175,cropped/stuttgart/1244.png,class1,1
175,cropped/stuttgart/1241.png,class1,1
175,cropped/stuttgart/1247.png,class1,1
175,cropped/stuttgart/1248.png,class2,2
175,cropped/stuttgart/1246.png,class1,1
175,cropped/stuttgart/1292.png,class1,1
175,cropped/stuttgart/1291.png,class1,1
175,cropped/stuttgart/1294.png,class2,2
175,cropped/stuttgart/1288.png,class1,1
175,cropped/stuttgart/1290.png,class1,1
175,cropped/stuttgart/1296.png,class5,5
175,cropped/stuttgart/1289.png,class1,1
175,cropped/stuttgart/1293.png,class1,1
175,cropped/stuttgart/794.png,class1,1
175,cropped/stuttgart/1297.png,class0,0
175,cropped/stuttgart/792.png,class1,1
175,cropped/stuttgart/790.png,class1,1
175,cropped/stuttgart/793.png,class2,2
175,cropped/stuttgart/798.png,class1,1
175,cropped/stuttgart/796.png,class1,1
175,cropped/stuttgart/797.png,class1,1
175,cropped/stuttgart/803.png,class1,1
175,cropped/stuttgart/808.png,class1,1
175,cropped/stuttgart/799.png,class1,1
175,cropped/stuttgart/806.png,class1,1
175,cropped/stuttgart/807.png,class1,1
175,cropped/stuttgart/804.png,class1,1
175,cropped/stuttgart/805.png,class1,1
175,cropped/stuttgart/802.png,class1,1
175,cropped/stuttgart/811.png,class1,1
175,cropped/stuttgart/815.png,class1,1
175,cropped/stuttgart/809.png,class1,1
175,cropped/stuttgart/816.png,class1,1
175,cropped/stuttgart/812.png,class2,2
175,cropped/stuttgart/934.png,class1,1
175,cropped/stuttgart/813.png,class1,1
175,cropped/stuttgart/814.png,class1,1
175,cropped/stuttgart/937.png,class1,1
175,cropped/stuttgart/936.png,class1,1
175,cropped/stuttgart/940.png,class1,1
175,cropped/stuttgart/1025.png,class1,1
175,cropped/stuttgart/939.png,class1,1
175,cropped/stuttgart/1023.png,class2,2
175,cropped/stuttgart/938.png,class1,1
175,cropped/stuttgart/1022.png,class1,1
176,cropped/stuttgart/1388.png,class1,1
176,cropped/stuttgart/1026.png,class2,2
176,cropped/stuttgart/1391.png,class0,0
176,cropped/stuttgart/1393.png,class1,1
176,cropped/stuttgart/1389.png,class1,1
176,cropped/stuttgart/1385.png,class1,1
176,cropped/stuttgart/1390.png,class1,1
176,cropped/stuttgart/1392.png,class0,0
176,cropped/stuttgart/1395.png,class2,2
176,cropped/stuttgart/368.png,class1,1
176,cropped/stuttgart/1394.png,class1,1
176,cropped/stuttgart/370.png,class1,1
176,cropped/stuttgart/371.png,class1,1
176,cropped/stuttgart/373.png,class2,2
176,cropped/stuttgart/367.png,class1,1
176,cropped/stuttgart/369.png,class1,1
176,cropped/stuttgart/158.png,class4,4
176,cropped/stuttgart/152.png,class1,1
176,cropped/stuttgart/153.png,class1,1
176,cropped/stuttgart/157.png,class1,1
176,cropped/stuttgart/151.png,class2,2
176,cropped/stuttgart/149.png,class1,1
176,cropped/stuttgart/155.png,class2,2
176,cropped/stuttgart/154.png,class1,1
176,cropped/stuttgart/219.png,class1,1
176,cropped/stuttgart/217.png,class1,1
176,cropped/stuttgart/221.png,class5,5
176,cropped/stuttgart/216.png,class2,2
176,cropped/stuttgart/220.png,class1,1
176,cropped/stuttgart/223.png,class5,5
176,cropped/stuttgart/215.png,class1,1
176,cropped/stuttgart/214.png,class1,1
176,cropped/stuttgart/922.png,class1,1
176,cropped/stuttgart/1201.png,class1,1
176,cropped/stuttgart/923.png,class1,1
176,cropped/stuttgart/1199.png,class1,1
176,cropped/stuttgart/1198.png,class2,2
176,cropped/stuttgart/1200.png,class1,1
176,cropped/stuttgart/919.png,class2,2
176,cropped/stuttgart/920.png,class1,1
176,cropped/stuttgart/1118.png,class1,1
176,cropped/stuttgart/1114.png,class1,1
176,cropped/stuttgart/1203.png,class1,1
176,cropped/stuttgart/1111.png,class1,1
176,cropped/stuttgart/1119.png,class1,1
176,cropped/stuttgart/1113.png,class1,1
176,cropped/stuttgart/1115.png,class1,1
176,cropped/stuttgart/1116.png,class1,1
176,cropped/stuttgart/41.png,class0,0
176,cropped/stuttgart/38.png,class3,3
176,cropped/stuttgart/43.png,class2,2
176,cropped/stuttgart/49.png,class1,1
176,cropped/stuttgart/37.png,class2,2
176,cropped/stuttgart/39.png,class0,0
176,cropped/stuttgart/40.png,class0,0
176,cropped/stuttgart/50.png,class1,1
176,cropped/stuttgart/523.png,class1,1
176,cropped/stuttgart/900.png,class1,1
176,cropped/stuttgart/902.png,class1,1
176,cropped/stuttgart/525.png,class1,1
176,cropped/stuttgart/53.png,class1,1
176,cropped/stuttgart/52.png,class1,1
176,cropped/stuttgart/524.png,class1,1
176,cropped/stuttgart/522.png,class1,1
176,cropped/stuttgart/908.png,class1,1
176,cropped/stuttgart/905.png,class1,1
176,cropped/stuttgart/904.png,class1,1
176,cropped/stuttgart/906.png,class1,1
176,cropped/stuttgart/77.png,class1,1
176,cropped/stuttgart/907.png,class1,1
176,cropped/stuttgart/76.png,class1,1
176,cropped/stuttgart/910.png,class1,1
176,cropped/stuttgart/79.png,class1,1
176,cropped/stuttgart/84.png,class1,1
176,cropped/stuttgart/87.png,class1,1
176,cropped/stuttgart/85.png,class1,1
176,cropped/stuttgart/82.png,class1,1
176,cropped/stuttgart/78.png,class1,1
176,cropped/stuttgart/80.png,class1,1
176,cropped/stuttgart/81.png,class1,1
177,cropped/stuttgart/278.png,class1,1
177,cropped/stuttgart/89.png,class1,1
177,cropped/stuttgart/277.png,class1,1
177,cropped/stuttgart/272.png,class1,1
177,cropped/stuttgart/273.png,class1,1
177,cropped/stuttgart/88.png,class1,1
177,cropped/stuttgart/275.png,class1,1
177,cropped/stuttgart/276.png,class2,2
177,cropped/stuttgart/1499.png,class1,1
177,cropped/stuttgart/1501.png,class1,1
177,cropped/stuttgart/1498.png,class1,1
177,cropped/stuttgart/1500.png,class1,1
177,cropped/stuttgart/1502.png,class1,1
177,cropped/stuttgart/1504.png,class1,1
177,cropped/stuttgart/1505.png,class1,1
177,cropped/stuttgart/1497.png,class0,0
177,cropped/stuttgart/1078.png,class1,1
177,cropped/stuttgart/1081.png,class1,1
177,cropped/stuttgart/1079.png,class1,1
177,cropped/stuttgart/1080.png,class1,1
177,cropped/stuttgart/1077.png,class1,1
177,cropped/stuttgart/1507.png,class1,1
177,cropped/stuttgart/1082.png,class1,1
177,cropped/stuttgart/1075.png,class1,1
177,cropped/stuttgart/1087.png,class1,1
177,cropped/stuttgart/1146.png,class1,1
177,cropped/stuttgart/1145.png,class5,5
177,cropped/stuttgart/1085.png,class1,1
177,cropped/stuttgart/1144.png,class2,2
177,cropped/stuttgart/1148.png,class1,1
177,cropped/stuttgart/1143.png,class1,1
177,cropped/stuttgart/1147.png,class5,5
177,cropped/stuttgart/1092.png,class1,1
177,cropped/stuttgart/1090.png,class1,1
177,cropped/stuttgart/1095.png,class2,2
177,cropped/stuttgart/636.png,class1,1
177,cropped/stuttgart/1094.png,class1,1
177,cropped/stuttgart/635.png,class1,1
177,cropped/stuttgart/1088.png,class1,1
177,cropped/stuttgart/1089.png,class1,1
177,cropped/stuttgart/646.png,class1,1
177,cropped/stuttgart/640.png,class1,1
177,cropped/stuttgart/639.png,class1,1
177,cropped/stuttgart/642.png,class1,1
177,cropped/stuttgart/638.png,class1,1
177,cropped/stuttgart/641.png,class1,1
177,cropped/stuttgart/643.png,class1,1
177,cropped/stuttgart/644.png,class1,1
177,cropped/stuttgart/458.png,class1,1
177,cropped/stuttgart/457.png,class1,1
177,cropped/stuttgart/647.png,class1,1
177,cropped/stuttgart/460.png,class1,1
177,cropped/stuttgart/462.png,class1,1
177,cropped/stuttgart/456.png,class1,1
177,cropped/stuttgart/463.png,class1,1
177,cropped/stuttgart/459.png,class0,0
177,cropped/stuttgart/380.png,class1,1
177,cropped/stuttgart/374.png,class1,1
177,cropped/stuttgart/379.png,class1,1
177,cropped/stuttgart/381.png,class1,1
177,cropped/stuttgart/378.png,class1,1
177,cropped/stuttgart/377.png,class1,1
177,cropped/stuttgart/464.png,class1,1
177,cropped/stuttgart/375.png,class1,1
177,cropped/stuttgart/341.png,class1,1
177,cropped/stuttgart/1279.png,class1,1
177,cropped/stuttgart/336.png,class1,1
177,cropped/stuttgart/1278.png,class1,1
177,cropped/stuttgart/339.png,class1,1
177,cropped/stuttgart/338.png,class1,1
177,cropped/stuttgart/382.png,class1,1
177,cropped/stuttgart/337.png,class2,2
177,cropped/stuttgart/100.png,class1,1
177,cropped/stuttgart/1284.png,class1,1
177,cropped/stuttgart/1285.png,class1,1
177,cropped/stuttgart/1282.png,class1,1
177,cropped/stuttgart/1287.png,class1,1
177,cropped/stuttgart/98.png,class1,1
177,cropped/stuttgart/1286.png,class1,1
177,cropped/stuttgart/1283.png,class1,1
178,cropped/stuttgart/104.png,class1,1
178,cropped/stuttgart/670.png,class1,1
178,cropped/stuttgart/672.png,class1,1
178,cropped/stuttgart/674.png,class0,0
178,cropped/stuttgart/102.png,class1,1
178,cropped/stuttgart/673.png,class2,2
178,cropped/stuttgart/101.png,class1,1
178,cropped/stuttgart/103.png,class1,1
178,cropped/stuttgart/408.png,class4,4
178,cropped/stuttgart/412.png,class0,0
178,cropped/stuttgart/415.png,class1,1
178,cropped/stuttgart/675.png,class3,3
178,cropped/stuttgart/411.png,class0,0
178,cropped/stuttgart/407.png,class2,2
178,cropped/stuttgart/409.png,class0,0
178,cropped/stuttgart/410.png,class0,0
178,cropped/stuttgart/416.png,class1,1
178,cropped/stuttgart/1586.png,class1,1
178,cropped/stuttgart/1591.png,class1,1
178,cropped/stuttgart/1589.png,class1,1
178,cropped/stuttgart/1588.png,class1,1
178,cropped/stuttgart/1587.png,class1,1
178,cropped/stuttgart/1585.png,class1,1
178,cropped/stuttgart/1590.png,class1,1
178,cropped/stuttgart/1524.png,class1,1
178,cropped/stuttgart/1520.png,class0,0
178,cropped/stuttgart/1593.png,class1,1
178,cropped/stuttgart/1522.png,class1,1
178,cropped/stuttgart/1523.png,class1,1
178,cropped/stuttgart/1594.png,class1,1
178,cropped/stuttgart/1521.png,class0,0
178,cropped/stuttgart/1595.png,class1,1
178,cropped/stuttgart/1527.png,class1,1
178,cropped/stuttgart/962.png,class1,1
178,cropped/stuttgart/963.png,class1,1
178,cropped/stuttgart/1528.png,class1,1
178,cropped/stuttgart/967.png,class1,1
178,cropped/stuttgart/966.png,class1,1
178,cropped/stuttgart/964.png,class1,1
178,cropped/stuttgart/1526.png,class1,1
178,cropped/stuttgart/970.png,class1,1
178,cropped/stuttgart/1038.png,class1,1
178,cropped/stuttgart/968.png,class1,1
178,cropped/stuttgart/974.png,class1,1
178,cropped/stuttgart/973.png,class1,1
178,cropped/stuttgart/972.png,class1,1
178,cropped/stuttgart/969.png,class1,1
178,cropped/stuttgart/975.png,class1,1
178,cropped/stuttgart/301.png,class1,1
178,cropped/stuttgart/1040.png,class0,0
178,cropped/stuttgart/300.png,class0,0
178,cropped/stuttgart/302.png,class1,1
178,cropped/stuttgart/1039.png,class1,1
178,cropped/stuttgart/1043.png,class1,1
178,cropped/stuttgart/1044.png,class1,1
178,cropped/stuttgart/1045.png,class1,1
178,cropped/stuttgart/309.png,class1,1
178,cropped/stuttgart/310.png,class1,1
178,cropped/stuttgart/303.png,class1,1
178,cropped/stuttgart/306.png,class1,1
178,cropped/stuttgart/307.png,class1,1
178,cropped/stuttgart/924.png,class1,1
178,cropped/stuttgart/305.png,class1,1
178,cropped/stuttgart/308.png,class0,0
178,cropped/stuttgart/177.png,class1,1
178,cropped/stuttgart/176.png,class1,1
178,cropped/stuttgart/184.png,class1,1
178,cropped/stuttgart/182.png,class1,1
178,cropped/stuttgart/181.png,class1,1
178,cropped/stuttgart/183.png,class1,1
178,cropped/stuttgart/178.png,class1,1
178,cropped/stuttgart/179.png,class1,1
178,cropped/stuttgart/889.png,class1,1
178,cropped/stuttgart/886.png,class1,1
178,cropped/stuttgart/887.png,class1,1
178,cropped/stuttgart/1052.png,class1,1
178,cropped/stuttgart/1053.png,class1,1
178,cropped/stuttgart/1054.png,class1,1
178,cropped/stuttgart/186.png,class1,1
178,cropped/stuttgart/888.png,class1,1
179,cropped/stuttgart/1058.png,class1,1
179,cropped/stuttgart/1057.png,class1,1
179,cropped/stuttgart/1060.png,class1,1
179,cropped/stuttgart/1059.png,class1,1
179,cropped/stuttgart/1064.png,class1,1
179,cropped/stuttgart/1055.png,class1,1
179,cropped/stuttgart/1061.png,class1,1
179,cropped/stuttgart/1062.png,class1,1
179,cropped/stuttgart/1066.png,class1,1
179,cropped/stuttgart/1067.png,class1,1
179,cropped/stuttgart/1014.png,class1,1
179,cropped/stuttgart/1065.png,class1,1
179,cropped/stuttgart/1068.png,class1,1
179,cropped/stuttgart/131.png,class1,1
179,cropped/stuttgart/128.png,class1,1
179,cropped/stuttgart/129.png,class1,1
179,cropped/stuttgart/1019.png,class1,1
179,cropped/stuttgart/1020.png,class1,1
179,cropped/stuttgart/56.png,class1,1
179,cropped/stuttgart/55.png,class1,1
179,cropped/stuttgart/1018.png,class2,2
179,cropped/stuttgart/1017.png,class1,1
179,cropped/stuttgart/1021.png,class1,1
179,cropped/stuttgart/1016.png,class1,1
179,cropped/stuttgart/1333.png,class1,1
179,cropped/stuttgart/58.png,class1,1
179,cropped/stuttgart/57.png,class1,1
179,cropped/stuttgart/1332.png,class1,1
179,cropped/stuttgart/61.png,class5,5
179,cropped/stuttgart/60.png,class1,1
179,cropped/stuttgart/1331.png,class1,1
179,cropped/stuttgart/59.png,class1,1
179,cropped/stuttgart/1340.png,class1,1
179,cropped/stuttgart/1334.png,class1,1
179,cropped/stuttgart/1343.png,class0,0
179,cropped/stuttgart/1338.png,class1,1
179,cropped/stuttgart/1342.png,class0,0
179,cropped/stuttgart/1336.png,class0,0
179,cropped/stuttgart/1335.png,class1,1
179,cropped/stuttgart/1337.png,class1,1
179,cropped/stuttgart/1230.png,class1,1
179,cropped/stuttgart/1233.png,class1,1
179,cropped/stuttgart/1232.png,class1,1
179,cropped/stuttgart/1234.png,class1,1
179,cropped/stuttgart/1235.png,class1,1
179,cropped/stuttgart/486.png,class1,1
179,cropped/stuttgart/484.png,class1,1
179,cropped/stuttgart/1344.png,class0,0
179,cropped/stuttgart/1539.png,class1,1
179,cropped/stuttgart/1239.png,class1,1
179,cropped/stuttgart/1538.png,class1,1
179,cropped/stuttgart/1537.png,class5,5
179,cropped/stuttgart/1238.png,class1,1
179,cropped/stuttgart/1236.png,class1,1
179,cropped/stuttgart/1536.png,class0,0
179,cropped/stuttgart/1240.png,class1,1
179,cropped/stuttgart/1547.png,class1,1
179,cropped/stuttgart/1545.png,class0,0
179,cropped/stuttgart/1542.png,class1,1
179,cropped/stuttgart/1546.png,class0,0
179,cropped/stuttgart/10.png,class1,1
179,cropped/stuttgart/1541.png,class1,1
179,cropped/stuttgart/1544.png,class0,0
179,cropped/stuttgart/1543.png,class1,1
179,cropped/stuttgart/731.png,class0,0
179,cropped/stuttgart/16.png,class5,5
179,cropped/stuttgart/14.png,class1,1
179,cropped/stuttgart/13.png,class1,1
179,cropped/stuttgart/733.png,class0,0
179,cropped/stuttgart/12.png,class1,1
179,cropped/stuttgart/17.png,class5,5
179,cropped/stuttgart/734.png,class1,1
179,cropped/stuttgart/740.png,class1,1
179,cropped/stuttgart/193.png,class1,1
179,cropped/stuttgart/195.png,class1,1
179,cropped/stuttgart/739.png,class1,1
179,cropped/stuttgart/738.png,class1,1
179,cropped/stuttgart/194.png,class1,1
179,cropped/stuttgart/735.png,class2,2
179,cropped/stuttgart/196.png,class1,1
180,cropped/stuttgart/197.png,class1,1
180,cropped/stuttgart/198.png,class1,1
180,cropped/stuttgart/914.png,class1,1
180,cropped/stuttgart/911.png,class1,1
180,cropped/stuttgart/915.png,class5,5
180,cropped/stuttgart/200.png,class1,1
180,cropped/stuttgart/201.png,class1,1
180,cropped/stuttgart/913.png,class1,1
180,cropped/stuttgart/748.png,class1,1
180,cropped/stuttgart/747.png,class1,1
180,cropped/stuttgart/916.png,class0,0
180,cropped/stuttgart/749.png,class1,1
180,cropped/stuttgart/750.png,class1,1
180,cropped/stuttgart/746.png,class1,1
180,cropped/stuttgart/745.png,class2,2
180,cropped/stuttgart/918.png,class0,0
180,cropped/stuttgart/753.png,class1,1
180,cropped/stuttgart/1412.png,class1,1
180,cropped/stuttgart/754.png,class1,1
180,cropped/stuttgart/1414.png,class1,1
180,cropped/stuttgart/757.png,class1,1
180,cropped/stuttgart/1413.png,class1,1
180,cropped/stuttgart/755.png,class1,1
180,cropped/stuttgart/758.png,class4,4
180,cropped/stuttgart/1420.png,class1,1
180,cropped/stuttgart/1419.png,class1,1
180,cropped/stuttgart/1421.png,class0,0
180,cropped/stuttgart/1417.png,class1,1
180,cropped/stuttgart/107.png,class1,1
180,cropped/stuttgart/1416.png,class1,1
180,cropped/stuttgart/1418.png,class1,1
180,cropped/stuttgart/106.png,class1,1
180,cropped/stuttgart/111.png,class1,1
180,cropped/stuttgart/114.png,class1,1
180,cropped/stuttgart/110.png,class1,1
180,cropped/stuttgart/113.png,class1,1
180,cropped/stuttgart/116.png,class1,1
180,cropped/stuttgart/115.png,class1,1
180,cropped/stuttgart/487.png,class1,1
180,cropped/stuttgart/108.png,class1,1
180,cropped/stuttgart/490.png,class1,1
180,cropped/stuttgart/494.png,class1,1
180,cropped/stuttgart/493.png,class1,1
180,cropped/stuttgart/495.png,class1,1
180,cropped/stuttgart/497.png,class1,1
180,cropped/stuttgart/492.png,class1,1
180,cropped/stuttgart/496.png,class1,1
180,cropped/stuttgart/491.png,class1,1
180,cropped/stuttgart/502.png,class1,1
180,cropped/stuttgart/1462.png,class5,5
180,cropped/stuttgart/1463.png,class1,1
180,cropped/stuttgart/501.png,class1,1
180,cropped/stuttgart/498.png,class1,1
180,cropped/stuttgart/1465.png,class1,1
180,cropped/stuttgart/499.png,class1,1
180,cropped/stuttgart/1466.png,class1,1
180,cropped/stuttgart/1306.png,class1,1
180,cropped/stuttgart/1305.png,class1,1
180,cropped/stuttgart/1470.png,class0,0
180,cropped/stuttgart/1307.png,class5,5
180,cropped/stuttgart/1468.png,class1,1
180,cropped/stuttgart/1471.png,class0,0
180,cropped/stuttgart/1308.png,class1,1
180,cropped/stuttgart/1467.png,class1,1
180,cropped/stuttgart/1438.png,class3,3
180,cropped/stuttgart/1444.png,class0,0
180,cropped/stuttgart/1442.png,class1,1
180,cropped/stuttgart/1446.png,class1,1
180,cropped/stuttgart/1310.png,class1,1
180,cropped/stuttgart/1439.png,class1,1
180,cropped/stuttgart/1445.png,class1,1
180,cropped/stuttgart/1440.png,class1,1
180,cropped/stuttgart/840.png,class1,1
180,cropped/stuttgart/837.png,class2,2
180,cropped/stuttgart/834.png,class1,1
180,cropped/stuttgart/841.png,class1,1
180,cropped/stuttgart/839.png,class1,1
180,cropped/stuttgart/836.png,class0,0
180,cropped/stuttgart/838.png,class1,1
180,cropped/stuttgart/842.png,class1,1
181,cropped/stuttgart/1447.png,class0,0
181,cropped/stuttgart/1448.png,class0,0
181,cropped/stuttgart/661.png,class1,1
181,cropped/stuttgart/1450.png,class0,0
181,cropped/stuttgart/270.png,class0,0
181,cropped/stuttgart/1449.png,class0,0
181,cropped/stuttgart/843.png,class1,1
181,cropped/stuttgart/269.png,class1,1
181,cropped/stuttgart/474.png,class1,1
181,cropped/stuttgart/662.png,class5,5
181,cropped/stuttgart/666.png,class0,0
181,cropped/stuttgart/470.png,class1,1
181,cropped/stuttgart/471.png,class1,1
181,cropped/stuttgart/663.png,class1,1
181,cropped/stuttgart/665.png,class0,0
181,cropped/stuttgart/473.png,class1,1
181,cropped/stuttgart/994.png,class1,1
181,cropped/stuttgart/477.png,class0,0
181,cropped/stuttgart/478.png,class0,0
181,cropped/stuttgart/993.png,class2,2
181,cropped/stuttgart/992.png,class1,1
181,cropped/stuttgart/476.png,class0,0
181,cropped/stuttgart/475.png,class1,1
181,cropped/stuttgart/995.png,class1,1
181,cropped/stuttgart/617.png,class1,1
181,cropped/stuttgart/614.png,class1,1
181,cropped/stuttgart/613.png,class1,1
181,cropped/stuttgart/615.png,class0,0
181,cropped/stuttgart/618.png,class1,1
181,cropped/stuttgart/610.png,class1,1
181,cropped/stuttgart/611.png,class1,1
181,cropped/stuttgart/616.png,class0,0
181,cropped/stuttgart/1182.png,class1,1
181,cropped/stuttgart/1184.png,class1,1
181,cropped/stuttgart/622.png,class1,1
181,cropped/stuttgart/1178.png,class1,1
181,cropped/stuttgart/1180.png,class1,1
181,cropped/stuttgart/1183.png,class1,1
181,cropped/stuttgart/621.png,class1,1
181,cropped/stuttgart/620.png,class5,5
181,cropped/stuttgart/1191.png,class1,1
181,cropped/stuttgart/1028.png,class1,1
181,cropped/stuttgart/1189.png,class1,1
181,cropped/stuttgart/1029.png,class1,1
181,cropped/stuttgart/1188.png,class1,1
181,cropped/stuttgart/1190.png,class1,1
181,cropped/stuttgart/1186.png,class0,0
181,cropped/stuttgart/1185.png,class4,4
181,cropped/stuttgart/1037.png,class1,1
181,cropped/stuttgart/1034.png,class1,1
181,cropped/stuttgart/1453.png,class1,1
181,cropped/stuttgart/1033.png,class1,1
181,cropped/stuttgart/1031.png,class1,1
181,cropped/stuttgart/1036.png,class1,1
181,cropped/stuttgart/1035.png,class1,1
181,cropped/stuttgart/1032.png,class1,1
181,cropped/stuttgart/1459.png,class0,0
181,cropped/stuttgart/189.png,class0,0
181,cropped/stuttgart/1457.png,class0,0
181,cropped/stuttgart/1455.png,class1,1
181,cropped/stuttgart/190.png,class0,0
181,cropped/stuttgart/192.png,class0,0
181,cropped/stuttgart/1458.png,class4,4
181,cropped/stuttgart/1456.png,class0,0
181,cropped/stuttgart/821.png,class1,1
181,cropped/stuttgart/947.png,class1,1
181,cropped/stuttgart/822.png,class1,1
181,cropped/stuttgart/824.png,class0,0
181,cropped/stuttgart/946.png,class1,1
181,cropped/stuttgart/944.png,class1,1
181,cropped/stuttgart/943.png,class5,5
181,cropped/stuttgart/945.png,class1,1
181,cropped/stuttgart/1530.png,class1,1
181,cropped/stuttgart/831.png,class1,1
181,cropped/stuttgart/828.png,class1,1
181,cropped/stuttgart/829.png,class1,1
181,cropped/stuttgart/826.png,class5,5
181,cropped/stuttgart/830.png,class1,1
181,cropped/stuttgart/825.png,class1,1
181,cropped/stuttgart/827.png,class5,5
182,cropped/stuttgart/1534.png,class1,1
182,cropped/stuttgart/448.png,class1,1
182,cropped/stuttgart/1533.png,class1,1
182,cropped/stuttgart/1532.png,class1,1
182,cropped/stuttgart/445.png,class1,1
182,cropped/stuttgart/446.png,class1,1
182,cropped/stuttgart/1535.png,class1,1
182,cropped/stuttgart/447.png,class1,1
182,cropped/stuttgart/979.png,class1,1
182,cropped/stuttgart/449.png,class1,1
182,cropped/stuttgart/450.png,class1,1
182,cropped/stuttgart/451.png,class1,1
182,cropped/stuttgart/453.png,class1,1
182,cropped/stuttgart/977.png,class5,5
182,cropped/stuttgart/452.png,class1,1
182,cropped/stuttgart/292.png,class1,1
182,cropped/stuttgart/295.png,class1,1
182,cropped/stuttgart/296.png,class1,1
182,cropped/stuttgart/1376.png,class1,1
182,cropped/stuttgart/1377.png,class1,1
182,cropped/stuttgart/860.png,class1,1
182,cropped/stuttgart/859.png,class1,1
182,cropped/stuttgart/861.png,class1,1
182,cropped/stuttgart/294.png,class1,1
182,cropped/stuttgart/862.png,class1,1
182,cropped/stuttgart/587.png,class4,4
182,cropped/stuttgart/867.png,class1,1
182,cropped/stuttgart/865.png,class1,1
182,cropped/stuttgart/866.png,class1,1
182,cropped/stuttgart/586.png,class1,1
182,cropped/stuttgart/585.png,class1,1
182,cropped/stuttgart/863.png,class1,1
182,cropped/stuttgart/1562.png,class1,1
182,cropped/stuttgart/1566.png,class1,1
182,cropped/stuttgart/1565.png,class1,1
182,cropped/stuttgart/588.png,class1,1
182,cropped/stuttgart/589.png,class1,1
182,cropped/stuttgart/1561.png,class1,1
182,cropped/stuttgart/590.png,class2,2
182,cropped/stuttgart/1567.png,class1,1
182,cropped/stuttgart/1122.png,class1,1
182,cropped/stuttgart/1123.png,class1,1
182,cropped/stuttgart/1571.png,class1,1
182,cropped/stuttgart/1569.png,class1,1
182,cropped/stuttgart/1570.png,class1,1
182,cropped/stuttgart/1121.png,class1,1
182,cropped/stuttgart/1120.png,class1,1
182,cropped/stuttgart/1568.png,class1,1
182,cropped/stuttgart/225.png,class1,1
182,cropped/stuttgart/233.png,class1,1
182,cropped/stuttgart/231.png,class1,1
182,cropped/stuttgart/232.png,class1,1
182,cropped/stuttgart/230.png,class1,1
182,cropped/stuttgart/226.png,class1,1
182,cropped/stuttgart/227.png,class1,1
182,cropped/stuttgart/228.png,class1,1
182,cropped/stuttgart/849.png,class1,1
182,cropped/stuttgart/844.png,class1,1
182,cropped/stuttgart/850.png,class1,1
182,cropped/stuttgart/847.png,class2,2
182,cropped/stuttgart/852.png,class1,1
182,cropped/stuttgart/851.png,class1,1
182,cropped/stuttgart/845.png,class1,1
182,cropped/stuttgart/848.png,class1,1
182,cropped/stuttgart/854.png,class1,1
182,cropped/stuttgart/25.png,class1,1
182,cropped/stuttgart/21.png,class1,1
182,cropped/stuttgart/20.png,class1,1
182,cropped/stuttgart/855.png,class1,1
182,cropped/stuttgart/23.png,class1,1
182,cropped/stuttgart/22.png,class2,2
182,cropped/stuttgart/19.png,class1,1
182,cropped/stuttgart/33.png,class1,1
182,cropped/stuttgart/30.png,class1,1
182,cropped/stuttgart/34.png,class1,1
182,cropped/stuttgart/27.png,class1,1
182,cropped/stuttgart/29.png,class1,1
182,cropped/stuttgart/28.png,class1,1
182,cropped/stuttgart/31.png,class0,0
182,cropped/stuttgart/32.png,class1,1
183,cropped/stuttgart/174.png,class1,1
183,cropped/stuttgart/1423.png,class1,1
183,cropped/stuttgart/1422.png,class1,1
183,cropped/stuttgart/171.png,class1,1
183,cropped/stuttgart/172.png,class1,1
183,cropped/stuttgart/169.png,class1,1
183,cropped/stuttgart/170.png,class1,1
183,cropped/stuttgart/173.png,class1,1
183,cropped/stuttgart/1425.png,class4,4
183,cropped/stuttgart/1149.png,class1,1
183,cropped/stuttgart/1430.png,class0,0
183,cropped/stuttgart/1424.png,class1,1
183,cropped/stuttgart/1426.png,class0,0
183,cropped/stuttgart/1427.png,class0,0
183,cropped/stuttgart/1151.png,class1,1
183,cropped/stuttgart/1429.png,class0,0
183,cropped/stuttgart/1156.png,class0,0
183,cropped/stuttgart/1482.png,class1,1
183,cropped/stuttgart/1484.png,class1,1
183,cropped/stuttgart/1154.png,class1,1
183,cropped/stuttgart/1483.png,class1,1
183,cropped/stuttgart/1152.png,class2,2
183,cropped/stuttgart/1485.png,class1,1
183,cropped/stuttgart/1155.png,class0,0
183,cropped/stuttgart/1490.png,class1,1
183,cropped/stuttgart/1492.png,class1,1
183,cropped/stuttgart/1489.png,class1,1
183,cropped/stuttgart/1493.png,class1,1
183,cropped/stuttgart/342.png,class1,1
183,cropped/stuttgart/343.png,class1,1
183,cropped/stuttgart/1487.png,class1,1
183,cropped/stuttgart/1486.png,class1,1
183,cropped/stuttgart/345.png,class1,1
183,cropped/stuttgart/347.png,class1,1
183,cropped/stuttgart/346.png,class1,1
183,cropped/stuttgart/349.png,class1,1
183,cropped/stuttgart/132.png,class1,1
183,cropped/stuttgart/134.png,class1,1
183,cropped/stuttgart/135.png,class1,1
183,cropped/stuttgart/133.png,class1,1
183,cropped/stuttgart/137.png,class1,1
183,cropped/stuttgart/138.png,class1,1
183,cropped/stuttgart/1110.png,class1,1
183,cropped/stuttgart/1108.png,class0,0
183,cropped/stuttgart/1107.png,class0,0
183,cropped/stuttgart/1109.png,class1,1
183,cropped/stuttgart/141.png,class1,1
183,cropped/stuttgart/140.png,class1,1
183,cropped/stuttgart/1363.png,class1,1
183,cropped/stuttgart/1364.png,class1,1
183,cropped/stuttgart/1356.png,class1,1
183,cropped/stuttgart/1362.png,class2,2
183,cropped/stuttgart/1360.png,class1,1
183,cropped/stuttgart/1358.png,class4,4
183,cropped/stuttgart/1355.png,class1,1
183,cropped/stuttgart/1361.png,class1,1
183,cropped/stuttgart/1221.png,class0,0
183,cropped/stuttgart/1224.png,class0,0
183,cropped/stuttgart/1227.png,class1,1
183,cropped/stuttgart/1226.png,class0,0
183,cropped/stuttgart/1220.png,class1,1
183,cropped/stuttgart/1223.png,class0,0
183,cropped/stuttgart/1228.png,class3,3
183,cropped/stuttgart/1225.png,class0,0
183,cropped/stuttgart/287.png,class1,1
183,cropped/stuttgart/284.png,class1,1
183,cropped/stuttgart/283.png,class1,1
183,cropped/stuttgart/286.png,class1,1
183,cropped/stuttgart/280.png,class1,1
183,cropped/stuttgart/282.png,class1,1
183,cropped/stuttgart/279.png,class1,1
183,cropped/stuttgart/1229.png,class1,1
183,cropped/stuttgart/290.png,class1,1
183,cropped/stuttgart/1134.png,class1,1
183,cropped/stuttgart/1136.png,class1,1
183,cropped/stuttgart/1132.png,class1,1
183,cropped/stuttgart/1133.png,class1,1
183,cropped/stuttgart/291.png,class1,1
183,cropped/stuttgart/1135.png,class1,1
183,cropped/stuttgart/1137.png,class1,1
184,cropped/stuttgart/573.png,class1,1
184,cropped/stuttgart/1496.png,class1,1
184,cropped/stuttgart/1141.png,class1,1
184,cropped/stuttgart/1142.png,class1,1
184,cropped/stuttgart/574.png,class1,1
184,cropped/stuttgart/1139.png,class1,1
184,cropped/stuttgart/1140.png,class1,1
184,cropped/stuttgart/1138.png,class1,1
184,cropped/stuttgart/579.png,class4,4
184,cropped/stuttgart/772.png,class1,1
184,cropped/stuttgart/575.png,class1,1
184,cropped/stuttgart/773.png,class1,1
184,cropped/stuttgart/774.png,class1,1
184,cropped/stuttgart/577.png,class1,1
184,cropped/stuttgart/776.png,class1,1
184,cropped/stuttgart/578.png,class1,1
184,cropped/stuttgart/1346.png,class1,1
184,cropped/stuttgart/1347.png,class1,1
184,cropped/stuttgart/1349.png,class1,1
184,cropped/stuttgart/778.png,class1,1
184,cropped/stuttgart/780.png,class1,1
184,cropped/stuttgart/779.png,class1,1
184,cropped/stuttgart/781.png,class1,1
184,cropped/stuttgart/1345.png,class1,1
184,cropped/stuttgart/1351.png,class1,1
184,cropped/stuttgart/1354.png,class0,0
184,cropped/stuttgart/1352.png,class0,0
184,cropped/stuttgart/205.png,class1,1
184,cropped/stuttgart/1353.png,class0,0
184,cropped/stuttgart/1350.png,class1,1
184,cropped/stuttgart/202.png,class1,1
184,cropped/stuttgart/204.png,class1,1
184,cropped/stuttgart/208.png,class1,1
184,cropped/stuttgart/244.png,class1,1
184,cropped/stuttgart/245.png,class1,1
184,cropped/stuttgart/213.png,class1,1
184,cropped/stuttgart/212.png,class1,1
184,cropped/stuttgart/211.png,class1,1
184,cropped/stuttgart/209.png,class1,1
184,cropped/stuttgart/246.png,class1,1
184,cropped/stuttgart/512.png,class1,1
184,cropped/stuttgart/515.png,class1,1
184,cropped/stuttgart/516.png,class1,1
184,cropped/stuttgart/517.png,class1,1
184,cropped/stuttgart/249.png,class1,1
184,cropped/stuttgart/514.png,class1,1
184,cropped/stuttgart/247.png,class1,1
184,cropped/stuttgart/511.png,class1,1
184,cropped/stuttgart/503.png,class1,1
184,cropped/stuttgart/521.png,class3,3
184,cropped/stuttgart/520.png,class1,1
184,cropped/stuttgart/508.png,class1,1
184,cropped/stuttgart/507.png,class1,1
184,cropped/stuttgart/504.png,class1,1
184,cropped/stuttgart/518.png,class1,1
184,cropped/stuttgart/506.png,class1,1
184,cropped/stuttgart/1204.png,class1,1
184,cropped/stuttgart/509.png,class1,1
184,cropped/stuttgart/1205.png,class1,1
184,cropped/stuttgart/1208.png,class1,1
184,cropped/stuttgart/1211.png,class0,0
184,cropped/stuttgart/1207.png,class0,0
184,cropped/stuttgart/1210.png,class1,1
184,cropped/stuttgart/510.png,class1,1
184,cropped/stuttgart/1251.png,class1,1
184,cropped/stuttgart/1213.png,class1,1
184,cropped/stuttgart/1252.png,class1,1
184,cropped/stuttgart/1258.png,class1,1
184,cropped/stuttgart/1254.png,class1,1
184,cropped/stuttgart/1257.png,class1,1
184,cropped/stuttgart/1256.png,class1,1
184,cropped/stuttgart/1253.png,class1,1
184,cropped/stuttgart/1100.png,class1,1
184,cropped/stuttgart/1099.png,class1,1
184,cropped/stuttgart/1260.png,class1,1
184,cropped/stuttgart/1097.png,class1,1
184,cropped/stuttgart/1259.png,class1,1
184,cropped/stuttgart/1098.png,class1,1
184,cropped/stuttgart/1103.png,class1,1
184,cropped/stuttgart/1096.png,class1,1
185,cropped/stuttgart/999.png,class1,1
185,cropped/stuttgart/1104.png,class1,1
185,cropped/stuttgart/998.png,class1,1
185,cropped/stuttgart/1000.png,class1,1
185,cropped/stuttgart/1105.png,class1,1
185,cropped/stuttgart/1106.png,class1,1
185,cropped/stuttgart/996.png,class1,1
185,cropped/stuttgart/1001.png,class1,1
185,cropped/stuttgart/1381.png,class0,0
185,cropped/stuttgart/1005.png,class4,4
185,cropped/stuttgart/1379.png,class2,2
185,cropped/stuttgart/1004.png,class1,1
185,cropped/stuttgart/1003.png,class1,1
185,cropped/stuttgart/1382.png,class0,0
185,cropped/stuttgart/1380.png,class1,1
185,cropped/stuttgart/1378.png,class1,1
185,cropped/stuttgart/531.png,class1,1
185,cropped/stuttgart/528.png,class1,1
185,cropped/stuttgart/526.png,class1,1
185,cropped/stuttgart/527.png,class1,1
185,cropped/stuttgart/530.png,class1,1
185,cropped/stuttgart/533.png,class1,1
185,cropped/stuttgart/535.png,class1,1
185,cropped/stuttgart/532.png,class1,1
185,cropped/stuttgart/1551.png,class1,1
185,cropped/stuttgart/1552.png,class1,1
185,cropped/stuttgart/1550.png,class1,1
185,cropped/stuttgart/540.png,class1,1
185,cropped/stuttgart/1548.png,class2,2
185,cropped/stuttgart/538.png,class1,1
185,cropped/stuttgart/1549.png,class1,1
185,cropped/stuttgart/537.png,class1,1
185,cropped/stuttgart/1560.png,class1,1
185,cropped/stuttgart/1554.png,class1,1
185,cropped/stuttgart/649.png,class1,1
185,cropped/stuttgart/1558.png,class1,1
185,cropped/stuttgart/1556.png,class1,1
185,cropped/stuttgart/1555.png,class1,1
185,cropped/stuttgart/1557.png,class1,1
185,cropped/stuttgart/1553.png,class0,0
185,cropped/stuttgart/654.png,class2,2
185,cropped/stuttgart/659.png,class0,0
185,cropped/stuttgart/652.png,class1,1
185,cropped/stuttgart/653.png,class1,1
185,cropped/stuttgart/655.png,class1,1
185,cropped/stuttgart/658.png,class0,0
185,cropped/stuttgart/656.png,class1,1
185,cropped/stuttgart/650.png,class1,1
185,cropped/stuttgart/948.png,class1,1
185,cropped/stuttgart/955.png,class1,1
185,cropped/stuttgart/952.png,class1,1
185,cropped/stuttgart/956.png,class1,1
185,cropped/stuttgart/951.png,class1,1
185,cropped/stuttgart/954.png,class2,2
185,cropped/stuttgart/953.png,class1,1
185,cropped/stuttgart/660.png,class0,0
185,cropped/stuttgart/1158.png,class1,1
185,cropped/stuttgart/1157.png,class1,1
185,cropped/stuttgart/299.png,class1,1
185,cropped/stuttgart/957.png,class1,1
185,cropped/stuttgart/959.png,class1,1
185,cropped/stuttgart/960.png,class1,1
185,cropped/stuttgart/298.png,class1,1
185,cropped/stuttgart/961.png,class1,1
185,cropped/stuttgart/1161.png,class1,1
185,cropped/stuttgart/541.png,class0,0
185,cropped/stuttgart/542.png,class0,0
185,cropped/stuttgart/1159.png,class1,1
185,cropped/stuttgart/544.png,class0,0
185,cropped/stuttgart/543.png,class0,0
185,cropped/stuttgart/1163.png,class1,1
185,cropped/stuttgart/1162.png,class1,1
185,cropped/stuttgart/1575.png,class1,1
185,cropped/stuttgart/1578.png,class1,1
185,cropped/stuttgart/1573.png,class1,1
185,cropped/stuttgart/1576.png,class1,1
185,cropped/stuttgart/547.png,class1,1
185,cropped/stuttgart/1577.png,class1,1
185,cropped/stuttgart/1574.png,class1,1
185,cropped/stuttgart/546.png,class1,1
186,cropped/stuttgart/1583.png,class0,0
186,cropped/stuttgart/1584.png,class1,1
186,cropped/stuttgart/552.png,class1,1
186,cropped/stuttgart/549.png,class1,1
186,cropped/stuttgart/1581.png,class2,2
186,cropped/stuttgart/1582.png,class1,1
186,cropped/stuttgart/553.png,class0,0
186,cropped/stuttgart/1580.png,class1,1
186,cropped/stuttgart/1372.png,class1,1
186,cropped/stuttgart/355.png,class1,1
186,cropped/stuttgart/1373.png,class1,1
186,cropped/stuttgart/354.png,class1,1
186,cropped/stuttgart/1374.png,class0,0
186,cropped/stuttgart/352.png,class1,1
186,cropped/stuttgart/351.png,class1,1
186,cropped/stuttgart/350.png,class2,2
186,cropped/stuttgart/316.png,class1,1
186,cropped/stuttgart/356.png,class1,1
186,cropped/stuttgart/312.png,class1,1
186,cropped/stuttgart/360.png,class0,0
186,cropped/stuttgart/359.png,class1,1
186,cropped/stuttgart/315.png,class4,4
186,cropped/stuttgart/314.png,class1,1
186,cropped/stuttgart/358.png,class1,1
186,cropped/stuttgart/320.png,class1,1
186,cropped/stuttgart/319.png,class1,1
186,cropped/stuttgart/118.png,class0,0
186,cropped/stuttgart/117.png,class1,1
186,cropped/stuttgart/318.png,class4,4
186,cropped/stuttgart/324.png,class0,0
186,cropped/stuttgart/323.png,class5,5
186,cropped/stuttgart/317.png,class0,0
186,cropped/stuttgart/124.png,class1,1
186,cropped/stuttgart/123.png,class1,1
186,cropped/stuttgart/121.png,class1,1
186,cropped/stuttgart/127.png,class1,1
186,cropped/stuttgart/125.png,class1,1
186,cropped/stuttgart/119.png,class1,1
186,cropped/stuttgart/126.png,class1,1
186,cropped/stuttgart/120.png,class1,1
186,cropped/stuttgart/761.png,class0,0
186,cropped/stuttgart/606.png,class0,0
186,cropped/stuttgart/608.png,class1,1
186,cropped/stuttgart/760.png,class0,0
186,cropped/stuttgart/609.png,class1,1
186,cropped/stuttgart/759.png,class1,1
186,cropped/stuttgart/548.png,class0,0
186,cropped/stuttgart/607.png,class1,1
186,cropped/stuttgart/633.png,class1,1
186,cropped/stuttgart/634.png,class0,0
186,cropped/stuttgart/626.png,class1,1
186,cropped/stuttgart/630.png,class1,1
186,cropped/stuttgart/625.png,class1,1
186,cropped/stuttgart/629.png,class1,1
186,cropped/stuttgart/632.png,class1,1
186,cropped/stuttgart/631.png,class1,1
186,cropped/stuttgart/1006.png,class1,1
186,cropped/stuttgart/1632.png,class1,1
186,cropped/stuttgart/1634.png,class0,0
186,cropped/stuttgart/1010.png,class1,1
186,cropped/stuttgart/1011.png,class1,1
186,cropped/stuttgart/1007.png,class1,1
186,cropped/stuttgart/1633.png,class0,0
186,cropped/stuttgart/1631.png,class2,2
186,cropped/stuttgart/431.png,class1,1
186,cropped/stuttgart/432.png,class1,1
186,cropped/stuttgart/438.png,class0,0
186,cropped/stuttgart/433.png,class1,1
186,cropped/stuttgart/1012.png,class4,4
186,cropped/stuttgart/434.png,class1,1
186,cropped/stuttgart/435.png,class0,0
186,cropped/stuttgart/436.png,class0,0
186,cropped/stuttgart/982.png,class1,1
186,cropped/stuttgart/985.png,class0,0
186,cropped/stuttgart/981.png,class1,1
186,cropped/stuttgart/441.png,class0,0
186,cropped/stuttgart/980.png,class1,1
186,cropped/stuttgart/443.png,class0,0
186,cropped/stuttgart/442.png,class0,0
186,cropped/stuttgart/983.png,class1,1
187,cropped/stuttgart/165.png,class1,1
187,cropped/stuttgart/163.png,class1,1
187,cropped/stuttgart/986.png,class0,0
187,cropped/stuttgart/164.png,class1,1
187,cropped/stuttgart/167.png,class1,1
187,cropped/stuttgart/989.png,class0,0
187,cropped/stuttgart/988.png,class0,0
187,cropped/stuttgart/987.png,class0,0
187,cropped/stuttgart/1125.png,class2,2
187,cropped/stuttgart/168.png,class0,0
187,cropped/stuttgart/394.png,class1,1
187,cropped/stuttgart/1129.png,class0,0
187,cropped/stuttgart/1130.png,class1,1
187,cropped/stuttgart/1126.png,class1,1
187,cropped/stuttgart/1127.png,class0,0
187,cropped/stuttgart/1128.png,class0,0
187,cropped/stuttgart/1508.png,class2,2
187,cropped/stuttgart/399.png,class1,1
187,cropped/stuttgart/396.png,class1,1
187,cropped/stuttgart/1510.png,class1,1
187,cropped/stuttgart/858.png,class2,2
187,cropped/stuttgart/1509.png,class1,1
187,cropped/stuttgart/398.png,class1,1
187,cropped/stuttgart/857.png,class1,1
187,cropped/stuttgart/1513.png,class0,0
187,cropped/stuttgart/1511.png,class1,1
187,cropped/stuttgart/1072.png,class1,1
187,cropped/stuttgart/1069.png,class1,1
187,cropped/stuttgart/1070.png,class1,1
187,cropped/stuttgart/1073.png,class5,5
187,cropped/stuttgart/1514.png,class4,4
187,cropped/stuttgart/1074.png,class1,1
187,cropped/stuttgart/568.png,class1,1
187,cropped/stuttgart/561.png,class1,1
187,cropped/stuttgart/567.png,class2,2
187,cropped/stuttgart/565.png,class1,1
187,cropped/stuttgart/570.png,class1,1
187,cropped/stuttgart/563.png,class2,2
187,cropped/stuttgart/564.png,class2,2
187,cropped/stuttgart/562.png,class1,1
187,cropped/stuttgart/571.png,class1,1
187,cropped/stuttgart/265.png,class1,1
187,cropped/stuttgart/266.png,class2,2
187,cropped/stuttgart/267.png,class1,1
187,cropped/stuttgart/572.png,class1,1
187,cropped/stuttgart/684.png,class5,5
187,cropped/stuttgart/268.png,class1,1
187,cropped/stuttgart/264.png,class1,1
187,cropped/stuttgart/692.png,class0,0
187,cropped/stuttgart/689.png,class0,0
187,cropped/stuttgart/693.png,class0,0
187,cropped/stuttgart/694.png,class0,0
187,cropped/stuttgart/690.png,class0,0
187,cropped/stuttgart/686.png,class5,5
187,cropped/stuttgart/687.png,class0,0
187,cropped/stuttgart/691.png,class0,0
187,cropped/stuttgart/695.png,class0,0
187,cropped/stuttgart/698.png,class0,0
187,cropped/stuttgart/699.png,class0,0
187,cropped/stuttgart/697.png,class0,0
187,cropped/stuttgart/702.png,class0,0
187,cropped/stuttgart/701.png,class0,0
187,cropped/stuttgart/703.png,class0,0
187,cropped/stuttgart/696.png,class0,0
187,cropped/stuttgart/1615.png,class0,0
187,cropped/stuttgart/1608.png,class0,0
187,cropped/stuttgart/1613.png,class0,0
187,cropped/stuttgart/1610.png,class0,0
187,cropped/stuttgart/1606.png,class1,1
187,cropped/stuttgart/1612.png,class0,0
187,cropped/stuttgart/1611.png,class0,0
187,cropped/stuttgart/1609.png,class0,0
187,cropped/stuttgart/1622.png,class0,0
187,cropped/stuttgart/1618.png,class0,0
187,cropped/stuttgart/1620.png,class0,0
187,cropped/stuttgart/1619.png,class0,0
187,cropped/stuttgart/1625.png,class0,0
187,cropped/stuttgart/1617.png,class0,0
187,cropped/stuttgart/1623.png,class0,0
187,cropped/stuttgart/1624.png,class0,0
188,cropped/stuttgart/1312.png,class0,0
188,cropped/stuttgart/1630.png,class0,0
188,cropped/stuttgart/1315.png,class0,0
188,cropped/stuttgart/1629.png,class0,0
188,cropped/stuttgart/1627.png,class0,0
188,cropped/stuttgart/1311.png,class0,0
188,cropped/stuttgart/1626.png,class0,0
188,cropped/stuttgart/1314.png,class0,0
188,cropped/stuttgart/1322.png,class0,0
188,cropped/stuttgart/1321.png,class5,5
188,cropped/stuttgart/1317.png,class0,0
188,cropped/stuttgart/1325.png,class0,0
188,cropped/stuttgart/1320.png,class1,1
188,cropped/stuttgart/1319.png,class1,1
188,cropped/stuttgart/1324.png,class0,0
188,cropped/stuttgart/1316.png,class0,0
188,cropped/stuttgart/1328.png,class0,0
188,cropped/stuttgart/1330.png,class0,0
188,cropped/stuttgart/711.png,class0,0
188,cropped/stuttgart/1327.png,class0,0
188,cropped/stuttgart/712.png,class1,1
188,cropped/stuttgart/1326.png,class0,0
188,cropped/stuttgart/1329.png,class0,0
188,cropped/stuttgart/714.png,class5,5
188,cropped/stuttgart/719.png,class5,5
188,cropped/stuttgart/725.png,class5,5
188,cropped/stuttgart/718.png,class5,5
188,cropped/stuttgart/716.png,class0,0
188,cropped/stuttgart/717.png,class5,5
188,cropped/stuttgart/724.png,class0,0
188,cropped/stuttgart/720.png,class5,5
188,cropped/stuttgart/722.png,class1,1
188,cropped/stuttgart/727.png,class0,0
188,cropped/stuttgart/3.png,class0,0
188,cropped/stuttgart/730.png,class4,4
188,cropped/stuttgart/728.png,class0,0
188,cropped/stuttgart/726.png,class0,0
188,cropped/stuttgart/4.png,class1,1
188,cropped/stuttgart/2.png,class2,2
188,cropped/stuttgart/6.png,class0,0
188,cropped/stuttgart/92.png,class0,0
188,cropped/stuttgart/96.png,class0,0
188,cropped/stuttgart/93.png,class2,2
188,cropped/stuttgart/94.png,class4,4
188,cropped/stuttgart/159.png,class1,1
188,cropped/stuttgart/95.png,class0,0
188,cropped/stuttgart/97.png,class4,4
188,cropped/stuttgart/7.png,class0,0
188,cropped/stuttgart/331.png,class0,0
188,cropped/stuttgart/160.png,class1,1
188,cropped/stuttgart/327.png,class0,0
188,cropped/stuttgart/161.png,class1,1
188,cropped/stuttgart/330.png,class0,0
188,cropped/stuttgart/162.png,class2,2
188,cropped/stuttgart/328.png,class0,0
188,cropped/stuttgart/329.png,class0,0
188,cropped/stuttgart/258.png,class1,1
188,cropped/stuttgart/254.png,class0,0
188,cropped/stuttgart/250.png,class1,1
188,cropped/stuttgart/256.png,class0,0
188,cropped/stuttgart/257.png,class1,1
188,cropped/stuttgart/259.png,class1,1
188,cropped/stuttgart/251.png,class1,1
188,cropped/stuttgart/255.png,class0,0
188,cropped/stuttgart/895.png,class1,1
188,cropped/stuttgart/261.png,class1,1
188,cropped/stuttgart/890.png,class1,1
188,cropped/stuttgart/893.png,class0,0
188,cropped/stuttgart/260.png,class1,1
188,cropped/stuttgart/891.png,class2,2
188,cropped/stuttgart/262.png,class1,1
188,cropped/stuttgart/892.png,class2,2
188,cropped/stuttgart/68.png,class0,0
188,cropped/stuttgart/896.png,class5,5
188,cropped/stuttgart/67.png,class0,0
188,cropped/stuttgart/69.png,class0,0
188,cropped/stuttgart/66.png,class0,0
188,cropped/stuttgart/65.png,class0,0
188,cropped/stuttgart/64.png,class0,0
188,cropped/stuttgart/897.png,class1,1
189,cropped/tubingen/694.png,class1,1
189,cropped/tubingen/148.png,class1,1
189,cropped/tubingen/695.png,class1,1
189,cropped/tubingen/150.png,class1,1
189,cropped/tubingen/417.png,class3,3
189,cropped/tubingen/418.png,class1,1
189,cropped/tubingen/419.png,class4,4
189,cropped/tubingen/696.png,class1,1
189,cropped/tubingen/724.png,class0,0
189,cropped/tubingen/722.png,class1,1
189,cropped/tubingen/723.png,class1,1
189,cropped/tubingen/151.png,class1,1
189,cropped/tubingen/152.png,class1,1
189,cropped/tubingen/726.png,class1,1
189,cropped/tubingen/725.png,class1,1
189,cropped/tubingen/154.png,class4,4
189,cropped/tubingen/780.png,class5,5
189,cropped/tubingen/779.png,class0,0
189,cropped/tubingen/729.png,class4,4
189,cropped/tubingen/776.png,class1,1
189,cropped/tubingen/731.png,class1,1
189,cropped/tubingen/730.png,class1,1
189,cropped/tubingen/778.png,class0,0
189,cropped/tubingen/777.png,class0,0
189,cropped/tubingen/734.png,class1,1
189,cropped/tubingen/736.png,class1,1
189,cropped/tubingen/443.png,class1,1
189,cropped/tubingen/441.png,class1,1
189,cropped/tubingen/738.png,class1,1
189,cropped/tubingen/737.png,class1,1
189,cropped/tubingen/442.png,class0,0
189,cropped/tubingen/732.png,class1,1
189,cropped/tubingen/447.png,class0,0
189,cropped/tubingen/358.png,class0,0
189,cropped/tubingen/449.png,class0,0
189,cropped/tubingen/450.png,class4,4
189,cropped/tubingen/448.png,class0,0
189,cropped/tubingen/357.png,class0,0
189,cropped/tubingen/445.png,class1,1
189,cropped/tubingen/446.png,class1,1
189,cropped/tubingen/714.png,class1,1
189,cropped/tubingen/713.png,class1,1
189,cropped/tubingen/360.png,class1,1
189,cropped/tubingen/712.png,class1,1
189,cropped/tubingen/361.png,class1,1
189,cropped/tubingen/710.png,class1,1
189,cropped/tubingen/617.png,class4,4
189,cropped/tubingen/616.png,class3,3
189,cropped/tubingen/569.png,class0,0
189,cropped/tubingen/413.png,class5,5
189,cropped/tubingen/567.png,class1,1
189,cropped/tubingen/394.png,class1,1
189,cropped/tubingen/416.png,class1,1
189,cropped/tubingen/414.png,class1,1
189,cropped/tubingen/415.png,class1,1
189,cropped/tubingen/566.png,class1,1
189,cropped/tubingen/401.png,class5,5
189,cropped/tubingen/396.png,class1,1
189,cropped/tubingen/402.png,class1,1
189,cropped/tubingen/399.png,class5,5
189,cropped/tubingen/397.png,class1,1
189,cropped/tubingen/262.png,class1,1
189,cropped/tubingen/398.png,class1,1
189,cropped/tubingen/395.png,class1,1
189,cropped/tubingen/263.png,class1,1
189,cropped/tubingen/548.png,class1,1
189,cropped/tubingen/267.png,class1,1
189,cropped/tubingen/700.png,class1,1
189,cropped/tubingen/266.png,class1,1
189,cropped/tubingen/549.png,class1,1
189,cropped/tubingen/265.png,class1,1
189,cropped/tubingen/264.png,class1,1
189,cropped/tubingen/703.png,class1,1
189,cropped/tubingen/707.png,class1,1
189,cropped/tubingen/708.png,class1,1
189,cropped/tubingen/485.png,class1,1
189,cropped/tubingen/702.png,class1,1
189,cropped/tubingen/484.png,class1,1
189,cropped/tubingen/709.png,class1,1
189,cropped/tubingen/704.png,class1,1
190,cropped/tubingen/486.png,class0,0
190,cropped/tubingen/487.png,class0,0
190,cropped/tubingen/12.png,class1,1
190,cropped/tubingen/14.png,class1,1
190,cropped/tubingen/15.png,class1,1
190,cropped/tubingen/282.png,class0,0
190,cropped/tubingen/281.png,class1,1
190,cropped/tubingen/11.png,class1,1
190,cropped/tubingen/462.png,class0,0
190,cropped/tubingen/328.png,class1,1
190,cropped/tubingen/677.png,class1,1
190,cropped/tubingen/675.png,class1,1
190,cropped/tubingen/678.png,class1,1
190,cropped/tubingen/520.png,class1,1
190,cropped/tubingen/679.png,class1,1
190,cropped/tubingen/16.png,class1,1
190,cropped/tubingen/333.png,class1,1
190,cropped/tubingen/41.png,class1,1
190,cropped/tubingen/335.png,class0,0
190,cropped/tubingen/332.png,class1,1
190,cropped/tubingen/39.png,class0,0
190,cropped/tubingen/330.png,class1,1
190,cropped/tubingen/331.png,class1,1
190,cropped/tubingen/40.png,class1,1
190,cropped/tubingen/184.png,class0,0
190,cropped/tubingen/36.png,class0,0
190,cropped/tubingen/37.png,class0,0
190,cropped/tubingen/510.png,class1,1
190,cropped/tubingen/512.png,class0,0
190,cropped/tubingen/42.png,class1,1
190,cropped/tubingen/185.png,class0,0
190,cropped/tubingen/511.png,class0,0
190,cropped/tubingen/588.png,class1,1
190,cropped/tubingen/21.png,class1,1
190,cropped/tubingen/22.png,class0,0
190,cropped/tubingen/592.png,class1,1
190,cropped/tubingen/23.png,class4,4
190,cropped/tubingen/589.png,class1,1
190,cropped/tubingen/587.png,class1,1
190,cropped/tubingen/590.png,class1,1
190,cropped/tubingen/26.png,class0,0
190,cropped/tubingen/506.png,class4,4
190,cropped/tubingen/508.png,class0,0
190,cropped/tubingen/505.png,class1,1
190,cropped/tubingen/24.png,class0,0
190,cropped/tubingen/312.png,class1,1
190,cropped/tubingen/25.png,class4,4
190,cropped/tubingen/504.png,class1,1
190,cropped/tubingen/315.png,class1,1
190,cropped/tubingen/317.png,class1,1
190,cropped/tubingen/297.png,class1,1
190,cropped/tubingen/298.png,class4,4
190,cropped/tubingen/314.png,class3,3
190,cropped/tubingen/313.png,class1,1
190,cropped/tubingen/294.png,class0,0
190,cropped/tubingen/295.png,class0,0
190,cropped/tubingen/641.png,class1,1
190,cropped/tubingen/642.png,class1,1
190,cropped/tubingen/644.png,class0,0
190,cropped/tubingen/643.png,class0,0
190,cropped/tubingen/517.png,class4,4
190,cropped/tubingen/299.png,class4,4
190,cropped/tubingen/518.png,class4,4
190,cropped/tubingen/516.png,class4,4
190,cropped/tubingen/652.png,class1,1
190,cropped/tubingen/647.png,class0,0
190,cropped/tubingen/655.png,class1,1
190,cropped/tubingen/653.png,class1,1
190,cropped/tubingen/649.png,class1,1
190,cropped/tubingen/654.png,class1,1
190,cropped/tubingen/648.png,class4,4
190,cropped/tubingen/651.png,class1,1
190,cropped/tubingen/660.png,class1,1
190,cropped/tubingen/658.png,class1,1
190,cropped/tubingen/661.png,class1,1
190,cropped/tubingen/665.png,class4,4
190,cropped/tubingen/664.png,class4,4
190,cropped/tubingen/656.png,class1,1
190,cropped/tubingen/662.png,class1,1
190,cropped/tubingen/659.png,class1,1
191,cropped/tubingen/208.png,class1,1
191,cropped/tubingen/202.png,class1,1
191,cropped/tubingen/760.png,class1,1
191,cropped/tubingen/209.png,class1,1
191,cropped/tubingen/204.png,class1,1
191,cropped/tubingen/206.png,class1,1
191,cropped/tubingen/207.png,class1,1
191,cropped/tubingen/210.png,class1,1
191,cropped/tubingen/766.png,class1,1
191,cropped/tubingen/767.png,class1,1
191,cropped/tubingen/764.png,class1,1
191,cropped/tubingen/763.png,class1,1
191,cropped/tubingen/762.png,class1,1
191,cropped/tubingen/761.png,class1,1
191,cropped/tubingen/765.png,class1,1
191,cropped/tubingen/594.png,class1,1
191,cropped/tubingen/597.png,class1,1
191,cropped/tubingen/219.png,class1,1
191,cropped/tubingen/596.png,class1,1
191,cropped/tubingen/220.png,class1,1
191,cropped/tubingen/217.png,class5,5
191,cropped/tubingen/216.png,class1,1
191,cropped/tubingen/215.png,class1,1
191,cropped/tubingen/595.png,class1,1
191,cropped/tubingen/221.png,class1,1
191,cropped/tubingen/223.png,class1,1
191,cropped/tubingen/786.png,class1,1
191,cropped/tubingen/787.png,class4,4
191,cropped/tubingen/784.png,class1,1
191,cropped/tubingen/639.png,class4,4
191,cropped/tubingen/222.png,class1,1
191,cropped/tubingen/788.png,class0,0
191,cropped/tubingen/640.png,class4,4
191,cropped/tubingen/288.png,class1,1
191,cropped/tubingen/0.png,class1,1
191,cropped/tubingen/289.png,class1,1
191,cropped/tubingen/244.png,class4,4
191,cropped/tubingen/290.png,class1,1
191,cropped/tubingen/292.png,class4,4
191,cropped/tubingen/243.png,class1,1
191,cropped/tubingen/3.png,class1,1
191,cropped/tubingen/136.png,class3,3
191,cropped/tubingen/135.png,class1,1
191,cropped/tubingen/1.png,class1,1
191,cropped/tubingen/132.png,class1,1
191,cropped/tubingen/4.png,class1,1
191,cropped/tubingen/134.png,class1,1
191,cropped/tubingen/5.png,class4,4
191,cropped/tubingen/141.png,class0,0
191,cropped/tubingen/342.png,class1,1
191,cropped/tubingen/139.png,class4,4
191,cropped/tubingen/140.png,class4,4
191,cropped/tubingen/343.png,class4,4
191,cropped/tubingen/306.png,class0,0
191,cropped/tubingen/138.png,class1,1
191,cropped/tubingen/137.png,class1,1
191,cropped/tubingen/319.png,class1,1
191,cropped/tubingen/309.png,class4,4
191,cropped/tubingen/470.png,class1,1
191,cropped/tubingen/475.png,class1,1
191,cropped/tubingen/474.png,class1,1
191,cropped/tubingen/473.png,class1,1
191,cropped/tubingen/472.png,class1,1
191,cropped/tubingen/318.png,class1,1
191,cropped/tubingen/321.png,class1,1
191,cropped/tubingen/326.png,class1,1
191,cropped/tubingen/324.png,class1,1
191,cropped/tubingen/672.png,class0,0
191,cropped/tubingen/323.png,class1,1
191,cropped/tubingen/327.png,class5,5
191,cropped/tubingen/325.png,class1,1
191,cropped/tubingen/322.png,class1,1
191,cropped/tubingen/380.png,class0,0
191,cropped/tubingen/674.png,class4,4
191,cropped/tubingen/673.png,class0,0
191,cropped/tubingen/381.png,class1,1
191,cropped/tubingen/386.png,class1,1
191,cropped/tubingen/384.png,class0,0
191,cropped/tubingen/383.png,class1,1
191,cropped/tubingen/385.png,class0,0
192,cropped/tubingen/555.png,class5,5
192,cropped/tubingen/390.png,class4,4
192,cropped/tubingen/554.png,class0,0
192,cropped/tubingen/391.png,class4,4
192,cropped/tubingen/553.png,class0,0
192,cropped/tubingen/392.png,class4,4
192,cropped/tubingen/551.png,class0,0
192,cropped/tubingen/389.png,class4,4
192,cropped/tubingen/564.png,class4,4
192,cropped/tubingen/560.png,class0,0
192,cropped/tubingen/556.png,class5,5
192,cropped/tubingen/559.png,class0,0
192,cropped/tubingen/563.png,class4,4
192,cropped/tubingen/562.png,class4,4
192,cropped/tubingen/561.png,class1,1
192,cropped/tubingen/565.png,class4,4
192,cropped/tubingen/117.png,class1,1
192,cropped/tubingen/114.png,class1,1
192,cropped/tubingen/116.png,class0,0
192,cropped/tubingen/110.png,class1,1
192,cropped/tubingen/111.png,class1,1
192,cropped/tubingen/109.png,class0,0
192,cropped/tubingen/115.png,class0,0
192,cropped/tubingen/112.png,class5,5
192,cropped/tubingen/27.png,class0,0
192,cropped/tubingen/68.png,class0,0
192,cropped/tubingen/29.png,class1,1
192,cropped/tubingen/34.png,class0,0
192,cropped/tubingen/33.png,class4,4
192,cropped/tubingen/31.png,class1,1
192,cropped/tubingen/32.png,class0,0
192,cropped/tubingen/35.png,class4,4
192,cropped/tubingen/637.png,class4,4
192,cropped/tubingen/635.png,class0,0
192,cropped/tubingen/631.png,class0,0
192,cropped/tubingen/636.png,class0,0
192,cropped/tubingen/638.png,class4,4
192,cropped/tubingen/69.png,class1,1
192,cropped/tubingen/630.png,class0,0
192,cropped/tubingen/632.png,class0,0
192,cropped/tubingen/606.png,class1,1
192,cropped/tubingen/605.png,class1,1
192,cropped/tubingen/147.png,class4,4
192,cropped/tubingen/603.png,class1,1
192,cropped/tubingen/602.png,class1,1
192,cropped/tubingen/145.png,class1,1
192,cropped/tubingen/146.png,class1,1
192,cropped/tubingen/144.png,class0,0
192,cropped/tubingen/9.png,class1,1
192,cropped/tubingen/408.png,class5,5
192,cropped/tubingen/406.png,class1,1
192,cropped/tubingen/609.png,class1,1
192,cropped/tubingen/6.png,class1,1
192,cropped/tubingen/608.png,class1,1
192,cropped/tubingen/407.png,class1,1
192,cropped/tubingen/7.png,class1,1
192,cropped/tubingen/73.png,class4,4
192,cropped/tubingen/412.png,class0,0
192,cropped/tubingen/411.png,class1,1
192,cropped/tubingen/72.png,class5,5
192,cropped/tubingen/410.png,class5,5
192,cropped/tubingen/409.png,class5,5
192,cropped/tubingen/71.png,class1,1
192,cropped/tubingen/74.png,class2,2
192,cropped/tubingen/76.png,class0,0
192,cropped/tubingen/84.png,class1,1
192,cropped/tubingen/77.png,class1,1
192,cropped/tubingen/81.png,class1,1
192,cropped/tubingen/82.png,class1,1
192,cropped/tubingen/83.png,class1,1
192,cropped/tubingen/80.png,class1,1
192,cropped/tubingen/78.png,class1,1
192,cropped/tubingen/428.png,class4,4
192,cropped/tubingen/433.png,class1,1
192,cropped/tubingen/431.png,class1,1
192,cropped/tubingen/425.png,class2,2
192,cropped/tubingen/426.png,class2,2
192,cropped/tubingen/430.png,class1,1
192,cropped/tubingen/432.png,class0,0
192,cropped/tubingen/427.png,class5,5
193,cropped/tubingen/373.png,class4,4
193,cropped/tubingen/519.png,class4,4
193,cropped/tubingen/256.png,class1,1
193,cropped/tubingen/200.png,class1,1
193,cropped/tubingen/254.png,class1,1
193,cropped/tubingen/257.png,class1,1
193,cropped/tubingen/199.png,class1,1
193,cropped/tubingen/253.png,class1,1
193,cropped/tubingen/260.png,class0,0
193,cropped/tubingen/60.png,class0,0
193,cropped/tubingen/59.png,class1,1
193,cropped/tubingen/258.png,class1,1
193,cropped/tubingen/61.png,class0,0
193,cropped/tubingen/159.png,class1,1
193,cropped/tubingen/160.png,class1,1
193,cropped/tubingen/161.png,class4,4
193,cropped/tubingen/669.png,class0,0
193,cropped/tubingen/670.png,class0,0
193,cropped/tubingen/667.png,class0,0
193,cropped/tubingen/688.png,class1,1
193,cropped/tubingen/666.png,class0,0
193,cropped/tubingen/63.png,class0,0
193,cropped/tubingen/668.png,class0,0
193,cropped/tubingen/64.png,class0,0
193,cropped/tubingen/461.png,class1,1
193,cropped/tubingen/743.png,class1,1
193,cropped/tubingen/690.png,class1,1
193,cropped/tubingen/692.png,class0,0
193,cropped/tubingen/460.png,class1,1
193,cropped/tubingen/742.png,class1,1
193,cropped/tubingen/740.png,class1,1
193,cropped/tubingen/691.png,class1,1
193,cropped/tubingen/90.png,class1,1
193,cropped/tubingen/88.png,class5,5
193,cropped/tubingen/87.png,class2,2
193,cropped/tubingen/747.png,class4,4
193,cropped/tubingen/745.png,class1,1
193,cropped/tubingen/744.png,class1,1
193,cropped/tubingen/92.png,class1,1
193,cropped/tubingen/89.png,class5,5
193,cropped/tubingen/96.png,class1,1
193,cropped/tubingen/305.png,class4,4
193,cropped/tubingen/301.png,class0,0
193,cropped/tubingen/304.png,class4,4
193,cropped/tubingen/302.png,class0,0
193,cropped/tubingen/303.png,class0,0
193,cropped/tubingen/94.png,class1,1
193,cropped/tubingen/95.png,class1,1
193,cropped/tubingen/623.png,class4,4
193,cropped/tubingen/621.png,class0,0
193,cropped/tubingen/620.png,class0,0
193,cropped/tubingen/619.png,class0,0
193,cropped/tubingen/625.png,class4,4
193,cropped/tubingen/624.png,class4,4
193,cropped/tubingen/618.png,class0,0
193,cropped/tubingen/626.png,class0,0
193,cropped/tubingen/683.png,class0,0
193,cropped/tubingen/362.png,class4,4
193,cropped/tubingen/684.png,class0,0
193,cropped/tubingen/629.png,class4,4
193,cropped/tubingen/682.png,class0,0
193,cropped/tubingen/680.png,class0,0
193,cropped/tubingen/685.png,class1,1
193,cropped/tubingen/363.png,class0,0
193,cropped/tubingen/370.png,class4,4
193,cropped/tubingen/187.png,class0,0
193,cropped/tubingen/366.png,class4,4
193,cropped/tubingen/368.png,class0,0
193,cropped/tubingen/371.png,class4,4
193,cropped/tubingen/367.png,class4,4
193,cropped/tubingen/188.png,class0,0
193,cropped/tubingen/369.png,class0,0
193,cropped/tubingen/198.png,class0,0
193,cropped/tubingen/190.png,class0,0
193,cropped/tubingen/193.png,class0,0
193,cropped/tubingen/197.png,class4,4
193,cropped/tubingen/189.png,class0,0
193,cropped/tubingen/192.png,class0,0
193,cropped/tubingen/194.png,class0,0
193,cropped/tubingen/196.png,class1,1
194,cropped/tubingen/522.png,class0,0
194,cropped/tubingen/436.png,class1,1
194,cropped/tubingen/523.png,class0,0
194,cropped/tubingen/435.png,class1,1
194,cropped/tubingen/524.png,class1,1
194,cropped/tubingen/526.png,class0,0
194,cropped/tubingen/529.png,class0,0
194,cropped/tubingen/525.png,class0,0
194,cropped/tubingen/438.png,class0,0
194,cropped/tubingen/271.png,class1,1
194,cropped/tubingen/437.png,class0,0
194,cropped/tubingen/269.png,class1,1
194,cropped/tubingen/272.png,class4,4
194,cropped/tubingen/439.png,class0,0
194,cropped/tubingen/440.png,class1,1
194,cropped/tubingen/270.png,class1,1
194,cropped/tubingen/279.png,class4,4
194,cropped/tubingen/274.png,class0,0
194,cropped/tubingen/278.png,class4,4
194,cropped/tubingen/230.png,class1,1
194,cropped/tubingen/276.png,class4,4
194,cropped/tubingen/280.png,class1,1
194,cropped/tubingen/228.png,class0,0
194,cropped/tubingen/275.png,class4,4
194,cropped/tubingen/237.png,class0,0
194,cropped/tubingen/234.png,class0,0
194,cropped/tubingen/232.png,class0,0
194,cropped/tubingen/231.png,class0,0
194,cropped/tubingen/235.png,class0,0
194,cropped/tubingen/233.png,class0,0
194,cropped/tubingen/236.png,class0,0
194,cropped/tubingen/240.png,class0,0
194,cropped/tubingen/570.png,class0,0
194,cropped/tubingen/310.png,class0,0
194,cropped/tubingen/572.png,class1,1
194,cropped/tubingen/573.png,class1,1
194,cropped/tubingen/574.png,class1,1
194,cropped/tubingen/241.png,class0,0
194,cropped/tubingen/571.png,class1,1
194,cropped/tubingen/311.png,class1,1
194,cropped/tubingen/488.png,class1,1
194,cropped/tubingen/578.png,class1,1
194,cropped/tubingen/491.png,class1,1
194,cropped/tubingen/489.png,class1,1
194,cropped/tubingen/577.png,class1,1
194,cropped/tubingen/576.png,class1,1
194,cropped/tubingen/492.png,class1,1
194,cropped/tubingen/493.png,class1,1
194,cropped/tubingen/502.png,class1,1
194,cropped/tubingen/501.png,class1,1
194,cropped/tubingen/496.png,class1,1
194,cropped/tubingen/499.png,class1,1
194,cropped/tubingen/497.png,class1,1
194,cropped/tubingen/495.png,class1,1
194,cropped/tubingen/503.png,class1,1
194,cropped/tubingen/500.png,class1,1
194,cropped/tubingen/48.png,class1,1
194,cropped/tubingen/45.png,class4,4
194,cropped/tubingen/582.png,class1,1
194,cropped/tubingen/584.png,class1,1
194,cropped/tubingen/580.png,class5,5
194,cropped/tubingen/49.png,class1,1
194,cropped/tubingen/46.png,class4,4
194,cropped/tubingen/47.png,class1,1
194,cropped/tubingen/585.png,class1,1
194,cropped/tubingen/173.png,class1,1
194,cropped/tubingen/586.png,class1,1
194,cropped/tubingen/224.png,class1,1
194,cropped/tubingen/225.png,class1,1
194,cropped/tubingen/546.png,class1,1
194,cropped/tubingen/171.png,class1,1
194,cropped/tubingen/226.png,class1,1
194,cropped/tubingen/757.png,class1,1
194,cropped/tubingen/119.png,class1,1
194,cropped/tubingen/67.png,class1,1
194,cropped/tubingen/756.png,class1,1
194,cropped/tubingen/65.png,class1,1
194,cropped/tubingen/66.png,class1,1
194,cropped/tubingen/697.png,class1,1
194,cropped/tubingen/698.png,class1,1
195,cropped/tubingen/337.png,class1,1
195,cropped/tubingen/759.png,class1,1
195,cropped/tubingen/347.png,class1,1
195,cropped/tubingen/340.png,class1,1
195,cropped/tubingen/346.png,class1,1
195,cropped/tubingen/515.png,class1,1
195,cropped/tubingen/339.png,class1,1
195,cropped/tubingen/758.png,class1,1
195,cropped/tubingen/51.png,class1,1
195,cropped/tubingen/352.png,class1,1
195,cropped/tubingen/50.png,class1,1
195,cropped/tubingen/351.png,class1,1
195,cropped/tubingen/348.png,class0,0
195,cropped/tubingen/354.png,class1,1
195,cropped/tubingen/353.png,class1,1
195,cropped/tubingen/349.png,class0,0
195,cropped/tubingen/54.png,class1,1
195,cropped/tubingen/57.png,class4,4
195,cropped/tubingen/405.png,class1,1
195,cropped/tubingen/404.png,class5,5
195,cropped/tubingen/403.png,class1,1
195,cropped/tubingen/58.png,class1,1
195,cropped/tubingen/55.png,class1,1
195,cropped/tubingen/52.png,class1,1
195,cropped/tubingen/521.png,class1,1
195,cropped/tubingen/463.png,class5,5
195,cropped/tubingen/467.png,class1,1
195,cropped/tubingen/514.png,class1,1
195,cropped/tubingen/513.png,class1,1
195,cropped/tubingen/464.png,class1,1
195,cropped/tubingen/175.png,class1,1
195,cropped/tubingen/466.png,class1,1
195,cropped/tubingen/180.png,class1,1
195,cropped/tubingen/165.png,class0,0
195,cropped/tubingen/164.png,class0,0
195,cropped/tubingen/166.png,class0,0
195,cropped/tubingen/163.png,class1,1
195,cropped/tubingen/179.png,class1,1
195,cropped/tubingen/176.png,class1,1
195,cropped/tubingen/178.png,class1,1
195,cropped/tubingen/167.png,class0,0
195,cropped/tubingen/168.png,class1,1
195,cropped/tubingen/771.png,class1,1
195,cropped/tubingen/773.png,class0,0
195,cropped/tubingen/170.png,class5,5
195,cropped/tubingen/169.png,class1,1
195,cropped/tubingen/774.png,class4,4
195,cropped/tubingen/772.png,class0,0
195,cropped/tubingen/101.png,class0,0
195,cropped/tubingen/131.png,class0,0
195,cropped/tubingen/99.png,class1,1
195,cropped/tubingen/102.png,class1,1
195,cropped/tubingen/183.png,class1,1
195,cropped/tubingen/775.png,class5,5
195,cropped/tubingen/182.png,class1,1
195,cropped/tubingen/98.png,class1,1
195,cropped/tubingen/106.png,class1,1
195,cropped/tubingen/434.png,class0,0
195,cropped/tubingen/107.png,class1,1
195,cropped/tubingen/142.png,class1,1
195,cropped/tubingen/143.png,class0,0
195,cropped/tubingen/104.png,class1,1
195,cropped/tubingen/108.png,class1,1
195,cropped/tubingen/105.png,class1,1
195,cropped/tubingen/717.png,class1,1
195,cropped/tubingen/718.png,class1,1
195,cropped/tubingen/720.png,class1,1
195,cropped/tubingen/719.png,class1,1
195,cropped/tubingen/155.png,class1,1
195,cropped/tubingen/716.png,class1,1
195,cropped/tubingen/345.png,class1,1
195,cropped/tubingen/721.png,class4,4
195,cropped/tubingen/750.png,class0,0
195,cropped/tubingen/157.png,class1,1
195,cropped/tubingen/545.png,class1,1
195,cropped/tubingen/158.png,class1,1
195,cropped/tubingen/748.png,class0,0
195,cropped/tubingen/542.png,class1,1
195,cropped/tubingen/543.png,class1,1
195,cropped/tubingen/749.png,class0,0
196,cropped/ulm/118.png,class1,1
196,cropped/ulm/402.png,class1,1
196,cropped/ulm/117.png,class1,1
196,cropped/ulm/119.png,class1,1
196,cropped/ulm/114.png,class1,1
196,cropped/ulm/113.png,class1,1
196,cropped/ulm/121.png,class1,1
196,cropped/ulm/120.png,class1,1
196,cropped/ulm/347.png,class1,1
196,cropped/ulm/345.png,class1,1
196,cropped/ulm/122.png,class1,1
196,cropped/ulm/343.png,class1,1
196,cropped/ulm/123.png,class1,1
196,cropped/ulm/344.png,class1,1
196,cropped/ulm/348.png,class1,1
196,cropped/ulm/342.png,class1,1
196,cropped/ulm/359.png,class1,1
196,cropped/ulm/350.png,class1,1
196,cropped/ulm/355.png,class1,1
196,cropped/ulm/356.png,class0,0
196,cropped/ulm/352.png,class1,1
196,cropped/ulm/351.png,class1,1
196,cropped/ulm/353.png,class1,1
196,cropped/ulm/358.png,class1,1
196,cropped/ulm/306.png,class1,1
196,cropped/ulm/310.png,class1,1
196,cropped/ulm/308.png,class1,1
196,cropped/ulm/304.png,class1,1
196,cropped/ulm/362.png,class1,1
196,cropped/ulm/309.png,class1,1
196,cropped/ulm/305.png,class1,1
196,cropped/ulm/361.png,class1,1
196,cropped/ulm/385.png,class3,3
196,cropped/ulm/364.png,class1,1
196,cropped/ulm/387.png,class1,1
196,cropped/ulm/386.png,class1,1
196,cropped/ulm/389.png,class4,4
196,cropped/ulm/391.png,class0,0
196,cropped/ulm/390.png,class0,0
196,cropped/ulm/363.png,class0,0
196,cropped/ulm/19.png,class4,4
196,cropped/ulm/16.png,class1,1
196,cropped/ulm/11.png,class4,4
196,cropped/ulm/20.png,class4,4
196,cropped/ulm/17.png,class1,1
196,cropped/ulm/15.png,class1,1
196,cropped/ulm/14.png,class0,0
196,cropped/ulm/13.png,class4,4
196,cropped/ulm/74.png,class1,1
196,cropped/ulm/78.png,class1,1
196,cropped/ulm/81.png,class1,1
196,cropped/ulm/73.png,class1,1
196,cropped/ulm/72.png,class1,1
196,cropped/ulm/80.png,class0,0
196,cropped/ulm/77.png,class1,1
196,cropped/ulm/76.png,class1,1
196,cropped/ulm/133.png,class1,1
196,cropped/ulm/135.png,class1,1
196,cropped/ulm/83.png,class1,1
196,cropped/ulm/130.png,class1,1
196,cropped/ulm/132.png,class1,1
196,cropped/ulm/82.png,class1,1
196,cropped/ulm/84.png,class1,1
196,cropped/ulm/134.png,class1,1
196,cropped/ulm/139.png,class5,5
196,cropped/ulm/140.png,class5,5
196,cropped/ulm/138.png,class5,5
196,cropped/ulm/141.png,class5,5
196,cropped/ulm/144.png,class5,5
196,cropped/ulm/172.png,class1,1
196,cropped/ulm/142.png,class5,5
196,cropped/ulm/171.png,class1,1
196,cropped/ulm/148.png,class1,1
196,cropped/ulm/179.png,class1,1
196,cropped/ulm/176.png,class1,1
196,cropped/ulm/177.png,class1,1
196,cropped/ulm/180.png,class1,1
196,cropped/ulm/175.png,class4,4
196,cropped/ulm/178.png,class1,1
196,cropped/ulm/181.png,class4,4
197,cropped/ulm/152.png,class1,1
197,cropped/ulm/545.png,class1,1
197,cropped/ulm/150.png,class1,1
197,cropped/ulm/157.png,class4,4
197,cropped/ulm/156.png,class4,4
197,cropped/ulm/155.png,class1,1
197,cropped/ulm/151.png,class1,1
197,cropped/ulm/154.png,class1,1
197,cropped/ulm/312.png,class1,1
197,cropped/ulm/313.png,class0,0
197,cropped/ulm/315.png,class0,0
197,cropped/ulm/546.png,class0,0
197,cropped/ulm/317.png,class0,0
197,cropped/ulm/316.png,class0,0
197,cropped/ulm/314.png,class0,0
197,cropped/ulm/548.png,class1,1
197,cropped/ulm/321.png,class5,5
197,cropped/ulm/320.png,class5,5
197,cropped/ulm/322.png,class1,1
197,cropped/ulm/319.png,class0,0
197,cropped/ulm/66.png,class0,0
197,cropped/ulm/70.png,class0,0
197,cropped/ulm/318.png,class0,0
197,cropped/ulm/68.png,class1,1
197,cropped/ulm/537.png,class1,1
197,cropped/ulm/71.png,class1,1
197,cropped/ulm/538.png,class1,1
197,cropped/ulm/543.png,class1,1
197,cropped/ulm/254.png,class1,1
197,cropped/ulm/253.png,class1,1
197,cropped/ulm/542.png,class0,0
197,cropped/ulm/539.png,class1,1
197,cropped/ulm/262.png,class4,4
197,cropped/ulm/263.png,class4,4
197,cropped/ulm/259.png,class4,4
197,cropped/ulm/255.png,class1,1
197,cropped/ulm/257.png,class4,4
197,cropped/ulm/260.png,class4,4
197,cropped/ulm/261.png,class5,5
197,cropped/ulm/256.png,class4,4
197,cropped/ulm/369.png,class1,1
197,cropped/ulm/366.png,class1,1
197,cropped/ulm/372.png,class1,1
197,cropped/ulm/374.png,class0,0
197,cropped/ulm/370.png,class1,1
197,cropped/ulm/367.png,class1,1
197,cropped/ulm/371.png,class1,1
197,cropped/ulm/373.png,class0,0
197,cropped/ulm/495.png,class3,3
197,cropped/ulm/497.png,class1,1
197,cropped/ulm/376.png,class1,1
197,cropped/ulm/499.png,class2,2
197,cropped/ulm/378.png,class1,1
197,cropped/ulm/380.png,class0,0
197,cropped/ulm/379.png,class1,1
197,cropped/ulm/498.png,class1,1
197,cropped/ulm/506.png,class0,0
197,cropped/ulm/500.png,class0,0
197,cropped/ulm/501.png,class3,3
197,cropped/ulm/440.png,class0,0
197,cropped/ulm/505.png,class0,0
197,cropped/ulm/504.png,class0,0
197,cropped/ulm/503.png,class0,0
197,cropped/ulm/502.png,class0,0
197,cropped/ulm/524.png,class3,3
197,cropped/ulm/465.png,class1,1
197,cropped/ulm/461.png,class1,1
197,cropped/ulm/525.png,class3,3
197,cropped/ulm/443.png,class0,0
197,cropped/ulm/462.png,class1,1
197,cropped/ulm/463.png,class1,1
197,cropped/ulm/464.png,class1,1
197,cropped/ulm/168.png,class4,4
197,cropped/ulm/170.png,class0,0
197,cropped/ulm/468.png,class1,1
197,cropped/ulm/467.png,class1,1
197,cropped/ulm/167.png,class1,1
197,cropped/ulm/466.png,class1,1
197,cropped/ulm/329.png,class1,1
197,cropped/ulm/169.png,class0,0
198,cropped/ulm/60.png,class1,1
198,cropped/ulm/330.png,class4,4
198,cropped/ulm/64.png,class1,1
198,cropped/ulm/61.png,class1,1
198,cropped/ulm/332.png,class4,4
198,cropped/ulm/65.png,class1,1
198,cropped/ulm/62.png,class1,1
198,cropped/ulm/331.png,class1,1
198,cropped/ulm/247.png,class1,1
198,cropped/ulm/328.png,class0,0
198,cropped/ulm/293.png,class1,1
198,cropped/ulm/245.png,class1,1
198,cropped/ulm/294.png,class1,1
198,cropped/ulm/246.png,class1,1
198,cropped/ulm/327.png,class0,0
198,cropped/ulm/291.png,class0,0
198,cropped/ulm/340.png,class0,0
198,cropped/ulm/335.png,class1,1
198,cropped/ulm/341.png,class1,1
198,cropped/ulm/333.png,class1,1
198,cropped/ulm/337.png,class1,1
198,cropped/ulm/338.png,class1,1
198,cropped/ulm/336.png,class1,1
198,cropped/ulm/381.png,class1,1
198,cropped/ulm/516.png,class1,1
198,cropped/ulm/514.png,class1,1
198,cropped/ulm/515.png,class1,1
198,cropped/ulm/518.png,class1,1
198,cropped/ulm/383.png,class1,1
198,cropped/ulm/382.png,class1,1
198,cropped/ulm/517.png,class1,1
198,cropped/ulm/513.png,class2,2
198,cropped/ulm/97.png,class1,1
198,cropped/ulm/100.png,class1,1
198,cropped/ulm/99.png,class1,1
198,cropped/ulm/96.png,class1,1
198,cropped/ulm/444.png,class1,1
198,cropped/ulm/94.png,class1,1
198,cropped/ulm/98.png,class1,1
198,cropped/ulm/93.png,class1,1
198,cropped/ulm/447.png,class4,4
198,cropped/ulm/207.png,class1,1
198,cropped/ulm/22.png,class1,1
198,cropped/ulm/446.png,class1,1
198,cropped/ulm/445.png,class4,4
198,cropped/ulm/24.png,class1,1
198,cropped/ulm/206.png,class1,1
198,cropped/ulm/208.png,class1,1
198,cropped/ulm/145.png,class1,1
198,cropped/ulm/213.png,class0,0
198,cropped/ulm/324.png,class1,1
198,cropped/ulm/27.png,class1,1
198,cropped/ulm/183.png,class1,1
198,cropped/ulm/28.png,class1,1
198,cropped/ulm/323.png,class0,0
198,cropped/ulm/26.png,class1,1
198,cropped/ulm/470.png,class1,1
198,cropped/ulm/249.png,class1,1
198,cropped/ulm/248.png,class1,1
198,cropped/ulm/184.png,class1,1
198,cropped/ulm/469.png,class2,2
198,cropped/ulm/185.png,class1,1
198,cropped/ulm/186.png,class3,3
198,cropped/ulm/188.png,class1,1
198,cropped/ulm/471.png,class1,1
198,cropped/ulm/41.png,class1,1
198,cropped/ulm/565.png,class2,2
198,cropped/ulm/40.png,class1,1
198,cropped/ulm/36.png,class2,2
198,cropped/ulm/42.png,class1,1
198,cropped/ulm/37.png,class1,1
198,cropped/ulm/472.png,class1,1
198,cropped/ulm/57.png,class1,1
198,cropped/ulm/192.png,class1,1
198,cropped/ulm/56.png,class1,1
198,cropped/ulm/566.png,class1,1
198,cropped/ulm/509.png,class1,1
198,cropped/ulm/58.png,class1,1
198,cropped/ulm/191.png,class1,1
198,cropped/ulm/508.png,class1,1
199,cropped/ulm/79.png,class0,0
199,cropped/ulm/479.png,class1,1
199,cropped/ulm/136.png,class1,1
199,cropped/ulm/477.png,class1,1
199,cropped/ulm/474.png,class1,1
199,cropped/ulm/476.png,class1,1
199,cropped/ulm/475.png,class1,1
199,cropped/ulm/561.png,class3,3
199,cropped/ulm/409.png,class2,2
199,cropped/ulm/564.png,class1,1
199,cropped/ulm/413.png,class1,1
199,cropped/ulm/412.png,class1,1
199,cropped/ulm/411.png,class1,1
199,cropped/ulm/562.png,class3,3
199,cropped/ulm/407.png,class1,1
199,cropped/ulm/408.png,class2,2
199,cropped/ulm/416.png,class4,4
199,cropped/ulm/415.png,class1,1
199,cropped/ulm/450.png,class1,1
199,cropped/ulm/448.png,class1,1
199,cropped/ulm/414.png,class1,1
199,cropped/ulm/492.png,class1,1
199,cropped/ulm/493.png,class0,0
199,cropped/ulm/449.png,class1,1
199,cropped/ulm/451.png,class1,1
199,cropped/ulm/456.png,class1,1
199,cropped/ulm/458.png,class5,5
199,cropped/ulm/457.png,class1,1
199,cropped/ulm/454.png,class1,1
199,cropped/ulm/452.png,class1,1
199,cropped/ulm/453.png,class1,1
199,cropped/ulm/455.png,class1,1
199,cropped/ulm/244.png,class0,0
199,cropped/ulm/296.png,class1,1
199,cropped/ulm/242.png,class2,2
199,cropped/ulm/237.png,class1,1
199,cropped/ulm/241.png,class1,1
199,cropped/ulm/240.png,class1,1
199,cropped/ulm/238.png,class1,1
199,cropped/ulm/295.png,class1,1
199,cropped/ulm/300.png,class1,1
199,cropped/ulm/303.png,class1,1
199,cropped/ulm/299.png,class1,1
199,cropped/ulm/297.png,class1,1
199,cropped/ulm/302.png,class1,1
199,cropped/ulm/404.png,class5,5
199,cropped/ulm/405.png,class1,1
199,cropped/ulm/301.png,class1,1
199,cropped/ulm/189.png,class1,1
199,cropped/ulm/423.png,class0,0
199,cropped/ulm/422.png,class1,1
199,cropped/ulm/420.png,class1,1
199,cropped/ulm/418.png,class1,1
199,cropped/ulm/421.png,class1,1
199,cropped/ulm/417.png,class1,1
199,cropped/ulm/419.png,class2,2
199,cropped/ulm/399.png,class1,1
199,cropped/ulm/396.png,class1,1
199,cropped/ulm/397.png,class1,1
199,cropped/ulm/400.png,class1,1
199,cropped/ulm/52.png,class1,1
199,cropped/ulm/424.png,class0,0
199,cropped/ulm/54.png,class1,1
199,cropped/ulm/51.png,class1,1
199,cropped/ulm/147.png,class2,2
199,cropped/ulm/394.png,class1,1
199,cropped/ulm/101.png,class2,2
199,cropped/ulm/393.png,class1,1
199,cropped/ulm/103.png,class1,1
199,cropped/ulm/104.png,class1,1
199,cropped/ulm/392.png,class2,2
199,cropped/ulm/146.png,class1,1
199,cropped/ulm/527.png,class1,1
199,cropped/ulm/110.png,class5,5
199,cropped/ulm/528.png,class1,1
199,cropped/ulm/105.png,class1,1
199,cropped/ulm/112.png,class5,5
199,cropped/ulm/109.png,class5,5
199,cropped/ulm/108.png,class1,1
199,cropped/ulm/111.png,class5,5
200,cropped/ulm/530.png,class1,1
200,cropped/ulm/533.png,class1,1
200,cropped/ulm/86.png,class1,1
200,cropped/ulm/535.png,class1,1
200,cropped/ulm/531.png,class1,1
200,cropped/ulm/529.png,class1,1
200,cropped/ulm/85.png,class1,1
200,cropped/ulm/532.png,class1,1
200,cropped/ulm/87.png,class1,1
200,cropped/ulm/127.png,class1,1
200,cropped/ulm/125.png,class1,1
200,cropped/ulm/88.png,class1,1
200,cropped/ulm/89.png,class1,1
200,cropped/ulm/126.png,class1,1
200,cropped/ulm/90.png,class1,1
200,cropped/ulm/128.png,class1,1
200,cropped/ulm/481.png,class0,0
200,cropped/ulm/484.png,class1,1
200,cropped/ulm/129.png,class1,1
200,cropped/ulm/483.png,class5,5
200,cropped/ulm/485.png,class1,1
200,cropped/ulm/482.png,class0,0
200,cropped/ulm/486.png,class1,1
200,cropped/ulm/480.png,class1,1
200,cropped/ulm/490.png,class1,1
200,cropped/ulm/270.png,class1,1
200,cropped/ulm/275.png,class1,1
200,cropped/ulm/273.png,class1,1
200,cropped/ulm/489.png,class1,1
200,cropped/ulm/274.png,class1,1
200,cropped/ulm/272.png,class1,1
200,cropped/ulm/276.png,class4,4
200,cropped/ulm/222.png,class1,1
200,cropped/ulm/220.png,class1,1
200,cropped/ulm/217.png,class1,1
200,cropped/ulm/218.png,class1,1
200,cropped/ulm/216.png,class1,1
200,cropped/ulm/224.png,class1,1
200,cropped/ulm/219.png,class1,1
200,cropped/ulm/221.png,class1,1
200,cropped/ulm/232.png,class4,4
200,cropped/ulm/226.png,class4,4
200,cropped/ulm/227.png,class4,4
200,cropped/ulm/229.png,class4,4
200,cropped/ulm/568.png,class1,1
200,cropped/ulm/233.png,class0,0
200,cropped/ulm/231.png,class4,4
200,cropped/ulm/228.png,class4,4
200,cropped/ulm/574.png,class1,1
200,cropped/ulm/576.png,class1,1
200,cropped/ulm/573.png,class1,1
200,cropped/ulm/578.png,class1,1
200,cropped/ulm/569.png,class2,2
200,cropped/ulm/570.png,class1,1
200,cropped/ulm/571.png,class1,1
200,cropped/ulm/577.png,class1,1
200,cropped/ulm/164.png,class1,1
200,cropped/ulm/43.png,class1,1
200,cropped/ulm/44.png,class1,1
200,cropped/ulm/162.png,class1,1
200,cropped/ulm/47.png,class1,1
200,cropped/ulm/45.png,class1,1
200,cropped/ulm/163.png,class2,2
200,cropped/ulm/48.png,class1,1
200,cropped/ulm/210.png,class0,0
200,cropped/ulm/211.png,class0,0
200,cropped/ulm/511.png,class1,1
200,cropped/ulm/512.png,class1,1
200,cropped/ulm/50.png,class1,1
200,cropped/ulm/209.png,class1,1
200,cropped/ulm/510.png,class1,1
200,cropped/ulm/526.png,class5,5
200,cropped/ulm/521.png,class0,0
200,cropped/ulm/29.png,class1,1
200,cropped/ulm/522.png,class1,1
200,cropped/ulm/235.png,class1,1
200,cropped/ulm/523.png,class4,4
200,cropped/ulm/520.png,class3,3
200,cropped/ulm/251.png,class1,1
200,cropped/ulm/252.png,class1,1
201,cropped/weimar/280.png,class1,1
201,cropped/weimar/350.png,class1,1
201,cropped/weimar/348.png,class1,1
201,cropped/weimar/46.png,class1,1
201,cropped/weimar/349.png,class1,1
201,cropped/weimar/281.png,class0,0
201,cropped/weimar/351.png,class1,1
201,cropped/weimar/347.png,class1,1
201,cropped/weimar/750.png,class1,1
201,cropped/weimar/48.png,class0,0
201,cropped/weimar/47.png,class4,4
201,cropped/weimar/753.png,class1,1
201,cropped/weimar/754.png,class1,1
201,cropped/weimar/50.png,class1,1
201,cropped/weimar/752.png,class1,1
201,cropped/weimar/51.png,class1,1
201,cropped/weimar/432.png,class1,1
201,cropped/weimar/434.png,class1,1
201,cropped/weimar/724.png,class1,1
201,cropped/weimar/435.png,class1,1
201,cropped/weimar/757.png,class1,1
201,cropped/weimar/756.png,class1,1
201,cropped/weimar/755.png,class1,1
201,cropped/weimar/725.png,class1,1
201,cropped/weimar/704.png,class3,3
201,cropped/weimar/707.png,class4,4
201,cropped/weimar/708.png,class1,1
201,cropped/weimar/702.png,class1,1
201,cropped/weimar/705.png,class4,4
201,cropped/weimar/726.png,class3,3
201,cropped/weimar/703.png,class3,3
201,cropped/weimar/559.png,class1,1
201,cropped/weimar/560.png,class1,1
201,cropped/weimar/484.png,class1,1
201,cropped/weimar/562.png,class3,3
201,cropped/weimar/485.png,class1,1
201,cropped/weimar/561.png,class1,1
201,cropped/weimar/483.png,class1,1
201,cropped/weimar/563.png,class1,1
201,cropped/weimar/482.png,class1,1
201,cropped/weimar/486.png,class1,1
201,cropped/weimar/411.png,class2,2
201,cropped/weimar/490.png,class1,1
201,cropped/weimar/413.png,class1,1
201,cropped/weimar/487.png,class1,1
201,cropped/weimar/410.png,class1,1
201,cropped/weimar/488.png,class1,1
201,cropped/weimar/491.png,class1,1
201,cropped/weimar/418.png,class1,1
201,cropped/weimar/415.png,class1,1
201,cropped/weimar/417.png,class1,1
201,cropped/weimar/416.png,class1,1
201,cropped/weimar/140.png,class3,3
201,cropped/weimar/665.png,class1,1
201,cropped/weimar/142.png,class3,3
201,cropped/weimar/141.png,class3,3
201,cropped/weimar/530.png,class1,1
201,cropped/weimar/143.png,class3,3
201,cropped/weimar/529.png,class1,1
201,cropped/weimar/771.png,class4,4
201,cropped/weimar/772.png,class4,4
201,cropped/weimar/144.png,class1,1
201,cropped/weimar/532.png,class1,1
201,cropped/weimar/528.png,class1,1
201,cropped/weimar/774.png,class4,4
201,cropped/weimar/210.png,class1,1
201,cropped/weimar/211.png,class1,1
201,cropped/weimar/209.png,class1,1
201,cropped/weimar/208.png,class1,1
201,cropped/weimar/778.png,class0,0
201,cropped/weimar/776.png,class4,4
201,cropped/weimar/775.png,class4,4
201,cropped/weimar/218.png,class1,1
201,cropped/weimar/214.png,class1,1
201,cropped/weimar/216.png,class1,1
201,cropped/weimar/219.png,class1,1
201,cropped/weimar/217.png,class1,1
201,cropped/weimar/220.png,class1,1
201,cropped/weimar/215.png,class1,1
201,cropped/weimar/221.png,class1,1
202,cropped/weimar/548.png,class1,1
202,cropped/weimar/718.png,class0,0
202,cropped/weimar/715.png,class0,0
202,cropped/weimar/547.png,class0,0
202,cropped/weimar/714.png,class0,0
202,cropped/weimar/545.png,class0,0
202,cropped/weimar/546.png,class0,0
202,cropped/weimar/716.png,class1,1
202,cropped/weimar/38.png,class0,0
202,cropped/weimar/36.png,class0,0
202,cropped/weimar/108.png,class5,5
202,cropped/weimar/397.png,class0,0
202,cropped/weimar/398.png,class1,1
202,cropped/weimar/110.png,class1,1
202,cropped/weimar/549.png,class1,1
202,cropped/weimar/107.png,class0,0
202,cropped/weimar/6.png,class0,0
202,cropped/weimar/322.png,class1,1
202,cropped/weimar/0.png,class1,1
202,cropped/weimar/5.png,class0,0
202,cropped/weimar/1.png,class1,1
202,cropped/weimar/399.png,class0,0
202,cropped/weimar/4.png,class1,1
202,cropped/weimar/323.png,class1,1
202,cropped/weimar/793.png,class1,1
202,cropped/weimar/317.png,class1,1
202,cropped/weimar/319.png,class1,1
202,cropped/weimar/316.png,class1,1
202,cropped/weimar/795.png,class1,1
202,cropped/weimar/794.png,class1,1
202,cropped/weimar/320.png,class1,1
202,cropped/weimar/321.png,class1,1
202,cropped/weimar/656.png,class1,1
202,cropped/weimar/649.png,class1,1
202,cropped/weimar/654.png,class1,1
202,cropped/weimar/653.png,class1,1
202,cropped/weimar/650.png,class1,1
202,cropped/weimar/655.png,class1,1
202,cropped/weimar/652.png,class1,1
202,cropped/weimar/651.png,class1,1
202,cropped/weimar/664.png,class1,1
202,cropped/weimar/661.png,class1,1
202,cropped/weimar/662.png,class1,1
202,cropped/weimar/659.png,class1,1
202,cropped/weimar/492.png,class1,1
202,cropped/weimar/493.png,class0,0
202,cropped/weimar/494.png,class0,0
202,cropped/weimar/658.png,class1,1
202,cropped/weimar/496.png,class1,1
202,cropped/weimar/427.png,class0,0
202,cropped/weimar/497.png,class1,1
202,cropped/weimar/499.png,class1,1
202,cropped/weimar/428.png,class0,0
202,cropped/weimar/429.png,class1,1
202,cropped/weimar/426.png,class0,0
202,cropped/weimar/495.png,class1,1
202,cropped/weimar/430.png,class0,0
202,cropped/weimar/226.png,class1,1
202,cropped/weimar/227.png,class0,0
202,cropped/weimar/228.png,class0,0
202,cropped/weimar/225.png,class0,0
202,cropped/weimar/222.png,class1,1
202,cropped/weimar/223.png,class1,1
202,cropped/weimar/580.png,class1,1
202,cropped/weimar/23.png,class1,1
202,cropped/weimar/24.png,class1,1
202,cropped/weimar/587.png,class0,0
202,cropped/weimar/585.png,class0,0
202,cropped/weimar/583.png,class0,0
202,cropped/weimar/581.png,class1,1
202,cropped/weimar/582.png,class0,0
202,cropped/weimar/22.png,class1,1
202,cropped/weimar/52.png,class1,1
202,cropped/weimar/53.png,class1,1
202,cropped/weimar/56.png,class1,1
202,cropped/weimar/59.png,class1,1
202,cropped/weimar/54.png,class1,1
202,cropped/weimar/55.png,class1,1
202,cropped/weimar/26.png,class1,1
202,cropped/weimar/58.png,class1,1
203,cropped/weimar/103.png,class0,0
203,cropped/weimar/780.png,class1,1
203,cropped/weimar/779.png,class4,4
203,cropped/weimar/104.png,class0,0
203,cropped/weimar/395.png,class0,0
203,cropped/weimar/105.png,class0,0
203,cropped/weimar/396.png,class0,0
203,cropped/weimar/781.png,class0,0
203,cropped/weimar/789.png,class0,0
203,cropped/weimar/296.png,class1,1
203,cropped/weimar/790.png,class0,0
203,cropped/weimar/788.png,class0,0
203,cropped/weimar/783.png,class0,0
203,cropped/weimar/297.png,class1,1
203,cropped/weimar/786.png,class0,0
203,cropped/weimar/785.png,class0,0
203,cropped/weimar/303.png,class1,1
203,cropped/weimar/298.png,class1,1
203,cropped/weimar/302.png,class1,1
203,cropped/weimar/299.png,class1,1
203,cropped/weimar/307.png,class0,0
203,cropped/weimar/306.png,class1,1
203,cropped/weimar/301.png,class1,1
203,cropped/weimar/304.png,class1,1
203,cropped/weimar/308.png,class0,0
203,cropped/weimar/269.png,class4,4
203,cropped/weimar/275.png,class0,0
203,cropped/weimar/276.png,class0,0
203,cropped/weimar/274.png,class0,0
203,cropped/weimar/271.png,class0,0
203,cropped/weimar/309.png,class0,0
203,cropped/weimar/272.png,class0,0
203,cropped/weimar/400.png,class1,1
203,cropped/weimar/406.png,class4,4
203,cropped/weimar/404.png,class1,1
203,cropped/weimar/311.png,class1,1
203,cropped/weimar/405.png,class4,4
203,cropped/weimar/403.png,class1,1
203,cropped/weimar/310.png,class1,1
203,cropped/weimar/402.png,class1,1
203,cropped/weimar/284.png,class0,0
203,cropped/weimar/315.png,class0,0
203,cropped/weimar/285.png,class0,0
203,cropped/weimar/313.png,class0,0
203,cropped/weimar/314.png,class0,0
203,cropped/weimar/283.png,class3,3
203,cropped/weimar/286.png,class0,0
203,cropped/weimar/288.png,class1,1
203,cropped/weimar/688.png,class1,1
203,cropped/weimar/684.png,class1,1
203,cropped/weimar/686.png,class1,1
203,cropped/weimar/685.png,class1,1
203,cropped/weimar/682.png,class0,0
203,cropped/weimar/687.png,class1,1
203,cropped/weimar/683.png,class1,1
203,cropped/weimar/681.png,class0,0
203,cropped/weimar/456.png,class0,0
203,cropped/weimar/689.png,class1,1
203,cropped/weimar/691.png,class1,1
203,cropped/weimar/690.png,class1,1
203,cropped/weimar/695.png,class0,0
203,cropped/weimar/457.png,class0,0
203,cropped/weimar/455.png,class1,1
203,cropped/weimar/694.png,class0,0
203,cropped/weimar/327.png,class0,0
203,cropped/weimar/461.png,class1,1
203,cropped/weimar/458.png,class1,1
203,cropped/weimar/464.png,class1,1
203,cropped/weimar/463.png,class1,1
203,cropped/weimar/459.png,class1,1
203,cropped/weimar/465.png,class1,1
203,cropped/weimar/328.png,class0,0
203,cropped/weimar/95.png,class1,1
203,cropped/weimar/330.png,class0,0
203,cropped/weimar/96.png,class1,1
203,cropped/weimar/91.png,class4,4
203,cropped/weimar/94.png,class1,1
203,cropped/weimar/93.png,class1,1
203,cropped/weimar/331.png,class0,0
203,cropped/weimar/90.png,class0,0
204,cropped/weimar/101.png,class4,4
204,cropped/weimar/533.png,class1,1
204,cropped/weimar/536.png,class1,1
204,cropped/weimar/535.png,class4,4
204,cropped/weimar/98.png,class1,1
204,cropped/weimar/97.png,class1,1
204,cropped/weimar/100.png,class1,1
204,cropped/weimar/99.png,class0,0
204,cropped/weimar/71.png,class0,0
204,cropped/weimar/602.png,class1,1
204,cropped/weimar/70.png,class0,0
204,cropped/weimar/69.png,class0,0
204,cropped/weimar/791.png,class1,1
204,cropped/weimar/339.png,class4,4
204,cropped/weimar/600.png,class1,1
204,cropped/weimar/601.png,class1,1
204,cropped/weimar/42.png,class1,1
204,cropped/weimar/170.png,class0,0
204,cropped/weimar/43.png,class1,1
204,cropped/weimar/45.png,class1,1
204,cropped/weimar/167.png,class1,1
204,cropped/weimar/166.png,class1,1
204,cropped/weimar/168.png,class1,1
204,cropped/weimar/44.png,class5,5
204,cropped/weimar/175.png,class1,1
204,cropped/weimar/159.png,class4,4
204,cropped/weimar/172.png,class0,0
204,cropped/weimar/176.png,class1,1
204,cropped/weimar/158.png,class4,4
204,cropped/weimar/156.png,class4,4
204,cropped/weimar/173.png,class1,1
204,cropped/weimar/157.png,class4,4
204,cropped/weimar/796.png,class0,0
204,cropped/weimar/797.png,class0,0
204,cropped/weimar/178.png,class1,1
204,cropped/weimar/73.png,class1,1
204,cropped/weimar/177.png,class1,1
204,cropped/weimar/72.png,class1,1
204,cropped/weimar/798.png,class1,1
204,cropped/weimar/180.png,class4,4
204,cropped/weimar/380.png,class0,0
204,cropped/weimar/290.png,class0,0
204,cropped/weimar/381.png,class0,0
204,cropped/weimar/799.png,class1,1
204,cropped/weimar/382.png,class1,1
204,cropped/weimar/800.png,class1,1
204,cropped/weimar/289.png,class1,1
204,cropped/weimar/801.png,class1,1
204,cropped/weimar/253.png,class4,4
204,cropped/weimar/257.png,class1,1
204,cropped/weimar/383.png,class1,1
204,cropped/weimar/255.png,class1,1
204,cropped/weimar/256.png,class1,1
204,cropped/weimar/386.png,class1,1
204,cropped/weimar/387.png,class1,1
204,cropped/weimar/384.png,class1,1
204,cropped/weimar/196.png,class1,1
204,cropped/weimar/259.png,class1,1
204,cropped/weimar/261.png,class1,1
204,cropped/weimar/197.png,class1,1
204,cropped/weimar/258.png,class1,1
204,cropped/weimar/198.png,class1,1
204,cropped/weimar/199.png,class1,1
204,cropped/weimar/200.png,class1,1
204,cropped/weimar/738.png,class1,1
204,cropped/weimar/201.png,class1,1
204,cropped/weimar/202.png,class1,1
204,cropped/weimar/203.png,class1,1
204,cropped/weimar/736.png,class1,1
204,cropped/weimar/742.png,class1,1
204,cropped/weimar/739.png,class1,1
204,cropped/weimar/741.png,class1,1
204,cropped/weimar/391.png,class1,1
204,cropped/weimar/388.png,class1,1
204,cropped/weimar/745.png,class1,1
204,cropped/weimar/744.png,class1,1
204,cropped/weimar/743.png,class1,1
204,cropped/weimar/389.png,class1,1
204,cropped/weimar/392.png,class1,1
204,cropped/weimar/390.png,class1,1
205,cropped/weimar/130.png,class1,1
205,cropped/weimar/132.png,class5,5
205,cropped/weimar/128.png,class1,1
205,cropped/weimar/129.png,class1,1
205,cropped/weimar/137.png,class1,1
205,cropped/weimar/133.png,class1,1
205,cropped/weimar/131.png,class1,1
205,cropped/weimar/134.png,class1,1
205,cropped/weimar/621.png,class1,1
205,cropped/weimar/616.png,class1,1
205,cropped/weimar/620.png,class0,0
205,cropped/weimar/622.png,class1,1
205,cropped/weimar/139.png,class1,1
205,cropped/weimar/624.png,class1,1
205,cropped/weimar/623.png,class1,1
205,cropped/weimar/138.png,class1,1
205,cropped/weimar/444.png,class1,1
205,cropped/weimar/445.png,class1,1
205,cropped/weimar/449.png,class1,1
205,cropped/weimar/446.png,class1,1
205,cropped/weimar/448.png,class0,0
205,cropped/weimar/619.png,class0,0
205,cropped/weimar/618.png,class0,0
205,cropped/weimar/450.png,class1,1
205,cropped/weimar/419.png,class1,1
205,cropped/weimar/421.png,class1,1
205,cropped/weimar/422.png,class0,0
205,cropped/weimar/520.png,class1,1
205,cropped/weimar/425.png,class1,1
205,cropped/weimar/424.png,class1,1
205,cropped/weimar/802.png,class3,3
205,cropped/weimar/420.png,class1,1
205,cropped/weimar/712.png,class1,1
205,cropped/weimar/407.png,class2,2
205,cropped/weimar/524.png,class1,1
205,cropped/weimar/711.png,class1,1
205,cropped/weimar/66.png,class1,1
205,cropped/weimar/523.png,class1,1
205,cropped/weimar/522.png,class1,1
205,cropped/weimar/521.png,class1,1
205,cropped/weimar/60.png,class0,0
205,cropped/weimar/477.png,class1,1
205,cropped/weimar/61.png,class1,1
205,cropped/weimar/408.png,class1,1
205,cropped/weimar/478.png,class4,4
205,cropped/weimar/62.png,class4,4
205,cropped/weimar/476.png,class1,1
205,cropped/weimar/479.png,class4,4
205,cropped/weimar/88.png,class1,1
205,cropped/weimar/20.png,class4,4
205,cropped/weimar/17.png,class1,1
205,cropped/weimar/16.png,class1,1
205,cropped/weimar/18.png,class0,0
205,cropped/weimar/15.png,class1,1
205,cropped/weimar/39.png,class0,0
205,cropped/weimar/21.png,class3,3
205,cropped/weimar/366.png,class0,0
205,cropped/weimar/267.png,class1,1
205,cropped/weimar/728.png,class0,0
205,cropped/weimar/264.png,class1,1
205,cropped/weimar/263.png,class1,1
205,cropped/weimar/268.png,class1,1
205,cropped/weimar/265.png,class1,1
205,cropped/weimar/266.png,class1,1
205,cropped/weimar/121.png,class0,0
205,cropped/weimar/122.png,class1,1
205,cropped/weimar/369.png,class1,1
205,cropped/weimar/368.png,class1,1
205,cropped/weimar/372.png,class1,1
205,cropped/weimar/371.png,class1,1
205,cropped/weimar/373.png,class1,1
205,cropped/weimar/367.png,class0,0
205,cropped/weimar/115.png,class1,1
205,cropped/weimar/116.png,class1,1
205,cropped/weimar/112.png,class1,1
205,cropped/weimar/123.png,class1,1
205,cropped/weimar/119.png,class0,0
205,cropped/weimar/118.png,class1,1
205,cropped/weimar/114.png,class1,1
205,cropped/weimar/113.png,class1,1
206,cropped/weimar/232.png,class1,1
206,cropped/weimar/336.png,class1,1
206,cropped/weimar/334.png,class1,1
206,cropped/weimar/229.png,class1,1
206,cropped/weimar/332.png,class1,1
206,cropped/weimar/333.png,class0,0
206,cropped/weimar/231.png,class1,1
206,cropped/weimar/233.png,class1,1
206,cropped/weimar/338.png,class1,1
206,cropped/weimar/337.png,class1,1
206,cropped/weimar/632.png,class4,4
206,cropped/weimar/628.png,class1,1
206,cropped/weimar/626.png,class1,1
206,cropped/weimar/629.png,class1,1
206,cropped/weimar/574.png,class1,1
206,cropped/weimar/630.png,class0,0
206,cropped/weimar/575.png,class1,1
206,cropped/weimar/579.png,class4,4
206,cropped/weimar/729.png,class1,1
206,cropped/weimar/576.png,class1,1
206,cropped/weimar/578.png,class0,0
206,cropped/weimar/732.png,class0,0
206,cropped/weimar/730.png,class1,1
206,cropped/weimar/733.png,class0,0
206,cropped/weimar/735.png,class0,0
206,cropped/weimar/734.png,class0,0
206,cropped/weimar/355.png,class1,1
206,cropped/weimar/357.png,class1,1
206,cropped/weimar/352.png,class0,0
206,cropped/weimar/358.png,class1,1
206,cropped/weimar/354.png,class1,1
206,cropped/weimar/353.png,class1,1
206,cropped/weimar/453.png,class0,0
206,cropped/weimar/187.png,class0,0
206,cropped/weimar/185.png,class4,4
206,cropped/weimar/186.png,class0,0
206,cropped/weimar/182.png,class0,0
206,cropped/weimar/451.png,class0,0
206,cropped/weimar/183.png,class1,1
206,cropped/weimar/454.png,class1,1
206,cropped/weimar/249.png,class1,1
206,cropped/weimar/244.png,class0,0
206,cropped/weimar/246.png,class1,1
206,cropped/weimar/247.png,class1,1
206,cropped/weimar/245.png,class0,0
206,cropped/weimar/251.png,class1,1
206,cropped/weimar/603.png,class0,0
206,cropped/weimar/248.png,class1,1
206,cropped/weimar/341.png,class0,0
206,cropped/weimar/340.png,class1,1
206,cropped/weimar/607.png,class1,1
206,cropped/weimar/609.png,class1,1
206,cropped/weimar/608.png,class1,1
206,cropped/weimar/604.png,class0,0
206,cropped/weimar/610.png,class1,1
206,cropped/weimar/611.png,class1,1
206,cropped/weimar/204.png,class1,1
206,cropped/weimar/145.png,class0,0
206,cropped/weimar/345.png,class1,1
206,cropped/weimar/205.png,class0,0
206,cropped/weimar/207.png,class0,0
206,cropped/weimar/342.png,class1,1
206,cropped/weimar/146.png,class1,1
206,cropped/weimar/344.png,class1,1
206,cropped/weimar/27.png,class0,0
206,cropped/weimar/147.png,class0,0
206,cropped/weimar/32.png,class0,0
206,cropped/weimar/148.png,class0,0
206,cropped/weimar/29.png,class1,1
206,cropped/weimar/149.png,class0,0
206,cropped/weimar/30.png,class1,1
206,cropped/weimar/31.png,class0,0
206,cropped/weimar/80.png,class1,1
206,cropped/weimar/76.png,class0,0
206,cropped/weimar/77.png,class1,1
206,cropped/weimar/79.png,class0,0
206,cropped/weimar/34.png,class0,0
206,cropped/weimar/82.png,class0,0
206,cropped/weimar/81.png,class0,0
206,cropped/weimar/78.png,class0,0
207,cropped/weimar/671.png,class0,0
207,cropped/weimar/667.png,class0,0
207,cropped/weimar/83.png,class0,0
207,cropped/weimar/87.png,class0,0
207,cropped/weimar/669.png,class1,1
207,cropped/weimar/86.png,class0,0
207,cropped/weimar/85.png,class0,0
207,cropped/weimar/84.png,class0,0
207,cropped/weimar/506.png,class1,1
207,cropped/weimar/507.png,class1,1
207,cropped/weimar/501.png,class0,0
207,cropped/weimar/673.png,class0,0
207,cropped/weimar/672.png,class0,0
207,cropped/weimar/502.png,class0,0
207,cropped/weimar/503.png,class1,1
207,cropped/weimar/504.png,class1,1
207,cropped/weimar/510.png,class1,1
207,cropped/weimar/509.png,class1,1
207,cropped/weimar/538.png,class0,0
207,cropped/weimar/515.png,class1,1
207,cropped/weimar/508.png,class1,1
207,cropped/weimar/513.png,class1,1
207,cropped/weimar/514.png,class1,1
207,cropped/weimar/511.png,class1,1
207,cropped/weimar/543.png,class1,1
207,cropped/weimar/542.png,class1,1
207,cropped/weimar/540.png,class0,0
207,cropped/weimar/614.png,class1,1
207,cropped/weimar/613.png,class1,1
207,cropped/weimar/237.png,class5,5
207,cropped/weimar/544.png,class1,1
207,cropped/weimar/612.png,class4,4
207,cropped/weimar/362.png,class1,1
207,cropped/weimar/241.png,class1,1
207,cropped/weimar/242.png,class1,1
207,cropped/weimar/360.png,class1,1
207,cropped/weimar/240.png,class1,1
207,cropped/weimar/243.png,class1,1
207,cropped/weimar/238.png,class1,1
207,cropped/weimar/359.png,class0,0
207,cropped/weimar/363.png,class4,4
207,cropped/weimar/124.png,class0,0
207,cropped/weimar/277.png,class0,0
207,cropped/weimar/278.png,class1,1
207,cropped/weimar/558.png,class3,3
207,cropped/weimar/557.png,class1,1
207,cropped/weimar/295.png,class1,1
207,cropped/weimar/279.png,class1,1
207,cropped/weimar/516.png,class1,1
207,cropped/weimar/761.png,class1,1
207,cropped/weimar/749.png,class1,1
207,cropped/weimar/518.png,class0,0
207,cropped/weimar/747.png,class4,4
207,cropped/weimar/748.png,class1,1
207,cropped/weimar/760.png,class1,1
207,cropped/weimar/517.png,class1,1
207,cropped/weimar/164.png,class1,1
207,cropped/weimar/765.png,class1,1
207,cropped/weimar/162.png,class1,1
207,cropped/weimar/165.png,class1,1
207,cropped/weimar/525.png,class1,1
207,cropped/weimar/163.png,class3,3
207,cropped/weimar/527.png,class4,4
207,cropped/weimar/324.png,class2,2
207,cropped/weimar/326.png,class0,0
207,cropped/weimar/770.png,class5,5
207,cropped/weimar/768.png,class1,1
207,cropped/weimar/767.png,class1,1
207,cropped/weimar/325.png,class1,1
207,cropped/weimar/766.png,class1,1
207,cropped/weimar/127.png,class1,1
207,cropped/weimar/746.png,class1,1
207,cropped/weimar/592.png,class1,1
207,cropped/weimar/466.png,class1,1
207,cropped/weimar/595.png,class1,1
207,cropped/weimar/598.png,class1,1
207,cropped/weimar/594.png,class1,1
207,cropped/weimar/593.png,class1,1
207,cropped/weimar/591.png,class1,1
207,cropped/weimar/597.png,class1,1
208,cropped/weimar/468.png,class1,1
208,cropped/weimar/469.png,class1,1
208,cropped/weimar/551.png,class1,1
208,cropped/weimar/472.png,class1,1
208,cropped/weimar/550.png,class1,1
208,cropped/weimar/470.png,class1,1
208,cropped/weimar/471.png,class2,2
208,cropped/weimar/474.png,class1,1
208,cropped/weimar/554.png,class1,1
208,cropped/weimar/555.png,class1,1
208,cropped/weimar/552.png,class1,1
208,cropped/weimar/698.png,class1,1
208,cropped/weimar/700.png,class1,1
208,cropped/weimar/699.png,class1,1
208,cropped/weimar/697.png,class1,1
208,cropped/weimar/556.png,class1,1
208,cropped/weimar/569.png,class1,1
208,cropped/weimar/568.png,class1,1
208,cropped/weimar/564.png,class1,1
208,cropped/weimar/720.png,class3,3
208,cropped/weimar/722.png,class1,1
208,cropped/weimar/701.png,class1,1
208,cropped/weimar/565.png,class1,1
208,cropped/weimar/567.png,class1,1
208,cropped/weimar/573.png,class1,1
208,cropped/weimar/235.png,class1,1
208,cropped/weimar/374.png,class1,1
208,cropped/weimar/376.png,class0,0
208,cropped/weimar/234.png,class3,3
208,cropped/weimar/375.png,class0,0
208,cropped/weimar/174.png,class1,1
208,cropped/weimar/570.png,class1,1
208,cropped/weimar/379.png,class1,1
208,cropped/weimar/588.png,class1,1
208,cropped/weimar/674.png,class5,5
208,cropped/weimar/378.png,class1,1
208,cropped/weimar/676.png,class1,1
208,cropped/weimar/377.png,class1,1
208,cropped/weimar/710.png,class0,0
208,cropped/weimar/677.png,class1,1
208,cropped/weimar/189.png,class1,1
208,cropped/weimar/188.png,class1,1
208,cropped/weimar/195.png,class1,1
208,cropped/weimar/193.png,class1,1
208,cropped/weimar/190.png,class1,1
208,cropped/weimar/191.png,class0,0
208,cropped/weimar/194.png,class1,1
208,cropped/weimar/192.png,class0,0
208,cropped/weimar/9.png,class4,4
208,cropped/weimar/13.png,class1,1
208,cropped/weimar/758.png,class1,1
208,cropped/weimar/12.png,class1,1
208,cropped/weimar/7.png,class1,1
208,cropped/weimar/759.png,class1,1
208,cropped/weimar/14.png,class1,1
208,cropped/weimar/11.png,class4,4
208,cropped/weimar/803.png,class1,1
208,cropped/weimar/808.png,class1,1
208,cropped/weimar/436.png,class1,1
208,cropped/weimar/437.png,class1,1
208,cropped/weimar/438.png,class1,1
208,cropped/weimar/807.png,class1,1
208,cropped/weimar/439.png,class1,1
208,cropped/weimar/804.png,class1,1
208,cropped/weimar/442.png,class1,1
208,cropped/weimar/636.png,class1,1
208,cropped/weimar/638.png,class1,1
208,cropped/weimar/637.png,class1,1
208,cropped/weimar/634.png,class1,1
208,cropped/weimar/635.png,class1,1
208,cropped/weimar/440.png,class1,1
208,cropped/weimar/441.png,class1,1
208,cropped/weimar/645.png,class1,1
208,cropped/weimar/643.png,class1,1
208,cropped/weimar/639.png,class1,1
208,cropped/weimar/642.png,class1,1
208,cropped/weimar/641.png,class0,0
208,cropped/weimar/647.png,class1,1
208,cropped/weimar/640.png,class1,1
208,cropped/weimar/646.png,class1,1
209,cropped/zurich/389.png,class1,1
209,cropped/zurich/22.png,class0,0
209,cropped/zurich/23.png,class0,0
209,cropped/zurich/388.png,class0,0
209,cropped/zurich/21.png,class0,0
209,cropped/zurich/391.png,class1,1
209,cropped/zurich/508.png,class1,1
209,cropped/zurich/390.png,class1,1
209,cropped/zurich/114.png,class0,0
209,cropped/zurich/109.png,class1,1
209,cropped/zurich/117.png,class0,0
209,cropped/zurich/112.png,class1,1
209,cropped/zurich/111.png,class0,0
209,cropped/zurich/113.png,class0,0
209,cropped/zurich/24.png,class0,0
209,cropped/zurich/115.png,class0,0
209,cropped/zurich/189.png,class1,1
209,cropped/zurich/194.png,class1,1
209,cropped/zurich/10.png,class1,1
209,cropped/zurich/192.png,class1,1
209,cropped/zurich/9.png,class1,1
209,cropped/zurich/191.png,class1,1
209,cropped/zurich/190.png,class1,1
209,cropped/zurich/12.png,class0,0
209,cropped/zurich/222.png,class0,0
209,cropped/zurich/224.png,class1,1
209,cropped/zurich/196.png,class1,1
209,cropped/zurich/198.png,class4,4
209,cropped/zurich/195.png,class1,1
209,cropped/zurich/197.png,class1,1
209,cropped/zurich/220.png,class0,0
209,cropped/zurich/225.png,class0,0
209,cropped/zurich/229.png,class4,4
209,cropped/zurich/777.png,class1,1
209,cropped/zurich/775.png,class1,1
209,cropped/zurich/839.png,class1,1
209,cropped/zurich/227.png,class0,0
209,cropped/zurich/776.png,class0,0
209,cropped/zurich/778.png,class0,0
209,cropped/zurich/228.png,class4,4
209,cropped/zurich/678.png,class1,1
209,cropped/zurich/682.png,class1,1
209,cropped/zurich/680.png,class1,1
209,cropped/zurich/840.png,class1,1
209,cropped/zurich/821.png,class1,1
209,cropped/zurich/681.png,class1,1
209,cropped/zurich/841.png,class1,1
209,cropped/zurich/679.png,class1,1
209,cropped/zurich/276.png,class1,1
209,cropped/zurich/823.png,class4,4
209,cropped/zurich/274.png,class4,4
209,cropped/zurich/822.png,class1,1
209,cropped/zurich/271.png,class1,1
209,cropped/zurich/272.png,class5,5
209,cropped/zurich/269.png,class1,1
209,cropped/zurich/273.png,class5,5
209,cropped/zurich/517.png,class1,1
209,cropped/zurich/521.png,class1,1
209,cropped/zurich/520.png,class1,1
209,cropped/zurich/522.png,class1,1
209,cropped/zurich/277.png,class1,1
209,cropped/zurich/523.png,class4,4
209,cropped/zurich/216.png,class1,1
209,cropped/zurich/519.png,class1,1
209,cropped/zurich/370.png,class1,1
209,cropped/zurich/367.png,class0,0
209,cropped/zurich/366.png,class5,5
209,cropped/zurich/371.png,class4,4
209,cropped/zurich/369.png,class1,1
209,cropped/zurich/747.png,class0,0
209,cropped/zurich/748.png,class0,0
209,cropped/zurich/219.png,class0,0
209,cropped/zurich/749.png,class1,1
209,cropped/zurich/641.png,class1,1
209,cropped/zurich/635.png,class1,1
209,cropped/zurich/637.png,class1,1
209,cropped/zurich/750.png,class1,1
209,cropped/zurich/639.png,class1,1
209,cropped/zurich/640.png,class1,1
209,cropped/zurich/642.png,class4,4
210,cropped/zurich/578.png,class4,4
210,cropped/zurich/575.png,class1,1
210,cropped/zurich/599.png,class4,4
210,cropped/zurich/598.png,class0,0
210,cropped/zurich/572.png,class0,0
210,cropped/zurich/597.png,class0,0
210,cropped/zurich/576.png,class5,5
210,cropped/zurich/574.png,class1,1
210,cropped/zurich/601.png,class1,1
210,cropped/zurich/410.png,class1,1
210,cropped/zurich/779.png,class1,1
210,cropped/zurich/603.png,class1,1
210,cropped/zurich/408.png,class1,1
210,cropped/zurich/602.png,class1,1
210,cropped/zurich/409.png,class1,1
210,cropped/zurich/412.png,class4,4
210,cropped/zurich/609.png,class0,0
210,cropped/zurich/173.png,class1,1
210,cropped/zurich/610.png,class0,0
210,cropped/zurich/608.png,class1,1
210,cropped/zurich/606.png,class1,1
210,cropped/zurich/605.png,class1,1
210,cropped/zurich/604.png,class1,1
210,cropped/zurich/607.png,class1,1
210,cropped/zurich/365.png,class1,1
210,cropped/zurich/718.png,class1,1
210,cropped/zurich/235.png,class1,1
210,cropped/zurich/231.png,class5,5
210,cropped/zurich/236.png,class1,1
210,cropped/zurich/234.png,class1,1
210,cropped/zurich/233.png,class1,1
210,cropped/zurich/238.png,class4,4
210,cropped/zurich/579.png,class1,1
210,cropped/zurich/720.png,class1,1
210,cropped/zurich/581.png,class1,1
210,cropped/zurich/719.png,class1,1
210,cropped/zurich/721.png,class4,4
210,cropped/zurich/582.png,class1,1
210,cropped/zurich/583.png,class1,1
210,cropped/zurich/585.png,class4,4
210,cropped/zurich/590.png,class5,5
210,cropped/zurich/591.png,class1,1
210,cropped/zurich/589.png,class1,1
210,cropped/zurich/595.png,class1,1
210,cropped/zurich/588.png,class1,1
210,cropped/zurich/587.png,class1,1
210,cropped/zurich/592.png,class1,1
210,cropped/zurich/594.png,class1,1
210,cropped/zurich/103.png,class1,1
210,cropped/zurich/596.png,class1,1
210,cropped/zurich/104.png,class1,1
210,cropped/zurich/101.png,class1,1
210,cropped/zurich/107.png,class1,1
210,cropped/zurich/100.png,class1,1
210,cropped/zurich/108.png,class1,1
210,cropped/zurich/105.png,class2,2
210,cropped/zurich/569.png,class1,1
210,cropped/zurich/564.png,class1,1
210,cropped/zurich/562.png,class1,1
210,cropped/zurich/560.png,class1,1
210,cropped/zurich/568.png,class1,1
210,cropped/zurich/561.png,class1,1
210,cropped/zurich/566.png,class1,1
210,cropped/zurich/565.png,class1,1
210,cropped/zurich/70.png,class0,0
210,cropped/zurich/64.png,class1,1
210,cropped/zurich/68.png,class1,1
210,cropped/zurich/570.png,class1,1
210,cropped/zurich/67.png,class1,1
210,cropped/zurich/571.png,class1,1
210,cropped/zurich/66.png,class1,1
210,cropped/zurich/71.png,class0,0
210,cropped/zurich/76.png,class0,0
210,cropped/zurich/73.png,class0,0
210,cropped/zurich/75.png,class0,0
210,cropped/zurich/77.png,class0,0
210,cropped/zurich/74.png,class4,4
210,cropped/zurich/460.png,class1,1
210,cropped/zurich/461.png,class1,1
210,cropped/zurich/459.png,class1,1
211,cropped/zurich/754.png,class1,1
211,cropped/zurich/464.png,class1,1
211,cropped/zurich/772.png,class1,1
211,cropped/zurich/774.png,class1,1
211,cropped/zurich/770.png,class1,1
211,cropped/zurich/773.png,class1,1
211,cropped/zurich/769.png,class1,1
211,cropped/zurich/753.png,class1,1
211,cropped/zurich/148.png,class1,1
211,cropped/zurich/755.png,class1,1
211,cropped/zurich/757.png,class1,1
211,cropped/zurich/149.png,class1,1
211,cropped/zurich/471.png,class0,0
211,cropped/zurich/145.png,class1,1
211,cropped/zurich/756.png,class1,1
211,cropped/zurich/147.png,class1,1
211,cropped/zurich/473.png,class1,1
211,cropped/zurich/278.png,class1,1
211,cropped/zurich/474.png,class1,1
211,cropped/zurich/476.png,class1,1
211,cropped/zurich/280.png,class1,1
211,cropped/zurich/472.png,class1,1
211,cropped/zurich/282.png,class1,1
211,cropped/zurich/475.png,class1,1
211,cropped/zurich/284.png,class1,1
211,cropped/zurich/422.png,class1,1
211,cropped/zurich/843.png,class1,1
211,cropped/zurich/421.png,class1,1
211,cropped/zurich/426.png,class1,1
211,cropped/zurich/425.png,class1,1
211,cropped/zurich/423.png,class1,1
211,cropped/zurich/283.png,class1,1
211,cropped/zurich/130.png,class0,0
211,cropped/zurich/125.png,class0,0
211,cropped/zurich/847.png,class1,1
211,cropped/zurich/128.png,class0,0
211,cropped/zurich/126.png,class0,0
211,cropped/zurich/129.png,class0,0
211,cropped/zurich/844.png,class1,1
211,cropped/zurich/846.png,class1,1
211,cropped/zurich/206.png,class1,1
211,cropped/zurich/205.png,class1,1
211,cropped/zurich/131.png,class0,0
211,cropped/zurich/207.png,class1,1
211,cropped/zurich/204.png,class0,0
211,cropped/zurich/208.png,class0,0
211,cropped/zurich/210.png,class0,0
211,cropped/zurich/133.png,class1,1
211,cropped/zurich/214.png,class1,1
211,cropped/zurich/119.png,class5,5
211,cropped/zurich/211.png,class0,0
211,cropped/zurich/213.png,class0,0
211,cropped/zurich/212.png,class1,1
211,cropped/zurich/123.png,class1,1
211,cropped/zurich/122.png,class1,1
211,cropped/zurich/120.png,class1,1
211,cropped/zurich/124.png,class5,5
211,cropped/zurich/614.png,class1,1
211,cropped/zurich/616.png,class0,0
211,cropped/zurich/619.png,class0,0
211,cropped/zurich/613.png,class1,1
211,cropped/zurich/620.png,class0,0
211,cropped/zurich/617.png,class0,0
211,cropped/zurich/615.png,class0,0
211,cropped/zurich/626.png,class0,0
211,cropped/zurich/628.png,class1,1
211,cropped/zurich/631.png,class4,4
211,cropped/zurich/624.png,class0,0
211,cropped/zurich/627.png,class1,1
211,cropped/zurich/625.png,class0,0
211,cropped/zurich/630.png,class4,4
211,cropped/zurich/622.png,class0,0
211,cropped/zurich/634.png,class0,0
211,cropped/zurich/345.png,class3,3
211,cropped/zurich/348.png,class3,3
211,cropped/zurich/633.png,class0,0
211,cropped/zurich/347.png,class1,1
211,cropped/zurich/343.png,class1,1
211,cropped/zurich/346.png,class1,1
211,cropped/zurich/342.png,class1,1
212,cropped/zurich/790.png,class4,4
212,cropped/zurich/358.png,class0,0
212,cropped/zurich/791.png,class4,4
212,cropped/zurich/792.png,class4,4
212,cropped/zurich/357.png,class0,0
212,cropped/zurich/789.png,class1,1
212,cropped/zurich/349.png,class1,1
212,cropped/zurich/359.png,class1,1
212,cropped/zurich/362.png,class5,5
212,cropped/zurich/363.png,class4,4
212,cropped/zurich/141.png,class1,1
212,cropped/zurich/139.png,class1,1
212,cropped/zurich/360.png,class1,1
212,cropped/zurich/140.png,class1,1
212,cropped/zurich/142.png,class1,1
212,cropped/zurich/143.png,class1,1
212,cropped/zurich/709.png,class1,1
212,cropped/zurich/352.png,class1,1
212,cropped/zurich/144.png,class4,4
212,cropped/zurich/710.png,class1,1
212,cropped/zurich/356.png,class1,1
212,cropped/zurich/355.png,class1,1
212,cropped/zurich/351.png,class1,1
212,cropped/zurich/708.png,class1,1
212,cropped/zurich/167.png,class2,2
212,cropped/zurich/162.png,class0,0
212,cropped/zurich/711.png,class1,1
212,cropped/zurich/29.png,class0,0
212,cropped/zurich/169.png,class1,1
212,cropped/zurich/27.png,class0,0
212,cropped/zurich/161.png,class3,3
212,cropped/zurich/712.png,class1,1
212,cropped/zurich/31.png,class5,5
212,cropped/zurich/782.png,class1,1
212,cropped/zurich/26.png,class1,1
212,cropped/zurich/25.png,class1,1
212,cropped/zurich/34.png,class5,5
212,cropped/zurich/33.png,class0,0
212,cropped/zurich/30.png,class4,4
212,cropped/zurich/35.png,class1,1
212,cropped/zurich/786.png,class1,1
212,cropped/zurich/669.png,class1,1
212,cropped/zurich/670.png,class1,1
212,cropped/zurich/239.png,class1,1
212,cropped/zurich/785.png,class1,1
212,cropped/zurich/784.png,class1,1
212,cropped/zurich/240.png,class1,1
212,cropped/zurich/783.png,class1,1
212,cropped/zurich/202.png,class4,4
212,cropped/zurich/676.png,class1,1
212,cropped/zurich/200.png,class1,1
212,cropped/zurich/201.png,class1,1
212,cropped/zurich/675.png,class1,1
212,cropped/zurich/672.png,class5,5
212,cropped/zurich/673.png,class5,5
212,cropped/zurich/199.png,class1,1
212,cropped/zurich/801.png,class1,1
212,cropped/zurich/796.png,class1,1
212,cropped/zurich/795.png,class1,1
212,cropped/zurich/794.png,class1,1
212,cropped/zurich/798.png,class1,1
212,cropped/zurich/799.png,class1,1
212,cropped/zurich/203.png,class4,4
212,cropped/zurich/793.png,class1,1
212,cropped/zurich/500.png,class5,5
212,cropped/zurich/501.png,class0,0
212,cropped/zurich/804.png,class1,1
212,cropped/zurich/502.png,class5,5
212,cropped/zurich/802.png,class1,1
212,cropped/zurich/504.png,class4,4
212,cropped/zurich/803.png,class1,1
212,cropped/zurich/499.png,class0,0
212,cropped/zurich/507.png,class5,5
212,cropped/zurich/36.png,class0,0
212,cropped/zurich/506.png,class5,5
212,cropped/zurich/42.png,class0,0
212,cropped/zurich/39.png,class0,0
212,cropped/zurich/41.png,class0,0
212,cropped/zurich/38.png,class0,0
212,cropped/zurich/40.png,class0,0
213,cropped/zurich/46.png,class2,2
213,cropped/zurich/48.png,class4,4
213,cropped/zurich/51.png,class4,4
213,cropped/zurich/52.png,class4,4
213,cropped/zurich/47.png,class5,5
213,cropped/zurich/45.png,class0,0
213,cropped/zurich/50.png,class5,5
213,cropped/zurich/43.png,class0,0
213,cropped/zurich/54.png,class4,4
213,cropped/zurich/55.png,class4,4
213,cropped/zurich/404.png,class1,1
213,cropped/zurich/658.png,class0,0
213,cropped/zurich/53.png,class4,4
213,cropped/zurich/407.png,class2,2
213,cropped/zurich/403.png,class1,1
213,cropped/zurich/659.png,class0,0
213,cropped/zurich/663.png,class0,0
213,cropped/zurich/664.png,class1,1
213,cropped/zurich/666.png,class0,0
213,cropped/zurich/668.png,class4,4
213,cropped/zurich/486.png,class0,0
213,cropped/zurich/665.png,class4,4
213,cropped/zurich/667.png,class0,0
213,cropped/zurich/662.png,class1,1
213,cropped/zurich/493.png,class1,1
213,cropped/zurich/494.png,class1,1
213,cropped/zurich/495.png,class1,1
213,cropped/zurich/496.png,class1,1
213,cropped/zurich/490.png,class0,0
213,cropped/zurich/488.png,class0,0
213,cropped/zurich/487.png,class0,0
213,cropped/zurich/492.png,class1,1
213,cropped/zurich/477.png,class1,1
213,cropped/zurich/479.png,class1,1
213,cropped/zurich/483.png,class1,1
213,cropped/zurich/480.png,class1,1
213,cropped/zurich/485.png,class1,1
213,cropped/zurich/481.png,class1,1
213,cropped/zurich/484.png,class1,1
213,cropped/zurich/482.png,class1,1
213,cropped/zurich/328.png,class0,0
213,cropped/zurich/334.png,class0,0
213,cropped/zurich/329.png,class0,0
213,cropped/zurich/325.png,class3,3
213,cropped/zurich/333.png,class0,0
213,cropped/zurich/332.png,class0,0
213,cropped/zurich/326.png,class5,5
213,cropped/zurich/330.png,class0,0
213,cropped/zurich/429.png,class1,1
213,cropped/zurich/336.png,class0,0
213,cropped/zurich/434.png,class0,0
213,cropped/zurich/430.png,class1,1
213,cropped/zurich/431.png,class1,1
213,cropped/zurich/432.png,class1,1
213,cropped/zurich/337.png,class0,0
213,cropped/zurich/338.png,class0,0
213,cropped/zurich/438.png,class0,0
213,cropped/zurich/444.png,class1,1
213,cropped/zurich/436.png,class0,0
213,cropped/zurich/437.png,class0,0
213,cropped/zurich/435.png,class0,0
213,cropped/zurich/441.png,class1,1
213,cropped/zurich/443.png,class1,1
213,cropped/zurich/442.png,class1,1
213,cropped/zurich/692.png,class0,0
213,cropped/zurich/685.png,class1,1
213,cropped/zurich/686.png,class1,1
213,cropped/zurich/445.png,class1,1
213,cropped/zurich/693.png,class0,0
213,cropped/zurich/691.png,class0,0
213,cropped/zurich/690.png,class0,0
213,cropped/zurich/687.png,class1,1
213,cropped/zurich/703.png,class1,1
213,cropped/zurich/699.png,class1,1
213,cropped/zurich/701.png,class1,1
213,cropped/zurich/698.png,class1,1
213,cropped/zurich/697.png,class1,1
213,cropped/zurich/696.png,class1,1
213,cropped/zurich/702.png,class0,0
213,cropped/zurich/695.png,class1,1
214,cropped/zurich/706.png,class0,0
214,cropped/zurich/704.png,class1,1
214,cropped/zurich/247.png,class0,0
214,cropped/zurich/245.png,class0,0
214,cropped/zurich/707.png,class1,1
214,cropped/zurich/243.png,class1,1
214,cropped/zurich/242.png,class1,1
214,cropped/zurich/246.png,class0,0
214,cropped/zurich/250.png,class0,0
214,cropped/zurich/252.png,class0,0
214,cropped/zurich/254.png,class1,1
214,cropped/zurich/253.png,class0,0
214,cropped/zurich/251.png,class0,0
214,cropped/zurich/249.png,class0,0
214,cropped/zurich/255.png,class1,1
214,cropped/zurich/248.png,class0,0
214,cropped/zurich/544.png,class1,1
214,cropped/zurich/258.png,class1,1
214,cropped/zurich/259.png,class1,1
214,cropped/zurich/262.png,class1,1
214,cropped/zurich/261.png,class1,1
214,cropped/zurich/260.png,class1,1
214,cropped/zurich/263.png,class1,1
214,cropped/zurich/545.png,class4,4
214,cropped/zurich/550.png,class5,5
214,cropped/zurich/548.png,class0,0
214,cropped/zurich/553.png,class5,5
214,cropped/zurich/551.png,class5,5
214,cropped/zurich/549.png,class5,5
214,cropped/zurich/554.png,class0,0
214,cropped/zurich/556.png,class0,0
214,cropped/zurich/555.png,class1,1
214,cropped/zurich/724.png,class1,1
214,cropped/zurich/557.png,class0,0
214,cropped/zurich/558.png,class1,1
214,cropped/zurich/728.png,class1,1
214,cropped/zurich/727.png,class1,1
214,cropped/zurich/723.png,class1,1
214,cropped/zurich/559.png,class0,0
214,cropped/zurich/722.png,class0,0
214,cropped/zurich/449.png,class0,0
214,cropped/zurich/447.png,class0,0
214,cropped/zurich/448.png,class0,0
214,cropped/zurich/734.png,class0,0
214,cropped/zurich/731.png,class0,0
214,cropped/zurich/730.png,class0,0
214,cropped/zurich/733.png,class0,0
214,cropped/zurich/729.png,class0,0
214,cropped/zurich/453.png,class0,0
214,cropped/zurich/455.png,class0,0
214,cropped/zurich/458.png,class0,0
214,cropped/zurich/454.png,class0,0
214,cropped/zurich/450.png,class0,0
214,cropped/zurich/824.png,class0,0
214,cropped/zurich/451.png,class1,1
214,cropped/zurich/452.png,class0,0
214,cropped/zurich/831.png,class0,0
214,cropped/zurich/830.png,class0,0
214,cropped/zurich/832.png,class0,0
214,cropped/zurich/828.png,class0,0
214,cropped/zurich/825.png,class0,0
214,cropped/zurich/827.png,class0,0
214,cropped/zurich/834.png,class0,0
214,cropped/zurich/826.png,class0,0
214,cropped/zurich/541.png,class1,1
214,cropped/zurich/837.png,class0,0
214,cropped/zurich/835.png,class0,0
214,cropped/zurich/539.png,class1,1
214,cropped/zurich/182.png,class0,0
214,cropped/zurich/838.png,class0,0
214,cropped/zurich/540.png,class1,1
214,cropped/zurich/542.png,class1,1
214,cropped/zurich/393.png,class1,1
214,cropped/zurich/188.png,class0,0
214,cropped/zurich/183.png,class0,0
214,cropped/zurich/185.png,class1,1
214,cropped/zurich/184.png,class0,0
214,cropped/zurich/187.png,class0,0
214,cropped/zurich/392.png,class1,1
214,cropped/zurich/186.png,class4,4
215,cropped/zurich/401.png,class1,1
215,cropped/zurich/807.png,class1,1
215,cropped/zurich/397.png,class1,1
215,cropped/zurich/806.png,class1,1
215,cropped/zurich/398.png,class1,1
215,cropped/zurich/400.png,class1,1
215,cropped/zurich/805.png,class0,0
215,cropped/zurich/402.png,class1,1
215,cropped/zurich/810.png,class1,1
215,cropped/zurich/643.png,class1,1
215,cropped/zurich/644.png,class0,0
215,cropped/zurich/808.png,class1,1
215,cropped/zurich/809.png,class1,1
215,cropped/zurich/812.png,class1,1
215,cropped/zurich/813.png,class1,1
215,cropped/zurich/811.png,class1,1
215,cropped/zurich/647.png,class1,1
215,cropped/zurich/305.png,class1,1
215,cropped/zurich/302.png,class0,0
215,cropped/zurich/306.png,class1,1
215,cropped/zurich/304.png,class0,0
215,cropped/zurich/303.png,class1,1
215,cropped/zurich/427.png,class1,1
215,cropped/zurich/301.png,class1,1
215,cropped/zurich/466.png,class1,1
215,cropped/zurich/170.png,class0,0
215,cropped/zurich/677.png,class1,1
215,cropped/zurich/307.png,class1,1
215,cropped/zurich/267.png,class1,1
215,cropped/zurich/308.png,class4,4
215,cropped/zurich/373.png,class1,1
215,cropped/zurich/465.png,class1,1
215,cropped/zurich/175.png,class0,0
215,cropped/zurich/176.png,class5,5
215,cropped/zurich/174.png,class0,0
215,cropped/zurich/178.png,class0,0
215,cropped/zurich/171.png,class1,1
215,cropped/zurich/179.png,class2,2
215,cropped/zurich/78.png,class1,1
215,cropped/zurich/177.png,class0,0
215,cropped/zurich/79.png,class2,2
215,cropped/zurich/714.png,class1,1
215,cropped/zurich/309.png,class2,2
215,cropped/zurich/716.png,class1,1
215,cropped/zurich/715.png,class1,1
215,cropped/zurich/80.png,class4,4
215,cropped/zurich/81.png,class0,0
215,cropped/zurich/310.png,class1,1
215,cropped/zurich/313.png,class1,1
215,cropped/zurich/319.png,class1,1
215,cropped/zurich/320.png,class1,1
215,cropped/zurich/314.png,class1,1
215,cropped/zurich/316.png,class1,1
215,cropped/zurich/318.png,class1,1
215,cropped/zurich/311.png,class1,1
215,cropped/zurich/312.png,class1,1
215,cropped/zurich/323.png,class0,0
215,cropped/zurich/322.png,class0,0
215,cropped/zurich/324.png,class0,0
215,cropped/zurich/524.png,class1,1
215,cropped/zurich/527.png,class1,1
215,cropped/zurich/528.png,class1,1
215,cropped/zurich/526.png,class1,1
215,cropped/zurich/321.png,class1,1
215,cropped/zurich/530.png,class1,1
215,cropped/zurich/537.png,class4,4
215,cropped/zurich/532.png,class1,1
215,cropped/zurich/534.png,class0,0
215,cropped/zurich/531.png,class1,1
215,cropped/zurich/538.png,class4,4
215,cropped/zurich/536.png,class4,4
215,cropped/zurich/533.png,class1,1
215,cropped/zurich/743.png,class4,4
215,cropped/zurich/738.png,class1,1
215,cropped/zurich/741.png,class1,1
215,cropped/zurich/745.png,class4,4
215,cropped/zurich/736.png,class5,5
215,cropped/zurich/739.png,class1,1
215,cropped/zurich/744.png,class4,4
215,cropped/zurich/737.png,class4,4
216,cropped/zurich/293.png,class1,1
216,cropped/zurich/285.png,class1,1
216,cropped/zurich/289.png,class4,4
216,cropped/zurich/287.png,class0,0
216,cropped/zurich/288.png,class5,5
216,cropped/zurich/746.png,class4,4
216,cropped/zurich/290.png,class4,4
216,cropped/zurich/286.png,class0,0
216,cropped/zurich/296.png,class1,1
216,cropped/zurich/294.png,class1,1
216,cropped/zurich/297.png,class1,1
216,cropped/zurich/295.png,class1,1
216,cropped/zurich/751.png,class1,1
216,cropped/zurich/341.png,class1,1
216,cropped/zurich/340.png,class1,1
216,cropped/zurich/298.png,class1,1
216,cropped/zurich/59.png,class1,1
216,cropped/zurich/375.png,class1,1
216,cropped/zurich/56.png,class1,1
216,cropped/zurich/376.png,class1,1
216,cropped/zurich/752.png,class1,1
216,cropped/zurich/374.png,class1,1
216,cropped/zurich/378.png,class1,1
216,cropped/zurich/57.png,class1,1
216,cropped/zurich/62.png,class1,1
216,cropped/zurich/415.png,class1,1
216,cropped/zurich/417.png,class1,1
216,cropped/zurich/60.png,class1,1
216,cropped/zurich/416.png,class1,1
216,cropped/zurich/63.png,class1,1
216,cropped/zurich/413.png,class1,1
216,cropped/zurich/414.png,class1,1
216,cropped/zurich/814.png,class1,1
216,cropped/zurich/655.png,class1,1
216,cropped/zurich/648.png,class1,1
216,cropped/zurich/653.png,class1,1
216,cropped/zurich/654.png,class1,1
216,cropped/zurich/651.png,class1,1
216,cropped/zurich/656.png,class1,1
216,cropped/zurich/652.png,class1,1
216,cropped/zurich/6.png,class0,0
216,cropped/zurich/5.png,class1,1
216,cropped/zurich/4.png,class1,1
216,cropped/zurich/420.png,class1,1
216,cropped/zurich/419.png,class2,2
216,cropped/zurich/8.png,class0,0
216,cropped/zurich/7.png,class0,0
216,cropped/zurich/2.png,class1,1
216,cropped/zurich/469.png,class1,1
216,cropped/zurich/817.png,class1,1
216,cropped/zurich/815.png,class2,2
216,cropped/zurich/819.png,class1,1
216,cropped/zurich/467.png,class1,1
216,cropped/zurich/820.png,class1,1
216,cropped/zurich/818.png,class1,1
216,cropped/zurich/468.png,class2,2
216,cropped/zurich/84.png,class1,1
216,cropped/zurich/88.png,class1,1
216,cropped/zurich/13.png,class1,1
216,cropped/zurich/85.png,class1,1
216,cropped/zurich/86.png,class1,1
216,cropped/zurich/82.png,class1,1
216,cropped/zurich/89.png,class1,1
216,cropped/zurich/83.png,class1,1
216,cropped/zurich/384.png,class1,1
216,cropped/zurich/382.png,class1,1
216,cropped/zurich/386.png,class1,1
216,cropped/zurich/383.png,class1,1
216,cropped/zurich/381.png,class1,1
216,cropped/zurich/385.png,class1,1
216,cropped/zurich/379.png,class1,1
216,cropped/zurich/380.png,class1,1
216,cropped/zurich/155.png,class1,1
216,cropped/zurich/152.png,class2,2
216,cropped/zurich/151.png,class1,1
216,cropped/zurich/156.png,class1,1
216,cropped/zurich/510.png,class1,1
216,cropped/zurich/600.png,class1,1
216,cropped/zurich/153.png,class1,1
216,cropped/zurich/387.png,class1,1
